league,season,Div,Date,HomeTeam,AwayTeam,FTHG,FTAG,FTR,HTHG,HTAG,HS,AS,HST,AST
premier-league,2014-2015,E0,16/08/14,Arsenal,Crystal Palace,2.0,1.0,H,1.0,1.0,14.0,4.0,6.0,2.0
premier-league,2014-2015,E0,16/08/14,Leicester,Everton,2.0,2.0,D,1.0,2.0,11.0,13.0,3.0,3.0
premier-league,2014-2015,E0,16/08/14,Man United,Swansea,1.0,2.0,A,0.0,1.0,14.0,5.0,5.0,4.0
premier-league,2014-2015,E0,16/08/14,QPR,Hull,0.0,1.0,A,0.0,0.0,19.0,11.0,6.0,4.0
premier-league,2014-2015,E0,16/08/14,Stoke,Aston Villa,0.0,1.0,A,0.0,0.0,12.0,7.0,2.0,2.0
premier-league,2014-2015,E0,16/08/14,West Brom,Sunderland,2.0,2.0,D,1.0,1.0,10.0,7.0,5.0,2.0
premier-league,2014-2015,E0,16/08/14,West Ham,Tottenham,0.0,1.0,A,0.0,0.0,18.0,10.0,4.0,4.0
premier-league,2014-2015,E0,17/08/14,Liverpool,Southampton,2.0,1.0,H,1.0,0.0,12.0,12.0,5.0,6.0
premier-league,2014-2015,E0,17/08/14,Newcastle,Man City,0.0,2.0,A,0.0,1.0,12.0,13.0,0.0,5.0
premier-league,2014-2015,E0,18/08/14,Burnley,Chelsea,1.0,3.0,A,1.0,3.0,9.0,11.0,2.0,3.0
premier-league,2014-2015,E0,23/08/14,Aston Villa,Newcastle,0.0,0.0,D,0.0,0.0,9.0,11.0,0.0,4.0
premier-league,2014-2015,E0,23/08/14,Chelsea,Leicester,2.0,0.0,H,0.0,0.0,27.0,6.0,10.0,4.0
premier-league,2014-2015,E0,23/08/14,Crystal Palace,West Ham,1.0,3.0,A,0.0,2.0,9.0,17.0,4.0,8.0
premier-league,2014-2015,E0,23/08/14,Everton,Arsenal,2.0,2.0,D,2.0,0.0,8.0,13.0,2.0,3.0
premier-league,2014-2015,E0,23/08/14,Southampton,West Brom,0.0,0.0,D,0.0,0.0,8.0,8.0,2.0,2.0
premier-league,2014-2015,E0,23/08/14,Swansea,Burnley,1.0,0.0,H,1.0,0.0,10.0,12.0,5.0,1.0
premier-league,2014-2015,E0,24/08/14,Hull,Stoke,1.0,1.0,D,1.0,0.0,9.0,19.0,2.0,3.0
premier-league,2014-2015,E0,24/08/14,Sunderland,Man United,1.0,1.0,D,1.0,1.0,11.0,10.0,3.0,3.0
premier-league,2014-2015,E0,24/08/14,Tottenham,QPR,4.0,0.0,H,3.0,0.0,18.0,9.0,5.0,1.0
premier-league,2014-2015,E0,25/08/14,Man City,Liverpool,3.0,1.0,H,1.0,0.0,9.0,11.0,4.0,3.0
premier-league,2014-2015,E0,30/08/14,Burnley,Man United,0.0,0.0,D,0.0,0.0,9.0,7.0,3.0,2.0
premier-league,2014-2015,E0,30/08/14,Everton,Chelsea,3.0,6.0,A,1.0,2.0,17.0,12.0,7.0,8.0
premier-league,2014-2015,E0,30/08/14,Man City,Stoke,0.0,1.0,A,0.0,0.0,16.0,7.0,2.0,2.0
premier-league,2014-2015,E0,30/08/14,Newcastle,Crystal Palace,3.0,3.0,D,1.0,1.0,18.0,12.0,4.0,7.0
premier-league,2014-2015,E0,30/08/14,QPR,Sunderland,1.0,0.0,H,1.0,0.0,18.0,16.0,5.0,6.0
premier-league,2014-2015,E0,30/08/14,Swansea,West Brom,3.0,0.0,H,2.0,0.0,15.0,16.0,8.0,2.0
premier-league,2014-2015,E0,30/08/14,West Ham,Southampton,1.0,3.0,A,1.0,1.0,4.0,18.0,2.0,8.0
premier-league,2014-2015,E0,31/08/14,Aston Villa,Hull,2.0,1.0,H,2.0,0.0,11.0,9.0,4.0,3.0
premier-league,2014-2015,E0,31/08/14,Leicester,Arsenal,1.0,1.0,D,1.0,1.0,9.0,24.0,3.0,6.0
premier-league,2014-2015,E0,31/08/14,Tottenham,Liverpool,0.0,3.0,A,0.0,1.0,7.0,17.0,1.0,8.0
premier-league,2014-2015,E0,13/09/14,Arsenal,Man City,2.0,2.0,D,0.0,1.0,15.0,15.0,6.0,8.0
premier-league,2014-2015,E0,13/09/14,Chelsea,Swansea,4.0,2.0,H,1.0,1.0,29.0,11.0,9.0,2.0
premier-league,2014-2015,E0,13/09/14,Crystal Palace,Burnley,0.0,0.0,D,0.0,0.0,14.0,11.0,3.0,3.0
premier-league,2014-2015,E0,13/09/14,Liverpool,Aston Villa,0.0,1.0,A,0.0,1.0,18.0,5.0,1.0,1.0
premier-league,2014-2015,E0,13/09/14,Southampton,Newcastle,4.0,0.0,H,2.0,0.0,10.0,9.0,7.0,4.0
premier-league,2014-2015,E0,13/09/14,Stoke,Leicester,0.0,1.0,A,0.0,0.0,24.0,8.0,4.0,1.0
premier-league,2014-2015,E0,13/09/14,Sunderland,Tottenham,2.0,2.0,D,1.0,1.0,6.0,15.0,1.0,6.0
premier-league,2014-2015,E0,13/09/14,West Brom,Everton,0.0,2.0,A,0.0,1.0,11.0,11.0,1.0,4.0
premier-league,2014-2015,E0,14/09/14,Man United,QPR,4.0,0.0,H,3.0,0.0,19.0,9.0,9.0,2.0
premier-league,2014-2015,E0,15/09/14,Hull,West Ham,2.0,2.0,D,1.0,0.0,11.0,16.0,6.0,4.0
premier-league,2014-2015,E0,20/09/14,Aston Villa,Arsenal,0.0,3.0,A,0.0,3.0,6.0,9.0,2.0,3.0
premier-league,2014-2015,E0,20/09/14,Burnley,Sunderland,0.0,0.0,D,0.0,0.0,17.0,14.0,6.0,6.0
premier-league,2014-2015,E0,20/09/14,Newcastle,Hull,2.0,2.0,D,0.0,0.0,25.0,10.0,7.0,3.0
premier-league,2014-2015,E0,20/09/14,QPR,Stoke,2.0,2.0,D,1.0,1.0,21.0,8.0,5.0,4.0
premier-league,2014-2015,E0,20/09/14,Swansea,Southampton,0.0,1.0,A,0.0,0.0,5.0,11.0,2.0,4.0
premier-league,2014-2015,E0,20/09/14,West Ham,Liverpool,3.0,1.0,H,2.0,1.0,13.0,11.0,7.0,5.0
premier-league,2014-2015,E0,21/09/14,Everton,Crystal Palace,2.0,3.0,A,1.0,1.0,17.0,10.0,6.0,3.0
premier-league,2014-2015,E0,21/09/14,Leicester,Man United,5.0,3.0,H,1.0,2.0,15.0,16.0,5.0,5.0
premier-league,2014-2015,E0,21/09/14,Man City,Chelsea,1.0,1.0,D,0.0,0.0,16.0,6.0,4.0,2.0
premier-league,2014-2015,E0,21/09/14,Tottenham,West Brom,0.0,1.0,A,0.0,0.0,7.0,10.0,1.0,4.0
premier-league,2014-2015,E0,27/09/14,Arsenal,Tottenham,1.0,1.0,D,0.0,0.0,16.0,6.0,6.0,4.0
premier-league,2014-2015,E0,27/09/14,Chelsea,Aston Villa,3.0,0.0,H,1.0,0.0,17.0,7.0,8.0,1.0
premier-league,2014-2015,E0,27/09/14,Crystal Palace,Leicester,2.0,0.0,H,0.0,0.0,16.0,7.0,6.0,1.0
premier-league,2014-2015,E0,27/09/14,Hull,Man City,2.0,4.0,A,2.0,2.0,10.0,20.0,5.0,6.0
premier-league,2014-2015,E0,27/09/14,Liverpool,Everton,1.0,1.0,D,0.0,0.0,24.0,11.0,8.0,5.0
premier-league,2014-2015,E0,27/09/14,Man United,West Ham,2.0,1.0,H,2.0,1.0,8.0,13.0,3.0,4.0
premier-league,2014-2015,E0,27/09/14,Southampton,QPR,2.0,1.0,H,0.0,0.0,19.0,10.0,9.0,2.0
premier-league,2014-2015,E0,27/09/14,Sunderland,Swansea,0.0,0.0,D,0.0,0.0,15.0,7.0,3.0,1.0
premier-league,2014-2015,E0,28/09/14,West Brom,Burnley,4.0,0.0,H,2.0,0.0,20.0,10.0,6.0,2.0
premier-league,2014-2015,E0,29/09/14,Stoke,Newcastle,1.0,0.0,H,1.0,0.0,12.0,16.0,3.0,1.0
premier-league,2014-2015,E0,04/10/14,Aston Villa,Man City,0.0,2.0,A,0.0,0.0,6.0,27.0,1.0,7.0
premier-league,2014-2015,E0,04/10/14,Hull,Crystal Palace,2.0,0.0,H,0.0,0.0,15.0,11.0,2.0,2.0
premier-league,2014-2015,E0,04/10/14,Leicester,Burnley,2.0,2.0,D,2.0,1.0,15.0,10.0,6.0,4.0
premier-league,2014-2015,E0,04/10/14,Liverpool,West Brom,2.0,1.0,H,1.0,0.0,19.0,8.0,7.0,4.0
premier-league,2014-2015,E0,04/10/14,Sunderland,Stoke,3.0,1.0,H,2.0,1.0,8.0,11.0,3.0,5.0
premier-league,2014-2015,E0,04/10/14,Swansea,Newcastle,2.0,2.0,D,1.0,1.0,11.0,9.0,5.0,4.0
premier-league,2014-2015,E0,05/10/14,Chelsea,Arsenal,2.0,0.0,H,1.0,0.0,5.0,10.0,3.0,0.0
premier-league,2014-2015,E0,05/10/14,Man United,Everton,2.0,1.0,H,1.0,0.0,15.0,10.0,4.0,6.0
premier-league,2014-2015,E0,05/10/14,Tottenham,Southampton,1.0,0.0,H,1.0,0.0,9.0,7.0,4.0,3.0
premier-league,2014-2015,E0,05/10/14,West Ham,QPR,2.0,0.0,H,1.0,0.0,11.0,10.0,3.0,3.0
premier-league,2014-2015,E0,18/10/14,Arsenal,Hull,2.0,2.0,D,1.0,1.0,25.0,4.0,9.0,4.0
premier-league,2014-2015,E0,18/10/14,Burnley,West Ham,1.0,3.0,A,0.0,0.0,17.0,22.0,3.0,6.0
premier-league,2014-2015,E0,18/10/14,Crystal Palace,Chelsea,1.0,2.0,A,0.0,1.0,7.0,14.0,4.0,5.0
premier-league,2014-2015,E0,18/10/14,Everton,Aston Villa,3.0,0.0,H,1.0,0.0,15.0,10.0,6.0,2.0
premier-league,2014-2015,E0,18/10/14,Man City,Tottenham,4.0,1.0,H,2.0,1.0,20.0,19.0,12.0,7.0
premier-league,2014-2015,E0,18/10/14,Newcastle,Leicester,1.0,0.0,H,0.0,0.0,19.0,7.0,6.0,2.0
premier-league,2014-2015,E0,18/10/14,Southampton,Sunderland,8.0,0.0,H,3.0,0.0,20.0,12.0,11.0,1.0
premier-league,2014-2015,E0,19/10/14,QPR,Liverpool,2.0,3.0,A,0.0,0.0,15.0,15.0,6.0,5.0
premier-league,2014-2015,E0,19/10/14,Stoke,Swansea,2.0,1.0,H,1.0,1.0,17.0,13.0,3.0,5.0
premier-league,2014-2015,E0,20/10/14,West Brom,Man United,2.0,2.0,D,1.0,0.0,8.0,22.0,2.0,7.0
premier-league,2014-2015,E0,25/10/14,Liverpool,Hull,0.0,0.0,D,0.0,0.0,17.0,6.0,4.0,3.0
premier-league,2014-2015,E0,25/10/14,Southampton,Stoke,1.0,0.0,H,1.0,0.0,20.0,8.0,2.0,1.0
premier-league,2014-2015,E0,25/10/14,Sunderland,Arsenal,0.0,2.0,A,0.0,1.0,11.0,15.0,3.0,5.0
premier-league,2014-2015,E0,25/10/14,Swansea,Leicester,2.0,0.0,H,1.0,0.0,7.0,9.0,3.0,4.0
premier-league,2014-2015,E0,25/10/14,West Brom,Crystal Palace,2.0,2.0,D,0.0,2.0,17.0,8.0,4.0,6.0
premier-league,2014-2015,E0,25/10/14,West Ham,Man City,2.0,1.0,H,1.0,0.0,12.0,21.0,4.0,5.0
premier-league,2014-2015,E0,26/10/14,Burnley,Everton,1.0,3.0,A,1.0,2.0,14.0,15.0,3.0,6.0
premier-league,2014-2015,E0,26/10/14,Man United,Chelsea,1.0,1.0,D,0.0,0.0,19.0,9.0,7.0,4.0
premier-league,2014-2015,E0,26/10/14,Tottenham,Newcastle,1.0,2.0,A,1.0,0.0,17.0,8.0,2.0,2.0
premier-league,2014-2015,E0,27/10/14,QPR,Aston Villa,2.0,0.0,H,1.0,0.0,11.0,15.0,4.0,6.0
premier-league,2014-2015,E0,01/11/14,Arsenal,Burnley,3.0,0.0,H,0.0,0.0,32.0,6.0,13.0,2.0
premier-league,2014-2015,E0,01/11/14,Chelsea,QPR,2.0,1.0,H,1.0,0.0,18.0,7.0,8.0,1.0
premier-league,2014-2015,E0,01/11/14,Everton,Swansea,0.0,0.0,D,0.0,0.0,17.0,8.0,3.0,0.0
premier-league,2014-2015,E0,01/11/14,Hull,Southampton,0.0,1.0,A,0.0,1.0,8.0,10.0,1.0,3.0
premier-league,2014-2015,E0,01/11/14,Leicester,West Brom,0.0,1.0,A,0.0,0.0,14.0,8.0,5.0,3.0
premier-league,2014-2015,E0,01/11/14,Newcastle,Liverpool,1.0,0.0,H,0.0,0.0,14.0,6.0,3.0,3.0
premier-league,2014-2015,E0,01/11/14,Stoke,West Ham,2.0,2.0,D,1.0,0.0,21.0,10.0,6.0,2.0
premier-league,2014-2015,E0,02/11/14,Aston Villa,Tottenham,1.0,2.0,A,1.0,0.0,12.0,18.0,1.0,7.0
premier-league,2014-2015,E0,02/11/14,Man City,Man United,1.0,0.0,H,0.0,0.0,16.0,9.0,6.0,2.0
premier-league,2014-2015,E0,03/11/14,Crystal Palace,Sunderland,1.0,3.0,A,0.0,1.0,9.0,8.0,1.0,7.0
premier-league,2014-2015,E0,08/11/14,Burnley,Hull,1.0,0.0,H,0.0,0.0,14.0,12.0,3.0,1.0
premier-league,2014-2015,E0,08/11/14,Liverpool,Chelsea,1.0,2.0,A,1.0,1.0,12.0,15.0,4.0,5.0
premier-league,2014-2015,E0,08/11/14,Man United,Crystal Palace,1.0,0.0,H,0.0,0.0,23.0,6.0,5.0,1.0
premier-league,2014-2015,E0,08/11/14,QPR,Man City,2.0,2.0,D,1.0,1.0,17.0,23.0,4.0,6.0
premier-league,2014-2015,E0,08/11/14,Southampton,Leicester,2.0,0.0,H,0.0,0.0,18.0,5.0,6.0,0.0
premier-league,2014-2015,E0,08/11/14,West Ham,Aston Villa,0.0,0.0,D,0.0,0.0,21.0,12.0,5.0,4.0
premier-league,2014-2015,E0,09/11/14,Sunderland,Everton,1.0,1.0,D,0.0,0.0,10.0,16.0,3.0,7.0
premier-league,2014-2015,E0,09/11/14,Swansea,Arsenal,2.0,1.0,H,0.0,0.0,11.0,12.0,5.0,4.0
premier-league,2014-2015,E0,09/11/14,Tottenham,Stoke,1.0,2.0,A,0.0,2.0,14.0,11.0,4.0,4.0
premier-league,2014-2015,E0,09/11/14,West Brom,Newcastle,0.0,2.0,A,0.0,1.0,10.0,8.0,2.0,3.0
premier-league,2014-2015,E0,22/11/14,Arsenal,Man United,1.0,2.0,A,0.0,0.0,23.0,12.0,9.0,2.0
premier-league,2014-2015,E0,22/11/14,Chelsea,West Brom,2.0,0.0,H,2.0,0.0,21.0,5.0,8.0,1.0
premier-league,2014-2015,E0,22/11/14,Everton,West Ham,2.0,1.0,H,1.0,0.0,14.0,14.0,4.0,3.0
premier-league,2014-2015,E0,22/11/14,Leicester,Sunderland,0.0,0.0,D,0.0,0.0,13.0,10.0,4.0,5.0
premier-league,2014-2015,E0,22/11/14,Man City,Swansea,2.0,1.0,H,1.0,1.0,23.0,8.0,10.0,3.0
premier-league,2014-2015,E0,22/11/14,Newcastle,QPR,1.0,0.0,H,0.0,0.0,14.0,13.0,6.0,4.0
premier-league,2014-2015,E0,22/11/14,Stoke,Burnley,1.0,2.0,A,1.0,2.0,25.0,5.0,4.0,4.0
premier-league,2014-2015,E0,23/11/14,Crystal Palace,Liverpool,3.0,1.0,H,1.0,1.0,15.0,12.0,5.0,1.0
premier-league,2014-2015,E0,23/11/14,Hull,Tottenham,1.0,2.0,A,1.0,0.0,10.0,23.0,2.0,6.0
premier-league,2014-2015,E0,24/11/14,Aston Villa,Southampton,1.0,1.0,D,1.0,0.0,7.0,15.0,1.0,4.0
premier-league,2014-2015,E0,29/11/14,Burnley,Aston Villa,1.0,1.0,D,0.0,1.0,11.0,18.0,4.0,7.0
premier-league,2014-2015,E0,29/11/14,Liverpool,Stoke,1.0,0.0,H,0.0,0.0,16.0,13.0,3.0,4.0
premier-league,2014-2015,E0,29/11/14,Man United,Hull,3.0,0.0,H,2.0,0.0,12.0,4.0,6.0,2.0
premier-league,2014-2015,E0,29/11/14,QPR,Leicester,3.0,2.0,H,2.0,1.0,32.0,19.0,6.0,5.0
premier-league,2014-2015,E0,29/11/14,Sunderland,Chelsea,0.0,0.0,D,0.0,0.0,12.0,24.0,3.0,6.0
premier-league,2014-2015,E0,29/11/14,Swansea,Crystal Palace,1.0,1.0,D,1.0,1.0,18.0,11.0,4.0,5.0
premier-league,2014-2015,E0,29/11/14,West Brom,Arsenal,0.0,1.0,A,0.0,0.0,9.0,17.0,1.0,5.0
premier-league,2014-2015,E0,29/11/14,West Ham,Newcastle,1.0,0.0,H,0.0,0.0,12.0,7.0,3.0,1.0
premier-league,2014-2015,E0,30/11/14,Southampton,Man City,0.0,3.0,A,0.0,0.0,13.0,15.0,4.0,6.0
premier-league,2014-2015,E0,30/11/14,Tottenham,Everton,2.0,1.0,H,2.0,1.0,13.0,10.0,6.0,5.0
premier-league,2014-2015,E0,02/12/14,Burnley,Newcastle,1.0,1.0,D,1.0,0.0,12.0,11.0,2.0,4.0
premier-league,2014-2015,E0,02/12/14,Crystal Palace,Aston Villa,0.0,1.0,A,0.0,1.0,17.0,5.0,5.0,3.0
premier-league,2014-2015,E0,02/12/14,Leicester,Liverpool,1.0,3.0,A,1.0,1.0,20.0,11.0,4.0,3.0
premier-league,2014-2015,E0,02/12/14,Man United,Stoke,2.0,1.0,H,1.0,1.0,10.0,5.0,3.0,4.0
premier-league,2014-2015,E0,02/12/14,Swansea,QPR,2.0,0.0,H,0.0,0.0,18.0,5.0,7.0,1.0
premier-league,2014-2015,E0,02/12/14,West Brom,West Ham,1.0,2.0,A,1.0,2.0,23.0,11.0,5.0,6.0
premier-league,2014-2015,E0,03/12/14,Arsenal,Southampton,1.0,0.0,H,0.0,0.0,19.0,6.0,8.0,1.0
premier-league,2014-2015,E0,03/12/14,Chelsea,Tottenham,3.0,0.0,H,2.0,0.0,12.0,10.0,8.0,2.0
premier-league,2014-2015,E0,03/12/14,Everton,Hull,1.0,1.0,D,1.0,0.0,13.0,8.0,5.0,1.0
premier-league,2014-2015,E0,03/12/14,Sunderland,Man City,1.0,4.0,A,1.0,2.0,8.0,15.0,2.0,4.0
premier-league,2014-2015,E0,06/12/14,Hull,West Brom,0.0,0.0,D,0.0,0.0,12.0,6.0,2.0,3.0
premier-league,2014-2015,E0,06/12/14,Liverpool,Sunderland,0.0,0.0,D,0.0,0.0,15.0,7.0,2.0,1.0
premier-league,2014-2015,E0,06/12/14,Man City,Everton,1.0,0.0,H,1.0,0.0,19.0,9.0,3.0,2.0
premier-league,2014-2015,E0,06/12/14,Newcastle,Chelsea,2.0,1.0,H,0.0,0.0,9.0,26.0,3.0,8.0
premier-league,2014-2015,E0,06/12/14,QPR,Burnley,2.0,0.0,H,0.0,0.0,11.0,15.0,6.0,3.0
premier-league,2014-2015,E0,06/12/14,Stoke,Arsenal,3.0,2.0,H,3.0,0.0,13.0,15.0,4.0,6.0
premier-league,2014-2015,E0,06/12/14,Tottenham,Crystal Palace,0.0,0.0,D,0.0,0.0,14.0,16.0,3.0,4.0
premier-league,2014-2015,E0,07/12/14,Aston Villa,Leicester,2.0,1.0,H,1.0,1.0,16.0,10.0,7.0,4.0
premier-league,2014-2015,E0,07/12/14,West Ham,Swansea,3.0,1.0,H,1.0,1.0,15.0,11.0,7.0,2.0
premier-league,2014-2015,E0,08/12/14,Southampton,Man United,1.0,2.0,A,1.0,1.0,15.0,3.0,4.0,2.0
premier-league,2014-2015,E0,13/12/14,Arsenal,Newcastle,4.0,1.0,H,1.0,0.0,17.0,10.0,4.0,4.0
premier-league,2014-2015,E0,13/12/14,Burnley,Southampton,1.0,0.0,H,0.0,0.0,7.0,15.0,2.0,4.0
premier-league,2014-2015,E0,13/12/14,Chelsea,Hull,2.0,0.0,H,1.0,0.0,12.0,8.0,3.0,0.0
premier-league,2014-2015,E0,13/12/14,Crystal Palace,Stoke,1.0,1.0,D,1.0,1.0,10.0,7.0,3.0,3.0
premier-league,2014-2015,E0,13/12/14,Leicester,Man City,0.0,1.0,A,0.0,1.0,7.0,9.0,1.0,4.0
premier-league,2014-2015,E0,13/12/14,Sunderland,West Ham,1.0,1.0,D,1.0,1.0,13.0,19.0,4.0,8.0
premier-league,2014-2015,E0,13/12/14,West Brom,Aston Villa,1.0,0.0,H,0.0,0.0,13.0,7.0,5.0,2.0
premier-league,2014-2015,E0,14/12/14,Man United,Liverpool,3.0,0.0,H,2.0,0.0,11.0,19.0,6.0,9.0
premier-league,2014-2015,E0,14/12/14,Swansea,Tottenham,1.0,2.0,A,0.0,1.0,15.0,10.0,3.0,4.0
premier-league,2014-2015,E0,15/12/14,Everton,QPR,3.0,1.0,H,2.0,0.0,13.0,17.0,5.0,4.0
premier-league,2014-2015,E0,20/12/14,Aston Villa,Man United,1.0,1.0,D,1.0,0.0,10.0,16.0,4.0,9.0
premier-league,2014-2015,E0,20/12/14,Hull,Swansea,0.0,1.0,A,0.0,1.0,11.0,13.0,3.0,3.0
premier-league,2014-2015,E0,20/12/14,Man City,Crystal Palace,3.0,0.0,H,0.0,0.0,15.0,6.0,3.0,1.0
premier-league,2014-2015,E0,20/12/14,QPR,West Brom,3.0,2.0,H,1.0,2.0,17.0,16.0,7.0,6.0
premier-league,2014-2015,E0,20/12/14,Southampton,Everton,3.0,0.0,H,1.0,0.0,11.0,13.0,3.0,4.0
premier-league,2014-2015,E0,20/12/14,Tottenham,Burnley,2.0,1.0,H,2.0,1.0,23.0,9.0,6.0,5.0
premier-league,2014-2015,E0,20/12/14,West Ham,Leicester,2.0,0.0,H,1.0,0.0,10.0,10.0,2.0,4.0
premier-league,2014-2015,E0,21/12/14,Liverpool,Arsenal,2.0,2.0,D,1.0,1.0,27.0,7.0,10.0,3.0
premier-league,2014-2015,E0,21/12/14,Newcastle,Sunderland,0.0,1.0,A,0.0,0.0,15.0,16.0,7.0,3.0
premier-league,2014-2015,E0,22/12/14,Stoke,Chelsea,0.0,2.0,A,0.0,1.0,13.0,15.0,2.0,6.0
premier-league,2014-2015,E0,26/12/14,Arsenal,QPR,2.0,1.0,H,1.0,0.0,15.0,16.0,5.0,2.0
premier-league,2014-2015,E0,26/12/14,Burnley,Liverpool,0.0,1.0,A,0.0,0.0,16.0,10.0,0.0,3.0
premier-league,2014-2015,E0,26/12/14,Chelsea,West Ham,2.0,0.0,H,1.0,0.0,28.0,6.0,9.0,0.0
premier-league,2014-2015,E0,26/12/14,Crystal Palace,Southampton,1.0,3.0,A,0.0,1.0,11.0,13.0,4.0,6.0
premier-league,2014-2015,E0,26/12/14,Everton,Stoke,0.0,1.0,A,0.0,1.0,16.0,12.0,5.0,2.0
premier-league,2014-2015,E0,26/12/14,Leicester,Tottenham,1.0,2.0,A,0.0,1.0,22.0,8.0,6.0,3.0
premier-league,2014-2015,E0,26/12/14,Man United,Newcastle,3.0,1.0,H,2.0,0.0,9.0,8.0,4.0,4.0
premier-league,2014-2015,E0,26/12/14,Sunderland,Hull,1.0,3.0,A,1.0,1.0,12.0,13.0,3.0,5.0
premier-league,2014-2015,E0,26/12/14,Swansea,Aston Villa,1.0,0.0,H,1.0,0.0,7.0,11.0,2.0,3.0
premier-league,2014-2015,E0,26/12/14,West Brom,Man City,1.0,3.0,A,0.0,3.0,18.0,9.0,6.0,5.0
premier-league,2014-2015,E0,28/12/14,Aston Villa,Sunderland,0.0,0.0,D,0.0,0.0,14.0,15.0,3.0,3.0
premier-league,2014-2015,E0,28/12/14,Hull,Leicester,0.0,1.0,A,0.0,1.0,18.0,4.0,5.0,2.0
premier-league,2014-2015,E0,28/12/14,Man City,Burnley,2.0,2.0,D,2.0,0.0,17.0,12.0,6.0,3.0
premier-league,2014-2015,E0,28/12/14,Newcastle,Everton,3.0,2.0,H,1.0,1.0,13.0,9.0,6.0,2.0
premier-league,2014-2015,E0,28/12/14,QPR,Crystal Palace,0.0,0.0,D,0.0,0.0,11.0,10.0,3.0,3.0
premier-league,2014-2015,E0,28/12/14,Southampton,Chelsea,1.0,1.0,D,1.0,1.0,9.0,7.0,1.0,1.0
premier-league,2014-2015,E0,28/12/14,Stoke,West Brom,2.0,0.0,H,0.0,0.0,13.0,15.0,3.0,4.0
premier-league,2014-2015,E0,28/12/14,Tottenham,Man United,0.0,0.0,D,0.0,0.0,9.0,9.0,4.0,5.0
premier-league,2014-2015,E0,28/12/14,West Ham,Arsenal,1.0,2.0,A,0.0,2.0,14.0,21.0,4.0,7.0
premier-league,2014-2015,E0,29/12/14,Liverpool,Swansea,4.0,1.0,H,1.0,0.0,21.0,11.0,11.0,4.0
premier-league,2014-2015,E0,01/01/15,Aston Villa,Crystal Palace,0.0,0.0,D,0.0,0.0,14.0,6.0,3.0,0.0
premier-league,2014-2015,E0,01/01/15,Hull,Everton,2.0,0.0,H,2.0,0.0,14.0,9.0,5.0,3.0
premier-league,2014-2015,E0,01/01/15,Liverpool,Leicester,2.0,2.0,D,2.0,0.0,18.0,16.0,6.0,3.0
premier-league,2014-2015,E0,01/01/15,Man City,Sunderland,3.0,2.0,H,0.0,0.0,32.0,4.0,12.0,4.0
premier-league,2014-2015,E0,01/01/15,Newcastle,Burnley,3.0,3.0,D,2.0,1.0,10.0,15.0,4.0,4.0
premier-league,2014-2015,E0,01/01/15,QPR,Swansea,1.0,1.0,D,1.0,0.0,24.0,25.0,6.0,6.0
premier-league,2014-2015,E0,01/01/15,Southampton,Arsenal,2.0,0.0,H,1.0,0.0,13.0,11.0,6.0,6.0
premier-league,2014-2015,E0,01/01/15,Stoke,Man United,1.0,1.0,D,1.0,1.0,11.0,6.0,2.0,2.0
premier-league,2014-2015,E0,01/01/15,Tottenham,Chelsea,5.0,3.0,H,3.0,1.0,11.0,19.0,8.0,7.0
premier-league,2014-2015,E0,01/01/15,West Ham,West Brom,1.0,1.0,D,1.0,1.0,8.0,14.0,3.0,3.0
premier-league,2014-2015,E0,10/01/15,Burnley,QPR,2.0,1.0,H,2.0,1.0,18.0,17.0,7.0,7.0
premier-league,2014-2015,E0,10/01/15,Chelsea,Newcastle,2.0,0.0,H,1.0,0.0,9.0,11.0,5.0,5.0
premier-league,2014-2015,E0,10/01/15,Crystal Palace,Tottenham,2.0,1.0,H,0.0,0.0,21.0,9.0,7.0,5.0
premier-league,2014-2015,E0,10/01/15,Everton,Man City,1.0,1.0,D,0.0,0.0,11.0,18.0,4.0,2.0
premier-league,2014-2015,E0,10/01/15,Leicester,Aston Villa,1.0,0.0,H,1.0,0.0,11.0,12.0,3.0,1.0
premier-league,2014-2015,E0,10/01/15,Sunderland,Liverpool,0.0,1.0,A,0.0,1.0,5.0,21.0,1.0,4.0
premier-league,2014-2015,E0,10/01/15,Swansea,West Ham,1.0,1.0,D,0.0,1.0,19.0,11.0,3.0,5.0
premier-league,2014-2015,E0,10/01/15,West Brom,Hull,1.0,0.0,H,0.0,0.0,9.0,12.0,3.0,2.0
premier-league,2014-2015,E0,11/01/15,Arsenal,Stoke,3.0,0.0,H,2.0,0.0,14.0,7.0,6.0,2.0
premier-league,2014-2015,E0,11/01/15,Man United,Southampton,0.0,1.0,A,0.0,0.0,10.0,9.0,0.0,1.0
premier-league,2014-2015,E0,17/01/15,Aston Villa,Liverpool,0.0,2.0,A,0.0,1.0,15.0,12.0,4.0,5.0
premier-league,2014-2015,E0,17/01/15,Burnley,Crystal Palace,2.0,3.0,A,2.0,1.0,7.0,11.0,4.0,4.0
premier-league,2014-2015,E0,17/01/15,Leicester,Stoke,0.0,1.0,A,0.0,0.0,7.0,13.0,3.0,3.0
premier-league,2014-2015,E0,17/01/15,Newcastle,Southampton,1.0,2.0,A,1.0,1.0,16.0,5.0,3.0,3.0
premier-league,2014-2015,E0,17/01/15,QPR,Man United,0.0,2.0,A,0.0,0.0,18.0,12.0,4.0,7.0
premier-league,2014-2015,E0,17/01/15,Swansea,Chelsea,0.0,5.0,A,0.0,4.0,11.0,21.0,0.0,11.0
premier-league,2014-2015,E0,17/01/15,Tottenham,Sunderland,2.0,1.0,H,1.0,1.0,25.0,8.0,8.0,4.0
premier-league,2014-2015,E0,18/01/15,Man City,Arsenal,0.0,2.0,A,0.0,1.0,12.0,9.0,4.0,3.0
premier-league,2014-2015,E0,18/01/15,West Ham,Hull,3.0,0.0,H,0.0,0.0,17.0,9.0,6.0,3.0
premier-league,2014-2015,E0,19/01/15,Everton,West Brom,0.0,0.0,D,0.0,0.0,17.0,5.0,4.0,0.0
premier-league,2014-2015,E0,31/01/15,Chelsea,Man City,1.0,1.0,D,1.0,1.0,3.0,10.0,2.0,5.0
premier-league,2014-2015,E0,31/01/15,Crystal Palace,Everton,0.0,1.0,A,0.0,1.0,13.0,14.0,3.0,2.0
premier-league,2014-2015,E0,31/01/15,Hull,Newcastle,0.0,3.0,A,0.0,1.0,13.0,12.0,8.0,5.0
premier-league,2014-2015,E0,31/01/15,Liverpool,West Ham,2.0,0.0,H,0.0,0.0,21.0,7.0,7.0,2.0
premier-league,2014-2015,E0,31/01/15,Man United,Leicester,3.0,1.0,H,3.0,0.0,12.0,4.0,5.0,1.0
premier-league,2014-2015,E0,31/01/15,Stoke,QPR,3.0,1.0,H,2.0,1.0,15.0,14.0,3.0,4.0
premier-league,2014-2015,E0,31/01/15,Sunderland,Burnley,2.0,0.0,H,2.0,0.0,8.0,13.0,3.0,4.0
premier-league,2014-2015,E0,31/01/15,West Brom,Tottenham,0.0,3.0,A,0.0,2.0,13.0,14.0,4.0,4.0
premier-league,2014-2015,E0,01/02/15,Arsenal,Aston Villa,5.0,0.0,H,1.0,0.0,13.0,9.0,8.0,2.0
premier-league,2014-2015,E0,01/02/15,Southampton,Swansea,0.0,1.0,A,0.0,0.0,15.0,6.0,6.0,1.0
premier-league,2014-2015,E0,07/02/15,Aston Villa,Chelsea,1.0,2.0,A,0.0,1.0,8.0,12.0,1.0,5.0
premier-league,2014-2015,E0,07/02/15,Everton,Liverpool,0.0,0.0,D,0.0,0.0,6.0,17.0,1.0,6.0
premier-league,2014-2015,E0,07/02/15,Leicester,Crystal Palace,0.0,1.0,A,0.0,0.0,19.0,14.0,5.0,2.0
premier-league,2014-2015,E0,07/02/15,Man City,Hull,1.0,1.0,D,0.0,1.0,18.0,7.0,5.0,3.0
premier-league,2014-2015,E0,07/02/15,QPR,Southampton,0.0,1.0,A,0.0,0.0,12.0,16.0,3.0,5.0
premier-league,2014-2015,E0,07/02/15,Swansea,Sunderland,1.0,1.0,D,0.0,1.0,16.0,4.0,7.0,1.0
premier-league,2014-2015,E0,07/02/15,Tottenham,Arsenal,2.0,1.0,H,0.0,1.0,23.0,7.0,8.0,3.0
premier-league,2014-2015,E0,08/02/15,Burnley,West Brom,2.0,2.0,D,2.0,1.0,12.0,12.0,5.0,5.0
premier-league,2014-2015,E0,08/02/15,Newcastle,Stoke,1.0,1.0,D,0.0,0.0,9.0,7.0,3.0,3.0
premier-league,2014-2015,E0,08/02/15,West Ham,Man United,1.0,1.0,D,0.0,0.0,13.0,18.0,6.0,6.0
premier-league,2014-2015,E0,10/02/15,Arsenal,Leicester,2.0,1.0,H,2.0,0.0,17.0,11.0,7.0,4.0
premier-league,2014-2015,E0,10/02/15,Hull,Aston Villa,2.0,0.0,H,1.0,0.0,10.0,11.0,4.0,4.0
premier-league,2014-2015,E0,10/02/15,Liverpool,Tottenham,3.0,2.0,H,1.0,1.0,16.0,14.0,7.0,5.0
premier-league,2014-2015,E0,10/02/15,Sunderland,QPR,0.0,2.0,A,0.0,2.0,16.0,19.0,5.0,4.0
premier-league,2014-2015,E0,11/02/15,Chelsea,Everton,1.0,0.0,H,0.0,0.0,21.0,7.0,7.0,4.0
premier-league,2014-2015,E0,11/02/15,Crystal Palace,Newcastle,1.0,1.0,D,0.0,1.0,7.0,5.0,3.0,1.0
premier-league,2014-2015,E0,11/02/15,Man United,Burnley,3.0,1.0,H,2.0,1.0,11.0,13.0,7.0,3.0
premier-league,2014-2015,E0,11/02/15,Southampton,West Ham,0.0,0.0,D,0.0,0.0,21.0,4.0,7.0,1.0
premier-league,2014-2015,E0,11/02/15,Stoke,Man City,1.0,4.0,A,1.0,1.0,17.0,14.0,5.0,8.0
premier-league,2014-2015,E0,11/02/15,West Brom,Swansea,2.0,0.0,H,0.0,0.0,11.0,10.0,4.0,3.0
premier-league,2014-2015,E0,21/02/15,Aston Villa,Stoke,1.0,2.0,A,1.0,1.0,3.0,11.0,2.0,6.0
premier-league,2014-2015,E0,21/02/15,Chelsea,Burnley,1.0,1.0,D,1.0,0.0,14.0,10.0,5.0,5.0
premier-league,2014-2015,E0,21/02/15,Crystal Palace,Arsenal,1.0,2.0,A,0.0,2.0,22.0,12.0,3.0,4.0
premier-league,2014-2015,E0,21/02/15,Hull,QPR,2.0,1.0,H,1.0,1.0,16.0,8.0,6.0,3.0
premier-league,2014-2015,E0,21/02/15,Man City,Newcastle,5.0,0.0,H,3.0,0.0,16.0,8.0,9.0,1.0
premier-league,2014-2015,E0,21/02/15,Sunderland,West Brom,0.0,0.0,D,0.0,0.0,13.0,5.0,2.0,1.0
premier-league,2014-2015,E0,21/02/15,Swansea,Man United,2.0,1.0,H,1.0,1.0,11.0,18.0,6.0,3.0
premier-league,2014-2015,E0,22/02/15,Everton,Leicester,2.0,2.0,D,0.0,0.0,18.0,15.0,3.0,4.0
premier-league,2014-2015,E0,22/02/15,Southampton,Liverpool,0.0,2.0,A,0.0,1.0,13.0,6.0,5.0,4.0
premier-league,2014-2015,E0,22/02/15,Tottenham,West Ham,2.0,2.0,D,0.0,1.0,27.0,12.0,8.0,5.0
premier-league,2014-2015,E0,28/02/15,Burnley,Swansea,0.0,1.0,A,0.0,0.0,13.0,8.0,6.0,2.0
premier-league,2014-2015,E0,28/02/15,Man United,Sunderland,2.0,0.0,H,0.0,0.0,30.0,5.0,10.0,3.0
premier-league,2014-2015,E0,28/02/15,Newcastle,Aston Villa,1.0,0.0,H,1.0,0.0,14.0,13.0,5.0,3.0
premier-league,2014-2015,E0,28/02/15,Stoke,Hull,1.0,0.0,H,0.0,0.0,17.0,1.0,2.0,0.0
premier-league,2014-2015,E0,28/02/15,West Brom,Southampton,1.0,0.0,H,1.0,0.0,7.0,12.0,3.0,2.0
premier-league,2014-2015,E0,28/02/15,West Ham,Crystal Palace,1.0,3.0,A,0.0,1.0,22.0,12.0,5.0,5.0
premier-league,2014-2015,E0,01/03/15,Arsenal,Everton,2.0,0.0,H,1.0,0.0,17.0,8.0,4.0,2.0
premier-league,2014-2015,E0,01/03/15,Liverpool,Man City,2.0,1.0,H,1.0,1.0,11.0,8.0,5.0,1.0
premier-league,2014-2015,E0,03/03/15,Aston Villa,West Brom,2.0,1.0,H,1.0,0.0,16.0,3.0,8.0,1.0
premier-league,2014-2015,E0,03/03/15,Hull,Sunderland,1.0,1.0,D,1.0,0.0,15.0,9.0,5.0,3.0
premier-league,2014-2015,E0,03/03/15,Southampton,Crystal Palace,1.0,0.0,H,0.0,0.0,23.0,9.0,3.0,3.0
premier-league,2014-2015,E0,04/03/15,Liverpool,Burnley,2.0,0.0,H,1.0,0.0,20.0,9.0,8.0,1.0
premier-league,2014-2015,E0,04/03/15,Man City,Leicester,2.0,0.0,H,1.0,0.0,22.0,6.0,9.0,2.0
premier-league,2014-2015,E0,04/03/15,Newcastle,Man United,0.0,1.0,A,0.0,0.0,9.0,11.0,2.0,5.0
premier-league,2014-2015,E0,04/03/15,QPR,Arsenal,1.0,2.0,A,0.0,0.0,10.0,20.0,3.0,9.0
premier-league,2014-2015,E0,04/03/15,Stoke,Everton,2.0,0.0,H,1.0,0.0,11.0,10.0,3.0,5.0
premier-league,2014-2015,E0,04/03/15,Tottenham,Swansea,3.0,2.0,H,1.0,1.0,20.0,10.0,7.0,5.0
premier-league,2014-2015,E0,04/03/15,West Ham,Chelsea,0.0,1.0,A,0.0,1.0,18.0,12.0,5.0,3.0
premier-league,2014-2015,E0,07/03/15,QPR,Tottenham,1.0,2.0,A,0.0,1.0,17.0,13.0,6.0,6.0
premier-league,2014-2015,E0,14/03/15,Arsenal,West Ham,3.0,0.0,H,1.0,0.0,19.0,7.0,9.0,1.0
premier-league,2014-2015,E0,14/03/15,Burnley,Man City,1.0,0.0,H,0.0,0.0,10.0,21.0,4.0,5.0
premier-league,2014-2015,E0,14/03/15,Crystal Palace,QPR,3.0,1.0,H,3.0,0.0,15.0,11.0,4.0,4.0
premier-league,2014-2015,E0,14/03/15,Leicester,Hull,0.0,0.0,D,0.0,0.0,15.0,12.0,3.0,5.0
premier-league,2014-2015,E0,14/03/15,Sunderland,Aston Villa,0.0,4.0,A,0.0,4.0,12.0,14.0,2.0,8.0
premier-league,2014-2015,E0,14/03/15,West Brom,Stoke,1.0,0.0,H,1.0,0.0,14.0,9.0,5.0,2.0
premier-league,2014-2015,E0,15/03/15,Chelsea,Southampton,1.0,1.0,D,1.0,1.0,22.0,12.0,7.0,5.0
premier-league,2014-2015,E0,15/03/15,Everton,Newcastle,3.0,0.0,H,1.0,0.0,15.0,12.0,9.0,4.0
premier-league,2014-2015,E0,15/03/15,Man United,Tottenham,3.0,0.0,H,3.0,0.0,11.0,5.0,3.0,1.0
premier-league,2014-2015,E0,16/03/15,Swansea,Liverpool,0.0,1.0,A,0.0,0.0,10.0,16.0,3.0,5.0
premier-league,2014-2015,E0,21/03/15,Aston Villa,Swansea,0.0,1.0,A,0.0,0.0,12.0,9.0,3.0,6.0
premier-league,2014-2015,E0,21/03/15,Man City,West Brom,3.0,0.0,H,2.0,0.0,43.0,3.0,16.0,0.0
premier-league,2014-2015,E0,21/03/15,Newcastle,Arsenal,1.0,2.0,A,0.0,2.0,16.0,7.0,4.0,3.0
premier-league,2014-2015,E0,21/03/15,Southampton,Burnley,2.0,0.0,H,1.0,0.0,20.0,15.0,3.0,3.0
premier-league,2014-2015,E0,21/03/15,Stoke,Crystal Palace,1.0,2.0,A,1.0,2.0,17.0,12.0,4.0,3.0
premier-league,2014-2015,E0,21/03/15,Tottenham,Leicester,4.0,3.0,H,2.0,1.0,10.0,14.0,4.0,5.0
premier-league,2014-2015,E0,21/03/15,West Ham,Sunderland,1.0,0.0,H,0.0,0.0,15.0,7.0,4.0,3.0
premier-league,2014-2015,E0,22/03/15,Hull,Chelsea,2.0,3.0,A,2.0,2.0,19.0,8.0,8.0,3.0
premier-league,2014-2015,E0,22/03/15,Liverpool,Man United,1.0,2.0,A,0.0,1.0,7.0,6.0,1.0,4.0
premier-league,2014-2015,E0,22/03/15,QPR,Everton,1.0,2.0,A,0.0,1.0,14.0,8.0,1.0,3.0
premier-league,2014-2015,E0,04/04/15,Arsenal,Liverpool,4.0,1.0,H,3.0,0.0,16.0,13.0,10.0,2.0
premier-league,2014-2015,E0,04/04/15,Chelsea,Stoke,2.0,1.0,H,1.0,1.0,19.0,7.0,10.0,2.0
premier-league,2014-2015,E0,04/04/15,Everton,Southampton,1.0,0.0,H,1.0,0.0,11.0,11.0,1.0,2.0
premier-league,2014-2015,E0,04/04/15,Leicester,West Ham,2.0,1.0,H,1.0,1.0,20.0,14.0,7.0,7.0
premier-league,2014-2015,E0,04/04/15,Man United,Aston Villa,3.0,1.0,H,1.0,0.0,19.0,4.0,7.0,2.0
premier-league,2014-2015,E0,04/04/15,Swansea,Hull,3.0,1.0,H,2.0,0.0,9.0,10.0,4.0,1.0
premier-league,2014-2015,E0,04/04/15,West Brom,QPR,1.0,4.0,A,0.0,3.0,21.0,12.0,6.0,7.0
premier-league,2014-2015,E0,05/04/15,Burnley,Tottenham,0.0,0.0,D,0.0,0.0,15.0,12.0,4.0,2.0
premier-league,2014-2015,E0,05/04/15,Sunderland,Newcastle,1.0,0.0,H,1.0,0.0,16.0,10.0,4.0,1.0
premier-league,2014-2015,E0,06/04/15,Crystal Palace,Man City,2.0,1.0,H,1.0,0.0,5.0,22.0,3.0,4.0
premier-league,2014-2015,E0,07/04/15,Aston Villa,QPR,3.0,3.0,D,2.0,1.0,21.0,11.0,7.0,5.0
premier-league,2014-2015,E0,11/04/15,Burnley,Arsenal,0.0,1.0,A,0.0,1.0,8.0,17.0,4.0,5.0
premier-league,2014-2015,E0,11/04/15,Southampton,Hull,2.0,0.0,H,0.0,0.0,9.0,15.0,4.0,4.0
premier-league,2014-2015,E0,11/04/15,Sunderland,Crystal Palace,1.0,4.0,A,0.0,0.0,12.0,14.0,3.0,5.0
premier-league,2014-2015,E0,11/04/15,Swansea,Everton,1.0,1.0,D,0.0,1.0,11.0,12.0,3.0,8.0
premier-league,2014-2015,E0,11/04/15,Tottenham,Aston Villa,0.0,1.0,A,0.0,1.0,14.0,10.0,3.0,3.0
premier-league,2014-2015,E0,11/04/15,West Brom,Leicester,2.0,3.0,A,2.0,1.0,8.0,12.0,5.0,4.0
premier-league,2014-2015,E0,11/04/15,West Ham,Stoke,1.0,1.0,D,1.0,0.0,11.0,18.0,3.0,2.0
premier-league,2014-2015,E0,12/04/15,Man United,Man City,4.0,2.0,H,2.0,1.0,11.0,10.0,7.0,3.0
premier-league,2014-2015,E0,12/04/15,QPR,Chelsea,0.0,1.0,A,0.0,0.0,15.0,9.0,4.0,1.0
premier-league,2014-2015,E0,13/04/15,Liverpool,Newcastle,2.0,0.0,H,1.0,0.0,14.0,10.0,6.0,3.0
premier-league,2014-2015,E0,18/04/15,Chelsea,Man United,1.0,0.0,H,1.0,0.0,7.0,15.0,2.0,2.0
premier-league,2014-2015,E0,18/04/15,Crystal Palace,West Brom,0.0,2.0,A,0.0,1.0,19.0,8.0,4.0,4.0
premier-league,2014-2015,E0,18/04/15,Everton,Burnley,1.0,0.0,H,1.0,0.0,21.0,10.0,8.0,1.0
premier-league,2014-2015,E0,18/04/15,Leicester,Swansea,2.0,0.0,H,1.0,0.0,18.0,10.0,6.0,6.0
premier-league,2014-2015,E0,18/04/15,Stoke,Southampton,2.0,1.0,H,0.0,1.0,15.0,12.0,2.0,6.0
premier-league,2014-2015,E0,19/04/15,Man City,West Ham,2.0,0.0,H,2.0,0.0,18.0,9.0,3.0,3.0
premier-league,2014-2015,E0,19/04/15,Newcastle,Tottenham,1.0,3.0,A,0.0,1.0,11.0,14.0,5.0,8.0
premier-league,2014-2015,E0,25/04/15,Burnley,Leicester,0.0,1.0,A,0.0,0.0,12.0,8.0,4.0,4.0
premier-league,2014-2015,E0,25/04/15,Crystal Palace,Hull,0.0,2.0,A,0.0,0.0,7.0,21.0,3.0,7.0
premier-league,2014-2015,E0,25/04/15,Man City,Aston Villa,3.0,2.0,H,1.0,0.0,11.0,13.0,4.0,4.0
premier-league,2014-2015,E0,25/04/15,Newcastle,Swansea,2.0,3.0,A,1.0,1.0,12.0,11.0,4.0,6.0
premier-league,2014-2015,E0,25/04/15,QPR,West Ham,0.0,0.0,D,0.0,0.0,18.0,8.0,7.0,2.0
premier-league,2014-2015,E0,25/04/15,Southampton,Tottenham,2.0,2.0,D,1.0,1.0,13.0,7.0,4.0,2.0
premier-league,2014-2015,E0,25/04/15,Stoke,Sunderland,1.0,1.0,D,1.0,1.0,23.0,15.0,8.0,5.0
premier-league,2014-2015,E0,25/04/15,West Brom,Liverpool,0.0,0.0,D,0.0,0.0,10.0,22.0,4.0,5.0
premier-league,2014-2015,E0,26/04/15,Arsenal,Chelsea,0.0,0.0,D,0.0,0.0,12.0,7.0,1.0,3.0
premier-league,2014-2015,E0,26/04/15,Everton,Man United,3.0,0.0,H,2.0,0.0,9.0,17.0,7.0,4.0
premier-league,2014-2015,E0,28/04/15,Hull,Liverpool,1.0,0.0,H,1.0,0.0,7.0,12.0,4.0,9.0
premier-league,2014-2015,E0,29/04/15,Leicester,Chelsea,1.0,3.0,A,1.0,0.0,8.0,11.0,2.0,4.0
premier-league,2014-2015,E0,02/05/15,Aston Villa,Everton,3.0,2.0,H,2.0,0.0,11.0,9.0,4.0,5.0
premier-league,2014-2015,E0,02/05/15,Leicester,Newcastle,3.0,0.0,H,2.0,0.0,19.0,12.0,7.0,3.0
premier-league,2014-2015,E0,02/05/15,Liverpool,QPR,2.0,1.0,H,1.0,0.0,25.0,10.0,8.0,2.0
premier-league,2014-2015,E0,02/05/15,Man United,West Brom,0.0,1.0,A,0.0,0.0,26.0,6.0,9.0,3.0
premier-league,2014-2015,E0,02/05/15,Sunderland,Southampton,2.0,1.0,H,1.0,1.0,12.0,11.0,6.0,2.0
premier-league,2014-2015,E0,02/05/15,Swansea,Stoke,2.0,0.0,H,0.0,0.0,16.0,9.0,4.0,3.0
premier-league,2014-2015,E0,02/05/15,West Ham,Burnley,1.0,0.0,H,1.0,0.0,29.0,8.0,7.0,2.0
premier-league,2014-2015,E0,03/05/15,Chelsea,Crystal Palace,1.0,0.0,H,1.0,0.0,17.0,8.0,7.0,1.0
premier-league,2014-2015,E0,03/05/15,Tottenham,Man City,0.0,1.0,A,0.0,1.0,21.0,15.0,5.0,4.0
premier-league,2014-2015,E0,04/05/15,Hull,Arsenal,1.0,3.0,A,0.0,3.0,8.0,22.0,1.0,9.0
premier-league,2014-2015,E0,09/05/15,Aston Villa,West Ham,1.0,0.0,H,1.0,0.0,15.0,5.0,5.0,1.0
premier-league,2014-2015,E0,09/05/15,Crystal Palace,Man United,1.0,2.0,A,0.0,1.0,13.0,13.0,4.0,4.0
premier-league,2014-2015,E0,09/05/15,Everton,Sunderland,0.0,2.0,A,0.0,0.0,22.0,10.0,4.0,3.0
premier-league,2014-2015,E0,09/05/15,Hull,Burnley,0.0,1.0,A,0.0,0.0,21.0,8.0,3.0,2.0
premier-league,2014-2015,E0,09/05/15,Leicester,Southampton,2.0,0.0,H,2.0,0.0,10.0,10.0,3.0,3.0
premier-league,2014-2015,E0,09/05/15,Newcastle,West Brom,1.0,1.0,D,1.0,1.0,15.0,8.0,5.0,3.0
premier-league,2014-2015,E0,09/05/15,Stoke,Tottenham,3.0,0.0,H,2.0,0.0,17.0,9.0,9.0,3.0
premier-league,2014-2015,E0,10/05/15,Chelsea,Liverpool,1.0,1.0,D,1.0,1.0,8.0,15.0,3.0,4.0
premier-league,2014-2015,E0,10/05/15,Man City,QPR,6.0,0.0,H,2.0,0.0,23.0,9.0,11.0,3.0
premier-league,2014-2015,E0,11/05/15,Arsenal,Swansea,0.0,1.0,A,0.0,0.0,23.0,8.0,9.0,3.0
premier-league,2014-2015,E0,16/05/15,Burnley,Stoke,0.0,0.0,D,0.0,0.0,11.0,11.0,4.0,3.0
premier-league,2014-2015,E0,16/05/15,Liverpool,Crystal Palace,1.0,3.0,A,1.0,1.0,18.0,15.0,3.0,6.0
premier-league,2014-2015,E0,16/05/15,QPR,Newcastle,2.0,1.0,H,0.0,1.0,8.0,22.0,4.0,8.0
premier-league,2014-2015,E0,16/05/15,Southampton,Aston Villa,6.0,1.0,H,5.0,1.0,18.0,9.0,11.0,4.0
premier-league,2014-2015,E0,16/05/15,Sunderland,Leicester,0.0,0.0,D,0.0,0.0,13.0,11.0,3.0,0.0
premier-league,2014-2015,E0,16/05/15,Tottenham,Hull,2.0,0.0,H,0.0,0.0,10.0,14.0,3.0,2.0
premier-league,2014-2015,E0,16/05/15,West Ham,Everton,1.0,2.0,A,0.0,0.0,13.0,21.0,3.0,5.0
premier-league,2014-2015,E0,17/05/15,Man United,Arsenal,1.0,1.0,D,1.0,0.0,12.0,5.0,4.0,3.0
premier-league,2014-2015,E0,17/05/15,Swansea,Man City,2.0,4.0,A,1.0,2.0,13.0,22.0,9.0,11.0
premier-league,2014-2015,E0,18/05/15,West Brom,Chelsea,3.0,0.0,H,1.0,0.0,9.0,12.0,5.0,3.0
premier-league,2014-2015,E0,20/05/15,Arsenal,Sunderland,0.0,0.0,D,0.0,0.0,28.0,7.0,8.0,3.0
premier-league,2014-2015,E0,24/05/15,Arsenal,West Brom,4.0,1.0,H,4.0,0.0,24.0,14.0,13.0,5.0
premier-league,2014-2015,E0,24/05/15,Aston Villa,Burnley,0.0,1.0,A,0.0,1.0,16.0,6.0,5.0,3.0
premier-league,2014-2015,E0,24/05/15,Chelsea,Sunderland,3.0,1.0,H,1.0,1.0,24.0,17.0,8.0,9.0
premier-league,2014-2015,E0,24/05/15,Crystal Palace,Swansea,1.0,0.0,H,0.0,0.0,13.0,5.0,7.0,2.0
premier-league,2014-2015,E0,24/05/15,Everton,Tottenham,0.0,1.0,A,0.0,1.0,9.0,16.0,1.0,3.0
premier-league,2014-2015,E0,24/05/15,Hull,Man United,0.0,0.0,D,0.0,0.0,16.0,7.0,6.0,1.0
premier-league,2014-2015,E0,24/05/15,Leicester,QPR,5.0,1.0,H,2.0,0.0,22.0,18.0,7.0,2.0
premier-league,2014-2015,E0,24/05/15,Man City,Southampton,2.0,0.0,H,1.0,0.0,15.0,13.0,6.0,4.0
premier-league,2014-2015,E0,24/05/15,Newcastle,West Ham,2.0,0.0,H,0.0,0.0,17.0,4.0,4.0,1.0
premier-league,2014-2015,E0,24/05/15,Stoke,Liverpool,6.0,1.0,H,5.0,0.0,15.0,13.0,9.0,4.0
premier-league,2015-2016,E0,08/08/2015,Bournemouth,Aston Villa,0.0,1.0,A,0.0,0.0,11.0,7.0,2.0,3.0
premier-league,2015-2016,E0,08/08/2015,Chelsea,Swansea,2.0,2.0,D,2.0,1.0,11.0,18.0,3.0,10.0
premier-league,2015-2016,E0,08/08/2015,Everton,Watford,2.0,2.0,D,0.0,1.0,10.0,11.0,5.0,5.0
premier-league,2015-2016,E0,08/08/2015,Leicester,Sunderland,4.0,2.0,H,3.0,0.0,19.0,10.0,8.0,5.0
premier-league,2015-2016,E0,08/08/2015,Man United,Tottenham,1.0,0.0,H,1.0,0.0,9.0,9.0,1.0,4.0
premier-league,2015-2016,E0,08/08/2015,Norwich,Crystal Palace,1.0,3.0,A,0.0,1.0,17.0,11.0,6.0,7.0
premier-league,2015-2016,E0,09/08/2015,Arsenal,West Ham,0.0,2.0,A,0.0,1.0,22.0,8.0,6.0,4.0
premier-league,2015-2016,E0,09/08/2015,Newcastle,Southampton,2.0,2.0,D,1.0,1.0,9.0,15.0,4.0,5.0
premier-league,2015-2016,E0,09/08/2015,Stoke,Liverpool,0.0,1.0,A,0.0,0.0,7.0,8.0,1.0,3.0
premier-league,2015-2016,E0,10/08/2015,West Brom,Man City,0.0,3.0,A,0.0,2.0,9.0,19.0,2.0,7.0
premier-league,2015-2016,E0,14/08/2015,Aston Villa,Man United,0.0,1.0,A,0.0,1.0,5.0,9.0,1.0,2.0
premier-league,2015-2016,E0,15/08/2015,Southampton,Everton,0.0,3.0,A,0.0,2.0,17.0,10.0,4.0,4.0
premier-league,2015-2016,E0,15/08/2015,Sunderland,Norwich,1.0,3.0,A,0.0,2.0,6.0,19.0,2.0,6.0
premier-league,2015-2016,E0,15/08/2015,Swansea,Newcastle,2.0,0.0,H,1.0,0.0,19.0,4.0,6.0,2.0
premier-league,2015-2016,E0,15/08/2015,Tottenham,Stoke,2.0,2.0,D,2.0,0.0,13.0,16.0,7.0,7.0
premier-league,2015-2016,E0,15/08/2015,Watford,West Brom,0.0,0.0,D,0.0,0.0,16.0,6.0,5.0,0.0
premier-league,2015-2016,E0,15/08/2015,West Ham,Leicester,1.0,2.0,A,0.0,2.0,10.0,11.0,3.0,6.0
premier-league,2015-2016,E0,16/08/2015,Crystal Palace,Arsenal,1.0,2.0,A,1.0,1.0,11.0,20.0,4.0,7.0
premier-league,2015-2016,E0,16/08/2015,Man City,Chelsea,3.0,0.0,H,1.0,0.0,18.0,10.0,8.0,3.0
premier-league,2015-2016,E0,17/08/2015,Liverpool,Bournemouth,1.0,0.0,H,1.0,0.0,18.0,13.0,2.0,2.0
premier-league,2015-2016,E0,22/08/2015,Crystal Palace,Aston Villa,2.0,1.0,H,0.0,0.0,16.0,11.0,6.0,2.0
premier-league,2015-2016,E0,22/08/2015,Leicester,Tottenham,1.0,1.0,D,0.0,0.0,13.0,19.0,2.0,6.0
premier-league,2015-2016,E0,22/08/2015,Man United,Newcastle,0.0,0.0,D,0.0,0.0,20.0,7.0,8.0,0.0
premier-league,2015-2016,E0,22/08/2015,Norwich,Stoke,1.0,1.0,D,1.0,1.0,21.0,6.0,7.0,1.0
premier-league,2015-2016,E0,22/08/2015,Sunderland,Swansea,1.0,1.0,D,0.0,1.0,10.0,20.0,2.0,9.0
premier-league,2015-2016,E0,22/08/2015,West Ham,Bournemouth,3.0,4.0,A,0.0,2.0,10.0,15.0,4.0,7.0
premier-league,2015-2016,E0,23/08/2015,Everton,Man City,0.0,2.0,A,0.0,0.0,10.0,16.0,1.0,9.0
premier-league,2015-2016,E0,23/08/2015,Watford,Southampton,0.0,0.0,D,0.0,0.0,13.0,14.0,0.0,5.0
premier-league,2015-2016,E0,23/08/2015,West Brom,Chelsea,2.0,3.0,A,1.0,3.0,15.0,15.0,6.0,5.0
premier-league,2015-2016,E0,24/08/2015,Arsenal,Liverpool,0.0,0.0,D,0.0,0.0,19.0,15.0,5.0,8.0
premier-league,2015-2016,E0,29/08/2015,Aston Villa,Sunderland,2.0,2.0,D,2.0,1.0,21.0,7.0,6.0,3.0
premier-league,2015-2016,E0,29/08/2015,Bournemouth,Leicester,1.0,1.0,D,1.0,0.0,5.0,4.0,2.0,2.0
premier-league,2015-2016,E0,29/08/2015,Chelsea,Crystal Palace,1.0,2.0,A,0.0,0.0,26.0,13.0,9.0,6.0
premier-league,2015-2016,E0,29/08/2015,Liverpool,West Ham,0.0,3.0,A,0.0,2.0,13.0,12.0,1.0,5.0
premier-league,2015-2016,E0,29/08/2015,Man City,Watford,2.0,0.0,H,0.0,0.0,18.0,7.0,5.0,0.0
premier-league,2015-2016,E0,29/08/2015,Newcastle,Arsenal,0.0,1.0,A,0.0,0.0,1.0,22.0,0.0,9.0
premier-league,2015-2016,E0,29/08/2015,Stoke,West Brom,0.0,1.0,A,0.0,1.0,13.0,15.0,5.0,5.0
premier-league,2015-2016,E0,29/08/2015,Tottenham,Everton,0.0,0.0,D,0.0,0.0,20.0,8.0,6.0,3.0
premier-league,2015-2016,E0,30/08/2015,Southampton,Norwich,3.0,0.0,H,1.0,0.0,23.0,6.0,8.0,1.0
premier-league,2015-2016,E0,30/08/2015,Swansea,Man United,2.0,1.0,H,0.0,0.0,9.0,11.0,4.0,4.0
premier-league,2015-2016,E0,12/09/2015,Arsenal,Stoke,2.0,0.0,H,1.0,0.0,29.0,9.0,12.0,4.0
premier-league,2015-2016,E0,12/09/2015,Crystal Palace,Man City,0.0,1.0,A,0.0,0.0,10.0,21.0,2.0,7.0
premier-league,2015-2016,E0,12/09/2015,Everton,Chelsea,3.0,1.0,H,2.0,1.0,14.0,15.0,9.0,2.0
premier-league,2015-2016,E0,12/09/2015,Man United,Liverpool,3.0,1.0,H,0.0,0.0,9.0,8.0,3.0,4.0
premier-league,2015-2016,E0,12/09/2015,Norwich,Bournemouth,3.0,1.0,H,1.0,0.0,12.0,7.0,4.0,2.0
premier-league,2015-2016,E0,12/09/2015,Watford,Swansea,1.0,0.0,H,0.0,0.0,17.0,8.0,6.0,3.0
premier-league,2015-2016,E0,12/09/2015,West Brom,Southampton,0.0,0.0,D,0.0,0.0,8.0,14.0,1.0,4.0
premier-league,2015-2016,E0,13/09/2015,Leicester,Aston Villa,3.0,2.0,H,0.0,1.0,21.0,11.0,6.0,4.0
premier-league,2015-2016,E0,13/09/2015,Sunderland,Tottenham,0.0,1.0,A,0.0,0.0,12.0,15.0,2.0,4.0
premier-league,2015-2016,E0,14/09/2015,West Ham,Newcastle,2.0,0.0,H,1.0,0.0,17.0,14.0,3.0,4.0
premier-league,2015-2016,E0,19/09/2015,Aston Villa,West Brom,0.0,1.0,A,0.0,1.0,13.0,11.0,3.0,6.0
premier-league,2015-2016,E0,19/09/2015,Bournemouth,Sunderland,2.0,0.0,H,2.0,0.0,15.0,9.0,5.0,2.0
premier-league,2015-2016,E0,19/09/2015,Chelsea,Arsenal,2.0,0.0,H,0.0,0.0,22.0,9.0,7.0,2.0
premier-league,2015-2016,E0,19/09/2015,Man City,West Ham,1.0,2.0,A,1.0,2.0,27.0,6.0,8.0,3.0
premier-league,2015-2016,E0,19/09/2015,Newcastle,Watford,1.0,2.0,A,0.0,2.0,15.0,13.0,5.0,4.0
premier-league,2015-2016,E0,19/09/2015,Stoke,Leicester,2.0,2.0,D,2.0,0.0,11.0,12.0,4.0,5.0
premier-league,2015-2016,E0,19/09/2015,Swansea,Everton,0.0,0.0,D,0.0,0.0,12.0,17.0,3.0,2.0
premier-league,2015-2016,E0,20/09/2015,Liverpool,Norwich,1.0,1.0,D,0.0,0.0,23.0,7.0,7.0,2.0
premier-league,2015-2016,E0,20/09/2015,Southampton,Man United,2.0,3.0,A,1.0,1.0,15.0,10.0,8.0,3.0
premier-league,2015-2016,E0,20/09/2015,Tottenham,Crystal Palace,1.0,0.0,H,0.0,0.0,22.0,12.0,6.0,4.0
premier-league,2015-2016,E0,26/09/2015,Leicester,Arsenal,2.0,5.0,A,1.0,2.0,16.0,26.0,7.0,12.0
premier-league,2015-2016,E0,26/09/2015,Liverpool,Aston Villa,3.0,2.0,H,1.0,0.0,21.0,10.0,12.0,4.0
premier-league,2015-2016,E0,26/09/2015,Man United,Sunderland,3.0,0.0,H,1.0,0.0,12.0,9.0,7.0,4.0
premier-league,2015-2016,E0,26/09/2015,Newcastle,Chelsea,2.0,2.0,D,1.0,0.0,11.0,16.0,5.0,4.0
premier-league,2015-2016,E0,26/09/2015,Southampton,Swansea,3.0,1.0,H,1.0,0.0,18.0,11.0,7.0,4.0
premier-league,2015-2016,E0,26/09/2015,Stoke,Bournemouth,2.0,1.0,H,1.0,0.0,8.0,11.0,5.0,6.0
premier-league,2015-2016,E0,26/09/2015,Tottenham,Man City,4.0,1.0,H,1.0,1.0,15.0,22.0,8.0,8.0
premier-league,2015-2016,E0,26/09/2015,West Ham,Norwich,2.0,2.0,D,1.0,1.0,19.0,16.0,7.0,7.0
premier-league,2015-2016,E0,27/09/2015,Watford,Crystal Palace,0.0,1.0,A,0.0,0.0,15.0,16.0,2.0,3.0
premier-league,2015-2016,E0,28/09/2015,West Brom,Everton,2.0,3.0,A,1.0,0.0,9.0,12.0,4.0,4.0
premier-league,2015-2016,E0,03/10/2015,Aston Villa,Stoke,0.0,1.0,A,0.0,0.0,13.0,12.0,2.0,5.0
premier-league,2015-2016,E0,03/10/2015,Bournemouth,Watford,1.0,1.0,D,1.0,1.0,12.0,11.0,6.0,2.0
premier-league,2015-2016,E0,03/10/2015,Chelsea,Southampton,1.0,3.0,A,1.0,1.0,10.0,13.0,3.0,5.0
premier-league,2015-2016,E0,03/10/2015,Crystal Palace,West Brom,2.0,0.0,H,0.0,0.0,21.0,7.0,8.0,2.0
premier-league,2015-2016,E0,03/10/2015,Man City,Newcastle,6.0,1.0,H,1.0,1.0,23.0,6.0,11.0,4.0
premier-league,2015-2016,E0,03/10/2015,Norwich,Leicester,1.0,2.0,A,0.0,1.0,17.0,16.0,2.0,5.0
premier-league,2015-2016,E0,03/10/2015,Sunderland,West Ham,2.0,2.0,D,2.0,1.0,12.0,20.0,3.0,6.0
premier-league,2015-2016,E0,04/10/2015,Arsenal,Man United,3.0,0.0,H,3.0,0.0,12.0,9.0,5.0,5.0
premier-league,2015-2016,E0,04/10/2015,Everton,Liverpool,1.0,1.0,D,1.0,1.0,14.0,13.0,4.0,4.0
premier-league,2015-2016,E0,04/10/2015,Swansea,Tottenham,2.0,2.0,D,2.0,1.0,11.0,19.0,2.0,11.0
premier-league,2015-2016,E0,17/10/2015,Chelsea,Aston Villa,2.0,0.0,H,1.0,0.0,9.0,8.0,3.0,1.0
premier-league,2015-2016,E0,17/10/2015,Crystal Palace,West Ham,1.0,3.0,A,1.0,1.0,6.0,24.0,1.0,4.0
premier-league,2015-2016,E0,17/10/2015,Everton,Man United,0.0,3.0,A,0.0,2.0,12.0,10.0,3.0,7.0
premier-league,2015-2016,E0,17/10/2015,Man City,Bournemouth,5.0,1.0,H,4.0,1.0,15.0,5.0,11.0,1.0
premier-league,2015-2016,E0,17/10/2015,Southampton,Leicester,2.0,2.0,D,2.0,0.0,14.0,26.0,6.0,7.0
premier-league,2015-2016,E0,17/10/2015,Tottenham,Liverpool,0.0,0.0,D,0.0,0.0,13.0,12.0,4.0,3.0
premier-league,2015-2016,E0,17/10/2015,Watford,Arsenal,0.0,3.0,A,0.0,0.0,8.0,17.0,1.0,6.0
premier-league,2015-2016,E0,17/10/2015,West Brom,Sunderland,1.0,0.0,H,0.0,0.0,8.0,9.0,1.0,2.0
premier-league,2015-2016,E0,18/10/2015,Newcastle,Norwich,6.0,2.0,H,3.0,2.0,11.0,18.0,6.0,6.0
premier-league,2015-2016,E0,19/10/2015,Swansea,Stoke,0.0,1.0,A,0.0,1.0,14.0,9.0,2.0,2.0
premier-league,2015-2016,E0,24/10/2015,Arsenal,Everton,2.0,1.0,H,2.0,1.0,20.0,10.0,5.0,5.0
premier-league,2015-2016,E0,24/10/2015,Aston Villa,Swansea,1.0,2.0,A,0.0,0.0,9.0,11.0,3.0,4.0
premier-league,2015-2016,E0,24/10/2015,Leicester,Crystal Palace,1.0,0.0,H,0.0,0.0,12.0,9.0,3.0,4.0
premier-league,2015-2016,E0,24/10/2015,Norwich,West Brom,0.0,1.0,A,0.0,0.0,16.0,7.0,3.0,4.0
premier-league,2015-2016,E0,24/10/2015,Stoke,Watford,0.0,2.0,A,0.0,1.0,12.0,13.0,1.0,3.0
premier-league,2015-2016,E0,24/10/2015,West Ham,Chelsea,2.0,1.0,H,1.0,0.0,12.0,8.0,5.0,4.0
premier-league,2015-2016,E0,25/10/2015,Bournemouth,Tottenham,1.0,5.0,A,1.0,3.0,11.0,14.0,3.0,9.0
premier-league,2015-2016,E0,25/10/2015,Liverpool,Southampton,1.0,1.0,D,0.0,0.0,15.0,8.0,2.0,3.0
premier-league,2015-2016,E0,25/10/2015,Man United,Man City,0.0,0.0,D,0.0,0.0,6.0,6.0,1.0,1.0
premier-league,2015-2016,E0,25/10/2015,Sunderland,Newcastle,3.0,0.0,H,1.0,0.0,9.0,21.0,3.0,8.0
premier-league,2015-2016,E0,31/10/2015,Chelsea,Liverpool,1.0,3.0,A,1.0,1.0,8.0,16.0,2.0,7.0
premier-league,2015-2016,E0,31/10/2015,Crystal Palace,Man United,0.0,0.0,D,0.0,0.0,10.0,5.0,5.0,1.0
premier-league,2015-2016,E0,31/10/2015,Man City,Norwich,2.0,1.0,H,0.0,0.0,21.0,5.0,5.0,3.0
premier-league,2015-2016,E0,31/10/2015,Newcastle,Stoke,0.0,0.0,D,0.0,0.0,15.0,9.0,6.0,2.0
premier-league,2015-2016,E0,31/10/2015,Swansea,Arsenal,0.0,3.0,A,0.0,0.0,8.0,15.0,3.0,5.0
premier-league,2015-2016,E0,31/10/2015,Watford,West Ham,2.0,0.0,H,1.0,0.0,20.0,8.0,5.0,3.0
premier-league,2015-2016,E0,31/10/2015,West Brom,Leicester,2.0,3.0,A,1.0,0.0,14.0,13.0,6.0,5.0
premier-league,2015-2016,E0,01/11/2015,Everton,Sunderland,6.0,2.0,H,2.0,1.0,15.0,17.0,8.0,9.0
premier-league,2015-2016,E0,01/11/2015,Southampton,Bournemouth,2.0,0.0,H,2.0,0.0,11.0,16.0,2.0,2.0
premier-league,2015-2016,E0,02/11/2015,Tottenham,Aston Villa,3.0,1.0,H,2.0,0.0,17.0,13.0,6.0,2.0
premier-league,2015-2016,E0,07/11/2015,Bournemouth,Newcastle,0.0,1.0,A,0.0,1.0,20.0,2.0,5.0,1.0
premier-league,2015-2016,E0,07/11/2015,Leicester,Watford,2.0,1.0,H,0.0,0.0,12.0,8.0,6.0,4.0
premier-league,2015-2016,E0,07/11/2015,Man United,West Brom,2.0,0.0,H,0.0,0.0,13.0,4.0,3.0,0.0
premier-league,2015-2016,E0,07/11/2015,Norwich,Swansea,1.0,0.0,H,0.0,0.0,9.0,8.0,5.0,0.0
premier-league,2015-2016,E0,07/11/2015,Stoke,Chelsea,1.0,0.0,H,0.0,0.0,8.0,19.0,2.0,4.0
premier-league,2015-2016,E0,07/11/2015,Sunderland,Southampton,0.0,1.0,A,0.0,0.0,9.0,11.0,3.0,4.0
premier-league,2015-2016,E0,07/11/2015,West Ham,Everton,1.0,1.0,D,1.0,1.0,16.0,13.0,5.0,4.0
premier-league,2015-2016,E0,08/11/2015,Arsenal,Tottenham,1.0,1.0,D,0.0,1.0,10.0,14.0,4.0,4.0
premier-league,2015-2016,E0,08/11/2015,Aston Villa,Man City,0.0,0.0,D,0.0,0.0,3.0,13.0,0.0,3.0
premier-league,2015-2016,E0,08/11/2015,Liverpool,Crystal Palace,1.0,2.0,A,1.0,1.0,22.0,9.0,4.0,4.0
premier-league,2015-2016,E0,21/11/2015,Chelsea,Norwich,1.0,0.0,H,0.0,0.0,21.0,4.0,7.0,2.0
premier-league,2015-2016,E0,21/11/2015,Everton,Aston Villa,4.0,0.0,H,3.0,0.0,16.0,10.0,9.0,3.0
premier-league,2015-2016,E0,21/11/2015,Man City,Liverpool,1.0,4.0,A,1.0,3.0,11.0,14.0,3.0,9.0
premier-league,2015-2016,E0,21/11/2015,Newcastle,Leicester,0.0,3.0,A,0.0,1.0,9.0,18.0,1.0,7.0
premier-league,2015-2016,E0,21/11/2015,Southampton,Stoke,0.0,1.0,A,0.0,1.0,16.0,16.0,1.0,4.0
premier-league,2015-2016,E0,21/11/2015,Swansea,Bournemouth,2.0,2.0,D,2.0,2.0,11.0,16.0,4.0,4.0
premier-league,2015-2016,E0,21/11/2015,Watford,Man United,1.0,2.0,A,0.0,1.0,10.0,13.0,5.0,6.0
premier-league,2015-2016,E0,21/11/2015,West Brom,Arsenal,2.0,1.0,H,2.0,1.0,4.0,11.0,1.0,3.0
premier-league,2015-2016,E0,22/11/2015,Tottenham,West Ham,4.0,1.0,H,2.0,0.0,22.0,10.0,12.0,4.0
premier-league,2015-2016,E0,23/11/2015,Crystal Palace,Sunderland,0.0,1.0,A,0.0,0.0,19.0,12.0,7.0,4.0
premier-league,2015-2016,E0,28/11/2015,Aston Villa,Watford,2.0,3.0,A,1.0,1.0,12.0,14.0,6.0,6.0
premier-league,2015-2016,E0,28/11/2015,Bournemouth,Everton,3.0,3.0,D,0.0,2.0,19.0,11.0,10.0,6.0
premier-league,2015-2016,E0,28/11/2015,Crystal Palace,Newcastle,5.0,1.0,H,3.0,1.0,19.0,7.0,8.0,2.0
premier-league,2015-2016,E0,28/11/2015,Leicester,Man United,1.0,1.0,D,1.0,1.0,7.0,10.0,3.0,2.0
premier-league,2015-2016,E0,28/11/2015,Man City,Southampton,3.0,1.0,H,2.0,0.0,16.0,12.0,9.0,8.0
premier-league,2015-2016,E0,28/11/2015,Sunderland,Stoke,2.0,0.0,H,0.0,0.0,18.0,7.0,5.0,3.0
premier-league,2015-2016,E0,29/11/2015,Liverpool,Swansea,1.0,0.0,H,0.0,0.0,10.0,8.0,2.0,0.0
premier-league,2015-2016,E0,29/11/2015,Norwich,Arsenal,1.0,1.0,D,1.0,1.0,7.0,12.0,2.0,3.0
premier-league,2015-2016,E0,29/11/2015,Tottenham,Chelsea,0.0,0.0,D,0.0,0.0,9.0,5.0,4.0,1.0
premier-league,2015-2016,E0,29/11/2015,West Ham,West Brom,1.0,1.0,D,1.0,0.0,17.0,7.0,6.0,3.0
premier-league,2015-2016,E0,05/12/2015,Arsenal,Sunderland,3.0,1.0,H,1.0,1.0,16.0,11.0,7.0,4.0
premier-league,2015-2016,E0,05/12/2015,Chelsea,Bournemouth,0.0,1.0,A,0.0,0.0,19.0,15.0,6.0,5.0
premier-league,2015-2016,E0,05/12/2015,Man United,West Ham,0.0,0.0,D,0.0,0.0,21.0,9.0,1.0,2.0
premier-league,2015-2016,E0,05/12/2015,Southampton,Aston Villa,1.0,1.0,D,0.0,1.0,23.0,9.0,5.0,2.0
premier-league,2015-2016,E0,05/12/2015,Stoke,Man City,2.0,0.0,H,2.0,0.0,7.0,11.0,4.0,4.0
premier-league,2015-2016,E0,05/12/2015,Swansea,Leicester,0.0,3.0,A,0.0,2.0,10.0,16.0,2.0,5.0
premier-league,2015-2016,E0,05/12/2015,Watford,Norwich,2.0,0.0,H,1.0,0.0,14.0,6.0,7.0,1.0
premier-league,2015-2016,E0,05/12/2015,West Brom,Tottenham,1.0,1.0,D,1.0,1.0,11.0,9.0,4.0,3.0
premier-league,2015-2016,E0,06/12/2015,Newcastle,Liverpool,2.0,0.0,H,0.0,0.0,6.0,10.0,1.0,1.0
premier-league,2015-2016,E0,07/12/2015,Everton,Crystal Palace,1.0,1.0,D,0.0,0.0,19.0,14.0,4.0,5.0
premier-league,2015-2016,E0,12/12/2015,Bournemouth,Man United,2.0,1.0,H,1.0,1.0,11.0,11.0,5.0,5.0
premier-league,2015-2016,E0,12/12/2015,Crystal Palace,Southampton,1.0,0.0,H,1.0,0.0,12.0,15.0,5.0,3.0
premier-league,2015-2016,E0,12/12/2015,Man City,Swansea,2.0,1.0,H,1.0,0.0,13.0,13.0,5.0,7.0
premier-league,2015-2016,E0,12/12/2015,Norwich,Everton,1.0,1.0,D,0.0,1.0,9.0,15.0,2.0,3.0
premier-league,2015-2016,E0,12/12/2015,Sunderland,Watford,0.0,1.0,A,0.0,1.0,14.0,13.0,2.0,6.0
premier-league,2015-2016,E0,12/12/2015,West Ham,Stoke,0.0,0.0,D,0.0,0.0,22.0,12.0,9.0,3.0
premier-league,2015-2016,E0,13/12/2015,Aston Villa,Arsenal,0.0,2.0,A,0.0,2.0,18.0,8.0,2.0,4.0
premier-league,2015-2016,E0,13/12/2015,Liverpool,West Brom,2.0,2.0,D,1.0,1.0,28.0,4.0,8.0,2.0
premier-league,2015-2016,E0,13/12/2015,Tottenham,Newcastle,1.0,2.0,A,1.0,0.0,20.0,8.0,8.0,4.0
premier-league,2015-2016,E0,14/12/2015,Leicester,Chelsea,2.0,1.0,H,1.0,0.0,9.0,11.0,5.0,5.0
premier-league,2015-2016,E0,19/12/2015,Chelsea,Sunderland,3.0,1.0,H,2.0,0.0,17.0,11.0,7.0,3.0
premier-league,2015-2016,E0,19/12/2015,Everton,Leicester,2.0,3.0,A,1.0,1.0,13.0,10.0,5.0,5.0
premier-league,2015-2016,E0,19/12/2015,Man United,Norwich,1.0,2.0,A,0.0,1.0,11.0,6.0,2.0,4.0
premier-league,2015-2016,E0,19/12/2015,Newcastle,Aston Villa,1.0,1.0,D,1.0,0.0,8.0,10.0,4.0,7.0
premier-league,2015-2016,E0,19/12/2015,Southampton,Tottenham,0.0,2.0,A,0.0,2.0,11.0,13.0,4.0,6.0
premier-league,2015-2016,E0,19/12/2015,Stoke,Crystal Palace,1.0,2.0,A,0.0,1.0,26.0,12.0,5.0,3.0
premier-league,2015-2016,E0,19/12/2015,West Brom,Bournemouth,1.0,2.0,A,0.0,0.0,6.0,16.0,2.0,7.0
premier-league,2015-2016,E0,20/12/2015,Swansea,West Ham,0.0,0.0,D,0.0,0.0,21.0,11.0,2.0,2.0
premier-league,2015-2016,E0,20/12/2015,Watford,Liverpool,3.0,0.0,H,2.0,0.0,6.0,12.0,5.0,4.0
premier-league,2015-2016,E0,21/12/2015,Arsenal,Man City,2.0,1.0,H,2.0,0.0,8.0,20.0,5.0,6.0
premier-league,2015-2016,E0,26/12/2015,Aston Villa,West Ham,1.0,1.0,D,0.0,1.0,15.0,10.0,8.0,4.0
premier-league,2015-2016,E0,26/12/2015,Bournemouth,Crystal Palace,0.0,0.0,D,0.0,0.0,10.0,8.0,4.0,0.0
premier-league,2015-2016,E0,26/12/2015,Chelsea,Watford,2.0,2.0,D,1.0,1.0,17.0,12.0,2.0,3.0
premier-league,2015-2016,E0,26/12/2015,Liverpool,Leicester,1.0,0.0,H,0.0,0.0,25.0,7.0,4.0,3.0
premier-league,2015-2016,E0,26/12/2015,Man City,Sunderland,4.0,1.0,H,3.0,0.0,19.0,11.0,9.0,3.0
premier-league,2015-2016,E0,26/12/2015,Newcastle,Everton,0.0,1.0,A,0.0,0.0,10.0,20.0,1.0,7.0
premier-league,2015-2016,E0,26/12/2015,Southampton,Arsenal,4.0,0.0,H,1.0,0.0,15.0,7.0,5.0,4.0
premier-league,2015-2016,E0,26/12/2015,Stoke,Man United,2.0,0.0,H,2.0,0.0,13.0,11.0,3.0,6.0
premier-league,2015-2016,E0,26/12/2015,Swansea,West Brom,1.0,0.0,H,1.0,0.0,7.0,9.0,2.0,3.0
premier-league,2015-2016,E0,26/12/2015,Tottenham,Norwich,3.0,0.0,H,2.0,0.0,15.0,11.0,10.0,3.0
premier-league,2015-2016,E0,28/12/2015,Arsenal,Bournemouth,2.0,0.0,H,1.0,0.0,13.0,10.0,6.0,3.0
premier-league,2015-2016,E0,28/12/2015,Crystal Palace,Swansea,0.0,0.0,D,0.0,0.0,10.0,5.0,2.0,3.0
premier-league,2015-2016,E0,28/12/2015,Everton,Stoke,3.0,4.0,A,1.0,2.0,15.0,8.0,3.0,5.0
premier-league,2015-2016,E0,28/12/2015,Man United,Chelsea,0.0,0.0,D,0.0,0.0,12.0,8.0,2.0,3.0
premier-league,2015-2016,E0,28/12/2015,Norwich,Aston Villa,2.0,0.0,H,1.0,0.0,9.0,6.0,4.0,3.0
premier-league,2015-2016,E0,28/12/2015,Watford,Tottenham,1.0,2.0,A,1.0,1.0,9.0,10.0,1.0,3.0
premier-league,2015-2016,E0,28/12/2015,West Brom,Newcastle,1.0,0.0,H,0.0,0.0,22.0,7.0,5.0,2.0
premier-league,2015-2016,E0,28/12/2015,West Ham,Southampton,2.0,1.0,H,0.0,1.0,13.0,15.0,5.0,4.0
premier-league,2015-2016,E0,29/12/2015,Leicester,Man City,0.0,0.0,D,0.0,0.0,11.0,21.0,4.0,5.0
premier-league,2015-2016,E0,30/12/2015,Sunderland,Liverpool,0.0,1.0,A,0.0,0.0,8.0,17.0,3.0,6.0
premier-league,2015-2016,E0,02/01/2016,Arsenal,Newcastle,1.0,0.0,H,0.0,0.0,16.0,15.0,3.0,6.0
premier-league,2015-2016,E0,02/01/2016,Leicester,Bournemouth,0.0,0.0,D,0.0,0.0,16.0,9.0,2.0,0.0
premier-league,2015-2016,E0,02/01/2016,Man United,Swansea,2.0,1.0,H,0.0,0.0,19.0,9.0,6.0,4.0
premier-league,2015-2016,E0,02/01/2016,Norwich,Southampton,1.0,0.0,H,0.0,0.0,10.0,10.0,1.0,4.0
premier-league,2015-2016,E0,02/01/2016,Sunderland,Aston Villa,3.0,1.0,H,1.0,0.0,13.0,8.0,6.0,3.0
premier-league,2015-2016,E0,02/01/2016,Watford,Man City,1.0,2.0,A,0.0,0.0,11.0,16.0,3.0,5.0
premier-league,2015-2016,E0,02/01/2016,West Brom,Stoke,2.0,1.0,H,0.0,0.0,16.0,10.0,5.0,3.0
premier-league,2015-2016,E0,02/01/2016,West Ham,Liverpool,2.0,0.0,H,1.0,0.0,18.0,23.0,10.0,2.0
premier-league,2015-2016,E0,03/01/2016,Crystal Palace,Chelsea,0.0,3.0,A,0.0,1.0,8.0,10.0,4.0,4.0
premier-league,2015-2016,E0,03/01/2016,Everton,Tottenham,1.0,1.0,D,1.0,1.0,12.0,19.0,3.0,4.0
premier-league,2015-2016,E0,12/01/2016,Aston Villa,Crystal Palace,1.0,0.0,H,0.0,0.0,13.0,9.0,3.0,1.0
premier-league,2015-2016,E0,12/01/2016,Bournemouth,West Ham,1.0,3.0,A,1.0,0.0,11.0,10.0,4.0,5.0
premier-league,2015-2016,E0,12/01/2016,Newcastle,Man United,3.0,3.0,D,1.0,2.0,14.0,12.0,6.0,4.0
premier-league,2015-2016,E0,13/01/2016,Chelsea,West Brom,2.0,2.0,D,1.0,1.0,14.0,13.0,2.0,6.0
premier-league,2015-2016,E0,13/01/2016,Liverpool,Arsenal,3.0,3.0,D,2.0,2.0,22.0,14.0,6.0,5.0
premier-league,2015-2016,E0,13/01/2016,Man City,Everton,0.0,0.0,D,0.0,0.0,22.0,7.0,5.0,2.0
premier-league,2015-2016,E0,13/01/2016,Southampton,Watford,2.0,0.0,H,1.0,0.0,15.0,4.0,7.0,1.0
premier-league,2015-2016,E0,13/01/2016,Stoke,Norwich,3.0,1.0,H,0.0,0.0,14.0,5.0,4.0,2.0
premier-league,2015-2016,E0,13/01/2016,Swansea,Sunderland,2.0,4.0,A,2.0,1.0,10.0,7.0,5.0,5.0
premier-league,2015-2016,E0,13/01/2016,Tottenham,Leicester,0.0,1.0,A,0.0,0.0,21.0,10.0,5.0,2.0
premier-league,2015-2016,E0,16/01/2016,Aston Villa,Leicester,1.0,1.0,D,0.0,1.0,14.0,12.0,5.0,5.0
premier-league,2015-2016,E0,16/01/2016,Bournemouth,Norwich,3.0,0.0,H,1.0,0.0,15.0,10.0,8.0,3.0
premier-league,2015-2016,E0,16/01/2016,Chelsea,Everton,3.0,3.0,D,0.0,0.0,14.0,9.0,7.0,4.0
premier-league,2015-2016,E0,16/01/2016,Man City,Crystal Palace,4.0,0.0,H,2.0,0.0,17.0,9.0,4.0,3.0
premier-league,2015-2016,E0,16/01/2016,Newcastle,West Ham,2.0,1.0,H,2.0,0.0,23.0,10.0,10.0,3.0
premier-league,2015-2016,E0,16/01/2016,Southampton,West Brom,3.0,0.0,H,2.0,0.0,9.0,9.0,5.0,0.0
premier-league,2015-2016,E0,16/01/2016,Tottenham,Sunderland,4.0,1.0,H,1.0,1.0,26.0,5.0,11.0,2.0
premier-league,2015-2016,E0,17/01/2016,Liverpool,Man United,0.0,1.0,A,0.0,0.0,19.0,7.0,4.0,1.0
premier-league,2015-2016,E0,17/01/2016,Stoke,Arsenal,0.0,0.0,D,0.0,0.0,14.0,8.0,6.0,3.0
premier-league,2015-2016,E0,18/01/2016,Swansea,Watford,1.0,0.0,H,1.0,0.0,10.0,13.0,2.0,2.0
premier-league,2015-2016,E0,23/01/2016,Crystal Palace,Tottenham,1.0,3.0,A,1.0,0.0,11.0,24.0,3.0,11.0
premier-league,2015-2016,E0,23/01/2016,Leicester,Stoke,3.0,0.0,H,1.0,0.0,15.0,3.0,5.0,2.0
premier-league,2015-2016,E0,23/01/2016,Man United,Southampton,0.0,1.0,A,0.0,0.0,8.0,7.0,1.0,2.0
premier-league,2015-2016,E0,23/01/2016,Norwich,Liverpool,4.0,5.0,A,2.0,1.0,6.0,13.0,5.0,7.0
premier-league,2015-2016,E0,23/01/2016,Sunderland,Bournemouth,1.0,1.0,D,1.0,1.0,10.0,15.0,5.0,5.0
premier-league,2015-2016,E0,23/01/2016,Watford,Newcastle,2.0,1.0,H,0.0,0.0,13.0,11.0,5.0,2.0
premier-league,2015-2016,E0,23/01/2016,West Brom,Aston Villa,0.0,0.0,D,0.0,0.0,4.0,15.0,0.0,4.0
premier-league,2015-2016,E0,23/01/2016,West Ham,Man City,2.0,2.0,D,1.0,1.0,10.0,16.0,3.0,3.0
premier-league,2015-2016,E0,24/01/2016,Arsenal,Chelsea,0.0,1.0,A,0.0,1.0,9.0,12.0,1.0,6.0
premier-league,2015-2016,E0,24/01/2016,Everton,Swansea,1.0,2.0,A,1.0,2.0,20.0,7.0,2.0,5.0
premier-league,2015-2016,E0,02/02/2016,Arsenal,Southampton,0.0,0.0,D,0.0,0.0,21.0,14.0,11.0,3.0
premier-league,2015-2016,E0,02/02/2016,Crystal Palace,Bournemouth,1.0,2.0,A,1.0,1.0,14.0,8.0,3.0,4.0
premier-league,2015-2016,E0,02/02/2016,Leicester,Liverpool,2.0,0.0,H,0.0,0.0,13.0,14.0,6.0,2.0
premier-league,2015-2016,E0,02/02/2016,Man United,Stoke,3.0,0.0,H,2.0,0.0,15.0,10.0,5.0,0.0
premier-league,2015-2016,E0,02/02/2016,Norwich,Tottenham,0.0,3.0,A,0.0,2.0,10.0,17.0,2.0,6.0
premier-league,2015-2016,E0,02/02/2016,Sunderland,Man City,0.0,1.0,A,0.0,1.0,11.0,6.0,2.0,2.0
premier-league,2015-2016,E0,02/02/2016,West Brom,Swansea,1.0,1.0,D,0.0,0.0,17.0,18.0,7.0,4.0
premier-league,2015-2016,E0,02/02/2016,West Ham,Aston Villa,2.0,0.0,H,0.0,0.0,25.0,6.0,6.0,2.0
premier-league,2015-2016,E0,03/02/2016,Everton,Newcastle,3.0,0.0,H,1.0,0.0,18.0,7.0,7.0,3.0
premier-league,2015-2016,E0,03/02/2016,Watford,Chelsea,0.0,0.0,D,0.0,0.0,12.0,12.0,3.0,4.0
premier-league,2015-2016,E0,06/02/2016,Aston Villa,Norwich,2.0,0.0,H,1.0,0.0,10.0,12.0,3.0,4.0
premier-league,2015-2016,E0,06/02/2016,Liverpool,Sunderland,2.0,2.0,D,0.0,0.0,16.0,7.0,5.0,2.0
premier-league,2015-2016,E0,06/02/2016,Man City,Leicester,1.0,3.0,A,0.0,1.0,22.0,14.0,4.0,7.0
premier-league,2015-2016,E0,06/02/2016,Newcastle,West Brom,1.0,0.0,H,1.0,0.0,19.0,7.0,7.0,0.0
premier-league,2015-2016,E0,06/02/2016,Southampton,West Ham,1.0,0.0,H,1.0,0.0,8.0,18.0,2.0,2.0
premier-league,2015-2016,E0,06/02/2016,Stoke,Everton,0.0,3.0,A,0.0,3.0,11.0,14.0,3.0,6.0
premier-league,2015-2016,E0,06/02/2016,Swansea,Crystal Palace,1.0,1.0,D,1.0,0.0,19.0,12.0,3.0,2.0
premier-league,2015-2016,E0,06/02/2016,Tottenham,Watford,1.0,0.0,H,0.0,0.0,26.0,3.0,9.0,0.0
premier-league,2015-2016,E0,07/02/2016,Bournemouth,Arsenal,0.0,2.0,A,0.0,2.0,17.0,10.0,4.0,5.0
premier-league,2015-2016,E0,07/02/2016,Chelsea,Man United,1.0,1.0,D,0.0,0.0,16.0,17.0,5.0,7.0
premier-league,2015-2016,E0,13/02/2016,Bournemouth,Stoke,1.0,3.0,A,0.0,1.0,11.0,11.0,2.0,6.0
premier-league,2015-2016,E0,13/02/2016,Chelsea,Newcastle,5.0,1.0,H,3.0,0.0,15.0,10.0,5.0,4.0
premier-league,2015-2016,E0,13/02/2016,Crystal Palace,Watford,1.0,2.0,A,1.0,1.0,14.0,10.0,7.0,3.0
premier-league,2015-2016,E0,13/02/2016,Everton,West Brom,0.0,1.0,A,0.0,1.0,34.0,5.0,6.0,1.0
premier-league,2015-2016,E0,13/02/2016,Norwich,West Ham,2.0,2.0,D,0.0,0.0,13.0,11.0,3.0,6.0
premier-league,2015-2016,E0,13/02/2016,Sunderland,Man United,2.0,1.0,H,1.0,1.0,21.0,12.0,5.0,6.0
premier-league,2015-2016,E0,13/02/2016,Swansea,Southampton,0.0,1.0,A,0.0,0.0,13.0,13.0,2.0,5.0
premier-league,2015-2016,E0,14/02/2016,Arsenal,Leicester,2.0,1.0,H,0.0,1.0,24.0,7.0,6.0,3.0
premier-league,2015-2016,E0,14/02/2016,Aston Villa,Liverpool,0.0,6.0,A,0.0,2.0,6.0,11.0,1.0,9.0
premier-league,2015-2016,E0,14/02/2016,Man City,Tottenham,1.0,2.0,A,0.0,0.0,19.0,6.0,4.0,3.0
premier-league,2015-2016,E0,27/02/2016,Leicester,Norwich,1.0,0.0,H,0.0,0.0,13.0,9.0,3.0,1.0
premier-league,2015-2016,E0,27/02/2016,Southampton,Chelsea,1.0,2.0,A,1.0,0.0,7.0,16.0,2.0,4.0
premier-league,2015-2016,E0,27/02/2016,Stoke,Aston Villa,2.0,1.0,H,0.0,0.0,11.0,5.0,3.0,1.0
premier-league,2015-2016,E0,27/02/2016,Watford,Bournemouth,0.0,0.0,D,0.0,0.0,14.0,11.0,1.0,3.0
premier-league,2015-2016,E0,27/02/2016,West Brom,Crystal Palace,3.0,2.0,H,3.0,0.0,11.0,15.0,5.0,2.0
premier-league,2015-2016,E0,27/02/2016,West Ham,Sunderland,1.0,0.0,H,1.0,0.0,9.0,13.0,3.0,4.0
premier-league,2015-2016,E0,28/02/2016,Tottenham,Swansea,2.0,1.0,H,0.0,1.0,34.0,10.0,14.0,4.0
premier-league,2015-2016,E0,28/02/2016,Man United,Arsenal,3.0,2.0,H,2.0,1.0,7.0,13.0,5.0,5.0
premier-league,2015-2016,E0,01/03/2016,Aston Villa,Everton,1.0,3.0,A,0.0,2.0,14.0,10.0,5.0,7.0
premier-league,2015-2016,E0,01/03/2016,Bournemouth,Southampton,2.0,0.0,H,1.0,0.0,9.0,6.0,4.0,1.0
premier-league,2015-2016,E0,01/03/2016,Leicester,West Brom,2.0,2.0,D,2.0,1.0,22.0,11.0,5.0,3.0
premier-league,2015-2016,E0,01/03/2016,Norwich,Chelsea,1.0,2.0,A,0.0,2.0,13.0,10.0,2.0,2.0
premier-league,2015-2016,E0,01/03/2016,Sunderland,Crystal Palace,2.0,2.0,D,1.0,0.0,17.0,13.0,6.0,5.0
premier-league,2015-2016,E0,02/03/2016,Arsenal,Swansea,1.0,2.0,A,1.0,1.0,18.0,11.0,4.0,2.0
premier-league,2015-2016,E0,02/03/2016,Liverpool,Man City,3.0,0.0,H,2.0,0.0,11.0,4.0,7.0,2.0
premier-league,2015-2016,E0,02/03/2016,Man United,Watford,1.0,0.0,H,0.0,0.0,14.0,13.0,3.0,3.0
premier-league,2015-2016,E0,02/03/2016,Stoke,Newcastle,1.0,0.0,H,0.0,0.0,9.0,5.0,2.0,3.0
premier-league,2015-2016,E0,02/03/2016,West Ham,Tottenham,1.0,0.0,H,1.0,0.0,14.0,9.0,3.0,2.0
premier-league,2015-2016,E0,05/03/2016,Chelsea,Stoke,1.0,1.0,D,1.0,0.0,20.0,16.0,7.0,5.0
premier-league,2015-2016,E0,05/03/2016,Everton,West Ham,2.0,3.0,A,1.0,0.0,15.0,17.0,8.0,5.0
premier-league,2015-2016,E0,05/03/2016,Man City,Aston Villa,4.0,0.0,H,0.0,0.0,22.0,2.0,9.0,1.0
premier-league,2015-2016,E0,05/03/2016,Newcastle,Bournemouth,1.0,3.0,A,0.0,1.0,14.0,16.0,3.0,5.0
premier-league,2015-2016,E0,05/03/2016,Southampton,Sunderland,1.0,1.0,D,0.0,0.0,16.0,11.0,5.0,3.0
premier-league,2015-2016,E0,05/03/2016,Swansea,Norwich,1.0,0.0,H,0.0,0.0,10.0,8.0,3.0,3.0
premier-league,2015-2016,E0,05/03/2016,Tottenham,Arsenal,2.0,2.0,D,0.0,1.0,26.0,10.0,11.0,4.0
premier-league,2015-2016,E0,05/03/2016,Watford,Leicester,0.0,1.0,A,0.0,0.0,11.0,14.0,4.0,7.0
premier-league,2015-2016,E0,06/03/2016,Crystal Palace,Liverpool,1.0,2.0,A,0.0,0.0,14.0,19.0,4.0,5.0
premier-league,2015-2016,E0,06/03/2016,West Brom,Man United,1.0,0.0,H,0.0,0.0,9.0,7.0,2.0,1.0
premier-league,2015-2016,E0,12/03/2016,Bournemouth,Swansea,3.0,2.0,H,1.0,1.0,12.0,12.0,4.0,4.0
premier-league,2015-2016,E0,12/03/2016,Norwich,Man City,0.0,0.0,D,0.0,0.0,5.0,15.0,0.0,3.0
premier-league,2015-2016,E0,12/03/2016,Stoke,Southampton,1.0,2.0,A,0.0,2.0,13.0,11.0,2.0,4.0
premier-league,2015-2016,E0,13/03/2016,Aston Villa,Tottenham,0.0,2.0,A,0.0,1.0,11.0,19.0,2.0,8.0
premier-league,2015-2016,E0,14/03/2016,Leicester,Newcastle,1.0,0.0,H,1.0,0.0,10.0,13.0,1.0,2.0
premier-league,2015-2016,E0,19/03/2016,Chelsea,West Ham,2.0,2.0,D,1.0,1.0,22.0,13.0,5.0,6.0
premier-league,2015-2016,E0,19/03/2016,Crystal Palace,Leicester,0.0,1.0,A,0.0,1.0,12.0,8.0,4.0,3.0
premier-league,2015-2016,E0,19/03/2016,Everton,Arsenal,0.0,2.0,A,0.0,2.0,8.0,11.0,2.0,3.0
premier-league,2015-2016,E0,19/03/2016,Swansea,Aston Villa,1.0,0.0,H,0.0,0.0,10.0,12.0,1.0,2.0
premier-league,2015-2016,E0,19/03/2016,Watford,Stoke,1.0,2.0,A,0.0,1.0,9.0,9.0,4.0,6.0
premier-league,2015-2016,E0,19/03/2016,West Brom,Norwich,0.0,1.0,A,0.0,0.0,10.0,7.0,0.0,1.0
premier-league,2015-2016,E0,20/03/2016,Man City,Man United,0.0,1.0,A,0.0,1.0,26.0,5.0,2.0,3.0
premier-league,2015-2016,E0,20/03/2016,Newcastle,Sunderland,1.0,1.0,D,0.0,1.0,17.0,14.0,8.0,4.0
premier-league,2015-2016,E0,20/03/2016,Southampton,Liverpool,3.0,2.0,H,0.0,2.0,16.0,18.0,5.0,9.0
premier-league,2015-2016,E0,20/03/2016,Tottenham,Bournemouth,3.0,0.0,H,2.0,0.0,17.0,2.0,8.0,0.0
premier-league,2015-2016,E0,02/04/2016,Arsenal,Watford,4.0,0.0,H,2.0,0.0,19.0,6.0,12.0,2.0
premier-league,2015-2016,E0,02/04/2016,Aston Villa,Chelsea,0.0,4.0,A,0.0,2.0,15.0,11.0,4.0,8.0
premier-league,2015-2016,E0,02/04/2016,Bournemouth,Man City,0.0,4.0,A,0.0,3.0,11.0,15.0,2.0,7.0
premier-league,2015-2016,E0,02/04/2016,Liverpool,Tottenham,1.0,1.0,D,0.0,0.0,15.0,18.0,7.0,5.0
premier-league,2015-2016,E0,02/04/2016,Norwich,Newcastle,3.0,2.0,H,1.0,0.0,13.0,13.0,6.0,5.0
premier-league,2015-2016,E0,02/04/2016,Stoke,Swansea,2.0,2.0,D,1.0,0.0,12.0,12.0,5.0,3.0
premier-league,2015-2016,E0,02/04/2016,Sunderland,West Brom,0.0,0.0,D,0.0,0.0,22.0,3.0,7.0,0.0
premier-league,2015-2016,E0,02/04/2016,West Ham,Crystal Palace,2.0,2.0,D,2.0,1.0,18.0,12.0,6.0,5.0
premier-league,2015-2016,E0,03/04/2016,Leicester,Southampton,1.0,0.0,H,1.0,0.0,11.0,10.0,4.0,2.0
premier-league,2015-2016,E0,03/04/2016,Man United,Everton,1.0,0.0,H,0.0,0.0,10.0,7.0,2.0,1.0
premier-league,2015-2016,E0,09/04/2016,Aston Villa,Bournemouth,1.0,2.0,A,0.0,1.0,6.0,12.0,1.0,3.0
premier-league,2015-2016,E0,09/04/2016,Crystal Palace,Norwich,1.0,0.0,H,0.0,0.0,13.0,13.0,6.0,4.0
premier-league,2015-2016,E0,09/04/2016,Man City,West Brom,2.0,1.0,H,1.0,1.0,13.0,13.0,4.0,2.0
premier-league,2015-2016,E0,09/04/2016,Southampton,Newcastle,3.0,1.0,H,2.0,0.0,20.0,5.0,6.0,3.0
premier-league,2015-2016,E0,09/04/2016,Swansea,Chelsea,1.0,0.0,H,1.0,0.0,12.0,8.0,6.0,2.0
premier-league,2015-2016,E0,09/04/2016,Watford,Everton,1.0,1.0,D,1.0,1.0,13.0,12.0,5.0,7.0
premier-league,2015-2016,E0,09/04/2016,West Ham,Arsenal,3.0,3.0,D,2.0,2.0,19.0,11.0,7.0,6.0
premier-league,2015-2016,E0,10/04/2016,Liverpool,Stoke,4.0,1.0,H,2.0,1.0,14.0,10.0,6.0,3.0
premier-league,2015-2016,E0,10/04/2016,Sunderland,Leicester,0.0,2.0,A,0.0,0.0,15.0,17.0,1.0,7.0
premier-league,2015-2016,E0,10/04/2016,Tottenham,Man United,3.0,0.0,H,0.0,0.0,16.0,5.0,8.0,1.0
premier-league,2015-2016,E0,13/04/2016,Crystal Palace,Everton,0.0,0.0,D,0.0,0.0,18.0,9.0,6.0,5.0
premier-league,2015-2016,E0,16/04/2016,Chelsea,Man City,0.0,3.0,A,0.0,1.0,11.0,11.0,4.0,8.0
premier-league,2015-2016,E0,16/04/2016,Everton,Southampton,1.0,1.0,D,0.0,0.0,7.0,18.0,2.0,4.0
premier-league,2015-2016,E0,16/04/2016,Man United,Aston Villa,1.0,0.0,H,1.0,0.0,13.0,7.0,4.0,1.0
premier-league,2015-2016,E0,16/04/2016,Newcastle,Swansea,3.0,0.0,H,1.0,0.0,12.0,11.0,7.0,1.0
premier-league,2015-2016,E0,16/04/2016,Norwich,Sunderland,0.0,3.0,A,0.0,1.0,19.0,8.0,6.0,3.0
premier-league,2015-2016,E0,16/04/2016,West Brom,Watford,0.0,1.0,A,0.0,1.0,16.0,11.0,4.0,4.0
premier-league,2015-2016,E0,17/04/2016,Arsenal,Crystal Palace,1.0,1.0,D,1.0,0.0,21.0,7.0,6.0,2.0
premier-league,2015-2016,E0,17/04/2016,Bournemouth,Liverpool,1.0,2.0,A,0.0,2.0,18.0,19.0,5.0,6.0
premier-league,2015-2016,E0,17/04/2016,Leicester,West Ham,2.0,2.0,D,1.0,0.0,6.0,19.0,2.0,4.0
premier-league,2015-2016,E0,18/04/2016,Stoke,Tottenham,0.0,4.0,A,0.0,1.0,12.0,23.0,2.0,6.0
premier-league,2015-2016,E0,19/04/2016,Newcastle,Man City,1.0,1.0,D,1.0,1.0,5.0,9.0,3.0,5.0
premier-league,2015-2016,E0,20/04/2016,Liverpool,Everton,4.0,0.0,H,2.0,0.0,37.0,3.0,13.0,0.0
premier-league,2015-2016,E0,20/04/2016,Man United,Crystal Palace,2.0,0.0,H,1.0,0.0,16.0,5.0,10.0,0.0
premier-league,2015-2016,E0,20/04/2016,West Ham,Watford,3.0,1.0,H,2.0,0.0,18.0,7.0,7.0,4.0
premier-league,2015-2016,E0,21/04/2016,Arsenal,West Brom,2.0,0.0,H,2.0,0.0,16.0,8.0,7.0,1.0
premier-league,2015-2016,E0,23/04/2016,Aston Villa,Southampton,2.0,4.0,A,1.0,2.0,16.0,17.0,7.0,7.0
premier-league,2015-2016,E0,23/04/2016,Bournemouth,Chelsea,1.0,4.0,A,1.0,2.0,13.0,16.0,4.0,4.0
premier-league,2015-2016,E0,23/04/2016,Liverpool,Newcastle,2.0,2.0,D,2.0,0.0,13.0,6.0,4.0,3.0
premier-league,2015-2016,E0,23/04/2016,Man City,Stoke,4.0,0.0,H,2.0,0.0,11.0,14.0,6.0,2.0
premier-league,2015-2016,E0,24/04/2016,Leicester,Swansea,4.0,0.0,H,2.0,0.0,18.0,9.0,9.0,1.0
premier-league,2015-2016,E0,24/04/2016,Sunderland,Arsenal,0.0,0.0,D,0.0,0.0,12.0,20.0,3.0,7.0
premier-league,2015-2016,E0,25/04/2016,Tottenham,West Brom,1.0,1.0,D,1.0,0.0,19.0,16.0,2.0,3.0
premier-league,2015-2016,E0,30/04/2016,Arsenal,Norwich,1.0,0.0,H,0.0,0.0,14.0,12.0,3.0,3.0
premier-league,2015-2016,E0,30/04/2016,Everton,Bournemouth,2.0,1.0,H,1.0,1.0,12.0,16.0,5.0,2.0
premier-league,2015-2016,E0,30/04/2016,Newcastle,Crystal Palace,1.0,0.0,H,0.0,0.0,10.0,9.0,4.0,3.0
premier-league,2015-2016,E0,30/04/2016,Stoke,Sunderland,1.0,1.0,D,0.0,0.0,11.0,14.0,3.0,5.0
premier-league,2015-2016,E0,30/04/2016,Watford,Aston Villa,3.0,2.0,H,1.0,1.0,18.0,7.0,6.0,2.0
premier-league,2015-2016,E0,30/04/2016,West Brom,West Ham,0.0,3.0,A,0.0,2.0,15.0,8.0,5.0,4.0
premier-league,2015-2016,E0,01/05/2016,Man United,Leicester,1.0,1.0,D,1.0,1.0,21.0,14.0,6.0,3.0
premier-league,2015-2016,E0,01/05/2016,Southampton,Man City,4.0,2.0,H,2.0,1.0,14.0,6.0,7.0,5.0
premier-league,2015-2016,E0,01/05/2016,Swansea,Liverpool,3.0,1.0,H,2.0,0.0,18.0,11.0,9.0,3.0
premier-league,2015-2016,E0,02/05/2016,Chelsea,Tottenham,2.0,2.0,D,0.0,2.0,13.0,16.0,5.0,5.0
premier-league,2015-2016,E0,07/05/2016,Aston Villa,Newcastle,0.0,0.0,D,0.0,0.0,2.0,9.0,0.0,3.0
premier-league,2015-2016,E0,07/05/2016,Bournemouth,West Brom,1.0,1.0,D,0.0,1.0,12.0,12.0,4.0,4.0
premier-league,2015-2016,E0,07/05/2016,Crystal Palace,Stoke,2.0,1.0,H,0.0,1.0,17.0,12.0,4.0,3.0
premier-league,2015-2016,E0,07/05/2016,Leicester,Everton,3.0,1.0,H,2.0,0.0,32.0,9.0,8.0,5.0
premier-league,2015-2016,E0,07/05/2016,Norwich,Man United,0.0,1.0,A,0.0,0.0,8.0,15.0,2.0,2.0
premier-league,2015-2016,E0,07/05/2016,Sunderland,Chelsea,3.0,2.0,H,1.0,2.0,15.0,9.0,4.0,8.0
premier-league,2015-2016,E0,07/05/2016,West Ham,Swansea,1.0,4.0,A,0.0,2.0,25.0,13.0,7.0,6.0
premier-league,2015-2016,E0,08/05/2016,Liverpool,Watford,2.0,0.0,H,1.0,0.0,19.0,14.0,5.0,3.0
premier-league,2015-2016,E0,08/05/2016,Man City,Arsenal,2.0,2.0,D,1.0,1.0,14.0,5.0,3.0,2.0
premier-league,2015-2016,E0,08/05/2016,Tottenham,Southampton,1.0,2.0,A,1.0,1.0,20.0,10.0,6.0,2.0
premier-league,2015-2016,E0,10/05/2016,West Ham,Man United,3.0,2.0,H,1.0,0.0,20.0,3.0,6.0,2.0
premier-league,2015-2016,E0,11/05/2016,Liverpool,Chelsea,1.0,1.0,D,0.0,1.0,28.0,13.0,9.0,7.0
premier-league,2015-2016,E0,11/05/2016,Norwich,Watford,4.0,2.0,H,3.0,1.0,18.0,12.0,6.0,7.0
premier-league,2015-2016,E0,11/05/2016,Sunderland,Everton,3.0,0.0,H,2.0,0.0,14.0,17.0,8.0,6.0
premier-league,2015-2016,E0,15/05/2016,Arsenal,Aston Villa,4.0,0.0,H,1.0,0.0,16.0,5.0,7.0,2.0
premier-league,2015-2016,E0,15/05/2016,Chelsea,Leicester,1.0,1.0,D,0.0,0.0,17.0,18.0,4.0,5.0
premier-league,2015-2016,E0,15/05/2016,Everton,Norwich,3.0,0.0,H,2.0,0.0,15.0,10.0,8.0,2.0
premier-league,2015-2016,E0,15/05/2016,Newcastle,Tottenham,5.0,1.0,H,2.0,0.0,19.0,17.0,10.0,5.0
premier-league,2015-2016,E0,15/05/2016,Southampton,Crystal Palace,4.0,1.0,H,1.0,0.0,18.0,16.0,5.0,4.0
premier-league,2015-2016,E0,15/05/2016,Stoke,West Ham,2.0,1.0,H,0.0,1.0,7.0,20.0,4.0,7.0
premier-league,2015-2016,E0,15/05/2016,Swansea,Man City,1.0,1.0,D,1.0,1.0,4.0,18.0,1.0,5.0
premier-league,2015-2016,E0,15/05/2016,Watford,Sunderland,2.0,2.0,D,0.0,1.0,21.0,6.0,6.0,4.0
premier-league,2015-2016,E0,15/05/2016,West Brom,Liverpool,1.0,1.0,D,1.0,1.0,13.0,7.0,1.0,3.0
premier-league,2015-2016,E0,17/05/2016,Man United,Bournemouth,3.0,1.0,H,1.0,0.0,12.0,7.0,5.0,0.0
premier-league,2016-2017,E0,13/08/16,Burnley,Swansea,0.0,1.0,A,0.0,0.0,10.0,17.0,3.0,9.0
premier-league,2016-2017,E0,13/08/16,Crystal Palace,West Brom,0.0,1.0,A,0.0,0.0,14.0,13.0,4.0,3.0
premier-league,2016-2017,E0,13/08/16,Everton,Tottenham,1.0,1.0,D,1.0,0.0,12.0,13.0,6.0,4.0
premier-league,2016-2017,E0,13/08/16,Hull,Leicester,2.0,1.0,H,1.0,0.0,14.0,18.0,5.0,5.0
premier-league,2016-2017,E0,13/08/16,Man City,Sunderland,2.0,1.0,H,1.0,0.0,16.0,7.0,4.0,3.0
premier-league,2016-2017,E0,13/08/16,Middlesbrough,Stoke,1.0,1.0,D,1.0,0.0,12.0,12.0,2.0,1.0
premier-league,2016-2017,E0,13/08/16,Southampton,Watford,1.0,1.0,D,0.0,1.0,24.0,5.0,6.0,1.0
premier-league,2016-2017,E0,14/08/16,Arsenal,Liverpool,3.0,4.0,A,1.0,1.0,9.0,16.0,5.0,7.0
premier-league,2016-2017,E0,14/08/16,Bournemouth,Man United,1.0,3.0,A,0.0,1.0,9.0,11.0,3.0,7.0
premier-league,2016-2017,E0,15/08/16,Chelsea,West Ham,2.0,1.0,H,0.0,0.0,16.0,7.0,6.0,3.0
premier-league,2016-2017,E0,19/08/16,Man United,Southampton,2.0,0.0,H,1.0,0.0,12.0,13.0,5.0,1.0
premier-league,2016-2017,E0,20/08/16,Burnley,Liverpool,2.0,0.0,H,2.0,0.0,3.0,26.0,2.0,5.0
premier-league,2016-2017,E0,20/08/16,Leicester,Arsenal,0.0,0.0,D,0.0,0.0,8.0,13.0,1.0,4.0
premier-league,2016-2017,E0,20/08/16,Stoke,Man City,1.0,4.0,A,0.0,2.0,8.0,12.0,3.0,6.0
premier-league,2016-2017,E0,20/08/16,Swansea,Hull,0.0,2.0,A,0.0,0.0,13.0,12.0,3.0,4.0
premier-league,2016-2017,E0,20/08/16,Tottenham,Crystal Palace,1.0,0.0,H,0.0,0.0,20.0,10.0,5.0,2.0
premier-league,2016-2017,E0,20/08/16,Watford,Chelsea,1.0,2.0,A,0.0,0.0,6.0,13.0,2.0,4.0
premier-league,2016-2017,E0,20/08/16,West Brom,Everton,1.0,2.0,A,1.0,1.0,11.0,13.0,4.0,7.0
premier-league,2016-2017,E0,21/08/16,Sunderland,Middlesbrough,1.0,2.0,A,0.0,2.0,18.0,8.0,5.0,3.0
premier-league,2016-2017,E0,21/08/16,West Ham,Bournemouth,1.0,0.0,H,0.0,0.0,15.0,8.0,2.0,5.0
premier-league,2016-2017,E0,27/08/16,Chelsea,Burnley,3.0,0.0,H,2.0,0.0,22.0,6.0,10.0,0.0
premier-league,2016-2017,E0,27/08/16,Crystal Palace,Bournemouth,1.0,1.0,D,0.0,1.0,24.0,10.0,5.0,3.0
premier-league,2016-2017,E0,27/08/16,Everton,Stoke,1.0,0.0,H,0.0,0.0,21.0,8.0,9.0,1.0
premier-league,2016-2017,E0,27/08/16,Hull,Man United,0.0,1.0,A,0.0,0.0,8.0,29.0,2.0,9.0
premier-league,2016-2017,E0,27/08/16,Leicester,Swansea,2.0,1.0,H,1.0,0.0,13.0,9.0,6.0,3.0
premier-league,2016-2017,E0,27/08/16,Southampton,Sunderland,1.0,1.0,D,0.0,0.0,16.0,5.0,7.0,2.0
premier-league,2016-2017,E0,27/08/16,Tottenham,Liverpool,1.0,1.0,D,0.0,1.0,11.0,13.0,4.0,3.0
premier-league,2016-2017,E0,27/08/16,Watford,Arsenal,1.0,3.0,A,0.0,3.0,14.0,10.0,6.0,7.0
premier-league,2016-2017,E0,28/08/16,Man City,West Ham,3.0,1.0,H,2.0,0.0,22.0,9.0,5.0,2.0
premier-league,2016-2017,E0,28/08/16,West Brom,Middlesbrough,0.0,0.0,D,0.0,0.0,13.0,7.0,2.0,2.0
premier-league,2016-2017,E0,10/09/16,Arsenal,Southampton,2.0,1.0,H,1.0,1.0,17.0,11.0,2.0,5.0
premier-league,2016-2017,E0,10/09/16,Bournemouth,West Brom,1.0,0.0,H,0.0,0.0,12.0,12.0,5.0,2.0
premier-league,2016-2017,E0,10/09/16,Burnley,Hull,1.0,1.0,D,0.0,0.0,13.0,11.0,2.0,3.0
premier-league,2016-2017,E0,10/09/16,Liverpool,Leicester,4.0,1.0,H,2.0,1.0,17.0,12.0,11.0,3.0
premier-league,2016-2017,E0,10/09/16,Man United,Man City,1.0,2.0,A,1.0,2.0,14.0,18.0,3.0,6.0
premier-league,2016-2017,E0,10/09/16,Middlesbrough,Crystal Palace,1.0,2.0,A,1.0,1.0,12.0,12.0,4.0,4.0
premier-league,2016-2017,E0,10/09/16,Stoke,Tottenham,0.0,4.0,A,0.0,1.0,15.0,20.0,2.0,8.0
premier-league,2016-2017,E0,10/09/16,West Ham,Watford,2.0,4.0,A,2.0,2.0,19.0,13.0,4.0,8.0
premier-league,2016-2017,E0,11/09/16,Swansea,Chelsea,2.0,2.0,D,0.0,1.0,6.0,28.0,2.0,7.0
premier-league,2016-2017,E0,12/09/16,Sunderland,Everton,0.0,3.0,A,0.0,0.0,11.0,20.0,2.0,9.0
premier-league,2016-2017,E0,16/09/16,Chelsea,Liverpool,1.0,2.0,A,0.0,2.0,12.0,13.0,4.0,5.0
premier-league,2016-2017,E0,17/09/16,Everton,Middlesbrough,3.0,1.0,H,3.0,1.0,11.0,7.0,6.0,0.0
premier-league,2016-2017,E0,17/09/16,Hull,Arsenal,1.0,4.0,A,0.0,1.0,6.0,24.0,2.0,9.0
premier-league,2016-2017,E0,17/09/16,Leicester,Burnley,3.0,0.0,H,1.0,0.0,14.0,7.0,6.0,2.0
premier-league,2016-2017,E0,17/09/16,Man City,Bournemouth,4.0,0.0,H,2.0,0.0,20.0,6.0,12.0,2.0
premier-league,2016-2017,E0,17/09/16,West Brom,West Ham,4.0,2.0,H,3.0,0.0,8.0,23.0,6.0,5.0
premier-league,2016-2017,E0,18/09/16,Crystal Palace,Stoke,4.0,1.0,H,2.0,0.0,14.0,11.0,8.0,4.0
premier-league,2016-2017,E0,18/09/16,Southampton,Swansea,1.0,0.0,H,0.0,0.0,19.0,9.0,6.0,3.0
premier-league,2016-2017,E0,18/09/16,Tottenham,Sunderland,1.0,0.0,H,0.0,0.0,31.0,6.0,9.0,2.0
premier-league,2016-2017,E0,18/09/16,Watford,Man United,3.0,1.0,H,1.0,0.0,10.0,15.0,5.0,2.0
premier-league,2016-2017,E0,24/09/16,Arsenal,Chelsea,3.0,0.0,H,3.0,0.0,14.0,9.0,5.0,2.0
premier-league,2016-2017,E0,24/09/16,Bournemouth,Everton,1.0,0.0,H,1.0,0.0,12.0,13.0,1.0,2.0
premier-league,2016-2017,E0,24/09/16,Liverpool,Hull,5.0,1.0,H,3.0,0.0,32.0,2.0,12.0,1.0
premier-league,2016-2017,E0,24/09/16,Man United,Leicester,4.0,1.0,H,4.0,0.0,16.0,10.0,7.0,3.0
premier-league,2016-2017,E0,24/09/16,Middlesbrough,Tottenham,1.0,2.0,A,0.0,2.0,6.0,19.0,2.0,5.0
premier-league,2016-2017,E0,24/09/16,Stoke,West Brom,1.0,1.0,D,0.0,0.0,12.0,9.0,2.0,3.0
premier-league,2016-2017,E0,24/09/16,Sunderland,Crystal Palace,2.0,3.0,A,1.0,0.0,11.0,20.0,4.0,4.0
premier-league,2016-2017,E0,24/09/16,Swansea,Man City,1.0,3.0,A,1.0,1.0,13.0,18.0,5.0,4.0
premier-league,2016-2017,E0,25/09/16,West Ham,Southampton,0.0,3.0,A,0.0,1.0,13.0,18.0,1.0,9.0
premier-league,2016-2017,E0,26/09/16,Burnley,Watford,2.0,0.0,H,1.0,0.0,13.0,12.0,4.0,3.0
premier-league,2016-2017,E0,30/09/16,Everton,Crystal Palace,1.0,1.0,D,1.0,0.0,13.0,10.0,3.0,2.0
premier-league,2016-2017,E0,01/10/16,Hull,Chelsea,0.0,2.0,A,0.0,0.0,8.0,22.0,3.0,9.0
premier-league,2016-2017,E0,01/10/16,Sunderland,West Brom,1.0,1.0,D,0.0,1.0,7.0,17.0,2.0,7.0
premier-league,2016-2017,E0,01/10/16,Swansea,Liverpool,1.0,2.0,A,1.0,0.0,8.0,18.0,3.0,6.0
premier-league,2016-2017,E0,01/10/16,Watford,Bournemouth,2.0,2.0,D,0.0,1.0,17.0,11.0,7.0,2.0
premier-league,2016-2017,E0,01/10/16,West Ham,Middlesbrough,1.0,1.0,D,0.0,0.0,19.0,9.0,2.0,3.0
premier-league,2016-2017,E0,02/10/16,Burnley,Arsenal,0.0,1.0,A,0.0,0.0,10.0,18.0,1.0,3.0
premier-league,2016-2017,E0,02/10/16,Leicester,Southampton,0.0,0.0,D,0.0,0.0,9.0,11.0,1.0,5.0
premier-league,2016-2017,E0,02/10/16,Man United,Stoke,1.0,1.0,D,0.0,0.0,24.0,7.0,9.0,6.0
premier-league,2016-2017,E0,02/10/16,Tottenham,Man City,2.0,0.0,H,2.0,0.0,13.0,12.0,7.0,6.0
premier-league,2016-2017,E0,15/10/16,Arsenal,Swansea,3.0,2.0,H,2.0,1.0,16.0,13.0,6.0,6.0
premier-league,2016-2017,E0,15/10/16,Bournemouth,Hull,6.0,1.0,H,3.0,1.0,22.0,11.0,10.0,4.0
premier-league,2016-2017,E0,15/10/16,Chelsea,Leicester,3.0,0.0,H,2.0,0.0,16.0,5.0,6.0,0.0
premier-league,2016-2017,E0,15/10/16,Crystal Palace,West Ham,0.0,1.0,A,0.0,1.0,12.0,12.0,3.0,4.0
premier-league,2016-2017,E0,15/10/16,Man City,Everton,1.0,1.0,D,0.0,0.0,19.0,3.0,8.0,2.0
premier-league,2016-2017,E0,15/10/16,Stoke,Sunderland,2.0,0.0,H,2.0,0.0,18.0,11.0,6.0,1.0
premier-league,2016-2017,E0,15/10/16,West Brom,Tottenham,1.0,1.0,D,0.0,0.0,8.0,20.0,4.0,8.0
premier-league,2016-2017,E0,16/10/16,Middlesbrough,Watford,0.0,1.0,A,0.0,0.0,10.0,4.0,3.0,2.0
premier-league,2016-2017,E0,16/10/16,Southampton,Burnley,3.0,1.0,H,0.0,0.0,34.0,6.0,14.0,1.0
premier-league,2016-2017,E0,17/10/16,Liverpool,Man United,0.0,0.0,D,0.0,0.0,9.0,7.0,3.0,1.0
premier-league,2016-2017,E0,22/10/16,Arsenal,Middlesbrough,0.0,0.0,D,0.0,0.0,9.0,11.0,5.0,4.0
premier-league,2016-2017,E0,22/10/16,Bournemouth,Tottenham,0.0,0.0,D,0.0,0.0,8.0,16.0,1.0,4.0
premier-league,2016-2017,E0,22/10/16,Burnley,Everton,2.0,1.0,H,1.0,0.0,9.0,20.0,3.0,8.0
premier-league,2016-2017,E0,22/10/16,Hull,Stoke,0.0,2.0,A,0.0,1.0,9.0,12.0,2.0,6.0
premier-league,2016-2017,E0,22/10/16,Leicester,Crystal Palace,3.0,1.0,H,1.0,0.0,17.0,23.0,4.0,7.0
premier-league,2016-2017,E0,22/10/16,Liverpool,West Brom,2.0,1.0,H,2.0,0.0,21.0,6.0,7.0,1.0
premier-league,2016-2017,E0,22/10/16,Swansea,Watford,0.0,0.0,D,0.0,0.0,11.0,10.0,5.0,2.0
premier-league,2016-2017,E0,22/10/16,West Ham,Sunderland,1.0,0.0,H,0.0,0.0,20.0,10.0,3.0,2.0
premier-league,2016-2017,E0,23/10/16,Chelsea,Man United,4.0,0.0,H,2.0,0.0,14.0,16.0,6.0,5.0
premier-league,2016-2017,E0,23/10/16,Man City,Southampton,1.0,1.0,D,0.0,1.0,14.0,6.0,3.0,2.0
premier-league,2016-2017,E0,29/10/16,Crystal Palace,Liverpool,2.0,4.0,A,2.0,3.0,7.0,17.0,6.0,10.0
premier-league,2016-2017,E0,29/10/16,Man United,Burnley,0.0,0.0,D,0.0,0.0,37.0,7.0,11.0,1.0
premier-league,2016-2017,E0,29/10/16,Middlesbrough,Bournemouth,2.0,0.0,H,1.0,0.0,10.0,15.0,3.0,3.0
premier-league,2016-2017,E0,29/10/16,Sunderland,Arsenal,1.0,4.0,A,0.0,1.0,3.0,21.0,1.0,7.0
premier-league,2016-2017,E0,29/10/16,Tottenham,Leicester,1.0,1.0,D,1.0,0.0,22.0,6.0,5.0,1.0
premier-league,2016-2017,E0,29/10/16,Watford,Hull,1.0,0.0,H,0.0,0.0,22.0,8.0,0.0,2.0
premier-league,2016-2017,E0,29/10/16,West Brom,Man City,0.0,4.0,A,0.0,2.0,9.0,21.0,1.0,8.0
premier-league,2016-2017,E0,30/10/16,Everton,West Ham,2.0,0.0,H,0.0,0.0,17.0,13.0,6.0,3.0
premier-league,2016-2017,E0,30/10/16,Southampton,Chelsea,0.0,2.0,A,0.0,1.0,9.0,13.0,1.0,7.0
premier-league,2016-2017,E0,31/10/16,Stoke,Swansea,3.0,1.0,H,1.0,1.0,17.0,14.0,4.0,6.0
premier-league,2016-2017,E0,05/11/16,Bournemouth,Sunderland,1.0,2.0,A,1.0,1.0,22.0,9.0,7.0,4.0
premier-league,2016-2017,E0,05/11/16,Burnley,Crystal Palace,3.0,2.0,H,2.0,0.0,14.0,16.0,7.0,5.0
premier-league,2016-2017,E0,05/11/16,Chelsea,Everton,5.0,0.0,H,3.0,0.0,21.0,1.0,9.0,0.0
premier-league,2016-2017,E0,05/11/16,Man City,Middlesbrough,1.0,1.0,D,1.0,0.0,25.0,5.0,7.0,3.0
premier-league,2016-2017,E0,05/11/16,West Ham,Stoke,1.0,1.0,D,0.0,0.0,9.0,12.0,2.0,4.0
premier-league,2016-2017,E0,06/11/16,Arsenal,Tottenham,1.0,1.0,D,1.0,0.0,15.0,10.0,2.0,3.0
premier-league,2016-2017,E0,06/11/16,Hull,Southampton,2.0,1.0,H,0.0,1.0,6.0,19.0,2.0,7.0
premier-league,2016-2017,E0,06/11/16,Leicester,West Brom,1.0,2.0,A,0.0,0.0,5.0,11.0,2.0,5.0
premier-league,2016-2017,E0,06/11/16,Liverpool,Watford,6.0,1.0,H,3.0,0.0,28.0,11.0,17.0,8.0
premier-league,2016-2017,E0,06/11/16,Swansea,Man United,1.0,3.0,A,0.0,3.0,6.0,9.0,1.0,3.0
premier-league,2016-2017,E0,19/11/16,Crystal Palace,Man City,1.0,2.0,A,0.0,1.0,9.0,10.0,2.0,4.0
premier-league,2016-2017,E0,19/11/16,Everton,Swansea,1.0,1.0,D,0.0,1.0,14.0,5.0,6.0,3.0
premier-league,2016-2017,E0,19/11/16,Man United,Arsenal,1.0,1.0,D,0.0,0.0,12.0,5.0,5.0,1.0
premier-league,2016-2017,E0,19/11/16,Southampton,Liverpool,0.0,0.0,D,0.0,0.0,3.0,15.0,0.0,2.0
premier-league,2016-2017,E0,19/11/16,Stoke,Bournemouth,0.0,1.0,A,0.0,1.0,14.0,9.0,6.0,2.0
premier-league,2016-2017,E0,19/11/16,Sunderland,Hull,3.0,0.0,H,1.0,0.0,11.0,17.0,4.0,7.0
premier-league,2016-2017,E0,19/11/16,Tottenham,West Ham,3.0,2.0,H,0.0,1.0,14.0,11.0,6.0,3.0
premier-league,2016-2017,E0,19/11/16,Watford,Leicester,2.0,1.0,H,2.0,1.0,10.0,10.0,3.0,2.0
premier-league,2016-2017,E0,20/11/16,Middlesbrough,Chelsea,0.0,1.0,A,0.0,1.0,12.0,13.0,1.0,3.0
premier-league,2016-2017,E0,21/11/16,West Brom,Burnley,4.0,0.0,H,3.0,0.0,16.0,5.0,6.0,2.0
premier-league,2016-2017,E0,26/11/16,Burnley,Man City,1.0,2.0,A,1.0,1.0,10.0,21.0,5.0,5.0
premier-league,2016-2017,E0,26/11/16,Chelsea,Tottenham,2.0,1.0,H,1.0,1.0,9.0,12.0,5.0,6.0
premier-league,2016-2017,E0,26/11/16,Hull,West Brom,1.0,1.0,D,0.0,1.0,10.0,11.0,4.0,2.0
premier-league,2016-2017,E0,26/11/16,Leicester,Middlesbrough,2.0,2.0,D,1.0,1.0,11.0,6.0,3.0,2.0
premier-league,2016-2017,E0,26/11/16,Liverpool,Sunderland,2.0,0.0,H,0.0,0.0,27.0,6.0,7.0,1.0
premier-league,2016-2017,E0,26/11/16,Swansea,Crystal Palace,5.0,4.0,H,1.0,1.0,18.0,12.0,9.0,4.0
premier-league,2016-2017,E0,27/11/16,Arsenal,Bournemouth,3.0,1.0,H,1.0,1.0,16.0,9.0,3.0,3.0
premier-league,2016-2017,E0,27/11/16,Man United,West Ham,1.0,1.0,D,1.0,1.0,17.0,6.0,8.0,2.0
premier-league,2016-2017,E0,27/11/16,Southampton,Everton,1.0,0.0,H,1.0,0.0,17.0,13.0,7.0,1.0
premier-league,2016-2017,E0,27/11/16,Watford,Stoke,0.0,1.0,A,0.0,1.0,11.0,14.0,2.0,1.0
premier-league,2016-2017,E0,03/12/16,Crystal Palace,Southampton,3.0,0.0,H,2.0,0.0,9.0,17.0,4.0,3.0
premier-league,2016-2017,E0,03/12/16,Man City,Chelsea,1.0,3.0,A,1.0,0.0,14.0,10.0,5.0,4.0
premier-league,2016-2017,E0,03/12/16,Stoke,Burnley,2.0,0.0,H,2.0,0.0,10.0,14.0,4.0,4.0
premier-league,2016-2017,E0,03/12/16,Sunderland,Leicester,2.0,1.0,H,0.0,0.0,22.0,17.0,6.0,5.0
premier-league,2016-2017,E0,03/12/16,Tottenham,Swansea,5.0,0.0,H,2.0,0.0,28.0,1.0,15.0,0.0
premier-league,2016-2017,E0,03/12/16,West Brom,Watford,3.0,1.0,H,2.0,0.0,11.0,17.0,3.0,5.0
premier-league,2016-2017,E0,03/12/16,West Ham,Arsenal,1.0,5.0,A,0.0,1.0,10.0,19.0,3.0,10.0
premier-league,2016-2017,E0,04/12/16,Bournemouth,Liverpool,4.0,3.0,H,0.0,2.0,12.0,10.0,8.0,3.0
premier-league,2016-2017,E0,04/12/16,Everton,Man United,1.0,1.0,D,0.0,1.0,13.0,10.0,6.0,2.0
premier-league,2016-2017,E0,05/12/16,Middlesbrough,Hull,1.0,0.0,H,0.0,0.0,16.0,6.0,4.0,2.0
premier-league,2016-2017,E0,10/12/16,Arsenal,Stoke,3.0,1.0,H,1.0,1.0,21.0,12.0,6.0,5.0
premier-league,2016-2017,E0,10/12/16,Burnley,Bournemouth,3.0,2.0,H,2.0,1.0,16.0,17.0,7.0,4.0
premier-league,2016-2017,E0,10/12/16,Hull,Crystal Palace,3.0,3.0,D,1.0,0.0,15.0,14.0,6.0,6.0
premier-league,2016-2017,E0,10/12/16,Leicester,Man City,4.0,2.0,H,3.0,0.0,10.0,19.0,6.0,4.0
premier-league,2016-2017,E0,10/12/16,Swansea,Sunderland,3.0,0.0,H,0.0,0.0,14.0,11.0,5.0,2.0
premier-league,2016-2017,E0,10/12/16,Watford,Everton,3.0,2.0,H,1.0,1.0,11.0,11.0,6.0,4.0
premier-league,2016-2017,E0,11/12/16,Chelsea,West Brom,1.0,0.0,H,0.0,0.0,12.0,6.0,2.0,1.0
premier-league,2016-2017,E0,11/12/16,Liverpool,West Ham,2.0,2.0,D,1.0,2.0,18.0,7.0,3.0,3.0
premier-league,2016-2017,E0,11/12/16,Man United,Tottenham,1.0,0.0,H,1.0,0.0,15.0,12.0,5.0,4.0
premier-league,2016-2017,E0,11/12/16,Southampton,Middlesbrough,1.0,0.0,H,0.0,0.0,14.0,6.0,3.0,2.0
premier-league,2016-2017,E0,13/12/16,Bournemouth,Leicester,1.0,0.0,H,1.0,0.0,9.0,12.0,3.0,4.0
premier-league,2016-2017,E0,13/12/16,Everton,Arsenal,2.0,1.0,H,1.0,1.0,14.0,9.0,4.0,3.0
premier-league,2016-2017,E0,14/12/16,Crystal Palace,Man United,1.0,2.0,A,0.0,1.0,6.0,16.0,3.0,6.0
premier-league,2016-2017,E0,14/12/16,Man City,Watford,2.0,0.0,H,1.0,0.0,13.0,5.0,7.0,2.0
premier-league,2016-2017,E0,14/12/16,Middlesbrough,Liverpool,0.0,3.0,A,0.0,1.0,8.0,15.0,3.0,4.0
premier-league,2016-2017,E0,14/12/16,Stoke,Southampton,0.0,0.0,D,0.0,0.0,5.0,15.0,3.0,4.0
premier-league,2016-2017,E0,14/12/16,Sunderland,Chelsea,0.0,1.0,A,0.0,1.0,8.0,19.0,3.0,6.0
premier-league,2016-2017,E0,14/12/16,Tottenham,Hull,3.0,0.0,H,1.0,0.0,27.0,10.0,9.0,5.0
premier-league,2016-2017,E0,14/12/16,West Brom,Swansea,3.0,1.0,H,0.0,0.0,13.0,8.0,4.0,4.0
premier-league,2016-2017,E0,14/12/16,West Ham,Burnley,1.0,0.0,H,1.0,0.0,20.0,8.0,7.0,2.0
premier-league,2016-2017,E0,17/12/16,Crystal Palace,Chelsea,0.0,1.0,A,0.0,1.0,6.0,13.0,2.0,6.0
premier-league,2016-2017,E0,17/12/16,Middlesbrough,Swansea,3.0,0.0,H,2.0,0.0,10.0,14.0,4.0,2.0
premier-league,2016-2017,E0,17/12/16,Stoke,Leicester,2.0,2.0,D,2.0,0.0,16.0,14.0,7.0,8.0
premier-league,2016-2017,E0,17/12/16,Sunderland,Watford,1.0,0.0,H,0.0,0.0,12.0,9.0,4.0,4.0
premier-league,2016-2017,E0,17/12/16,West Brom,Man United,0.0,2.0,A,0.0,1.0,10.0,10.0,1.0,5.0
premier-league,2016-2017,E0,17/12/16,West Ham,Hull,1.0,0.0,H,0.0,0.0,18.0,16.0,6.0,5.0
premier-league,2016-2017,E0,18/12/16,Bournemouth,Southampton,1.0,3.0,A,1.0,1.0,10.0,14.0,5.0,8.0
premier-league,2016-2017,E0,18/12/16,Man City,Arsenal,2.0,1.0,H,0.0,1.0,14.0,6.0,5.0,1.0
premier-league,2016-2017,E0,18/12/16,Tottenham,Burnley,2.0,1.0,H,1.0,1.0,30.0,5.0,9.0,2.0
premier-league,2016-2017,E0,19/12/16,Everton,Liverpool,0.0,1.0,A,0.0,0.0,6.0,11.0,1.0,4.0
premier-league,2016-2017,E0,26/12/16,Arsenal,West Brom,1.0,0.0,H,0.0,0.0,26.0,3.0,11.0,1.0
premier-league,2016-2017,E0,26/12/16,Burnley,Middlesbrough,1.0,0.0,H,0.0,0.0,6.0,8.0,4.0,2.0
premier-league,2016-2017,E0,26/12/16,Chelsea,Bournemouth,3.0,0.0,H,1.0,0.0,14.0,7.0,4.0,3.0
premier-league,2016-2017,E0,26/12/16,Hull,Man City,0.0,3.0,A,0.0,0.0,10.0,16.0,3.0,6.0
premier-league,2016-2017,E0,26/12/16,Leicester,Everton,0.0,2.0,A,0.0,0.0,7.0,8.0,2.0,3.0
premier-league,2016-2017,E0,26/12/16,Man United,Sunderland,3.0,1.0,H,1.0,0.0,26.0,7.0,9.0,4.0
premier-league,2016-2017,E0,26/12/16,Swansea,West Ham,1.0,4.0,A,0.0,1.0,14.0,14.0,7.0,7.0
premier-league,2016-2017,E0,26/12/16,Watford,Crystal Palace,1.0,1.0,D,0.0,1.0,9.0,10.0,3.0,4.0
premier-league,2016-2017,E0,27/12/16,Liverpool,Stoke,4.0,1.0,H,2.0,1.0,20.0,6.0,6.0,2.0
premier-league,2016-2017,E0,28/12/16,Southampton,Tottenham,1.0,4.0,A,1.0,1.0,9.0,17.0,2.0,5.0
premier-league,2016-2017,E0,30/12/16,Hull,Everton,2.0,2.0,D,1.0,1.0,13.0,20.0,4.0,7.0
premier-league,2016-2017,E0,31/12/16,Burnley,Sunderland,4.0,1.0,H,1.0,0.0,16.0,11.0,6.0,3.0
premier-league,2016-2017,E0,31/12/16,Chelsea,Stoke,4.0,2.0,H,1.0,0.0,18.0,5.0,7.0,2.0
premier-league,2016-2017,E0,31/12/16,Leicester,West Ham,1.0,0.0,H,1.0,0.0,12.0,25.0,4.0,5.0
premier-league,2016-2017,E0,31/12/16,Liverpool,Man City,1.0,0.0,H,1.0,0.0,5.0,9.0,1.0,2.0
premier-league,2016-2017,E0,31/12/16,Man United,Middlesbrough,2.0,1.0,H,0.0,0.0,32.0,9.0,12.0,2.0
premier-league,2016-2017,E0,31/12/16,Southampton,West Brom,1.0,2.0,A,1.0,1.0,10.0,7.0,1.0,3.0
premier-league,2016-2017,E0,31/12/16,Swansea,Bournemouth,0.0,3.0,A,0.0,2.0,14.0,11.0,5.0,6.0
premier-league,2016-2017,E0,01/01/17,Arsenal,Crystal Palace,2.0,0.0,H,1.0,0.0,22.0,7.0,7.0,4.0
premier-league,2016-2017,E0,01/01/17,Watford,Tottenham,1.0,4.0,A,0.0,3.0,6.0,19.0,2.0,6.0
premier-league,2016-2017,E0,02/01/17,Everton,Southampton,3.0,0.0,H,0.0,0.0,17.0,12.0,6.0,3.0
premier-league,2016-2017,E0,02/01/17,Man City,Burnley,2.0,1.0,H,0.0,0.0,14.0,11.0,3.0,3.0
premier-league,2016-2017,E0,02/01/17,Middlesbrough,Leicester,0.0,0.0,D,0.0,0.0,9.0,10.0,1.0,4.0
premier-league,2016-2017,E0,02/01/17,Sunderland,Liverpool,2.0,2.0,D,1.0,1.0,10.0,21.0,5.0,15.0
premier-league,2016-2017,E0,02/01/17,West Brom,Hull,3.0,1.0,H,0.0,1.0,8.0,17.0,5.0,6.0
premier-league,2016-2017,E0,02/01/17,West Ham,Man United,0.0,2.0,A,0.0,0.0,8.0,13.0,2.0,6.0
premier-league,2016-2017,E0,03/01/17,Bournemouth,Arsenal,3.0,3.0,D,2.0,0.0,12.0,14.0,6.0,4.0
premier-league,2016-2017,E0,03/01/17,Crystal Palace,Swansea,1.0,2.0,A,0.0,1.0,7.0,11.0,3.0,4.0
premier-league,2016-2017,E0,03/01/17,Stoke,Watford,2.0,0.0,H,1.0,0.0,17.0,9.0,5.0,2.0
premier-league,2016-2017,E0,04/01/17,Tottenham,Chelsea,2.0,0.0,H,1.0,0.0,9.0,11.0,2.0,2.0
premier-league,2016-2017,E0,14/01/17,Burnley,Southampton,1.0,0.0,H,0.0,0.0,9.0,20.0,3.0,5.0
premier-league,2016-2017,E0,14/01/17,Hull,Bournemouth,3.0,1.0,H,1.0,1.0,14.0,8.0,3.0,6.0
premier-league,2016-2017,E0,14/01/17,Leicester,Chelsea,0.0,3.0,A,0.0,1.0,7.0,8.0,2.0,3.0
premier-league,2016-2017,E0,14/01/17,Sunderland,Stoke,1.0,3.0,A,1.0,3.0,14.0,14.0,3.0,6.0
premier-league,2016-2017,E0,14/01/17,Swansea,Arsenal,0.0,4.0,A,0.0,1.0,12.0,14.0,3.0,6.0
premier-league,2016-2017,E0,14/01/17,Tottenham,West Brom,4.0,0.0,H,2.0,0.0,21.0,3.0,11.0,0.0
premier-league,2016-2017,E0,14/01/17,Watford,Middlesbrough,0.0,0.0,D,0.0,0.0,12.0,5.0,5.0,1.0
premier-league,2016-2017,E0,14/01/17,West Ham,Crystal Palace,3.0,0.0,H,0.0,0.0,14.0,10.0,3.0,1.0
premier-league,2016-2017,E0,15/01/17,Everton,Man City,4.0,0.0,H,1.0,0.0,6.0,13.0,4.0,5.0
premier-league,2016-2017,E0,15/01/17,Man United,Liverpool,1.0,1.0,D,0.0,1.0,9.0,13.0,3.0,4.0
premier-league,2016-2017,E0,21/01/17,Bournemouth,Watford,2.0,2.0,D,0.0,1.0,15.0,10.0,5.0,3.0
premier-league,2016-2017,E0,21/01/17,Crystal Palace,Everton,0.0,1.0,A,0.0,0.0,8.0,16.0,2.0,8.0
premier-league,2016-2017,E0,21/01/17,Liverpool,Swansea,2.0,3.0,A,0.0,0.0,16.0,6.0,5.0,3.0
premier-league,2016-2017,E0,21/01/17,Man City,Tottenham,2.0,2.0,D,0.0,0.0,17.0,6.0,7.0,2.0
premier-league,2016-2017,E0,21/01/17,Middlesbrough,West Ham,1.0,3.0,A,1.0,2.0,11.0,13.0,2.0,5.0
premier-league,2016-2017,E0,21/01/17,Stoke,Man United,1.0,1.0,D,1.0,0.0,6.0,25.0,1.0,8.0
premier-league,2016-2017,E0,21/01/17,West Brom,Sunderland,2.0,0.0,H,2.0,0.0,14.0,9.0,5.0,3.0
premier-league,2016-2017,E0,22/01/17,Arsenal,Burnley,2.0,1.0,H,0.0,0.0,24.0,13.0,8.0,7.0
premier-league,2016-2017,E0,22/01/17,Chelsea,Hull,2.0,0.0,H,1.0,0.0,9.0,9.0,5.0,4.0
premier-league,2016-2017,E0,22/01/17,Southampton,Leicester,3.0,0.0,H,2.0,0.0,20.0,11.0,7.0,2.0
premier-league,2016-2017,E0,31/01/17,Arsenal,Watford,1.0,2.0,A,0.0,2.0,20.0,10.0,5.0,6.0
premier-league,2016-2017,E0,31/01/17,Bournemouth,Crystal Palace,0.0,2.0,A,0.0,0.0,10.0,11.0,2.0,4.0
premier-league,2016-2017,E0,31/01/17,Burnley,Leicester,1.0,0.0,H,0.0,0.0,24.0,13.0,3.0,5.0
premier-league,2016-2017,E0,31/01/17,Liverpool,Chelsea,1.0,1.0,D,0.0,1.0,7.0,8.0,3.0,2.0
premier-league,2016-2017,E0,31/01/17,Middlesbrough,West Brom,1.0,1.0,D,1.0,1.0,11.0,16.0,3.0,5.0
premier-league,2016-2017,E0,31/01/17,Sunderland,Tottenham,0.0,0.0,D,0.0,0.0,3.0,14.0,1.0,3.0
premier-league,2016-2017,E0,31/01/17,Swansea,Southampton,2.0,1.0,H,1.0,0.0,11.0,10.0,5.0,2.0
premier-league,2016-2017,E0,01/02/17,Man United,Hull,0.0,0.0,D,0.0,0.0,15.0,6.0,6.0,2.0
premier-league,2016-2017,E0,01/02/17,Stoke,Everton,1.0,1.0,D,1.0,1.0,14.0,14.0,7.0,5.0
premier-league,2016-2017,E0,01/02/17,West Ham,Man City,0.0,4.0,A,0.0,3.0,6.0,11.0,1.0,4.0
premier-league,2016-2017,E0,04/02/17,Chelsea,Arsenal,3.0,1.0,H,1.0,0.0,13.0,9.0,6.0,5.0
premier-league,2016-2017,E0,04/02/17,Crystal Palace,Sunderland,0.0,4.0,A,0.0,4.0,21.0,10.0,9.0,7.0
premier-league,2016-2017,E0,04/02/17,Everton,Bournemouth,6.0,3.0,H,3.0,0.0,15.0,18.0,10.0,8.0
premier-league,2016-2017,E0,04/02/17,Hull,Liverpool,2.0,0.0,H,1.0,0.0,7.0,22.0,4.0,5.0
premier-league,2016-2017,E0,04/02/17,Southampton,West Ham,1.0,3.0,A,1.0,2.0,21.0,6.0,7.0,4.0
premier-league,2016-2017,E0,04/02/17,Tottenham,Middlesbrough,1.0,0.0,H,0.0,0.0,17.0,8.0,5.0,0.0
premier-league,2016-2017,E0,04/02/17,Watford,Burnley,2.0,1.0,H,2.0,0.0,16.0,11.0,7.0,7.0
premier-league,2016-2017,E0,04/02/17,West Brom,Stoke,1.0,0.0,H,1.0,0.0,16.0,12.0,4.0,2.0
premier-league,2016-2017,E0,05/02/17,Leicester,Man United,0.0,3.0,A,0.0,2.0,11.0,15.0,1.0,9.0
premier-league,2016-2017,E0,05/02/17,Man City,Swansea,2.0,1.0,H,1.0,0.0,17.0,4.0,5.0,2.0
premier-league,2016-2017,E0,11/02/17,Arsenal,Hull,2.0,0.0,H,1.0,0.0,17.0,9.0,7.0,4.0
premier-league,2016-2017,E0,11/02/17,Liverpool,Tottenham,2.0,0.0,H,2.0,0.0,17.0,7.0,9.0,2.0
premier-league,2016-2017,E0,11/02/17,Man United,Watford,2.0,0.0,H,1.0,0.0,22.0,9.0,11.0,3.0
premier-league,2016-2017,E0,11/02/17,Middlesbrough,Everton,0.0,0.0,D,0.0,0.0,9.0,7.0,3.0,3.0
premier-league,2016-2017,E0,11/02/17,Stoke,Crystal Palace,1.0,0.0,H,0.0,0.0,7.0,6.0,4.0,1.0
premier-league,2016-2017,E0,11/02/17,Sunderland,Southampton,0.0,4.0,A,0.0,2.0,6.0,15.0,1.0,8.0
premier-league,2016-2017,E0,11/02/17,West Ham,West Brom,2.0,2.0,D,0.0,1.0,16.0,8.0,4.0,3.0
premier-league,2016-2017,E0,12/02/17,Burnley,Chelsea,1.0,1.0,D,1.0,1.0,6.0,13.0,4.0,2.0
premier-league,2016-2017,E0,12/02/17,Swansea,Leicester,2.0,0.0,H,2.0,0.0,10.0,9.0,4.0,1.0
premier-league,2016-2017,E0,13/02/17,Bournemouth,Man City,0.0,2.0,A,0.0,1.0,5.0,17.0,1.0,5.0
premier-league,2016-2017,E0,25/02/17,Chelsea,Swansea,3.0,1.0,H,1.0,1.0,16.0,3.0,5.0,2.0
premier-league,2016-2017,E0,25/02/17,Crystal Palace,Middlesbrough,1.0,0.0,H,1.0,0.0,15.0,11.0,3.0,4.0
premier-league,2016-2017,E0,25/02/17,Everton,Sunderland,2.0,0.0,H,1.0,0.0,20.0,10.0,8.0,1.0
premier-league,2016-2017,E0,25/02/17,Hull,Burnley,1.0,1.0,D,0.0,0.0,15.0,10.0,1.0,3.0
premier-league,2016-2017,E0,25/02/17,Watford,West Ham,1.0,1.0,D,1.0,0.0,9.0,13.0,1.0,2.0
premier-league,2016-2017,E0,25/02/17,West Brom,Bournemouth,2.0,1.0,H,2.0,1.0,13.0,12.0,4.0,4.0
premier-league,2016-2017,E0,26/02/17,Tottenham,Stoke,4.0,0.0,H,4.0,0.0,21.0,5.0,9.0,3.0
premier-league,2016-2017,E0,27/02/17,Leicester,Liverpool,3.0,1.0,H,2.0,0.0,13.0,17.0,7.0,7.0
premier-league,2016-2017,E0,04/03/17,Leicester,Hull,3.0,1.0,H,1.0,1.0,17.0,10.0,5.0,4.0
premier-league,2016-2017,E0,04/03/17,Liverpool,Arsenal,3.0,1.0,H,2.0,0.0,18.0,7.0,7.0,3.0
premier-league,2016-2017,E0,04/03/17,Man United,Bournemouth,1.0,1.0,D,1.0,1.0,20.0,3.0,7.0,1.0
premier-league,2016-2017,E0,04/03/17,Stoke,Middlesbrough,2.0,0.0,H,2.0,0.0,13.0,8.0,8.0,2.0
premier-league,2016-2017,E0,04/03/17,Swansea,Burnley,3.0,2.0,H,1.0,1.0,23.0,6.0,10.0,4.0
premier-league,2016-2017,E0,04/03/17,Watford,Southampton,3.0,4.0,A,1.0,2.0,16.0,20.0,4.0,11.0
premier-league,2016-2017,E0,04/03/17,West Brom,Crystal Palace,0.0,2.0,A,0.0,0.0,11.0,10.0,1.0,4.0
premier-league,2016-2017,E0,05/03/17,Sunderland,Man City,0.0,2.0,A,0.0,1.0,11.0,14.0,3.0,7.0
premier-league,2016-2017,E0,05/03/17,Tottenham,Everton,3.0,2.0,H,1.0,0.0,20.0,8.0,7.0,4.0
premier-league,2016-2017,E0,06/03/17,West Ham,Chelsea,1.0,2.0,A,0.0,1.0,11.0,9.0,2.0,4.0
premier-league,2016-2017,E0,08/03/17,Man City,Stoke,0.0,0.0,D,0.0,0.0,12.0,5.0,1.0,2.0
premier-league,2016-2017,E0,11/03/17,Bournemouth,West Ham,3.0,2.0,H,1.0,1.0,21.0,15.0,9.0,7.0
premier-league,2016-2017,E0,11/03/17,Everton,West Brom,3.0,0.0,H,2.0,0.0,16.0,5.0,5.0,2.0
premier-league,2016-2017,E0,11/03/17,Hull,Swansea,2.0,1.0,H,0.0,0.0,15.0,11.0,7.0,3.0
premier-league,2016-2017,E0,12/03/17,Liverpool,Burnley,2.0,1.0,H,1.0,1.0,10.0,11.0,3.0,1.0
premier-league,2016-2017,E0,18/03/17,Bournemouth,Swansea,2.0,0.0,H,1.0,0.0,12.0,10.0,6.0,1.0
premier-league,2016-2017,E0,18/03/17,Crystal Palace,Watford,1.0,0.0,H,0.0,0.0,7.0,6.0,0.0,2.0
premier-league,2016-2017,E0,18/03/17,Everton,Hull,4.0,0.0,H,1.0,0.0,14.0,6.0,8.0,0.0
premier-league,2016-2017,E0,18/03/17,Stoke,Chelsea,1.0,2.0,A,1.0,1.0,5.0,20.0,1.0,7.0
premier-league,2016-2017,E0,18/03/17,Sunderland,Burnley,0.0,0.0,D,0.0,0.0,14.0,17.0,5.0,3.0
premier-league,2016-2017,E0,18/03/17,West Brom,Arsenal,3.0,1.0,H,1.0,1.0,12.0,11.0,8.0,2.0
premier-league,2016-2017,E0,18/03/17,West Ham,Leicester,2.0,3.0,A,1.0,3.0,20.0,11.0,7.0,5.0
premier-league,2016-2017,E0,19/03/17,Man City,Liverpool,1.0,1.0,D,0.0,0.0,13.0,13.0,3.0,4.0
premier-league,2016-2017,E0,19/03/17,Middlesbrough,Man United,1.0,3.0,A,0.0,1.0,10.0,14.0,3.0,6.0
premier-league,2016-2017,E0,19/03/17,Tottenham,Southampton,2.0,1.0,H,2.0,0.0,12.0,8.0,6.0,3.0
premier-league,2016-2017,E0,01/04/17,Burnley,Tottenham,0.0,2.0,A,0.0,0.0,13.0,19.0,2.0,7.0
premier-league,2016-2017,E0,01/04/17,Chelsea,Crystal Palace,1.0,2.0,A,1.0,2.0,24.0,8.0,11.0,3.0
premier-league,2016-2017,E0,01/04/17,Hull,West Ham,2.0,1.0,H,0.0,1.0,7.0,12.0,3.0,4.0
premier-league,2016-2017,E0,01/04/17,Leicester,Stoke,2.0,0.0,H,1.0,0.0,23.0,10.0,10.0,2.0
premier-league,2016-2017,E0,01/04/17,Liverpool,Everton,3.0,1.0,H,2.0,1.0,10.0,9.0,6.0,4.0
premier-league,2016-2017,E0,01/04/17,Man United,West Brom,0.0,0.0,D,0.0,0.0,18.0,3.0,3.0,1.0
premier-league,2016-2017,E0,01/04/17,Southampton,Bournemouth,0.0,0.0,D,0.0,0.0,14.0,12.0,4.0,3.0
premier-league,2016-2017,E0,01/04/17,Watford,Sunderland,1.0,0.0,H,0.0,0.0,23.0,11.0,10.0,3.0
premier-league,2016-2017,E0,02/04/17,Arsenal,Man City,2.0,2.0,D,1.0,2.0,8.0,14.0,3.0,5.0
premier-league,2016-2017,E0,02/04/17,Swansea,Middlesbrough,0.0,0.0,D,0.0,0.0,15.0,8.0,3.0,1.0
premier-league,2016-2017,E0,04/04/17,Burnley,Stoke,1.0,0.0,H,0.0,0.0,7.0,15.0,3.0,2.0
premier-league,2016-2017,E0,04/04/17,Leicester,Sunderland,2.0,0.0,H,0.0,0.0,19.0,15.0,8.0,3.0
premier-league,2016-2017,E0,04/04/17,Man United,Everton,1.0,1.0,D,0.0,1.0,18.0,11.0,3.0,4.0
premier-league,2016-2017,E0,04/04/17,Watford,West Brom,2.0,0.0,H,1.0,0.0,9.0,18.0,2.0,2.0
premier-league,2016-2017,E0,05/04/17,Arsenal,West Ham,3.0,0.0,H,0.0,0.0,21.0,7.0,8.0,2.0
premier-league,2016-2017,E0,05/04/17,Chelsea,Man City,2.0,1.0,H,2.0,1.0,10.0,17.0,4.0,7.0
premier-league,2016-2017,E0,05/04/17,Hull,Middlesbrough,4.0,2.0,H,3.0,2.0,17.0,12.0,5.0,4.0
premier-league,2016-2017,E0,05/04/17,Liverpool,Bournemouth,2.0,2.0,D,1.0,1.0,20.0,7.0,8.0,2.0
premier-league,2016-2017,E0,05/04/17,Southampton,Crystal Palace,3.0,1.0,H,1.0,1.0,25.0,17.0,9.0,3.0
premier-league,2016-2017,E0,05/04/17,Swansea,Tottenham,1.0,3.0,A,1.0,0.0,4.0,18.0,1.0,8.0
premier-league,2016-2017,E0,08/04/17,Bournemouth,Chelsea,1.0,3.0,A,1.0,2.0,12.0,15.0,1.0,5.0
premier-league,2016-2017,E0,08/04/17,Man City,Hull,3.0,1.0,H,1.0,0.0,23.0,6.0,7.0,1.0
premier-league,2016-2017,E0,08/04/17,Middlesbrough,Burnley,0.0,0.0,D,0.0,0.0,12.0,7.0,5.0,2.0
premier-league,2016-2017,E0,08/04/17,Stoke,Liverpool,1.0,2.0,A,1.0,0.0,9.0,14.0,4.0,4.0
premier-league,2016-2017,E0,08/04/17,Tottenham,Watford,4.0,0.0,H,3.0,0.0,19.0,8.0,6.0,2.0
premier-league,2016-2017,E0,08/04/17,West Brom,Southampton,0.0,1.0,A,0.0,1.0,17.0,10.0,6.0,3.0
premier-league,2016-2017,E0,08/04/17,West Ham,Swansea,1.0,0.0,H,1.0,0.0,14.0,4.0,6.0,1.0
premier-league,2016-2017,E0,09/04/17,Everton,Leicester,4.0,2.0,H,3.0,2.0,12.0,6.0,7.0,4.0
premier-league,2016-2017,E0,09/04/17,Sunderland,Man United,0.0,3.0,A,0.0,1.0,9.0,18.0,4.0,9.0
premier-league,2016-2017,E0,10/04/17,Crystal Palace,Arsenal,3.0,0.0,H,1.0,0.0,17.0,11.0,6.0,3.0
premier-league,2016-2017,E0,15/04/17,Crystal Palace,Leicester,2.0,2.0,D,0.0,1.0,15.0,6.0,4.0,2.0
premier-league,2016-2017,E0,15/04/17,Everton,Burnley,3.0,1.0,H,0.0,0.0,29.0,13.0,7.0,6.0
premier-league,2016-2017,E0,15/04/17,Southampton,Man City,0.0,3.0,A,0.0,0.0,8.0,18.0,1.0,5.0
premier-league,2016-2017,E0,15/04/17,Stoke,Hull,3.0,1.0,H,1.0,0.0,14.0,14.0,4.0,3.0
premier-league,2016-2017,E0,15/04/17,Sunderland,West Ham,2.0,2.0,D,1.0,1.0,14.0,7.0,4.0,3.0
premier-league,2016-2017,E0,15/04/17,Tottenham,Bournemouth,4.0,0.0,H,2.0,0.0,24.0,5.0,14.0,1.0
premier-league,2016-2017,E0,15/04/17,Watford,Swansea,1.0,0.0,H,1.0,0.0,15.0,13.0,7.0,4.0
premier-league,2016-2017,E0,16/04/17,Man United,Chelsea,2.0,0.0,H,1.0,0.0,9.0,5.0,3.0,0.0
premier-league,2016-2017,E0,16/04/17,West Brom,Liverpool,0.0,1.0,A,0.0,1.0,7.0,15.0,2.0,2.0
premier-league,2016-2017,E0,17/04/17,Middlesbrough,Arsenal,1.0,2.0,A,0.0,1.0,13.0,12.0,5.0,4.0
premier-league,2016-2017,E0,22/04/17,Bournemouth,Middlesbrough,4.0,0.0,H,2.0,0.0,20.0,5.0,10.0,2.0
premier-league,2016-2017,E0,22/04/17,Hull,Watford,2.0,0.0,H,0.0,0.0,8.0,13.0,3.0,2.0
premier-league,2016-2017,E0,22/04/17,Swansea,Stoke,2.0,0.0,H,1.0,0.0,10.0,9.0,6.0,3.0
premier-league,2016-2017,E0,22/04/17,West Ham,Everton,0.0,0.0,D,0.0,0.0,15.0,4.0,3.0,0.0
premier-league,2016-2017,E0,23/04/17,Burnley,Man United,0.0,2.0,A,0.0,2.0,8.0,12.0,0.0,6.0
premier-league,2016-2017,E0,23/04/17,Liverpool,Crystal Palace,1.0,2.0,A,1.0,1.0,14.0,7.0,1.0,3.0
premier-league,2016-2017,E0,25/04/17,Chelsea,Southampton,4.0,2.0,H,2.0,1.0,17.0,12.0,7.0,4.0
premier-league,2016-2017,E0,26/04/17,Arsenal,Leicester,1.0,0.0,H,0.0,0.0,12.0,7.0,5.0,3.0
premier-league,2016-2017,E0,26/04/17,Crystal Palace,Tottenham,0.0,1.0,A,0.0,0.0,6.0,18.0,1.0,4.0
premier-league,2016-2017,E0,26/04/17,Middlesbrough,Sunderland,1.0,0.0,H,1.0,0.0,6.0,10.0,2.0,4.0
premier-league,2016-2017,E0,27/04/17,Man City,Man United,0.0,0.0,D,0.0,0.0,19.0,3.0,6.0,1.0
premier-league,2016-2017,E0,29/04/17,Crystal Palace,Burnley,0.0,2.0,A,0.0,1.0,15.0,9.0,5.0,3.0
premier-league,2016-2017,E0,29/04/17,Southampton,Hull,0.0,0.0,D,0.0,0.0,11.0,9.0,2.0,1.0
premier-league,2016-2017,E0,29/04/17,Stoke,West Ham,0.0,0.0,D,0.0,0.0,19.0,12.0,4.0,4.0
premier-league,2016-2017,E0,29/04/17,Sunderland,Bournemouth,0.0,1.0,A,0.0,0.0,17.0,15.0,5.0,7.0
premier-league,2016-2017,E0,29/04/17,West Brom,Leicester,0.0,1.0,A,0.0,1.0,16.0,6.0,4.0,1.0
premier-league,2016-2017,E0,30/04/17,Everton,Chelsea,0.0,3.0,A,0.0,0.0,12.0,11.0,4.0,5.0
premier-league,2016-2017,E0,30/04/17,Man United,Swansea,1.0,1.0,D,1.0,0.0,12.0,12.0,6.0,4.0
premier-league,2016-2017,E0,30/04/17,Middlesbrough,Man City,2.0,2.0,D,1.0,0.0,14.0,22.0,6.0,4.0
premier-league,2016-2017,E0,30/04/17,Tottenham,Arsenal,2.0,0.0,H,0.0,0.0,20.0,12.0,11.0,4.0
premier-league,2016-2017,E0,01/05/17,Watford,Liverpool,0.0,1.0,A,0.0,1.0,9.0,12.0,2.0,8.0
premier-league,2016-2017,E0,05/05/17,West Ham,Tottenham,1.0,0.0,H,0.0,0.0,13.0,11.0,5.0,5.0
premier-league,2016-2017,E0,06/05/17,Bournemouth,Stoke,2.0,2.0,D,0.0,1.0,12.0,14.0,2.0,3.0
premier-league,2016-2017,E0,06/05/17,Burnley,West Brom,2.0,2.0,D,0.0,0.0,14.0,11.0,4.0,3.0
premier-league,2016-2017,E0,06/05/17,Hull,Sunderland,0.0,2.0,A,0.0,0.0,16.0,12.0,6.0,5.0
premier-league,2016-2017,E0,06/05/17,Leicester,Watford,3.0,0.0,H,1.0,0.0,11.0,14.0,5.0,7.0
premier-league,2016-2017,E0,06/05/17,Man City,Crystal Palace,5.0,0.0,H,1.0,0.0,26.0,5.0,12.0,2.0
premier-league,2016-2017,E0,06/05/17,Swansea,Everton,1.0,0.0,H,1.0,0.0,9.0,8.0,4.0,2.0
premier-league,2016-2017,E0,07/05/17,Arsenal,Man United,2.0,0.0,H,0.0,0.0,9.0,10.0,4.0,4.0
premier-league,2016-2017,E0,07/05/17,Liverpool,Southampton,0.0,0.0,D,0.0,0.0,17.0,4.0,8.0,0.0
premier-league,2016-2017,E0,08/05/17,Chelsea,Middlesbrough,3.0,0.0,H,2.0,0.0,21.0,2.0,7.0,1.0
premier-league,2016-2017,E0,10/05/17,Southampton,Arsenal,0.0,2.0,A,0.0,0.0,14.0,11.0,3.0,4.0
premier-league,2016-2017,E0,12/05/17,Everton,Watford,1.0,0.0,H,0.0,0.0,15.0,14.0,6.0,2.0
premier-league,2016-2017,E0,12/05/17,West Brom,Chelsea,0.0,1.0,A,0.0,0.0,7.0,24.0,2.0,5.0
premier-league,2016-2017,E0,13/05/17,Bournemouth,Burnley,2.0,1.0,H,1.0,0.0,18.0,14.0,6.0,3.0
premier-league,2016-2017,E0,13/05/17,Man City,Leicester,2.0,1.0,H,2.0,1.0,17.0,9.0,5.0,4.0
premier-league,2016-2017,E0,13/05/17,Middlesbrough,Southampton,1.0,2.0,A,0.0,1.0,14.0,14.0,3.0,4.0
premier-league,2016-2017,E0,13/05/17,Stoke,Arsenal,1.0,4.0,A,0.0,1.0,10.0,10.0,4.0,6.0
premier-league,2016-2017,E0,13/05/17,Sunderland,Swansea,0.0,2.0,A,0.0,2.0,13.0,3.0,4.0,3.0
premier-league,2016-2017,E0,14/05/17,Crystal Palace,Hull,4.0,0.0,H,2.0,0.0,12.0,9.0,4.0,0.0
premier-league,2016-2017,E0,14/05/17,Tottenham,Man United,2.0,1.0,H,1.0,0.0,14.0,8.0,7.0,2.0
premier-league,2016-2017,E0,14/05/17,West Ham,Liverpool,0.0,4.0,A,0.0,1.0,10.0,26.0,3.0,11.0
premier-league,2016-2017,E0,15/05/17,Chelsea,Watford,4.0,3.0,H,2.0,1.0,24.0,9.0,9.0,3.0
premier-league,2016-2017,E0,16/05/17,Arsenal,Sunderland,2.0,0.0,H,0.0,0.0,36.0,6.0,13.0,2.0
premier-league,2016-2017,E0,16/05/17,Man City,West Brom,3.0,1.0,H,2.0,0.0,21.0,5.0,10.0,2.0
premier-league,2016-2017,E0,17/05/17,Southampton,Man United,0.0,0.0,D,0.0,0.0,17.0,11.0,6.0,1.0
premier-league,2016-2017,E0,18/05/17,Leicester,Tottenham,1.0,6.0,A,0.0,2.0,12.0,26.0,5.0,12.0
premier-league,2016-2017,E0,21/05/17,Arsenal,Everton,3.0,1.0,H,2.0,0.0,17.0,22.0,9.0,7.0
premier-league,2016-2017,E0,21/05/17,Burnley,West Ham,1.0,2.0,A,1.0,1.0,9.0,14.0,1.0,4.0
premier-league,2016-2017,E0,21/05/17,Chelsea,Sunderland,5.0,1.0,H,1.0,1.0,28.0,7.0,8.0,3.0
premier-league,2016-2017,E0,21/05/17,Hull,Tottenham,1.0,7.0,A,0.0,3.0,10.0,19.0,4.0,14.0
premier-league,2016-2017,E0,21/05/17,Leicester,Bournemouth,1.0,1.0,D,0.0,1.0,21.0,10.0,5.0,4.0
premier-league,2016-2017,E0,21/05/17,Liverpool,Middlesbrough,3.0,0.0,H,1.0,0.0,25.0,9.0,10.0,3.0
premier-league,2016-2017,E0,21/05/17,Man United,Crystal Palace,2.0,0.0,H,2.0,0.0,9.0,6.0,2.0,1.0
premier-league,2016-2017,E0,21/05/17,Southampton,Stoke,0.0,1.0,A,0.0,0.0,14.0,14.0,6.0,3.0
premier-league,2016-2017,E0,21/05/17,Swansea,West Brom,2.0,1.0,H,0.0,1.0,12.0,16.0,2.0,5.0
premier-league,2016-2017,E0,21/05/17,Watford,Man City,0.0,5.0,A,0.0,4.0,6.0,15.0,3.0,9.0
premier-league,2017-2018,E0,11/08/2017,Arsenal,Leicester,4.0,3.0,H,2.0,2.0,27.0,6.0,10.0,3.0
premier-league,2017-2018,E0,12/08/2017,Brighton,Man City,0.0,2.0,A,0.0,0.0,6.0,14.0,2.0,4.0
premier-league,2017-2018,E0,12/08/2017,Chelsea,Burnley,2.0,3.0,A,0.0,3.0,19.0,10.0,6.0,5.0
premier-league,2017-2018,E0,12/08/2017,Crystal Palace,Huddersfield,0.0,3.0,A,0.0,2.0,14.0,8.0,4.0,6.0
premier-league,2017-2018,E0,12/08/2017,Everton,Stoke,1.0,0.0,H,1.0,0.0,9.0,9.0,4.0,1.0
premier-league,2017-2018,E0,12/08/2017,Southampton,Swansea,0.0,0.0,D,0.0,0.0,29.0,4.0,2.0,0.0
premier-league,2017-2018,E0,12/08/2017,Watford,Liverpool,3.0,3.0,D,2.0,1.0,9.0,14.0,4.0,5.0
premier-league,2017-2018,E0,12/08/2017,West Brom,Bournemouth,1.0,0.0,H,1.0,0.0,16.0,9.0,6.0,2.0
premier-league,2017-2018,E0,13/08/2017,Man United,West Ham,4.0,0.0,H,1.0,0.0,22.0,9.0,6.0,1.0
premier-league,2017-2018,E0,13/08/2017,Newcastle,Tottenham,0.0,2.0,A,0.0,0.0,6.0,18.0,3.0,6.0
premier-league,2017-2018,E0,19/08/2017,Bournemouth,Watford,0.0,2.0,A,0.0,0.0,6.0,19.0,2.0,7.0
premier-league,2017-2018,E0,19/08/2017,Burnley,West Brom,0.0,1.0,A,0.0,0.0,20.0,8.0,0.0,1.0
premier-league,2017-2018,E0,19/08/2017,Leicester,Brighton,2.0,0.0,H,1.0,0.0,14.0,5.0,4.0,2.0
premier-league,2017-2018,E0,19/08/2017,Liverpool,Crystal Palace,1.0,0.0,H,0.0,0.0,23.0,4.0,13.0,1.0
premier-league,2017-2018,E0,19/08/2017,Southampton,West Ham,3.0,2.0,H,2.0,1.0,14.0,16.0,5.0,8.0
premier-league,2017-2018,E0,19/08/2017,Stoke,Arsenal,1.0,0.0,H,0.0,0.0,11.0,18.0,4.0,6.0
premier-league,2017-2018,E0,19/08/2017,Swansea,Man United,0.0,4.0,A,0.0,1.0,6.0,17.0,1.0,8.0
premier-league,2017-2018,E0,20/08/2017,Huddersfield,Newcastle,1.0,0.0,H,0.0,0.0,7.0,13.0,3.0,5.0
premier-league,2017-2018,E0,20/08/2017,Tottenham,Chelsea,1.0,2.0,A,0.0,1.0,18.0,9.0,6.0,2.0
premier-league,2017-2018,E0,21/08/2017,Man City,Everton,1.0,1.0,D,0.0,1.0,19.0,7.0,6.0,2.0
premier-league,2017-2018,E0,26/08/2017,Bournemouth,Man City,1.0,2.0,A,1.0,1.0,9.0,19.0,3.0,8.0
premier-league,2017-2018,E0,26/08/2017,Crystal Palace,Swansea,0.0,2.0,A,0.0,1.0,16.0,7.0,3.0,3.0
premier-league,2017-2018,E0,26/08/2017,Huddersfield,Southampton,0.0,0.0,D,0.0,0.0,16.0,6.0,6.0,3.0
premier-league,2017-2018,E0,26/08/2017,Man United,Leicester,2.0,0.0,H,0.0,0.0,22.0,11.0,7.0,4.0
premier-league,2017-2018,E0,26/08/2017,Newcastle,West Ham,3.0,0.0,H,1.0,0.0,16.0,8.0,8.0,3.0
premier-league,2017-2018,E0,26/08/2017,Watford,Brighton,0.0,0.0,D,0.0,0.0,8.0,16.0,0.0,2.0
premier-league,2017-2018,E0,27/08/2017,Chelsea,Everton,2.0,0.0,H,2.0,0.0,18.0,7.0,7.0,0.0
premier-league,2017-2018,E0,27/08/2017,Liverpool,Arsenal,4.0,0.0,H,2.0,0.0,18.0,8.0,10.0,0.0
premier-league,2017-2018,E0,27/08/2017,Tottenham,Burnley,1.0,1.0,D,0.0,0.0,28.0,13.0,5.0,3.0
premier-league,2017-2018,E0,27/08/2017,West Brom,Stoke,1.0,1.0,D,0.0,0.0,10.0,16.0,2.0,2.0
premier-league,2017-2018,E0,09/09/2017,Arsenal,Bournemouth,3.0,0.0,H,2.0,0.0,17.0,7.0,9.0,2.0
premier-league,2017-2018,E0,09/09/2017,Brighton,West Brom,3.0,1.0,H,1.0,0.0,12.0,12.0,6.0,3.0
premier-league,2017-2018,E0,09/09/2017,Everton,Tottenham,0.0,3.0,A,0.0,2.0,12.0,15.0,1.0,6.0
premier-league,2017-2018,E0,09/09/2017,Leicester,Chelsea,1.0,2.0,A,0.0,1.0,8.0,16.0,2.0,6.0
premier-league,2017-2018,E0,09/09/2017,Man City,Liverpool,5.0,0.0,H,2.0,0.0,13.0,10.0,7.0,3.0
premier-league,2017-2018,E0,09/09/2017,Southampton,Watford,0.0,2.0,A,0.0,1.0,9.0,12.0,1.0,3.0
premier-league,2017-2018,E0,09/09/2017,Stoke,Man United,2.0,2.0,D,1.0,1.0,10.0,18.0,5.0,8.0
premier-league,2017-2018,E0,10/09/2017,Burnley,Crystal Palace,1.0,0.0,H,1.0,0.0,4.0,23.0,2.0,5.0
premier-league,2017-2018,E0,10/09/2017,Swansea,Newcastle,0.0,1.0,A,0.0,0.0,10.0,16.0,4.0,8.0
premier-league,2017-2018,E0,11/09/2017,West Ham,Huddersfield,2.0,0.0,H,0.0,0.0,19.0,10.0,3.0,2.0
premier-league,2017-2018,E0,15/09/2017,Bournemouth,Brighton,2.0,1.0,H,0.0,0.0,15.0,9.0,3.0,2.0
premier-league,2017-2018,E0,16/09/2017,Crystal Palace,Southampton,0.0,1.0,A,0.0,1.0,14.0,13.0,3.0,4.0
premier-league,2017-2018,E0,16/09/2017,Huddersfield,Leicester,1.0,1.0,D,0.0,0.0,15.0,10.0,3.0,1.0
premier-league,2017-2018,E0,16/09/2017,Liverpool,Burnley,1.0,1.0,D,1.0,1.0,35.0,5.0,9.0,4.0
premier-league,2017-2018,E0,16/09/2017,Newcastle,Stoke,2.0,1.0,H,1.0,0.0,14.0,13.0,3.0,4.0
premier-league,2017-2018,E0,16/09/2017,Tottenham,Swansea,0.0,0.0,D,0.0,0.0,26.0,4.0,8.0,0.0
premier-league,2017-2018,E0,16/09/2017,Watford,Man City,0.0,6.0,A,0.0,3.0,7.0,28.0,1.0,10.0
premier-league,2017-2018,E0,16/09/2017,West Brom,West Ham,0.0,0.0,D,0.0,0.0,6.0,9.0,1.0,1.0
premier-league,2017-2018,E0,17/09/2017,Chelsea,Arsenal,0.0,0.0,D,0.0,0.0,13.0,11.0,4.0,2.0
premier-league,2017-2018,E0,17/09/2017,Man United,Everton,4.0,0.0,H,1.0,0.0,16.0,7.0,7.0,3.0
premier-league,2017-2018,E0,23/09/2017,Burnley,Huddersfield,0.0,0.0,D,0.0,0.0,5.0,9.0,3.0,2.0
premier-league,2017-2018,E0,23/09/2017,Everton,Bournemouth,2.0,1.0,H,0.0,0.0,12.0,8.0,4.0,4.0
premier-league,2017-2018,E0,23/09/2017,Leicester,Liverpool,2.0,3.0,A,1.0,2.0,12.0,23.0,7.0,6.0
premier-league,2017-2018,E0,23/09/2017,Man City,Crystal Palace,5.0,0.0,H,1.0,0.0,25.0,5.0,9.0,0.0
premier-league,2017-2018,E0,23/09/2017,Southampton,Man United,0.0,1.0,A,0.0,1.0,14.0,9.0,4.0,4.0
premier-league,2017-2018,E0,23/09/2017,Stoke,Chelsea,0.0,4.0,A,0.0,2.0,13.0,7.0,2.0,4.0
premier-league,2017-2018,E0,23/09/2017,Swansea,Watford,1.0,2.0,A,0.0,1.0,10.0,8.0,3.0,4.0
premier-league,2017-2018,E0,23/09/2017,West Ham,Tottenham,2.0,3.0,A,0.0,2.0,10.0,15.0,4.0,5.0
premier-league,2017-2018,E0,24/09/2017,Brighton,Newcastle,1.0,0.0,H,0.0,0.0,7.0,17.0,3.0,5.0
premier-league,2017-2018,E0,25/09/2017,Arsenal,West Brom,2.0,0.0,H,1.0,0.0,16.0,7.0,6.0,3.0
premier-league,2017-2018,E0,30/09/2017,Bournemouth,Leicester,0.0,0.0,D,0.0,0.0,19.0,8.0,4.0,1.0
premier-league,2017-2018,E0,30/09/2017,Chelsea,Man City,0.0,1.0,A,0.0,0.0,4.0,17.0,2.0,6.0
premier-league,2017-2018,E0,30/09/2017,Huddersfield,Tottenham,0.0,4.0,A,0.0,3.0,6.0,14.0,1.0,7.0
premier-league,2017-2018,E0,30/09/2017,Man United,Crystal Palace,4.0,0.0,H,2.0,0.0,18.0,6.0,7.0,1.0
premier-league,2017-2018,E0,30/09/2017,Stoke,Southampton,2.0,1.0,H,1.0,0.0,17.0,21.0,6.0,3.0
premier-league,2017-2018,E0,30/09/2017,West Brom,Watford,2.0,2.0,D,2.0,1.0,9.0,15.0,4.0,3.0
premier-league,2017-2018,E0,30/09/2017,West Ham,Swansea,1.0,0.0,H,0.0,0.0,9.0,6.0,4.0,1.0
premier-league,2017-2018,E0,01/10/2017,Arsenal,Brighton,2.0,0.0,H,1.0,0.0,25.0,9.0,12.0,1.0
premier-league,2017-2018,E0,01/10/2017,Everton,Burnley,0.0,1.0,A,0.0,1.0,23.0,5.0,4.0,2.0
premier-league,2017-2018,E0,01/10/2017,Newcastle,Liverpool,1.0,1.0,D,1.0,1.0,8.0,17.0,5.0,2.0
premier-league,2017-2018,E0,14/10/2017,Burnley,West Ham,1.0,1.0,D,0.0,1.0,20.0,8.0,5.0,6.0
premier-league,2017-2018,E0,14/10/2017,Crystal Palace,Chelsea,2.0,1.0,H,2.0,1.0,14.0,15.0,5.0,5.0
premier-league,2017-2018,E0,14/10/2017,Liverpool,Man United,0.0,0.0,D,0.0,0.0,19.0,6.0,5.0,1.0
premier-league,2017-2018,E0,14/10/2017,Man City,Stoke,7.0,2.0,H,3.0,1.0,20.0,5.0,11.0,1.0
premier-league,2017-2018,E0,14/10/2017,Swansea,Huddersfield,2.0,0.0,H,1.0,0.0,7.0,7.0,3.0,2.0
premier-league,2017-2018,E0,14/10/2017,Tottenham,Bournemouth,1.0,0.0,H,0.0,0.0,18.0,5.0,6.0,1.0
premier-league,2017-2018,E0,14/10/2017,Watford,Arsenal,2.0,1.0,H,0.0,1.0,11.0,9.0,2.0,6.0
premier-league,2017-2018,E0,15/10/2017,Brighton,Everton,1.0,1.0,D,0.0,0.0,12.0,13.0,3.0,6.0
premier-league,2017-2018,E0,15/10/2017,Southampton,Newcastle,2.0,2.0,D,0.0,1.0,12.0,19.0,2.0,5.0
premier-league,2017-2018,E0,16/10/2017,Leicester,West Brom,1.0,1.0,D,0.0,0.0,11.0,5.0,3.0,1.0
premier-league,2017-2018,E0,20/10/2017,West Ham,Brighton,0.0,3.0,A,0.0,2.0,16.0,7.0,2.0,5.0
premier-league,2017-2018,E0,21/10/2017,Chelsea,Watford,4.0,2.0,H,1.0,1.0,14.0,16.0,8.0,5.0
premier-league,2017-2018,E0,21/10/2017,Huddersfield,Man United,2.0,1.0,H,2.0,0.0,5.0,9.0,3.0,3.0
premier-league,2017-2018,E0,21/10/2017,Man City,Burnley,3.0,0.0,H,1.0,0.0,15.0,6.0,10.0,0.0
premier-league,2017-2018,E0,21/10/2017,Newcastle,Crystal Palace,1.0,0.0,H,0.0,0.0,7.0,10.0,3.0,0.0
premier-league,2017-2018,E0,21/10/2017,Southampton,West Brom,1.0,0.0,H,0.0,0.0,20.0,7.0,6.0,2.0
premier-league,2017-2018,E0,21/10/2017,Stoke,Bournemouth,1.0,2.0,A,0.0,2.0,10.0,7.0,2.0,3.0
premier-league,2017-2018,E0,21/10/2017,Swansea,Leicester,1.0,2.0,A,0.0,1.0,19.0,11.0,4.0,6.0
premier-league,2017-2018,E0,22/10/2017,Everton,Arsenal,2.0,5.0,A,1.0,1.0,8.0,30.0,3.0,14.0
premier-league,2017-2018,E0,22/10/2017,Tottenham,Liverpool,4.0,1.0,H,3.0,1.0,14.0,12.0,6.0,7.0
premier-league,2017-2018,E0,28/10/2017,Arsenal,Swansea,2.0,1.0,H,0.0,1.0,17.0,4.0,5.0,2.0
premier-league,2017-2018,E0,28/10/2017,Bournemouth,Chelsea,0.0,1.0,A,0.0,0.0,7.0,18.0,1.0,5.0
premier-league,2017-2018,E0,28/10/2017,Crystal Palace,West Ham,2.0,2.0,D,0.0,2.0,19.0,6.0,9.0,2.0
premier-league,2017-2018,E0,28/10/2017,Liverpool,Huddersfield,3.0,0.0,H,0.0,0.0,16.0,1.0,8.0,0.0
premier-league,2017-2018,E0,28/10/2017,Man United,Tottenham,1.0,0.0,H,0.0,0.0,11.0,13.0,3.0,4.0
premier-league,2017-2018,E0,28/10/2017,Watford,Stoke,0.0,1.0,A,0.0,1.0,13.0,6.0,0.0,2.0
premier-league,2017-2018,E0,28/10/2017,West Brom,Man City,2.0,3.0,A,1.0,2.0,6.0,15.0,4.0,5.0
premier-league,2017-2018,E0,29/10/2017,Brighton,Southampton,1.0,1.0,D,0.0,1.0,7.0,6.0,2.0,1.0
premier-league,2017-2018,E0,29/10/2017,Leicester,Everton,2.0,0.0,H,2.0,0.0,9.0,16.0,3.0,2.0
premier-league,2017-2018,E0,30/10/2017,Burnley,Newcastle,1.0,0.0,H,0.0,0.0,12.0,12.0,5.0,5.0
premier-league,2017-2018,E0,04/11/2017,Huddersfield,West Brom,1.0,0.0,H,1.0,0.0,7.0,9.0,3.0,3.0
premier-league,2017-2018,E0,04/11/2017,Newcastle,Bournemouth,0.0,1.0,A,0.0,0.0,16.0,16.0,4.0,6.0
premier-league,2017-2018,E0,04/11/2017,Southampton,Burnley,0.0,1.0,A,0.0,0.0,13.0,5.0,3.0,1.0
premier-league,2017-2018,E0,04/11/2017,Stoke,Leicester,2.0,2.0,D,1.0,1.0,11.0,14.0,7.0,4.0
premier-league,2017-2018,E0,04/11/2017,Swansea,Brighton,0.0,1.0,A,0.0,1.0,12.0,5.0,2.0,2.0
premier-league,2017-2018,E0,04/11/2017,West Ham,Liverpool,1.0,4.0,A,0.0,2.0,6.0,15.0,1.0,7.0
premier-league,2017-2018,E0,05/11/2017,Chelsea,Man United,1.0,0.0,H,0.0,0.0,18.0,10.0,8.0,2.0
premier-league,2017-2018,E0,05/11/2017,Everton,Watford,3.0,2.0,H,0.0,0.0,10.0,11.0,5.0,3.0
premier-league,2017-2018,E0,05/11/2017,Man City,Arsenal,3.0,1.0,H,1.0,0.0,9.0,6.0,5.0,3.0
premier-league,2017-2018,E0,05/11/2017,Tottenham,Crystal Palace,1.0,0.0,H,0.0,0.0,12.0,11.0,2.0,3.0
premier-league,2017-2018,E0,18/11/2017,Arsenal,Tottenham,2.0,0.0,H,2.0,0.0,14.0,14.0,5.0,4.0
premier-league,2017-2018,E0,18/11/2017,Bournemouth,Huddersfield,4.0,0.0,H,2.0,0.0,11.0,20.0,5.0,3.0
premier-league,2017-2018,E0,18/11/2017,Burnley,Swansea,2.0,0.0,H,2.0,0.0,16.0,13.0,7.0,1.0
premier-league,2017-2018,E0,18/11/2017,Crystal Palace,Everton,2.0,2.0,D,2.0,2.0,16.0,8.0,7.0,5.0
premier-league,2017-2018,E0,18/11/2017,Leicester,Man City,0.0,2.0,A,0.0,1.0,2.0,12.0,0.0,4.0
premier-league,2017-2018,E0,18/11/2017,Liverpool,Southampton,3.0,0.0,H,2.0,0.0,21.0,5.0,8.0,0.0
premier-league,2017-2018,E0,18/11/2017,Man United,Newcastle,4.0,1.0,H,2.0,1.0,16.0,12.0,7.0,5.0
premier-league,2017-2018,E0,18/11/2017,West Brom,Chelsea,0.0,4.0,A,0.0,3.0,7.0,11.0,2.0,7.0
premier-league,2017-2018,E0,19/11/2017,Watford,West Ham,2.0,0.0,H,1.0,0.0,17.0,10.0,7.0,6.0
premier-league,2017-2018,E0,20/11/2017,Brighton,Stoke,2.0,2.0,D,1.0,2.0,9.0,13.0,3.0,6.0
premier-league,2017-2018,E0,24/11/2017,West Ham,Leicester,1.0,1.0,D,1.0,1.0,8.0,7.0,4.0,2.0
premier-league,2017-2018,E0,25/11/2017,Crystal Palace,Stoke,2.0,1.0,H,0.0,0.0,10.0,9.0,5.0,3.0
premier-league,2017-2018,E0,25/11/2017,Liverpool,Chelsea,1.0,1.0,D,0.0,0.0,16.0,11.0,4.0,3.0
premier-league,2017-2018,E0,25/11/2017,Man United,Brighton,1.0,0.0,H,0.0,0.0,15.0,8.0,4.0,2.0
premier-league,2017-2018,E0,25/11/2017,Newcastle,Watford,0.0,3.0,A,0.0,2.0,12.0,12.0,2.0,4.0
premier-league,2017-2018,E0,25/11/2017,Swansea,Bournemouth,0.0,0.0,D,0.0,0.0,10.0,9.0,1.0,5.0
premier-league,2017-2018,E0,25/11/2017,Tottenham,West Brom,1.0,1.0,D,0.0,1.0,24.0,5.0,5.0,2.0
premier-league,2017-2018,E0,26/11/2017,Burnley,Arsenal,0.0,1.0,A,0.0,0.0,8.0,17.0,2.0,2.0
premier-league,2017-2018,E0,26/11/2017,Huddersfield,Man City,1.0,2.0,A,1.0,0.0,4.0,14.0,0.0,5.0
premier-league,2017-2018,E0,26/11/2017,Southampton,Everton,4.0,1.0,H,1.0,1.0,17.0,5.0,5.0,2.0
premier-league,2017-2018,E0,28/11/2017,Brighton,Crystal Palace,0.0,0.0,D,0.0,0.0,10.0,10.0,4.0,4.0
premier-league,2017-2018,E0,28/11/2017,Leicester,Tottenham,2.0,1.0,H,2.0,0.0,7.0,18.0,4.0,6.0
premier-league,2017-2018,E0,28/11/2017,Watford,Man United,2.0,4.0,A,0.0,3.0,12.0,15.0,3.0,7.0
premier-league,2017-2018,E0,28/11/2017,West Brom,Newcastle,2.0,2.0,D,1.0,0.0,8.0,14.0,4.0,4.0
premier-league,2017-2018,E0,29/11/2017,Arsenal,Huddersfield,5.0,0.0,H,1.0,0.0,21.0,7.0,7.0,2.0
premier-league,2017-2018,E0,29/11/2017,Bournemouth,Burnley,1.0,2.0,A,0.0,1.0,10.0,10.0,2.0,4.0
premier-league,2017-2018,E0,29/11/2017,Chelsea,Swansea,1.0,0.0,H,0.0,0.0,21.0,2.0,10.0,0.0
premier-league,2017-2018,E0,29/11/2017,Everton,West Ham,4.0,0.0,H,2.0,0.0,8.0,7.0,5.0,3.0
premier-league,2017-2018,E0,29/11/2017,Man City,Southampton,2.0,1.0,H,0.0,0.0,26.0,7.0,12.0,2.0
premier-league,2017-2018,E0,29/11/2017,Stoke,Liverpool,0.0,3.0,A,0.0,1.0,10.0,14.0,1.0,7.0
premier-league,2017-2018,E0,02/12/2017,Arsenal,Man United,1.0,3.0,A,0.0,2.0,33.0,8.0,15.0,4.0
premier-league,2017-2018,E0,02/12/2017,Brighton,Liverpool,1.0,5.0,A,0.0,2.0,6.0,12.0,2.0,6.0
premier-league,2017-2018,E0,02/12/2017,Chelsea,Newcastle,3.0,1.0,H,2.0,1.0,23.0,8.0,9.0,2.0
premier-league,2017-2018,E0,02/12/2017,Everton,Huddersfield,2.0,0.0,H,0.0,0.0,6.0,5.0,4.0,3.0
premier-league,2017-2018,E0,02/12/2017,Leicester,Burnley,1.0,0.0,H,1.0,0.0,16.0,14.0,3.0,4.0
premier-league,2017-2018,E0,02/12/2017,Stoke,Swansea,2.0,1.0,H,2.0,1.0,10.0,10.0,3.0,3.0
premier-league,2017-2018,E0,02/12/2017,Watford,Tottenham,1.0,1.0,D,1.0,1.0,6.0,8.0,2.0,2.0
premier-league,2017-2018,E0,02/12/2017,West Brom,Crystal Palace,0.0,0.0,D,0.0,0.0,20.0,10.0,6.0,2.0
premier-league,2017-2018,E0,03/12/2017,Bournemouth,Southampton,1.0,1.0,D,1.0,0.0,16.0,15.0,5.0,4.0
premier-league,2017-2018,E0,03/12/2017,Man City,West Ham,2.0,1.0,H,0.0,1.0,24.0,7.0,8.0,4.0
premier-league,2017-2018,E0,09/12/2017,Burnley,Watford,1.0,0.0,H,1.0,0.0,8.0,11.0,5.0,2.0
premier-league,2017-2018,E0,09/12/2017,Crystal Palace,Bournemouth,2.0,2.0,D,2.0,2.0,24.0,11.0,8.0,5.0
premier-league,2017-2018,E0,09/12/2017,Huddersfield,Brighton,2.0,0.0,H,2.0,0.0,19.0,7.0,6.0,2.0
premier-league,2017-2018,E0,09/12/2017,Newcastle,Leicester,2.0,3.0,A,1.0,1.0,10.0,13.0,4.0,5.0
premier-league,2017-2018,E0,09/12/2017,Swansea,West Brom,1.0,0.0,H,0.0,0.0,18.0,7.0,3.0,1.0
premier-league,2017-2018,E0,09/12/2017,Tottenham,Stoke,5.0,1.0,H,1.0,0.0,20.0,4.0,11.0,3.0
premier-league,2017-2018,E0,09/12/2017,West Ham,Chelsea,1.0,0.0,H,1.0,0.0,5.0,19.0,2.0,2.0
premier-league,2017-2018,E0,10/12/2017,Liverpool,Everton,1.0,1.0,D,1.0,0.0,23.0,3.0,3.0,2.0
premier-league,2017-2018,E0,10/12/2017,Man United,Man City,1.0,2.0,A,1.0,1.0,8.0,14.0,5.0,7.0
premier-league,2017-2018,E0,10/12/2017,Southampton,Arsenal,1.0,1.0,D,1.0,0.0,6.0,11.0,3.0,6.0
premier-league,2017-2018,E0,12/12/2017,Burnley,Stoke,1.0,0.0,H,0.0,0.0,10.0,14.0,2.0,7.0
premier-league,2017-2018,E0,12/12/2017,Crystal Palace,Watford,2.0,1.0,H,0.0,1.0,14.0,7.0,4.0,2.0
premier-league,2017-2018,E0,12/12/2017,Huddersfield,Chelsea,1.0,3.0,A,0.0,2.0,7.0,12.0,2.0,5.0
premier-league,2017-2018,E0,13/12/2017,Liverpool,West Brom,0.0,0.0,D,0.0,0.0,14.0,6.0,5.0,1.0
premier-league,2017-2018,E0,13/12/2017,Man United,Bournemouth,1.0,0.0,H,1.0,0.0,9.0,14.0,2.0,7.0
premier-league,2017-2018,E0,13/12/2017,Newcastle,Everton,0.0,1.0,A,0.0,1.0,16.0,7.0,4.0,4.0
premier-league,2017-2018,E0,13/12/2017,Southampton,Leicester,1.0,4.0,A,0.0,3.0,12.0,16.0,4.0,11.0
premier-league,2017-2018,E0,13/12/2017,Swansea,Man City,0.0,4.0,A,0.0,2.0,7.0,23.0,3.0,10.0
premier-league,2017-2018,E0,13/12/2017,Tottenham,Brighton,2.0,0.0,H,1.0,0.0,25.0,7.0,8.0,4.0
premier-league,2017-2018,E0,13/12/2017,West Ham,Arsenal,0.0,0.0,D,0.0,0.0,6.0,22.0,0.0,3.0
premier-league,2017-2018,E0,16/12/2017,Arsenal,Newcastle,1.0,0.0,H,1.0,0.0,23.0,10.0,5.0,2.0
premier-league,2017-2018,E0,16/12/2017,Brighton,Burnley,0.0,0.0,D,0.0,0.0,12.0,11.0,2.0,6.0
premier-league,2017-2018,E0,16/12/2017,Chelsea,Southampton,1.0,0.0,H,1.0,0.0,24.0,6.0,8.0,2.0
premier-league,2017-2018,E0,16/12/2017,Leicester,Crystal Palace,0.0,3.0,A,0.0,2.0,11.0,13.0,2.0,6.0
premier-league,2017-2018,E0,16/12/2017,Man City,Tottenham,4.0,1.0,H,1.0,0.0,20.0,7.0,11.0,2.0
premier-league,2017-2018,E0,16/12/2017,Stoke,West Ham,0.0,3.0,A,0.0,1.0,17.0,14.0,0.0,7.0
premier-league,2017-2018,E0,16/12/2017,Watford,Huddersfield,1.0,4.0,A,0.0,2.0,13.0,15.0,3.0,9.0
premier-league,2017-2018,E0,17/12/2017,Bournemouth,Liverpool,0.0,4.0,A,0.0,3.0,6.0,21.0,2.0,7.0
premier-league,2017-2018,E0,17/12/2017,West Brom,Man United,1.0,2.0,A,0.0,2.0,12.0,8.0,5.0,3.0
premier-league,2017-2018,E0,18/12/2017,Everton,Swansea,3.0,1.0,H,1.0,1.0,12.0,8.0,7.0,3.0
premier-league,2017-2018,E0,22/12/2017,Arsenal,Liverpool,3.0,3.0,D,0.0,1.0,11.0,14.0,4.0,9.0
premier-league,2017-2018,E0,23/12/2017,Brighton,Watford,1.0,0.0,H,0.0,0.0,14.0,13.0,3.0,1.0
premier-league,2017-2018,E0,23/12/2017,Burnley,Tottenham,0.0,3.0,A,0.0,1.0,5.0,18.0,2.0,8.0
premier-league,2017-2018,E0,23/12/2017,Everton,Chelsea,0.0,0.0,D,0.0,0.0,5.0,25.0,0.0,8.0
premier-league,2017-2018,E0,23/12/2017,Leicester,Man United,2.0,2.0,D,1.0,1.0,11.0,19.0,3.0,6.0
premier-league,2017-2018,E0,23/12/2017,Man City,Bournemouth,4.0,0.0,H,1.0,0.0,14.0,5.0,5.0,1.0
premier-league,2017-2018,E0,23/12/2017,Southampton,Huddersfield,1.0,1.0,D,1.0,0.0,12.0,10.0,6.0,3.0
premier-league,2017-2018,E0,23/12/2017,Stoke,West Brom,3.0,1.0,H,2.0,0.0,9.0,17.0,5.0,7.0
premier-league,2017-2018,E0,23/12/2017,Swansea,Crystal Palace,1.0,1.0,D,0.0,0.0,7.0,13.0,2.0,5.0
premier-league,2017-2018,E0,23/12/2017,West Ham,Newcastle,2.0,3.0,A,1.0,1.0,19.0,11.0,6.0,4.0
premier-league,2017-2018,E0,26/12/2017,Bournemouth,West Ham,3.0,3.0,D,1.0,1.0,26.0,10.0,10.0,5.0
premier-league,2017-2018,E0,26/12/2017,Chelsea,Brighton,2.0,0.0,H,0.0,0.0,25.0,8.0,8.0,1.0
premier-league,2017-2018,E0,26/12/2017,Huddersfield,Stoke,1.0,1.0,D,1.0,0.0,18.0,15.0,8.0,7.0
premier-league,2017-2018,E0,26/12/2017,Liverpool,Swansea,5.0,0.0,H,1.0,0.0,22.0,7.0,9.0,4.0
premier-league,2017-2018,E0,26/12/2017,Man United,Burnley,2.0,2.0,D,0.0,2.0,23.0,3.0,6.0,2.0
premier-league,2017-2018,E0,26/12/2017,Tottenham,Southampton,5.0,2.0,H,2.0,0.0,16.0,16.0,7.0,6.0
premier-league,2017-2018,E0,26/12/2017,Watford,Leicester,2.0,1.0,H,1.0,1.0,11.0,11.0,1.0,5.0
premier-league,2017-2018,E0,26/12/2017,West Brom,Everton,0.0,0.0,D,0.0,0.0,17.0,7.0,3.0,3.0
premier-league,2017-2018,E0,27/12/2017,Newcastle,Man City,0.0,1.0,A,0.0,1.0,6.0,22.0,2.0,6.0
premier-league,2017-2018,E0,28/12/2017,Crystal Palace,Arsenal,2.0,3.0,A,0.0,1.0,16.0,16.0,2.0,9.0
premier-league,2017-2018,E0,30/12/2017,Bournemouth,Everton,2.0,1.0,H,1.0,0.0,19.0,6.0,7.0,1.0
premier-league,2017-2018,E0,30/12/2017,Chelsea,Stoke,5.0,0.0,H,3.0,0.0,21.0,1.0,12.0,1.0
premier-league,2017-2018,E0,30/12/2017,Huddersfield,Burnley,0.0,0.0,D,0.0,0.0,3.0,11.0,1.0,4.0
premier-league,2017-2018,E0,30/12/2017,Liverpool,Leicester,2.0,1.0,H,0.0,1.0,17.0,7.0,6.0,1.0
premier-league,2017-2018,E0,30/12/2017,Man United,Southampton,0.0,0.0,D,0.0,0.0,15.0,8.0,3.0,3.0
premier-league,2017-2018,E0,30/12/2017,Newcastle,Brighton,0.0,0.0,D,0.0,0.0,11.0,10.0,2.0,3.0
premier-league,2017-2018,E0,30/12/2017,Watford,Swansea,1.0,2.0,A,1.0,0.0,9.0,9.0,4.0,4.0
premier-league,2017-2018,E0,31/12/2017,Crystal Palace,Man City,0.0,0.0,D,0.0,0.0,10.0,15.0,1.0,4.0
premier-league,2017-2018,E0,31/12/2017,West Brom,Arsenal,1.0,1.0,D,0.0,0.0,14.0,14.0,3.0,4.0
premier-league,2017-2018,E0,01/01/2018,Brighton,Bournemouth,2.0,2.0,D,1.0,1.0,15.0,26.0,6.0,8.0
premier-league,2017-2018,E0,01/01/2018,Burnley,Liverpool,1.0,2.0,A,0.0,0.0,13.0,19.0,4.0,5.0
premier-league,2017-2018,E0,01/01/2018,Everton,Man United,0.0,2.0,A,0.0,0.0,12.0,21.0,0.0,6.0
premier-league,2017-2018,E0,01/01/2018,Leicester,Huddersfield,3.0,0.0,H,0.0,0.0,11.0,6.0,5.0,1.0
premier-league,2017-2018,E0,01/01/2018,Stoke,Newcastle,0.0,1.0,A,0.0,0.0,11.0,14.0,4.0,6.0
premier-league,2017-2018,E0,02/01/2018,Man City,Watford,3.0,1.0,H,2.0,0.0,17.0,7.0,7.0,4.0
premier-league,2017-2018,E0,02/01/2018,Southampton,Crystal Palace,1.0,2.0,A,1.0,0.0,10.0,11.0,3.0,4.0
premier-league,2017-2018,E0,02/01/2018,Swansea,Tottenham,0.0,2.0,A,0.0,1.0,8.0,12.0,1.0,5.0
premier-league,2017-2018,E0,02/01/2018,West Ham,West Brom,2.0,1.0,H,0.0,1.0,13.0,10.0,5.0,3.0
premier-league,2017-2018,E0,03/01/2018,Arsenal,Chelsea,2.0,2.0,D,0.0,0.0,14.0,19.0,6.0,6.0
premier-league,2017-2018,E0,04/01/2018,Tottenham,West Ham,1.0,1.0,D,0.0,0.0,31.0,3.0,8.0,1.0
premier-league,2017-2018,E0,13/01/2018,Chelsea,Leicester,0.0,0.0,D,0.0,0.0,17.0,14.0,7.0,1.0
premier-league,2017-2018,E0,13/01/2018,Crystal Palace,Burnley,1.0,0.0,H,1.0,0.0,17.0,8.0,2.0,2.0
premier-league,2017-2018,E0,13/01/2018,Huddersfield,West Ham,1.0,4.0,A,1.0,1.0,8.0,8.0,2.0,6.0
premier-league,2017-2018,E0,13/01/2018,Newcastle,Swansea,1.0,1.0,D,0.0,0.0,12.0,8.0,4.0,5.0
premier-league,2017-2018,E0,13/01/2018,Tottenham,Everton,4.0,0.0,H,1.0,0.0,20.0,7.0,10.0,0.0
premier-league,2017-2018,E0,13/01/2018,Watford,Southampton,2.0,2.0,D,0.0,2.0,16.0,10.0,4.0,4.0
premier-league,2017-2018,E0,13/01/2018,West Brom,Brighton,2.0,0.0,H,1.0,0.0,15.0,13.0,4.0,1.0
premier-league,2017-2018,E0,14/01/2018,Bournemouth,Arsenal,2.0,1.0,H,0.0,0.0,13.0,12.0,5.0,3.0
premier-league,2017-2018,E0,14/01/2018,Liverpool,Man City,4.0,3.0,H,1.0,1.0,16.0,11.0,7.0,4.0
premier-league,2017-2018,E0,15/01/2018,Man United,Stoke,3.0,0.0,H,2.0,0.0,20.0,11.0,9.0,5.0
premier-league,2017-2018,E0,20/01/2018,Arsenal,Crystal Palace,4.0,1.0,H,4.0,0.0,16.0,9.0,10.0,5.0
premier-league,2017-2018,E0,20/01/2018,Brighton,Chelsea,0.0,4.0,A,0.0,2.0,10.0,14.0,3.0,10.0
premier-league,2017-2018,E0,20/01/2018,Burnley,Man United,0.0,1.0,A,0.0,0.0,13.0,12.0,2.0,2.0
premier-league,2017-2018,E0,20/01/2018,Everton,West Brom,1.0,1.0,D,0.0,1.0,9.0,15.0,4.0,5.0
premier-league,2017-2018,E0,20/01/2018,Leicester,Watford,2.0,0.0,H,1.0,0.0,9.0,11.0,5.0,3.0
premier-league,2017-2018,E0,20/01/2018,Man City,Newcastle,3.0,1.0,H,1.0,0.0,21.0,6.0,9.0,4.0
premier-league,2017-2018,E0,20/01/2018,Stoke,Huddersfield,2.0,0.0,H,0.0,0.0,11.0,6.0,6.0,3.0
premier-league,2017-2018,E0,20/01/2018,West Ham,Bournemouth,1.0,1.0,D,0.0,0.0,12.0,8.0,4.0,3.0
premier-league,2017-2018,E0,21/01/2018,Southampton,Tottenham,1.0,1.0,D,1.0,1.0,10.0,17.0,4.0,2.0
premier-league,2017-2018,E0,22/01/2018,Swansea,Liverpool,1.0,0.0,H,1.0,0.0,3.0,21.0,2.0,4.0
premier-league,2017-2018,E0,30/01/2018,Huddersfield,Liverpool,0.0,3.0,A,0.0,2.0,5.0,14.0,1.0,7.0
premier-league,2017-2018,E0,30/01/2018,Swansea,Arsenal,3.0,1.0,H,1.0,1.0,12.0,9.0,4.0,4.0
premier-league,2017-2018,E0,30/01/2018,West Ham,Crystal Palace,1.0,1.0,D,1.0,1.0,8.0,9.0,3.0,3.0
premier-league,2017-2018,E0,31/01/2018,Chelsea,Bournemouth,0.0,3.0,A,0.0,0.0,21.0,11.0,5.0,5.0
premier-league,2017-2018,E0,31/01/2018,Everton,Leicester,2.0,1.0,H,2.0,0.0,9.0,8.0,4.0,1.0
premier-league,2017-2018,E0,31/01/2018,Man City,West Brom,3.0,0.0,H,1.0,0.0,19.0,3.0,10.0,1.0
premier-league,2017-2018,E0,31/01/2018,Newcastle,Burnley,1.0,1.0,D,0.0,0.0,14.0,11.0,4.0,2.0
premier-league,2017-2018,E0,31/01/2018,Southampton,Brighton,1.0,1.0,D,0.0,1.0,18.0,9.0,3.0,2.0
premier-league,2017-2018,E0,31/01/2018,Stoke,Watford,0.0,0.0,D,0.0,0.0,11.0,12.0,4.0,2.0
premier-league,2017-2018,E0,31/01/2018,Tottenham,Man United,2.0,0.0,H,2.0,0.0,22.0,6.0,6.0,3.0
premier-league,2017-2018,E0,03/02/2018,Arsenal,Everton,5.0,1.0,H,4.0,0.0,15.0,11.0,7.0,2.0
premier-league,2017-2018,E0,03/02/2018,Bournemouth,Stoke,2.0,1.0,H,0.0,1.0,15.0,13.0,8.0,4.0
premier-league,2017-2018,E0,03/02/2018,Brighton,West Ham,3.0,1.0,H,1.0,1.0,21.0,4.0,5.0,1.0
premier-league,2017-2018,E0,03/02/2018,Burnley,Man City,1.0,1.0,D,0.0,1.0,8.0,20.0,3.0,7.0
premier-league,2017-2018,E0,03/02/2018,Leicester,Swansea,1.0,1.0,D,1.0,0.0,13.0,3.0,5.0,1.0
premier-league,2017-2018,E0,03/02/2018,Man United,Huddersfield,2.0,0.0,H,0.0,0.0,16.0,4.0,7.0,0.0
premier-league,2017-2018,E0,03/02/2018,West Brom,Southampton,2.0,3.0,A,1.0,2.0,9.0,13.0,3.0,5.0
premier-league,2017-2018,E0,04/02/2018,Crystal Palace,Newcastle,1.0,1.0,D,0.0,1.0,21.0,11.0,6.0,8.0
premier-league,2017-2018,E0,04/02/2018,Liverpool,Tottenham,2.0,2.0,D,1.0,0.0,9.0,13.0,3.0,6.0
premier-league,2017-2018,E0,05/02/2018,Watford,Chelsea,4.0,1.0,H,1.0,0.0,21.0,7.0,8.0,3.0
premier-league,2017-2018,E0,10/02/2018,Everton,Crystal Palace,3.0,1.0,H,0.0,0.0,11.0,16.0,5.0,4.0
premier-league,2017-2018,E0,10/02/2018,Man City,Leicester,5.0,1.0,H,1.0,1.0,19.0,2.0,11.0,2.0
premier-league,2017-2018,E0,10/02/2018,Stoke,Brighton,1.0,1.0,D,0.0,1.0,15.0,14.0,3.0,6.0
premier-league,2017-2018,E0,10/02/2018,Swansea,Burnley,1.0,0.0,H,0.0,0.0,12.0,13.0,4.0,1.0
premier-league,2017-2018,E0,10/02/2018,Tottenham,Arsenal,1.0,0.0,H,0.0,0.0,18.0,6.0,6.0,1.0
premier-league,2017-2018,E0,10/02/2018,West Ham,Watford,2.0,0.0,H,1.0,0.0,8.0,11.0,4.0,4.0
premier-league,2017-2018,E0,11/02/2018,Huddersfield,Bournemouth,4.0,1.0,H,2.0,1.0,15.0,7.0,4.0,2.0
premier-league,2017-2018,E0,11/02/2018,Newcastle,Man United,1.0,0.0,H,0.0,0.0,10.0,13.0,3.0,6.0
premier-league,2017-2018,E0,11/02/2018,Southampton,Liverpool,0.0,2.0,A,0.0,2.0,6.0,16.0,4.0,4.0
premier-league,2017-2018,E0,12/02/2018,Chelsea,West Brom,3.0,0.0,H,1.0,0.0,20.0,8.0,8.0,1.0
premier-league,2017-2018,E0,24/02/2018,Bournemouth,Newcastle,2.0,2.0,D,0.0,2.0,18.0,15.0,5.0,4.0
premier-league,2017-2018,E0,24/02/2018,Brighton,Swansea,4.0,1.0,H,1.0,0.0,16.0,11.0,5.0,1.0
premier-league,2017-2018,E0,24/02/2018,Burnley,Southampton,1.0,1.0,D,0.0,0.0,9.0,13.0,3.0,6.0
premier-league,2017-2018,E0,24/02/2018,Leicester,Stoke,1.0,1.0,D,0.0,1.0,19.0,6.0,9.0,2.0
premier-league,2017-2018,E0,24/02/2018,Liverpool,West Ham,4.0,1.0,H,1.0,0.0,21.0,7.0,12.0,4.0
premier-league,2017-2018,E0,24/02/2018,Watford,Everton,1.0,0.0,H,0.0,0.0,13.0,7.0,5.0,2.0
premier-league,2017-2018,E0,24/02/2018,West Brom,Huddersfield,1.0,2.0,A,0.0,0.0,10.0,16.0,3.0,7.0
premier-league,2017-2018,E0,25/02/2018,Crystal Palace,Tottenham,0.0,1.0,A,0.0,0.0,5.0,14.0,3.0,4.0
premier-league,2017-2018,E0,25/02/2018,Man United,Chelsea,2.0,1.0,H,1.0,1.0,10.0,14.0,5.0,7.0
premier-league,2017-2018,E0,01/03/2018,Arsenal,Man City,0.0,3.0,A,0.0,3.0,10.0,9.0,5.0,5.0
premier-league,2017-2018,E0,03/03/2018,Burnley,Everton,2.0,1.0,H,0.0,1.0,21.0,10.0,8.0,4.0
premier-league,2017-2018,E0,03/03/2018,Leicester,Bournemouth,1.0,1.0,D,0.0,1.0,23.0,8.0,4.0,3.0
premier-league,2017-2018,E0,03/03/2018,Liverpool,Newcastle,2.0,0.0,H,1.0,0.0,14.0,7.0,3.0,2.0
premier-league,2017-2018,E0,03/03/2018,Southampton,Stoke,0.0,0.0,D,0.0,0.0,18.0,12.0,6.0,3.0
premier-league,2017-2018,E0,03/03/2018,Swansea,West Ham,4.0,1.0,H,2.0,0.0,9.0,7.0,8.0,2.0
premier-league,2017-2018,E0,03/03/2018,Tottenham,Huddersfield,2.0,0.0,H,1.0,0.0,15.0,3.0,7.0,3.0
premier-league,2017-2018,E0,03/03/2018,Watford,West Brom,1.0,0.0,H,0.0,0.0,15.0,9.0,4.0,2.0
premier-league,2017-2018,E0,04/03/2018,Brighton,Arsenal,2.0,1.0,H,2.0,1.0,13.0,15.0,6.0,7.0
premier-league,2017-2018,E0,04/03/2018,Man City,Chelsea,1.0,0.0,H,0.0,0.0,13.0,3.0,3.0,0.0
premier-league,2017-2018,E0,05/03/2018,Crystal Palace,Man United,2.0,3.0,A,1.0,0.0,10.0,17.0,4.0,8.0
premier-league,2017-2018,E0,10/03/2018,Chelsea,Crystal Palace,2.0,1.0,H,2.0,0.0,27.0,9.0,11.0,2.0
premier-league,2017-2018,E0,10/03/2018,Everton,Brighton,2.0,0.0,H,0.0,0.0,13.0,10.0,3.0,4.0
premier-league,2017-2018,E0,10/03/2018,Huddersfield,Swansea,0.0,0.0,D,0.0,0.0,30.0,0.0,4.0,0.0
premier-league,2017-2018,E0,10/03/2018,Man United,Liverpool,2.0,1.0,H,2.0,0.0,5.0,14.0,2.0,2.0
premier-league,2017-2018,E0,10/03/2018,Newcastle,Southampton,3.0,0.0,H,2.0,0.0,7.0,6.0,5.0,2.0
premier-league,2017-2018,E0,10/03/2018,West Brom,Leicester,1.0,4.0,A,1.0,1.0,6.0,14.0,2.0,6.0
premier-league,2017-2018,E0,10/03/2018,West Ham,Burnley,0.0,3.0,A,0.0,0.0,13.0,7.0,4.0,4.0
premier-league,2017-2018,E0,11/03/2018,Arsenal,Watford,3.0,0.0,H,1.0,0.0,11.0,11.0,7.0,4.0
premier-league,2017-2018,E0,11/03/2018,Bournemouth,Tottenham,1.0,4.0,A,1.0,1.0,14.0,12.0,3.0,8.0
premier-league,2017-2018,E0,12/03/2018,Stoke,Man City,0.0,2.0,A,0.0,1.0,3.0,17.0,0.0,6.0
premier-league,2017-2018,E0,17/03/2018,Bournemouth,West Brom,2.0,1.0,H,0.0,0.0,17.0,11.0,5.0,6.0
premier-league,2017-2018,E0,17/03/2018,Huddersfield,Crystal Palace,0.0,2.0,A,0.0,1.0,6.0,17.0,2.0,6.0
premier-league,2017-2018,E0,17/03/2018,Liverpool,Watford,5.0,0.0,H,2.0,0.0,13.0,4.0,10.0,1.0
premier-league,2017-2018,E0,17/03/2018,Stoke,Everton,1.0,2.0,A,0.0,0.0,9.0,17.0,4.0,9.0
premier-league,2017-2018,E0,31/03/2018,Brighton,Leicester,0.0,2.0,A,0.0,0.0,15.0,6.0,3.0,4.0
premier-league,2017-2018,E0,31/03/2018,Crystal Palace,Liverpool,1.0,2.0,A,1.0,0.0,6.0,16.0,3.0,6.0
premier-league,2017-2018,E0,31/03/2018,Everton,Man City,1.0,3.0,A,0.0,3.0,6.0,18.0,2.0,4.0
premier-league,2017-2018,E0,31/03/2018,Man United,Swansea,2.0,0.0,H,2.0,0.0,11.0,3.0,5.0,2.0
premier-league,2017-2018,E0,31/03/2018,Newcastle,Huddersfield,1.0,0.0,H,0.0,0.0,18.0,4.0,3.0,0.0
premier-league,2017-2018,E0,31/03/2018,Watford,Bournemouth,2.0,2.0,D,1.0,1.0,16.0,13.0,5.0,6.0
premier-league,2017-2018,E0,31/03/2018,West Brom,Burnley,1.0,2.0,A,0.0,1.0,8.0,11.0,3.0,4.0
premier-league,2017-2018,E0,31/03/2018,West Ham,Southampton,3.0,0.0,H,3.0,0.0,13.0,9.0,5.0,0.0
premier-league,2017-2018,E0,01/04/2018,Arsenal,Stoke,3.0,0.0,H,0.0,0.0,24.0,8.0,11.0,2.0
premier-league,2017-2018,E0,01/04/2018,Chelsea,Tottenham,1.0,3.0,A,1.0,1.0,14.0,12.0,4.0,7.0
premier-league,2017-2018,E0,07/04/2018,Bournemouth,Crystal Palace,2.0,2.0,D,0.0,0.0,20.0,13.0,5.0,6.0
premier-league,2017-2018,E0,07/04/2018,Brighton,Huddersfield,1.0,1.0,D,1.0,1.0,13.0,14.0,4.0,5.0
premier-league,2017-2018,E0,07/04/2018,Everton,Liverpool,0.0,0.0,D,0.0,0.0,6.0,10.0,1.0,3.0
premier-league,2017-2018,E0,07/04/2018,Leicester,Newcastle,1.0,2.0,A,0.0,1.0,8.0,8.0,1.0,4.0
premier-league,2017-2018,E0,07/04/2018,Man City,Man United,2.0,3.0,A,2.0,0.0,20.0,5.0,6.0,4.0
premier-league,2017-2018,E0,07/04/2018,Stoke,Tottenham,1.0,2.0,A,0.0,0.0,10.0,15.0,4.0,4.0
premier-league,2017-2018,E0,07/04/2018,Watford,Burnley,1.0,2.0,A,0.0,0.0,14.0,7.0,5.0,4.0
premier-league,2017-2018,E0,07/04/2018,West Brom,Swansea,1.0,1.0,D,0.0,0.0,15.0,7.0,3.0,1.0
premier-league,2017-2018,E0,08/04/2018,Arsenal,Southampton,3.0,2.0,H,2.0,1.0,13.0,15.0,7.0,8.0
premier-league,2017-2018,E0,08/04/2018,Chelsea,West Ham,1.0,1.0,D,1.0,0.0,23.0,5.0,6.0,2.0
premier-league,2017-2018,E0,14/04/2018,Burnley,Leicester,2.0,1.0,H,2.0,0.0,8.0,15.0,3.0,6.0
premier-league,2017-2018,E0,14/04/2018,Crystal Palace,Brighton,3.0,2.0,H,3.0,2.0,15.0,12.0,8.0,3.0
premier-league,2017-2018,E0,14/04/2018,Huddersfield,Watford,1.0,0.0,H,0.0,0.0,9.0,4.0,1.0,2.0
premier-league,2017-2018,E0,14/04/2018,Liverpool,Bournemouth,3.0,0.0,H,1.0,0.0,20.0,6.0,7.0,1.0
premier-league,2017-2018,E0,14/04/2018,Southampton,Chelsea,2.0,3.0,A,1.0,0.0,10.0,17.0,7.0,5.0
premier-league,2017-2018,E0,14/04/2018,Swansea,Everton,1.0,1.0,D,0.0,1.0,17.0,12.0,7.0,3.0
premier-league,2017-2018,E0,14/04/2018,Tottenham,Man City,1.0,3.0,A,1.0,2.0,8.0,17.0,3.0,6.0
premier-league,2017-2018,E0,15/04/2018,Man United,West Brom,0.0,1.0,A,0.0,0.0,14.0,10.0,4.0,4.0
premier-league,2017-2018,E0,15/04/2018,Newcastle,Arsenal,2.0,1.0,H,1.0,1.0,8.0,15.0,4.0,3.0
premier-league,2017-2018,E0,16/04/2018,West Ham,Stoke,1.0,1.0,D,0.0,0.0,18.0,11.0,6.0,7.0
premier-league,2017-2018,E0,17/04/2018,Brighton,Tottenham,1.0,1.0,D,0.0,0.0,8.0,16.0,5.0,6.0
premier-league,2017-2018,E0,18/04/2018,Bournemouth,Man United,0.0,2.0,A,0.0,1.0,13.0,13.0,2.0,4.0
premier-league,2017-2018,E0,19/04/2018,Burnley,Chelsea,1.0,2.0,A,0.0,1.0,5.0,16.0,2.0,5.0
premier-league,2017-2018,E0,19/04/2018,Leicester,Southampton,0.0,0.0,D,0.0,0.0,11.0,6.0,3.0,2.0
premier-league,2017-2018,E0,21/04/2018,Watford,Crystal Palace,0.0,0.0,D,0.0,0.0,14.0,6.0,4.0,1.0
premier-league,2017-2018,E0,21/04/2018,West Brom,Liverpool,2.0,2.0,D,0.0,1.0,13.0,9.0,6.0,3.0
premier-league,2017-2018,E0,22/04/2018,Arsenal,West Ham,4.0,1.0,H,0.0,0.0,20.0,11.0,8.0,4.0
premier-league,2017-2018,E0,22/04/2018,Man City,Swansea,5.0,0.0,H,2.0,0.0,19.0,4.0,12.0,1.0
premier-league,2017-2018,E0,22/04/2018,Stoke,Burnley,1.0,1.0,D,1.0,0.0,8.0,16.0,3.0,7.0
premier-league,2017-2018,E0,23/04/2018,Everton,Newcastle,1.0,0.0,H,0.0,0.0,9.0,9.0,1.0,2.0
premier-league,2017-2018,E0,28/04/2018,Burnley,Brighton,0.0,0.0,D,0.0,0.0,10.0,9.0,4.0,1.0
premier-league,2017-2018,E0,28/04/2018,Crystal Palace,Leicester,5.0,0.0,H,2.0,0.0,15.0,6.0,9.0,1.0
premier-league,2017-2018,E0,28/04/2018,Huddersfield,Everton,0.0,2.0,A,0.0,1.0,9.0,7.0,2.0,5.0
premier-league,2017-2018,E0,28/04/2018,Liverpool,Stoke,0.0,0.0,D,0.0,0.0,20.0,5.0,2.0,1.0
premier-league,2017-2018,E0,28/04/2018,Newcastle,West Brom,0.0,1.0,A,0.0,1.0,17.0,9.0,2.0,2.0
premier-league,2017-2018,E0,28/04/2018,Southampton,Bournemouth,2.0,1.0,H,1.0,1.0,14.0,14.0,6.0,7.0
premier-league,2017-2018,E0,28/04/2018,Swansea,Chelsea,0.0,1.0,A,0.0,1.0,10.0,11.0,3.0,3.0
premier-league,2017-2018,E0,29/04/2018,Man United,Arsenal,2.0,1.0,H,1.0,0.0,17.0,8.0,3.0,3.0
premier-league,2017-2018,E0,29/04/2018,West Ham,Man City,1.0,4.0,A,1.0,2.0,4.0,19.0,1.0,7.0
premier-league,2017-2018,E0,30/04/2018,Tottenham,Watford,2.0,0.0,H,1.0,0.0,13.0,13.0,3.0,5.0
premier-league,2017-2018,E0,04/05/2018,Brighton,Man United,1.0,0.0,H,0.0,0.0,11.0,16.0,4.0,3.0
premier-league,2017-2018,E0,05/05/2018,Bournemouth,Swansea,1.0,0.0,H,1.0,0.0,13.0,12.0,5.0,3.0
premier-league,2017-2018,E0,05/05/2018,Everton,Southampton,1.0,1.0,D,0.0,0.0,9.0,11.0,3.0,5.0
premier-league,2017-2018,E0,05/05/2018,Leicester,West Ham,0.0,2.0,A,0.0,1.0,13.0,13.0,2.0,3.0
premier-league,2017-2018,E0,05/05/2018,Stoke,Crystal Palace,1.0,2.0,A,1.0,0.0,7.0,13.0,2.0,2.0
premier-league,2017-2018,E0,05/05/2018,Watford,Newcastle,2.0,1.0,H,2.0,0.0,11.0,9.0,8.0,1.0
premier-league,2017-2018,E0,05/05/2018,West Brom,Tottenham,1.0,0.0,H,0.0,0.0,9.0,18.0,1.0,5.0
premier-league,2017-2018,E0,06/05/2018,Arsenal,Burnley,5.0,0.0,H,2.0,0.0,16.0,6.0,8.0,2.0
premier-league,2017-2018,E0,06/05/2018,Chelsea,Liverpool,1.0,0.0,H,1.0,0.0,12.0,10.0,4.0,5.0
premier-league,2017-2018,E0,06/05/2018,Man City,Huddersfield,0.0,0.0,D,0.0,0.0,15.0,5.0,2.0,3.0
premier-league,2017-2018,E0,08/05/2018,Swansea,Southampton,0.0,1.0,A,0.0,0.0,11.0,13.0,3.0,8.0
premier-league,2017-2018,E0,09/05/2018,Chelsea,Huddersfield,1.0,1.0,D,0.0,0.0,22.0,3.0,5.0,2.0
premier-league,2017-2018,E0,09/05/2018,Leicester,Arsenal,3.0,1.0,H,1.0,0.0,19.0,14.0,10.0,7.0
premier-league,2017-2018,E0,09/05/2018,Man City,Brighton,3.0,1.0,H,2.0,1.0,19.0,6.0,7.0,3.0
premier-league,2017-2018,E0,09/05/2018,Tottenham,Newcastle,1.0,0.0,H,0.0,0.0,11.0,14.0,7.0,3.0
premier-league,2017-2018,E0,10/05/2018,West Ham,Man United,0.0,0.0,D,0.0,0.0,9.0,16.0,2.0,6.0
premier-league,2017-2018,E0,13/05/2018,Burnley,Bournemouth,1.0,2.0,A,1.0,0.0,12.0,16.0,4.0,5.0
premier-league,2017-2018,E0,13/05/2018,Crystal Palace,West Brom,2.0,0.0,H,0.0,0.0,11.0,7.0,5.0,1.0
premier-league,2017-2018,E0,13/05/2018,Huddersfield,Arsenal,0.0,1.0,A,0.0,1.0,18.0,9.0,3.0,4.0
premier-league,2017-2018,E0,13/05/2018,Liverpool,Brighton,4.0,0.0,H,2.0,0.0,22.0,2.0,11.0,1.0
premier-league,2017-2018,E0,13/05/2018,Man United,Watford,1.0,0.0,H,1.0,0.0,7.0,7.0,1.0,3.0
premier-league,2017-2018,E0,13/05/2018,Newcastle,Chelsea,3.0,0.0,H,1.0,0.0,16.0,6.0,6.0,2.0
premier-league,2017-2018,E0,13/05/2018,Southampton,Man City,0.0,1.0,A,0.0,0.0,8.0,13.0,3.0,2.0
premier-league,2017-2018,E0,13/05/2018,Swansea,Stoke,1.0,2.0,A,1.0,2.0,26.0,8.0,11.0,5.0
premier-league,2017-2018,E0,13/05/2018,Tottenham,Leicester,5.0,4.0,H,1.0,2.0,14.0,16.0,6.0,9.0
premier-league,2017-2018,E0,13/05/2018,West Ham,Everton,3.0,1.0,H,1.0,0.0,15.0,14.0,4.0,7.0
premier-league,2018-2019,E0,10/08/2018,Man United,Leicester,2.0,1.0,H,1.0,0.0,8.0,13.0,6.0,4.0
premier-league,2018-2019,E0,11/08/2018,Bournemouth,Cardiff,2.0,0.0,H,1.0,0.0,12.0,10.0,4.0,1.0
premier-league,2018-2019,E0,11/08/2018,Fulham,Crystal Palace,0.0,2.0,A,0.0,1.0,15.0,10.0,6.0,9.0
premier-league,2018-2019,E0,11/08/2018,Huddersfield,Chelsea,0.0,3.0,A,0.0,2.0,6.0,13.0,1.0,4.0
premier-league,2018-2019,E0,11/08/2018,Newcastle,Tottenham,1.0,2.0,A,1.0,2.0,15.0,15.0,2.0,5.0
premier-league,2018-2019,E0,11/08/2018,Watford,Brighton,2.0,0.0,H,1.0,0.0,19.0,6.0,5.0,0.0
premier-league,2018-2019,E0,11/08/2018,Wolves,Everton,2.0,2.0,D,1.0,1.0,11.0,6.0,4.0,5.0
premier-league,2018-2019,E0,12/08/2018,Arsenal,Man City,0.0,2.0,A,0.0,1.0,9.0,17.0,3.0,8.0
premier-league,2018-2019,E0,12/08/2018,Liverpool,West Ham,4.0,0.0,H,2.0,0.0,18.0,5.0,8.0,2.0
premier-league,2018-2019,E0,12/08/2018,Southampton,Burnley,0.0,0.0,D,0.0,0.0,18.0,16.0,3.0,6.0
premier-league,2018-2019,E0,18/08/2018,Cardiff,Newcastle,0.0,0.0,D,0.0,0.0,12.0,12.0,1.0,6.0
premier-league,2018-2019,E0,18/08/2018,Chelsea,Arsenal,3.0,2.0,H,2.0,2.0,24.0,15.0,11.0,6.0
premier-league,2018-2019,E0,18/08/2018,Everton,Southampton,2.0,1.0,H,2.0,0.0,13.0,15.0,7.0,4.0
premier-league,2018-2019,E0,18/08/2018,Leicester,Wolves,2.0,0.0,H,2.0,0.0,6.0,11.0,2.0,3.0
premier-league,2018-2019,E0,18/08/2018,Tottenham,Fulham,3.0,1.0,H,1.0,0.0,25.0,10.0,11.0,3.0
premier-league,2018-2019,E0,18/08/2018,West Ham,Bournemouth,1.0,2.0,A,1.0,0.0,11.0,12.0,5.0,5.0
premier-league,2018-2019,E0,19/08/2018,Brighton,Man United,3.0,2.0,H,3.0,1.0,6.0,9.0,3.0,3.0
premier-league,2018-2019,E0,19/08/2018,Burnley,Watford,1.0,3.0,A,1.0,1.0,8.0,9.0,3.0,6.0
premier-league,2018-2019,E0,19/08/2018,Man City,Huddersfield,6.0,1.0,H,3.0,1.0,32.0,5.0,14.0,1.0
premier-league,2018-2019,E0,20/08/2018,Crystal Palace,Liverpool,0.0,2.0,A,0.0,1.0,8.0,16.0,2.0,6.0
premier-league,2018-2019,E0,25/08/2018,Arsenal,West Ham,3.0,1.0,H,1.0,1.0,17.0,13.0,10.0,5.0
premier-league,2018-2019,E0,25/08/2018,Bournemouth,Everton,2.0,2.0,D,0.0,0.0,17.0,11.0,5.0,3.0
premier-league,2018-2019,E0,25/08/2018,Huddersfield,Cardiff,0.0,0.0,D,0.0,0.0,5.0,14.0,1.0,4.0
premier-league,2018-2019,E0,25/08/2018,Liverpool,Brighton,1.0,0.0,H,1.0,0.0,22.0,6.0,8.0,2.0
premier-league,2018-2019,E0,25/08/2018,Southampton,Leicester,1.0,2.0,A,0.0,0.0,11.0,8.0,5.0,5.0
premier-league,2018-2019,E0,25/08/2018,Wolves,Man City,1.0,1.0,D,0.0,0.0,11.0,18.0,2.0,6.0
premier-league,2018-2019,E0,26/08/2018,Fulham,Burnley,4.0,2.0,H,3.0,2.0,25.0,12.0,12.0,2.0
premier-league,2018-2019,E0,26/08/2018,Newcastle,Chelsea,1.0,2.0,A,0.0,0.0,6.0,15.0,2.0,3.0
premier-league,2018-2019,E0,26/08/2018,Watford,Crystal Palace,2.0,1.0,H,0.0,0.0,13.0,9.0,5.0,3.0
premier-league,2018-2019,E0,27/08/2018,Man United,Tottenham,0.0,3.0,A,0.0,0.0,23.0,9.0,5.0,5.0
premier-league,2018-2019,E0,01/09/2018,Brighton,Fulham,2.0,2.0,D,0.0,1.0,15.0,10.0,5.0,5.0
premier-league,2018-2019,E0,01/09/2018,Chelsea,Bournemouth,2.0,0.0,H,0.0,0.0,24.0,8.0,6.0,1.0
premier-league,2018-2019,E0,01/09/2018,Crystal Palace,Southampton,0.0,2.0,A,0.0,0.0,20.0,19.0,6.0,6.0
premier-league,2018-2019,E0,01/09/2018,Everton,Huddersfield,1.0,1.0,D,1.0,1.0,11.0,9.0,1.0,6.0
premier-league,2018-2019,E0,01/09/2018,Leicester,Liverpool,1.0,2.0,A,0.0,2.0,12.0,10.0,5.0,4.0
premier-league,2018-2019,E0,01/09/2018,Man City,Newcastle,2.0,1.0,H,1.0,1.0,24.0,3.0,8.0,2.0
premier-league,2018-2019,E0,01/09/2018,West Ham,Wolves,0.0,1.0,A,0.0,0.0,13.0,15.0,3.0,6.0
premier-league,2018-2019,E0,02/09/2018,Burnley,Man United,0.0,2.0,A,0.0,2.0,9.0,21.0,2.0,9.0
premier-league,2018-2019,E0,02/09/2018,Cardiff,Arsenal,2.0,3.0,A,1.0,1.0,14.0,17.0,3.0,11.0
premier-league,2018-2019,E0,02/09/2018,Watford,Tottenham,2.0,1.0,H,0.0,0.0,7.0,11.0,3.0,2.0
premier-league,2018-2019,E0,15/09/2018,Bournemouth,Leicester,4.0,2.0,H,3.0,0.0,10.0,14.0,5.0,8.0
premier-league,2018-2019,E0,15/09/2018,Chelsea,Cardiff,4.0,1.0,H,2.0,1.0,18.0,6.0,7.0,2.0
premier-league,2018-2019,E0,15/09/2018,Huddersfield,Crystal Palace,0.0,1.0,A,0.0,1.0,15.0,7.0,2.0,2.0
premier-league,2018-2019,E0,15/09/2018,Man City,Fulham,3.0,0.0,H,2.0,0.0,28.0,9.0,9.0,3.0
premier-league,2018-2019,E0,15/09/2018,Newcastle,Arsenal,1.0,2.0,A,0.0,0.0,4.0,12.0,2.0,2.0
premier-league,2018-2019,E0,15/09/2018,Tottenham,Liverpool,1.0,2.0,A,0.0,1.0,11.0,17.0,3.0,10.0
premier-league,2018-2019,E0,15/09/2018,Watford,Man United,1.0,2.0,A,0.0,2.0,14.0,9.0,5.0,6.0
premier-league,2018-2019,E0,16/09/2018,Everton,West Ham,1.0,3.0,A,1.0,2.0,16.0,9.0,4.0,4.0
premier-league,2018-2019,E0,16/09/2018,Wolves,Burnley,1.0,0.0,H,0.0,0.0,30.0,7.0,7.0,2.0
premier-league,2018-2019,E0,17/09/2018,Southampton,Brighton,2.0,2.0,D,1.0,0.0,14.0,12.0,5.0,4.0
premier-league,2018-2019,E0,22/09/2018,Brighton,Tottenham,1.0,2.0,A,0.0,1.0,8.0,16.0,4.0,7.0
premier-league,2018-2019,E0,22/09/2018,Burnley,Bournemouth,4.0,0.0,H,2.0,0.0,12.0,19.0,5.0,5.0
premier-league,2018-2019,E0,22/09/2018,Cardiff,Man City,0.0,5.0,A,0.0,3.0,2.0,21.0,2.0,10.0
premier-league,2018-2019,E0,22/09/2018,Crystal Palace,Newcastle,0.0,0.0,D,0.0,0.0,16.0,6.0,4.0,3.0
premier-league,2018-2019,E0,22/09/2018,Fulham,Watford,1.0,1.0,D,0.0,1.0,15.0,11.0,3.0,6.0
premier-league,2018-2019,E0,22/09/2018,Leicester,Huddersfield,3.0,1.0,H,1.0,1.0,18.0,9.0,8.0,2.0
premier-league,2018-2019,E0,22/09/2018,Liverpool,Southampton,3.0,0.0,H,3.0,0.0,12.0,7.0,4.0,1.0
premier-league,2018-2019,E0,22/09/2018,Man United,Wolves,1.0,1.0,D,1.0,0.0,15.0,11.0,6.0,8.0
premier-league,2018-2019,E0,23/09/2018,Arsenal,Everton,2.0,0.0,H,0.0,0.0,9.0,9.0,5.0,6.0
premier-league,2018-2019,E0,23/09/2018,West Ham,Chelsea,0.0,0.0,D,0.0,0.0,6.0,17.0,1.0,6.0
premier-league,2018-2019,E0,29/09/2018,Arsenal,Watford,2.0,0.0,H,0.0,0.0,9.0,13.0,2.0,4.0
premier-league,2018-2019,E0,29/09/2018,Chelsea,Liverpool,1.0,1.0,D,1.0,0.0,10.0,13.0,4.0,6.0
premier-league,2018-2019,E0,29/09/2018,Everton,Fulham,3.0,0.0,H,0.0,0.0,19.0,6.0,6.0,0.0
premier-league,2018-2019,E0,29/09/2018,Huddersfield,Tottenham,0.0,2.0,A,0.0,2.0,9.0,10.0,5.0,6.0
premier-league,2018-2019,E0,29/09/2018,Man City,Brighton,2.0,0.0,H,1.0,0.0,28.0,4.0,8.0,1.0
premier-league,2018-2019,E0,29/09/2018,Newcastle,Leicester,0.0,2.0,A,0.0,1.0,6.0,12.0,1.0,5.0
premier-league,2018-2019,E0,29/09/2018,West Ham,Man United,3.0,1.0,H,2.0,0.0,8.0,9.0,3.0,4.0
premier-league,2018-2019,E0,29/09/2018,Wolves,Southampton,2.0,0.0,H,0.0,0.0,14.0,17.0,6.0,6.0
premier-league,2018-2019,E0,30/09/2018,Cardiff,Burnley,1.0,2.0,A,0.0,0.0,19.0,3.0,5.0,2.0
premier-league,2018-2019,E0,01/10/2018,Bournemouth,Crystal Palace,2.0,1.0,H,1.0,0.0,11.0,10.0,5.0,2.0
premier-league,2018-2019,E0,05/10/2018,Brighton,West Ham,1.0,0.0,H,1.0,0.0,9.0,17.0,4.0,4.0
premier-league,2018-2019,E0,06/10/2018,Burnley,Huddersfield,1.0,1.0,D,1.0,0.0,6.0,19.0,3.0,2.0
premier-league,2018-2019,E0,06/10/2018,Crystal Palace,Wolves,0.0,1.0,A,0.0,0.0,11.0,7.0,4.0,2.0
premier-league,2018-2019,E0,06/10/2018,Leicester,Everton,1.0,2.0,A,1.0,1.0,8.0,17.0,2.0,8.0
premier-league,2018-2019,E0,06/10/2018,Man United,Newcastle,3.0,2.0,H,0.0,2.0,18.0,13.0,10.0,8.0
premier-league,2018-2019,E0,06/10/2018,Tottenham,Cardiff,1.0,0.0,H,1.0,0.0,19.0,8.0,7.0,6.0
premier-league,2018-2019,E0,06/10/2018,Watford,Bournemouth,0.0,4.0,A,0.0,3.0,14.0,10.0,2.0,7.0
premier-league,2018-2019,E0,07/10/2018,Fulham,Arsenal,1.0,5.0,A,1.0,1.0,21.0,9.0,4.0,7.0
premier-league,2018-2019,E0,07/10/2018,Liverpool,Man City,0.0,0.0,D,0.0,0.0,7.0,6.0,2.0,2.0
premier-league,2018-2019,E0,07/10/2018,Southampton,Chelsea,0.0,3.0,A,0.0,1.0,15.0,21.0,6.0,6.0
premier-league,2018-2019,E0,20/10/2018,Bournemouth,Southampton,0.0,0.0,D,0.0,0.0,10.0,8.0,2.0,4.0
premier-league,2018-2019,E0,20/10/2018,Cardiff,Fulham,4.0,2.0,H,2.0,2.0,22.0,9.0,5.0,4.0
premier-league,2018-2019,E0,20/10/2018,Chelsea,Man United,2.0,2.0,D,1.0,0.0,21.0,7.0,6.0,4.0
premier-league,2018-2019,E0,20/10/2018,Huddersfield,Liverpool,0.0,1.0,A,0.0,1.0,13.0,11.0,1.0,2.0
premier-league,2018-2019,E0,20/10/2018,Man City,Burnley,5.0,0.0,H,1.0,0.0,24.0,5.0,10.0,0.0
premier-league,2018-2019,E0,20/10/2018,Newcastle,Brighton,0.0,1.0,A,0.0,1.0,27.0,8.0,6.0,2.0
premier-league,2018-2019,E0,20/10/2018,West Ham,Tottenham,0.0,1.0,A,0.0,1.0,13.0,10.0,4.0,2.0
premier-league,2018-2019,E0,20/10/2018,Wolves,Watford,0.0,2.0,A,0.0,2.0,10.0,9.0,1.0,3.0
premier-league,2018-2019,E0,21/10/2018,Everton,Crystal Palace,2.0,0.0,H,0.0,0.0,20.0,7.0,4.0,3.0
premier-league,2018-2019,E0,22/10/2018,Arsenal,Leicester,3.0,1.0,H,1.0,1.0,19.0,8.0,6.0,2.0
premier-league,2018-2019,E0,27/10/2018,Brighton,Wolves,1.0,0.0,H,0.0,0.0,2.0,25.0,1.0,7.0
premier-league,2018-2019,E0,27/10/2018,Fulham,Bournemouth,0.0,3.0,A,0.0,1.0,11.0,12.0,1.0,5.0
premier-league,2018-2019,E0,27/10/2018,Leicester,West Ham,1.0,1.0,D,0.0,1.0,21.0,11.0,7.0,3.0
premier-league,2018-2019,E0,27/10/2018,Liverpool,Cardiff,4.0,1.0,H,1.0,0.0,19.0,2.0,7.0,1.0
premier-league,2018-2019,E0,27/10/2018,Southampton,Newcastle,0.0,0.0,D,0.0,0.0,22.0,6.0,4.0,0.0
premier-league,2018-2019,E0,27/10/2018,Watford,Huddersfield,3.0,0.0,H,2.0,0.0,12.0,13.0,6.0,7.0
premier-league,2018-2019,E0,28/10/2018,Burnley,Chelsea,0.0,4.0,A,0.0,1.0,7.0,24.0,1.0,8.0
premier-league,2018-2019,E0,28/10/2018,Crystal Palace,Arsenal,2.0,2.0,D,1.0,0.0,16.0,7.0,3.0,2.0
premier-league,2018-2019,E0,28/10/2018,Man United,Everton,2.0,1.0,H,1.0,0.0,14.0,14.0,10.0,6.0
premier-league,2018-2019,E0,29/10/2018,Tottenham,Man City,0.0,1.0,A,0.0,1.0,4.0,13.0,1.0,6.0
premier-league,2018-2019,E0,03/11/2018,Arsenal,Liverpool,1.0,1.0,D,0.0,0.0,12.0,13.0,4.0,4.0
premier-league,2018-2019,E0,03/11/2018,Bournemouth,Man United,1.0,2.0,A,1.0,1.0,18.0,18.0,7.0,8.0
premier-league,2018-2019,E0,03/11/2018,Cardiff,Leicester,0.0,1.0,A,0.0,0.0,11.0,13.0,2.0,5.0
premier-league,2018-2019,E0,03/11/2018,Everton,Brighton,3.0,1.0,H,1.0,1.0,14.0,5.0,3.0,3.0
premier-league,2018-2019,E0,03/11/2018,Newcastle,Watford,1.0,0.0,H,0.0,0.0,10.0,16.0,2.0,1.0
premier-league,2018-2019,E0,03/11/2018,West Ham,Burnley,4.0,2.0,H,1.0,1.0,22.0,6.0,10.0,3.0
premier-league,2018-2019,E0,03/11/2018,Wolves,Tottenham,2.0,3.0,A,0.0,2.0,16.0,10.0,7.0,8.0
premier-league,2018-2019,E0,04/11/2018,Chelsea,Crystal Palace,3.0,1.0,H,1.0,0.0,15.0,7.0,6.0,2.0
premier-league,2018-2019,E0,04/11/2018,Man City,Southampton,6.0,1.0,H,4.0,1.0,18.0,12.0,8.0,6.0
premier-league,2018-2019,E0,05/11/2018,Huddersfield,Fulham,1.0,0.0,H,1.0,0.0,10.0,7.0,2.0,1.0
premier-league,2018-2019,E0,10/11/2018,Cardiff,Brighton,2.0,1.0,H,1.0,1.0,20.0,7.0,6.0,3.0
premier-league,2018-2019,E0,10/11/2018,Crystal Palace,Tottenham,0.0,1.0,A,0.0,0.0,11.0,11.0,4.0,2.0
premier-league,2018-2019,E0,10/11/2018,Huddersfield,West Ham,1.0,1.0,D,1.0,0.0,15.0,12.0,7.0,5.0
premier-league,2018-2019,E0,10/11/2018,Leicester,Burnley,0.0,0.0,D,0.0,0.0,22.0,6.0,5.0,1.0
premier-league,2018-2019,E0,10/11/2018,Newcastle,Bournemouth,2.0,1.0,H,2.0,1.0,18.0,14.0,6.0,4.0
premier-league,2018-2019,E0,10/11/2018,Southampton,Watford,1.0,1.0,D,1.0,0.0,14.0,12.0,4.0,6.0
premier-league,2018-2019,E0,11/11/2018,Arsenal,Wolves,1.0,1.0,D,0.0,1.0,10.0,12.0,3.0,5.0
premier-league,2018-2019,E0,11/11/2018,Chelsea,Everton,0.0,0.0,D,0.0,0.0,15.0,6.0,4.0,1.0
premier-league,2018-2019,E0,11/11/2018,Liverpool,Fulham,2.0,0.0,H,1.0,0.0,20.0,8.0,7.0,3.0
premier-league,2018-2019,E0,11/11/2018,Man City,Man United,3.0,1.0,H,1.0,0.0,17.0,6.0,5.0,1.0
premier-league,2018-2019,E0,24/11/2018,Brighton,Leicester,1.0,1.0,D,1.0,0.0,14.0,8.0,3.0,3.0
premier-league,2018-2019,E0,24/11/2018,Everton,Cardiff,1.0,0.0,H,0.0,0.0,16.0,7.0,8.0,1.0
premier-league,2018-2019,E0,24/11/2018,Fulham,Southampton,3.0,2.0,H,2.0,1.0,10.0,19.0,5.0,8.0
premier-league,2018-2019,E0,24/11/2018,Man United,Crystal Palace,0.0,0.0,D,0.0,0.0,12.0,13.0,5.0,2.0
premier-league,2018-2019,E0,24/11/2018,Tottenham,Chelsea,3.0,1.0,H,2.0,0.0,18.0,13.0,9.0,2.0
premier-league,2018-2019,E0,24/11/2018,Watford,Liverpool,0.0,3.0,A,0.0,0.0,5.0,10.0,1.0,7.0
premier-league,2018-2019,E0,24/11/2018,West Ham,Man City,0.0,4.0,A,0.0,3.0,9.0,9.0,1.0,6.0
premier-league,2018-2019,E0,25/11/2018,Bournemouth,Arsenal,1.0,2.0,A,1.0,1.0,11.0,20.0,5.0,4.0
premier-league,2018-2019,E0,25/11/2018,Wolves,Huddersfield,0.0,2.0,A,0.0,1.0,12.0,14.0,3.0,6.0
premier-league,2018-2019,E0,26/11/2018,Burnley,Newcastle,1.0,2.0,A,1.0,2.0,14.0,17.0,4.0,3.0
premier-league,2018-2019,E0,30/11/2018,Cardiff,Wolves,2.0,1.0,H,0.0,1.0,17.0,15.0,3.0,4.0
premier-league,2018-2019,E0,01/12/2018,Crystal Palace,Burnley,2.0,0.0,H,1.0,0.0,29.0,4.0,9.0,0.0
premier-league,2018-2019,E0,01/12/2018,Huddersfield,Brighton,1.0,2.0,A,1.0,1.0,7.0,14.0,2.0,6.0
premier-league,2018-2019,E0,01/12/2018,Leicester,Watford,2.0,0.0,H,2.0,0.0,7.0,8.0,3.0,0.0
premier-league,2018-2019,E0,01/12/2018,Man City,Bournemouth,3.0,1.0,H,1.0,1.0,16.0,4.0,6.0,1.0
premier-league,2018-2019,E0,01/12/2018,Newcastle,West Ham,0.0,3.0,A,0.0,1.0,16.0,7.0,4.0,4.0
premier-league,2018-2019,E0,01/12/2018,Southampton,Man United,2.0,2.0,D,2.0,2.0,16.0,11.0,6.0,5.0
premier-league,2018-2019,E0,02/12/2018,Arsenal,Tottenham,4.0,2.0,H,1.0,2.0,22.0,11.0,7.0,6.0
premier-league,2018-2019,E0,02/12/2018,Chelsea,Fulham,2.0,0.0,H,1.0,0.0,16.0,9.0,9.0,4.0
premier-league,2018-2019,E0,02/12/2018,Liverpool,Everton,1.0,0.0,H,0.0,0.0,16.0,9.0,3.0,3.0
premier-league,2018-2019,E0,04/12/2018,Bournemouth,Huddersfield,2.0,1.0,H,2.0,1.0,6.0,23.0,2.0,6.0
premier-league,2018-2019,E0,04/12/2018,Brighton,Crystal Palace,3.0,1.0,H,3.0,0.0,9.0,18.0,3.0,5.0
premier-league,2018-2019,E0,04/12/2018,Watford,Man City,1.0,2.0,A,0.0,1.0,11.0,15.0,7.0,7.0
premier-league,2018-2019,E0,04/12/2018,West Ham,Cardiff,3.0,1.0,H,0.0,0.0,17.0,9.0,11.0,5.0
premier-league,2018-2019,E0,05/12/2018,Burnley,Liverpool,1.0,3.0,A,0.0,0.0,10.0,18.0,6.0,12.0
premier-league,2018-2019,E0,05/12/2018,Everton,Newcastle,1.0,1.0,D,1.0,1.0,19.0,8.0,3.0,5.0
premier-league,2018-2019,E0,05/12/2018,Fulham,Leicester,1.0,1.0,D,1.0,0.0,25.0,13.0,7.0,5.0
premier-league,2018-2019,E0,05/12/2018,Man United,Arsenal,2.0,2.0,D,1.0,1.0,10.0,9.0,7.0,4.0
premier-league,2018-2019,E0,05/12/2018,Tottenham,Southampton,3.0,1.0,H,1.0,0.0,13.0,18.0,8.0,5.0
premier-league,2018-2019,E0,05/12/2018,Wolves,Chelsea,2.0,1.0,H,0.0,1.0,6.0,17.0,2.0,3.0
premier-league,2018-2019,E0,08/12/2018,Arsenal,Huddersfield,1.0,0.0,H,0.0,0.0,14.0,6.0,2.0,0.0
premier-league,2018-2019,E0,08/12/2018,Bournemouth,Liverpool,0.0,4.0,A,0.0,1.0,8.0,10.0,2.0,4.0
premier-league,2018-2019,E0,08/12/2018,Burnley,Brighton,1.0,0.0,H,1.0,0.0,14.0,14.0,4.0,1.0
premier-league,2018-2019,E0,08/12/2018,Cardiff,Southampton,1.0,0.0,H,0.0,0.0,13.0,12.0,4.0,1.0
premier-league,2018-2019,E0,08/12/2018,Chelsea,Man City,2.0,0.0,H,1.0,0.0,8.0,14.0,5.0,4.0
premier-league,2018-2019,E0,08/12/2018,Leicester,Tottenham,0.0,2.0,A,0.0,1.0,11.0,7.0,3.0,2.0
premier-league,2018-2019,E0,08/12/2018,Man United,Fulham,4.0,1.0,H,3.0,0.0,20.0,10.0,11.0,4.0
premier-league,2018-2019,E0,08/12/2018,West Ham,Crystal Palace,3.0,2.0,H,0.0,1.0,13.0,8.0,6.0,4.0
premier-league,2018-2019,E0,09/12/2018,Newcastle,Wolves,1.0,2.0,A,1.0,1.0,12.0,13.0,4.0,6.0
premier-league,2018-2019,E0,10/12/2018,Everton,Watford,2.0,2.0,D,1.0,0.0,12.0,15.0,5.0,3.0
premier-league,2018-2019,E0,15/12/2018,Crystal Palace,Leicester,1.0,0.0,H,1.0,0.0,8.0,12.0,1.0,2.0
premier-league,2018-2019,E0,15/12/2018,Fulham,West Ham,0.0,2.0,A,0.0,2.0,16.0,6.0,4.0,3.0
premier-league,2018-2019,E0,15/12/2018,Huddersfield,Newcastle,0.0,1.0,A,0.0,0.0,15.0,8.0,5.0,5.0
premier-league,2018-2019,E0,15/12/2018,Man City,Everton,3.0,1.0,H,1.0,0.0,13.0,9.0,5.0,2.0
premier-league,2018-2019,E0,15/12/2018,Tottenham,Burnley,1.0,0.0,H,0.0,0.0,15.0,4.0,3.0,0.0
premier-league,2018-2019,E0,15/12/2018,Watford,Cardiff,3.0,2.0,H,1.0,0.0,17.0,10.0,8.0,3.0
premier-league,2018-2019,E0,15/12/2018,Wolves,Bournemouth,2.0,0.0,H,1.0,0.0,9.0,13.0,3.0,3.0
premier-league,2018-2019,E0,16/12/2018,Brighton,Chelsea,1.0,2.0,A,0.0,2.0,6.0,10.0,2.0,3.0
premier-league,2018-2019,E0,16/12/2018,Liverpool,Man United,3.0,1.0,H,1.0,1.0,36.0,6.0,11.0,2.0
premier-league,2018-2019,E0,16/12/2018,Southampton,Arsenal,3.0,2.0,H,2.0,1.0,12.0,13.0,7.0,4.0
premier-league,2018-2019,E0,21/12/2018,Wolves,Liverpool,0.0,2.0,A,0.0,1.0,11.0,15.0,5.0,6.0
premier-league,2018-2019,E0,22/12/2018,Arsenal,Burnley,3.0,1.0,H,1.0,0.0,10.0,7.0,6.0,2.0
premier-league,2018-2019,E0,22/12/2018,Bournemouth,Brighton,2.0,0.0,H,1.0,0.0,14.0,10.0,3.0,5.0
premier-league,2018-2019,E0,22/12/2018,Cardiff,Man United,1.0,5.0,A,1.0,3.0,9.0,17.0,3.0,9.0
premier-league,2018-2019,E0,22/12/2018,Chelsea,Leicester,0.0,1.0,A,0.0,0.0,17.0,8.0,5.0,3.0
premier-league,2018-2019,E0,22/12/2018,Huddersfield,Southampton,1.0,3.0,A,0.0,2.0,16.0,13.0,5.0,6.0
premier-league,2018-2019,E0,22/12/2018,Man City,Crystal Palace,2.0,3.0,A,1.0,2.0,19.0,5.0,5.0,3.0
premier-league,2018-2019,E0,22/12/2018,Newcastle,Fulham,0.0,0.0,D,0.0,0.0,9.0,4.0,0.0,2.0
premier-league,2018-2019,E0,22/12/2018,West Ham,Watford,0.0,2.0,A,0.0,1.0,18.0,11.0,7.0,5.0
premier-league,2018-2019,E0,23/12/2018,Everton,Tottenham,2.0,6.0,A,1.0,3.0,10.0,17.0,3.0,8.0
premier-league,2018-2019,E0,26/12/2018,Brighton,Arsenal,1.0,1.0,D,1.0,1.0,12.0,7.0,3.0,4.0
premier-league,2018-2019,E0,26/12/2018,Burnley,Everton,1.0,5.0,A,1.0,3.0,11.0,13.0,4.0,6.0
premier-league,2018-2019,E0,26/12/2018,Crystal Palace,Cardiff,0.0,0.0,D,0.0,0.0,31.0,9.0,5.0,4.0
premier-league,2018-2019,E0,26/12/2018,Fulham,Wolves,1.0,1.0,D,0.0,0.0,11.0,14.0,9.0,5.0
premier-league,2018-2019,E0,26/12/2018,Leicester,Man City,2.0,1.0,H,1.0,1.0,10.0,11.0,5.0,4.0
premier-league,2018-2019,E0,26/12/2018,Liverpool,Newcastle,4.0,0.0,H,1.0,0.0,16.0,6.0,8.0,2.0
premier-league,2018-2019,E0,26/12/2018,Man United,Huddersfield,3.0,1.0,H,1.0,0.0,16.0,10.0,10.0,2.0
premier-league,2018-2019,E0,26/12/2018,Tottenham,Bournemouth,5.0,0.0,H,3.0,0.0,10.0,14.0,7.0,4.0
premier-league,2018-2019,E0,26/12/2018,Watford,Chelsea,1.0,2.0,A,1.0,1.0,10.0,10.0,2.0,4.0
premier-league,2018-2019,E0,27/12/2018,Southampton,West Ham,1.0,2.0,A,0.0,0.0,11.0,16.0,5.0,5.0
premier-league,2018-2019,E0,29/12/2018,Brighton,Everton,1.0,0.0,H,0.0,0.0,11.0,13.0,3.0,4.0
premier-league,2018-2019,E0,29/12/2018,Fulham,Huddersfield,1.0,0.0,H,0.0,0.0,14.0,9.0,5.0,5.0
premier-league,2018-2019,E0,29/12/2018,Leicester,Cardiff,0.0,1.0,A,0.0,0.0,16.0,12.0,7.0,3.0
premier-league,2018-2019,E0,29/12/2018,Liverpool,Arsenal,5.0,1.0,H,4.0,1.0,15.0,8.0,10.0,2.0
premier-league,2018-2019,E0,29/12/2018,Tottenham,Wolves,1.0,3.0,A,1.0,0.0,10.0,11.0,3.0,4.0
premier-league,2018-2019,E0,29/12/2018,Watford,Newcastle,1.0,1.0,D,0.0,1.0,12.0,8.0,5.0,2.0
premier-league,2018-2019,E0,30/12/2018,Burnley,West Ham,2.0,0.0,H,2.0,0.0,17.0,11.0,5.0,4.0
premier-league,2018-2019,E0,30/12/2018,Crystal Palace,Chelsea,0.0,1.0,A,0.0,0.0,4.0,12.0,0.0,4.0
premier-league,2018-2019,E0,30/12/2018,Man United,Bournemouth,4.0,1.0,H,3.0,1.0,11.0,7.0,8.0,3.0
premier-league,2018-2019,E0,30/12/2018,Southampton,Man City,1.0,3.0,A,1.0,3.0,5.0,14.0,4.0,6.0
premier-league,2018-2019,E0,01/01/2019,Arsenal,Fulham,4.0,1.0,H,1.0,0.0,16.0,9.0,9.0,4.0
premier-league,2018-2019,E0,01/01/2019,Cardiff,Tottenham,0.0,3.0,A,0.0,3.0,6.0,13.0,3.0,4.0
premier-league,2018-2019,E0,01/01/2019,Everton,Leicester,0.0,1.0,A,0.0,0.0,17.0,8.0,2.0,4.0
premier-league,2018-2019,E0,02/01/2019,Bournemouth,Watford,3.0,3.0,D,3.0,3.0,25.0,11.0,12.0,3.0
premier-league,2018-2019,E0,02/01/2019,Chelsea,Southampton,0.0,0.0,D,0.0,0.0,17.0,6.0,6.0,2.0
premier-league,2018-2019,E0,02/01/2019,Huddersfield,Burnley,1.0,2.0,A,1.0,1.0,9.0,16.0,2.0,8.0
premier-league,2018-2019,E0,02/01/2019,Newcastle,Man United,0.0,2.0,A,0.0,0.0,14.0,16.0,3.0,7.0
premier-league,2018-2019,E0,02/01/2019,West Ham,Brighton,2.0,2.0,D,0.0,0.0,13.0,13.0,6.0,6.0
premier-league,2018-2019,E0,02/01/2019,Wolves,Crystal Palace,0.0,2.0,A,0.0,0.0,9.0,17.0,1.0,4.0
premier-league,2018-2019,E0,03/01/2019,Man City,Liverpool,2.0,1.0,H,1.0,0.0,9.0,7.0,4.0,5.0
premier-league,2018-2019,E0,12/01/2019,Brighton,Liverpool,0.0,1.0,A,0.0,0.0,7.0,10.0,0.0,3.0
premier-league,2018-2019,E0,12/01/2019,Burnley,Fulham,2.0,1.0,H,2.0,1.0,11.0,12.0,0.0,4.0
premier-league,2018-2019,E0,12/01/2019,Cardiff,Huddersfield,0.0,0.0,D,0.0,0.0,3.0,14.0,0.0,2.0
premier-league,2018-2019,E0,12/01/2019,Chelsea,Newcastle,2.0,1.0,H,1.0,1.0,10.0,9.0,6.0,2.0
premier-league,2018-2019,E0,12/01/2019,Crystal Palace,Watford,1.0,2.0,A,1.0,0.0,15.0,16.0,6.0,2.0
premier-league,2018-2019,E0,12/01/2019,Leicester,Southampton,1.0,2.0,A,0.0,2.0,23.0,8.0,6.0,3.0
premier-league,2018-2019,E0,12/01/2019,West Ham,Arsenal,1.0,0.0,H,0.0,0.0,11.0,11.0,3.0,2.0
premier-league,2018-2019,E0,13/01/2019,Everton,Bournemouth,2.0,0.0,H,0.0,0.0,15.0,16.0,3.0,7.0
premier-league,2018-2019,E0,13/01/2019,Tottenham,Man United,0.0,1.0,A,0.0,1.0,21.0,13.0,11.0,8.0
premier-league,2018-2019,E0,14/01/2019,Man City,Wolves,3.0,0.0,H,2.0,0.0,24.0,3.0,9.0,0.0
premier-league,2018-2019,E0,19/01/2019,Arsenal,Chelsea,2.0,0.0,H,2.0,0.0,13.0,13.0,5.0,1.0
premier-league,2018-2019,E0,19/01/2019,Bournemouth,West Ham,2.0,0.0,H,0.0,0.0,10.0,9.0,4.0,1.0
premier-league,2018-2019,E0,19/01/2019,Liverpool,Crystal Palace,4.0,3.0,H,0.0,1.0,19.0,9.0,9.0,3.0
premier-league,2018-2019,E0,19/01/2019,Man United,Brighton,2.0,1.0,H,2.0,0.0,20.0,7.0,5.0,3.0
premier-league,2018-2019,E0,19/01/2019,Newcastle,Cardiff,3.0,0.0,H,1.0,0.0,16.0,9.0,6.0,1.0
premier-league,2018-2019,E0,19/01/2019,Southampton,Everton,2.0,1.0,H,0.0,0.0,11.0,7.0,4.0,2.0
premier-league,2018-2019,E0,19/01/2019,Watford,Burnley,0.0,0.0,D,0.0,0.0,9.0,11.0,4.0,3.0
premier-league,2018-2019,E0,19/01/2019,Wolves,Leicester,4.0,3.0,H,2.0,0.0,12.0,16.0,7.0,6.0
premier-league,2018-2019,E0,20/01/2019,Fulham,Tottenham,1.0,2.0,A,1.0,0.0,12.0,14.0,4.0,5.0
premier-league,2018-2019,E0,20/01/2019,Huddersfield,Man City,0.0,3.0,A,0.0,1.0,5.0,12.0,2.0,4.0
premier-league,2018-2019,E0,29/01/2019,Arsenal,Cardiff,2.0,1.0,H,0.0,0.0,15.0,19.0,4.0,2.0
premier-league,2018-2019,E0,29/01/2019,Fulham,Brighton,4.0,2.0,H,0.0,2.0,24.0,15.0,7.0,6.0
premier-league,2018-2019,E0,29/01/2019,Huddersfield,Everton,0.0,1.0,A,0.0,1.0,10.0,10.0,2.0,5.0
premier-league,2018-2019,E0,29/01/2019,Man United,Burnley,2.0,2.0,D,0.0,0.0,28.0,6.0,9.0,4.0
premier-league,2018-2019,E0,29/01/2019,Newcastle,Man City,2.0,1.0,H,0.0,1.0,6.0,12.0,2.0,4.0
premier-league,2018-2019,E0,29/01/2019,Wolves,West Ham,3.0,0.0,H,0.0,0.0,20.0,4.0,9.0,0.0
premier-league,2018-2019,E0,30/01/2019,Bournemouth,Chelsea,4.0,0.0,H,0.0,0.0,12.0,11.0,7.0,7.0
premier-league,2018-2019,E0,30/01/2019,Liverpool,Leicester,1.0,1.0,D,1.0,1.0,10.0,5.0,3.0,2.0
premier-league,2018-2019,E0,30/01/2019,Southampton,Crystal Palace,1.0,1.0,D,0.0,1.0,13.0,15.0,4.0,3.0
premier-league,2018-2019,E0,30/01/2019,Tottenham,Watford,2.0,1.0,H,0.0,1.0,17.0,9.0,3.0,1.0
premier-league,2018-2019,E0,02/02/2019,Brighton,Watford,0.0,0.0,D,0.0,0.0,21.0,5.0,4.0,0.0
premier-league,2018-2019,E0,02/02/2019,Burnley,Southampton,1.0,1.0,D,0.0,0.0,15.0,10.0,6.0,4.0
premier-league,2018-2019,E0,02/02/2019,Cardiff,Bournemouth,2.0,0.0,H,1.0,0.0,12.0,9.0,5.0,2.0
premier-league,2018-2019,E0,02/02/2019,Chelsea,Huddersfield,5.0,0.0,H,2.0,0.0,23.0,5.0,7.0,2.0
premier-league,2018-2019,E0,02/02/2019,Crystal Palace,Fulham,2.0,0.0,H,1.0,0.0,17.0,8.0,6.0,0.0
premier-league,2018-2019,E0,02/02/2019,Everton,Wolves,1.0,3.0,A,1.0,2.0,13.0,8.0,4.0,4.0
premier-league,2018-2019,E0,02/02/2019,Tottenham,Newcastle,1.0,0.0,H,0.0,0.0,21.0,8.0,4.0,2.0
premier-league,2018-2019,E0,03/02/2019,Leicester,Man United,0.0,1.0,A,0.0,1.0,17.0,10.0,6.0,6.0
premier-league,2018-2019,E0,03/02/2019,Man City,Arsenal,3.0,1.0,H,2.0,1.0,19.0,4.0,12.0,2.0
premier-league,2018-2019,E0,04/02/2019,West Ham,Liverpool,1.0,1.0,D,1.0,1.0,13.0,11.0,2.0,6.0
premier-league,2018-2019,E0,06/02/2019,Everton,Man City,0.0,2.0,A,0.0,1.0,4.0,15.0,1.0,4.0
premier-league,2018-2019,E0,09/02/2019,Brighton,Burnley,1.0,3.0,A,0.0,1.0,16.0,9.0,6.0,5.0
premier-league,2018-2019,E0,09/02/2019,Crystal Palace,West Ham,1.0,1.0,D,0.0,1.0,25.0,6.0,5.0,4.0
premier-league,2018-2019,E0,09/02/2019,Fulham,Man United,0.0,3.0,A,0.0,2.0,15.0,15.0,3.0,7.0
premier-league,2018-2019,E0,09/02/2019,Huddersfield,Arsenal,1.0,2.0,A,0.0,2.0,15.0,9.0,6.0,4.0
premier-league,2018-2019,E0,09/02/2019,Liverpool,Bournemouth,3.0,0.0,H,2.0,0.0,20.0,12.0,9.0,2.0
premier-league,2018-2019,E0,09/02/2019,Southampton,Cardiff,1.0,2.0,A,0.0,0.0,14.0,6.0,7.0,3.0
premier-league,2018-2019,E0,09/02/2019,Watford,Everton,1.0,0.0,H,0.0,0.0,7.0,9.0,2.0,4.0
premier-league,2018-2019,E0,10/02/2019,Man City,Chelsea,6.0,0.0,H,4.0,0.0,15.0,12.0,9.0,4.0
premier-league,2018-2019,E0,10/02/2019,Tottenham,Leicester,3.0,1.0,H,1.0,0.0,12.0,20.0,5.0,9.0
premier-league,2018-2019,E0,11/02/2019,Wolves,Newcastle,1.0,1.0,D,0.0,0.0,22.0,9.0,6.0,3.0
premier-league,2018-2019,E0,22/02/2019,Cardiff,Watford,1.0,5.0,A,0.0,1.0,15.0,12.0,6.0,7.0
premier-league,2018-2019,E0,22/02/2019,West Ham,Fulham,3.0,1.0,H,2.0,1.0,21.0,8.0,7.0,5.0
premier-league,2018-2019,E0,23/02/2019,Bournemouth,Wolves,1.0,1.0,D,1.0,0.0,10.0,10.0,3.0,2.0
premier-league,2018-2019,E0,23/02/2019,Burnley,Tottenham,2.0,1.0,H,0.0,0.0,10.0,17.0,4.0,6.0
premier-league,2018-2019,E0,23/02/2019,Leicester,Crystal Palace,1.0,4.0,A,0.0,1.0,27.0,7.0,5.0,5.0
premier-league,2018-2019,E0,23/02/2019,Newcastle,Huddersfield,2.0,0.0,H,0.0,0.0,29.0,3.0,12.0,1.0
premier-league,2018-2019,E0,24/02/2019,Arsenal,Southampton,2.0,0.0,H,2.0,0.0,12.0,10.0,4.0,4.0
premier-league,2018-2019,E0,24/02/2019,Man United,Liverpool,0.0,0.0,D,0.0,0.0,6.0,7.0,3.0,1.0
premier-league,2018-2019,E0,26/02/2019,Cardiff,Everton,0.0,3.0,A,0.0,1.0,6.0,12.0,0.0,4.0
premier-league,2018-2019,E0,26/02/2019,Huddersfield,Wolves,1.0,0.0,H,0.0,0.0,15.0,7.0,3.0,0.0
premier-league,2018-2019,E0,26/02/2019,Leicester,Brighton,2.0,1.0,H,1.0,0.0,19.0,15.0,3.0,3.0
premier-league,2018-2019,E0,26/02/2019,Newcastle,Burnley,2.0,0.0,H,2.0,0.0,12.0,12.0,3.0,2.0
premier-league,2018-2019,E0,27/02/2019,Arsenal,Bournemouth,5.0,1.0,H,2.0,1.0,16.0,13.0,6.0,5.0
premier-league,2018-2019,E0,27/02/2019,Chelsea,Tottenham,2.0,0.0,H,0.0,0.0,11.0,9.0,1.0,0.0
premier-league,2018-2019,E0,27/02/2019,Crystal Palace,Man United,1.0,3.0,A,0.0,1.0,17.0,13.0,2.0,4.0
premier-league,2018-2019,E0,27/02/2019,Liverpool,Watford,5.0,0.0,H,2.0,0.0,19.0,5.0,10.0,3.0
premier-league,2018-2019,E0,27/02/2019,Man City,West Ham,1.0,0.0,H,0.0,0.0,20.0,2.0,7.0,1.0
premier-league,2018-2019,E0,27/02/2019,Southampton,Fulham,2.0,0.0,H,2.0,0.0,14.0,14.0,4.0,4.0
premier-league,2018-2019,E0,02/03/2019,Bournemouth,Man City,0.0,1.0,A,0.0,0.0,0.0,23.0,0.0,7.0
premier-league,2018-2019,E0,02/03/2019,Brighton,Huddersfield,1.0,0.0,H,0.0,0.0,13.0,6.0,4.0,4.0
premier-league,2018-2019,E0,02/03/2019,Burnley,Crystal Palace,1.0,3.0,A,0.0,1.0,18.0,10.0,4.0,4.0
premier-league,2018-2019,E0,02/03/2019,Man United,Southampton,3.0,2.0,H,0.0,1.0,16.0,6.0,6.0,3.0
premier-league,2018-2019,E0,02/03/2019,Tottenham,Arsenal,1.0,1.0,D,0.0,1.0,10.0,9.0,3.0,4.0
premier-league,2018-2019,E0,02/03/2019,West Ham,Newcastle,2.0,0.0,H,2.0,0.0,10.0,17.0,4.0,2.0
premier-league,2018-2019,E0,02/03/2019,Wolves,Cardiff,2.0,0.0,H,2.0,0.0,13.0,12.0,6.0,4.0
premier-league,2018-2019,E0,03/03/2019,Everton,Liverpool,0.0,0.0,D,0.0,0.0,7.0,10.0,3.0,3.0
premier-league,2018-2019,E0,03/03/2019,Fulham,Chelsea,1.0,2.0,A,1.0,2.0,12.0,20.0,5.0,7.0
premier-league,2018-2019,E0,03/03/2019,Watford,Leicester,2.0,1.0,H,1.0,0.0,6.0,14.0,5.0,2.0
premier-league,2018-2019,E0,09/03/2019,Cardiff,West Ham,2.0,0.0,H,1.0,0.0,16.0,9.0,7.0,2.0
premier-league,2018-2019,E0,09/03/2019,Crystal Palace,Brighton,1.0,2.0,A,0.0,1.0,15.0,4.0,3.0,3.0
premier-league,2018-2019,E0,09/03/2019,Huddersfield,Bournemouth,0.0,2.0,A,0.0,1.0,8.0,8.0,1.0,5.0
premier-league,2018-2019,E0,09/03/2019,Leicester,Fulham,3.0,1.0,H,1.0,0.0,18.0,6.0,8.0,3.0
premier-league,2018-2019,E0,09/03/2019,Man City,Watford,3.0,1.0,H,0.0,0.0,19.0,2.0,9.0,1.0
premier-league,2018-2019,E0,09/03/2019,Newcastle,Everton,3.0,2.0,H,0.0,2.0,19.0,7.0,7.0,3.0
premier-league,2018-2019,E0,09/03/2019,Southampton,Tottenham,2.0,1.0,H,0.0,1.0,12.0,16.0,4.0,5.0
premier-league,2018-2019,E0,10/03/2019,Arsenal,Man United,2.0,0.0,H,1.0,0.0,14.0,14.0,3.0,4.0
premier-league,2018-2019,E0,10/03/2019,Chelsea,Wolves,1.0,1.0,D,0.0,0.0,22.0,2.0,6.0,1.0
premier-league,2018-2019,E0,10/03/2019,Liverpool,Burnley,4.0,2.0,H,2.0,1.0,23.0,3.0,5.0,2.0
premier-league,2018-2019,E0,16/03/2019,Bournemouth,Newcastle,2.0,2.0,D,0.0,1.0,10.0,12.0,3.0,4.0
premier-league,2018-2019,E0,16/03/2019,Burnley,Leicester,1.0,2.0,A,1.0,1.0,13.0,9.0,2.0,4.0
premier-league,2018-2019,E0,16/03/2019,West Ham,Huddersfield,4.0,3.0,H,1.0,2.0,16.0,15.0,5.0,5.0
premier-league,2018-2019,E0,17/03/2019,Everton,Chelsea,2.0,0.0,H,0.0,0.0,15.0,16.0,8.0,5.0
premier-league,2018-2019,E0,17/03/2019,Fulham,Liverpool,1.0,2.0,A,0.0,1.0,7.0,16.0,2.0,6.0
premier-league,2018-2019,E0,30/03/2019,Brighton,Southampton,0.0,1.0,A,0.0,0.0,14.0,8.0,1.0,2.0
premier-league,2018-2019,E0,30/03/2019,Burnley,Wolves,2.0,0.0,H,1.0,0.0,5.0,8.0,1.0,1.0
premier-league,2018-2019,E0,30/03/2019,Crystal Palace,Huddersfield,2.0,0.0,H,0.0,0.0,19.0,15.0,5.0,5.0
premier-league,2018-2019,E0,30/03/2019,Fulham,Man City,0.0,2.0,A,0.0,2.0,5.0,24.0,0.0,7.0
premier-league,2018-2019,E0,30/03/2019,Leicester,Bournemouth,2.0,0.0,H,1.0,0.0,18.0,8.0,4.0,2.0
premier-league,2018-2019,E0,30/03/2019,Man United,Watford,2.0,1.0,H,1.0,0.0,8.0,20.0,5.0,8.0
premier-league,2018-2019,E0,30/03/2019,West Ham,Everton,0.0,2.0,A,0.0,2.0,3.0,17.0,1.0,9.0
premier-league,2018-2019,E0,31/03/2019,Cardiff,Chelsea,1.0,2.0,A,0.0,0.0,8.0,21.0,3.0,3.0
premier-league,2018-2019,E0,31/03/2019,Liverpool,Tottenham,2.0,1.0,H,1.0,0.0,14.0,11.0,3.0,2.0
premier-league,2018-2019,E0,01/04/2019,Arsenal,Newcastle,2.0,0.0,H,1.0,0.0,7.0,3.0,4.0,1.0
premier-league,2018-2019,E0,02/04/2019,Watford,Fulham,4.0,1.0,H,1.0,1.0,15.0,17.0,7.0,7.0
premier-league,2018-2019,E0,02/04/2019,Wolves,Man United,2.0,1.0,H,1.0,1.0,9.0,18.0,2.0,4.0
premier-league,2018-2019,E0,03/04/2019,Chelsea,Brighton,3.0,0.0,H,1.0,0.0,17.0,3.0,4.0,1.0
premier-league,2018-2019,E0,03/04/2019,Man City,Cardiff,2.0,0.0,H,2.0,0.0,27.0,4.0,11.0,1.0
premier-league,2018-2019,E0,03/04/2019,Tottenham,Crystal Palace,2.0,0.0,H,0.0,0.0,26.0,5.0,10.0,1.0
premier-league,2018-2019,E0,05/04/2019,Southampton,Liverpool,1.0,3.0,A,1.0,1.0,11.0,17.0,1.0,5.0
premier-league,2018-2019,E0,06/04/2019,Bournemouth,Burnley,1.0,3.0,A,1.0,2.0,10.0,11.0,2.0,3.0
premier-league,2018-2019,E0,06/04/2019,Huddersfield,Leicester,1.0,4.0,A,0.0,1.0,10.0,18.0,4.0,9.0
premier-league,2018-2019,E0,06/04/2019,Newcastle,Crystal Palace,0.0,1.0,A,0.0,0.0,18.0,3.0,5.0,1.0
premier-league,2018-2019,E0,07/04/2019,Everton,Arsenal,1.0,0.0,H,1.0,0.0,23.0,7.0,6.0,2.0
premier-league,2018-2019,E0,08/04/2019,Chelsea,West Ham,2.0,0.0,H,1.0,0.0,16.0,9.0,7.0,2.0
premier-league,2018-2019,E0,12/04/2019,Leicester,Newcastle,0.0,1.0,A,0.0,1.0,12.0,11.0,5.0,5.0
premier-league,2018-2019,E0,13/04/2019,Brighton,Bournemouth,0.0,5.0,A,0.0,1.0,8.0,14.0,1.0,7.0
premier-league,2018-2019,E0,13/04/2019,Burnley,Cardiff,2.0,0.0,H,1.0,0.0,14.0,14.0,7.0,2.0
premier-league,2018-2019,E0,13/04/2019,Fulham,Everton,2.0,0.0,H,0.0,0.0,12.0,8.0,5.0,1.0
premier-league,2018-2019,E0,13/04/2019,Man United,West Ham,2.0,1.0,H,1.0,0.0,14.0,18.0,4.0,4.0
premier-league,2018-2019,E0,13/04/2019,Southampton,Wolves,3.0,1.0,H,2.0,1.0,13.0,17.0,6.0,2.0
premier-league,2018-2019,E0,13/04/2019,Tottenham,Huddersfield,4.0,0.0,H,2.0,0.0,22.0,7.0,5.0,1.0
premier-league,2018-2019,E0,14/04/2019,Crystal Palace,Man City,1.0,3.0,A,0.0,1.0,7.0,20.0,3.0,6.0
premier-league,2018-2019,E0,14/04/2019,Liverpool,Chelsea,2.0,0.0,H,0.0,0.0,15.0,6.0,7.0,3.0
premier-league,2018-2019,E0,15/04/2019,Watford,Arsenal,0.0,1.0,A,0.0,1.0,11.0,19.0,3.0,6.0
premier-league,2018-2019,E0,16/04/2019,Brighton,Cardiff,0.0,2.0,A,0.0,1.0,14.0,10.0,2.0,3.0
premier-league,2018-2019,E0,20/04/2019,Bournemouth,Fulham,0.0,1.0,A,0.0,0.0,15.0,17.0,5.0,5.0
premier-league,2018-2019,E0,20/04/2019,Huddersfield,Watford,1.0,2.0,A,0.0,1.0,13.0,11.0,3.0,6.0
premier-league,2018-2019,E0,20/04/2019,Man City,Tottenham,1.0,0.0,H,1.0,0.0,15.0,10.0,4.0,4.0
premier-league,2018-2019,E0,20/04/2019,Newcastle,Southampton,3.0,1.0,H,2.0,0.0,15.0,15.0,6.0,3.0
premier-league,2018-2019,E0,20/04/2019,West Ham,Leicester,2.0,2.0,D,1.0,0.0,11.0,11.0,3.0,5.0
premier-league,2018-2019,E0,20/04/2019,Wolves,Brighton,0.0,0.0,D,0.0,0.0,22.0,5.0,5.0,0.0
premier-league,2018-2019,E0,21/04/2019,Arsenal,Crystal Palace,2.0,3.0,A,0.0,1.0,12.0,16.0,5.0,7.0
premier-league,2018-2019,E0,21/04/2019,Cardiff,Liverpool,0.0,2.0,A,0.0,0.0,7.0,17.0,2.0,6.0
premier-league,2018-2019,E0,21/04/2019,Everton,Man United,4.0,0.0,H,2.0,0.0,15.0,7.0,8.0,1.0
premier-league,2018-2019,E0,22/04/2019,Chelsea,Burnley,2.0,2.0,D,2.0,2.0,22.0,6.0,9.0,3.0
premier-league,2018-2019,E0,23/04/2019,Tottenham,Brighton,1.0,0.0,H,0.0,0.0,29.0,6.0,5.0,1.0
premier-league,2018-2019,E0,23/04/2019,Watford,Southampton,1.0,1.0,D,0.0,1.0,15.0,8.0,4.0,4.0
premier-league,2018-2019,E0,24/04/2019,Man United,Man City,0.0,2.0,A,0.0,0.0,12.0,8.0,1.0,5.0
premier-league,2018-2019,E0,24/04/2019,Wolves,Arsenal,3.0,1.0,H,3.0,0.0,11.0,11.0,3.0,1.0
premier-league,2018-2019,E0,26/04/2019,Liverpool,Huddersfield,5.0,0.0,H,3.0,0.0,21.0,5.0,7.0,1.0
premier-league,2018-2019,E0,27/04/2019,Brighton,Newcastle,1.0,1.0,D,0.0,1.0,9.0,9.0,2.0,1.0
premier-league,2018-2019,E0,27/04/2019,Crystal Palace,Everton,0.0,0.0,D,0.0,0.0,8.0,22.0,0.0,3.0
premier-league,2018-2019,E0,27/04/2019,Fulham,Cardiff,1.0,0.0,H,0.0,0.0,8.0,13.0,2.0,8.0
premier-league,2018-2019,E0,27/04/2019,Southampton,Bournemouth,3.0,3.0,D,1.0,2.0,22.0,9.0,7.0,5.0
premier-league,2018-2019,E0,27/04/2019,Tottenham,West Ham,0.0,1.0,A,0.0,0.0,14.0,16.0,4.0,7.0
premier-league,2018-2019,E0,27/04/2019,Watford,Wolves,1.0,2.0,A,0.0,1.0,10.0,11.0,1.0,4.0
premier-league,2018-2019,E0,28/04/2019,Burnley,Man City,0.0,1.0,A,0.0,0.0,2.0,25.0,0.0,7.0
premier-league,2018-2019,E0,28/04/2019,Leicester,Arsenal,3.0,0.0,H,0.0,0.0,24.0,6.0,12.0,1.0
premier-league,2018-2019,E0,28/04/2019,Man United,Chelsea,1.0,1.0,D,1.0,1.0,7.0,16.0,5.0,3.0
premier-league,2018-2019,E0,03/05/2019,Everton,Burnley,2.0,0.0,H,2.0,0.0,20.0,5.0,6.0,1.0
premier-league,2018-2019,E0,04/05/2019,Bournemouth,Tottenham,1.0,0.0,H,0.0,0.0,20.0,11.0,6.0,5.0
premier-league,2018-2019,E0,04/05/2019,Cardiff,Crystal Palace,2.0,3.0,A,1.0,2.0,18.0,21.0,8.0,7.0
premier-league,2018-2019,E0,04/05/2019,Newcastle,Liverpool,2.0,3.0,A,1.0,2.0,14.0,11.0,7.0,4.0
premier-league,2018-2019,E0,04/05/2019,West Ham,Southampton,3.0,0.0,H,1.0,0.0,17.0,11.0,6.0,1.0
premier-league,2018-2019,E0,04/05/2019,Wolves,Fulham,1.0,0.0,H,0.0,0.0,19.0,6.0,6.0,2.0
premier-league,2018-2019,E0,05/05/2019,Arsenal,Brighton,1.0,1.0,D,1.0,0.0,20.0,11.0,8.0,5.0
premier-league,2018-2019,E0,05/05/2019,Chelsea,Watford,3.0,0.0,H,0.0,0.0,19.0,15.0,9.0,3.0
premier-league,2018-2019,E0,05/05/2019,Huddersfield,Man United,1.0,1.0,D,0.0,1.0,7.0,23.0,3.0,7.0
premier-league,2018-2019,E0,06/05/2019,Man City,Leicester,1.0,0.0,H,0.0,0.0,19.0,7.0,5.0,2.0
premier-league,2018-2019,E0,12/05/2019,Brighton,Man City,1.0,4.0,A,1.0,2.0,6.0,20.0,2.0,9.0
premier-league,2018-2019,E0,12/05/2019,Burnley,Arsenal,1.0,3.0,A,0.0,0.0,14.0,17.0,5.0,6.0
premier-league,2018-2019,E0,12/05/2019,Crystal Palace,Bournemouth,5.0,3.0,H,3.0,1.0,17.0,16.0,8.0,8.0
premier-league,2018-2019,E0,12/05/2019,Fulham,Newcastle,0.0,4.0,A,0.0,2.0,16.0,13.0,2.0,6.0
premier-league,2018-2019,E0,12/05/2019,Leicester,Chelsea,0.0,0.0,D,0.0,0.0,9.0,14.0,3.0,4.0
premier-league,2018-2019,E0,12/05/2019,Liverpool,Wolves,2.0,0.0,H,1.0,0.0,13.0,7.0,5.0,2.0
premier-league,2018-2019,E0,12/05/2019,Man United,Cardiff,0.0,2.0,A,0.0,1.0,26.0,13.0,10.0,4.0
premier-league,2018-2019,E0,12/05/2019,Southampton,Huddersfield,1.0,1.0,D,1.0,0.0,10.0,10.0,3.0,3.0
premier-league,2018-2019,E0,12/05/2019,Tottenham,Everton,2.0,2.0,D,1.0,0.0,11.0,17.0,3.0,9.0
premier-league,2018-2019,E0,12/05/2019,Watford,West Ham,1.0,4.0,A,0.0,2.0,17.0,16.0,8.0,9.0
premier-league,2019-2020,E0,09/08/2019,Liverpool,Norwich,4.0,1.0,H,4.0,0.0,15.0,12.0,7.0,5.0
premier-league,2019-2020,E0,10/08/2019,West Ham,Man City,0.0,5.0,A,0.0,1.0,5.0,14.0,3.0,9.0
premier-league,2019-2020,E0,10/08/2019,Bournemouth,Sheffield United,1.0,1.0,D,0.0,0.0,13.0,8.0,3.0,3.0
premier-league,2019-2020,E0,10/08/2019,Burnley,Southampton,3.0,0.0,H,0.0,0.0,10.0,11.0,4.0,3.0
premier-league,2019-2020,E0,10/08/2019,Crystal Palace,Everton,0.0,0.0,D,0.0,0.0,6.0,10.0,2.0,3.0
premier-league,2019-2020,E0,10/08/2019,Watford,Brighton,0.0,3.0,A,0.0,1.0,11.0,5.0,3.0,3.0
premier-league,2019-2020,E0,10/08/2019,Tottenham,Aston Villa,3.0,1.0,H,0.0,1.0,31.0,7.0,7.0,4.0
premier-league,2019-2020,E0,11/08/2019,Leicester,Wolves,0.0,0.0,D,0.0,0.0,15.0,8.0,1.0,2.0
premier-league,2019-2020,E0,11/08/2019,Newcastle,Arsenal,0.0,1.0,A,0.0,0.0,9.0,8.0,2.0,2.0
premier-league,2019-2020,E0,11/08/2019,Man United,Chelsea,4.0,0.0,H,1.0,0.0,11.0,18.0,5.0,7.0
premier-league,2019-2020,E0,17/08/2019,Arsenal,Burnley,2.0,1.0,H,1.0,1.0,16.0,18.0,9.0,5.0
premier-league,2019-2020,E0,17/08/2019,Aston Villa,Bournemouth,1.0,2.0,A,0.0,2.0,22.0,12.0,7.0,4.0
premier-league,2019-2020,E0,17/08/2019,Brighton,West Ham,1.0,1.0,D,0.0,0.0,16.0,8.0,4.0,3.0
premier-league,2019-2020,E0,17/08/2019,Everton,Watford,1.0,0.0,H,1.0,0.0,12.0,8.0,2.0,2.0
premier-league,2019-2020,E0,17/08/2019,Norwich,Newcastle,3.0,1.0,H,1.0,0.0,15.0,10.0,8.0,3.0
premier-league,2019-2020,E0,17/08/2019,Southampton,Liverpool,1.0,2.0,A,0.0,1.0,14.0,15.0,3.0,6.0
premier-league,2019-2020,E0,17/08/2019,Man City,Tottenham,2.0,2.0,D,2.0,1.0,30.0,3.0,10.0,2.0
premier-league,2019-2020,E0,18/08/2019,Sheffield United,Crystal Palace,1.0,0.0,H,0.0,0.0,15.0,6.0,3.0,4.0
premier-league,2019-2020,E0,18/08/2019,Chelsea,Leicester,1.0,1.0,D,1.0,0.0,14.0,12.0,5.0,3.0
premier-league,2019-2020,E0,19/08/2019,Wolves,Man United,1.0,1.0,D,0.0,1.0,6.0,9.0,2.0,2.0
premier-league,2019-2020,E0,23/08/2019,Aston Villa,Everton,2.0,0.0,H,1.0,0.0,7.0,12.0,3.0,1.0
premier-league,2019-2020,E0,24/08/2019,Norwich,Chelsea,2.0,3.0,A,2.0,2.0,6.0,23.0,5.0,8.0
premier-league,2019-2020,E0,24/08/2019,Brighton,Southampton,0.0,2.0,A,0.0,0.0,12.0,12.0,3.0,4.0
premier-league,2019-2020,E0,24/08/2019,Man United,Crystal Palace,1.0,2.0,A,0.0,1.0,22.0,5.0,3.0,3.0
premier-league,2019-2020,E0,24/08/2019,Sheffield United,Leicester,1.0,2.0,A,0.0,1.0,8.0,10.0,3.0,2.0
premier-league,2019-2020,E0,24/08/2019,Watford,West Ham,1.0,3.0,A,1.0,1.0,23.0,16.0,3.0,10.0
premier-league,2019-2020,E0,24/08/2019,Liverpool,Arsenal,3.0,1.0,H,1.0,0.0,25.0,9.0,5.0,3.0
premier-league,2019-2020,E0,25/08/2019,Bournemouth,Man City,1.0,3.0,A,1.0,2.0,10.0,19.0,7.0,5.0
premier-league,2019-2020,E0,25/08/2019,Tottenham,Newcastle,0.0,1.0,A,0.0,1.0,17.0,8.0,2.0,3.0
premier-league,2019-2020,E0,25/08/2019,Wolves,Burnley,1.0,1.0,D,0.0,1.0,17.0,13.0,2.0,4.0
premier-league,2019-2020,E0,31/08/2019,Southampton,Man United,1.0,1.0,D,0.0,1.0,10.0,21.0,2.0,8.0
premier-league,2019-2020,E0,31/08/2019,Chelsea,Sheffield United,2.0,2.0,D,2.0,0.0,13.0,8.0,5.0,2.0
premier-league,2019-2020,E0,31/08/2019,Crystal Palace,Aston Villa,1.0,0.0,H,0.0,0.0,22.0,10.0,5.0,2.0
premier-league,2019-2020,E0,31/08/2019,Leicester,Bournemouth,3.0,1.0,H,2.0,1.0,13.0,8.0,5.0,2.0
premier-league,2019-2020,E0,31/08/2019,Man City,Brighton,4.0,0.0,H,2.0,0.0,15.0,6.0,6.0,2.0
premier-league,2019-2020,E0,31/08/2019,Newcastle,Watford,1.0,1.0,D,1.0,1.0,13.0,13.0,5.0,3.0
premier-league,2019-2020,E0,31/08/2019,West Ham,Norwich,2.0,0.0,H,1.0,0.0,18.0,8.0,8.0,3.0
premier-league,2019-2020,E0,31/08/2019,Burnley,Liverpool,0.0,3.0,A,0.0,2.0,7.0,15.0,2.0,7.0
premier-league,2019-2020,E0,01/09/2019,Everton,Wolves,3.0,2.0,H,2.0,1.0,15.0,8.0,6.0,5.0
premier-league,2019-2020,E0,01/09/2019,Arsenal,Tottenham,2.0,2.0,D,1.0,2.0,26.0,13.0,8.0,9.0
premier-league,2019-2020,E0,14/09/2019,Liverpool,Newcastle,3.0,1.0,H,2.0,1.0,21.0,8.0,9.0,1.0
premier-league,2019-2020,E0,14/09/2019,Brighton,Burnley,1.0,1.0,D,0.0,0.0,14.0,7.0,5.0,1.0
premier-league,2019-2020,E0,14/09/2019,Man United,Leicester,1.0,0.0,H,1.0,0.0,10.0,9.0,5.0,3.0
premier-league,2019-2020,E0,14/09/2019,Sheffield United,Southampton,0.0,1.0,A,0.0,0.0,17.0,11.0,4.0,7.0
premier-league,2019-2020,E0,14/09/2019,Tottenham,Crystal Palace,4.0,0.0,H,4.0,0.0,13.0,11.0,5.0,6.0
premier-league,2019-2020,E0,14/09/2019,Wolves,Chelsea,2.0,5.0,A,0.0,3.0,11.0,15.0,4.0,6.0
premier-league,2019-2020,E0,14/09/2019,Norwich,Man City,3.0,2.0,H,2.0,1.0,7.0,25.0,3.0,8.0
premier-league,2019-2020,E0,15/09/2019,Bournemouth,Everton,3.0,1.0,H,1.0,1.0,13.0,14.0,6.0,5.0
premier-league,2019-2020,E0,15/09/2019,Watford,Arsenal,2.0,2.0,D,0.0,2.0,31.0,10.0,7.0,4.0
premier-league,2019-2020,E0,16/09/2019,Aston Villa,West Ham,0.0,0.0,D,0.0,0.0,10.0,13.0,5.0,1.0
premier-league,2019-2020,E0,20/09/2019,Southampton,Bournemouth,1.0,3.0,A,0.0,2.0,25.0,6.0,6.0,3.0
premier-league,2019-2020,E0,21/09/2019,Leicester,Tottenham,2.0,1.0,H,0.0,1.0,16.0,11.0,7.0,4.0
premier-league,2019-2020,E0,21/09/2019,Burnley,Norwich,2.0,0.0,H,2.0,0.0,13.0,11.0,6.0,2.0
premier-league,2019-2020,E0,21/09/2019,Everton,Sheffield United,0.0,2.0,A,0.0,1.0,16.0,2.0,3.0,1.0
premier-league,2019-2020,E0,21/09/2019,Man City,Watford,8.0,0.0,H,5.0,0.0,28.0,5.0,11.0,4.0
premier-league,2019-2020,E0,21/09/2019,Newcastle,Brighton,0.0,0.0,D,0.0,0.0,11.0,16.0,4.0,3.0
premier-league,2019-2020,E0,22/09/2019,Crystal Palace,Wolves,1.0,1.0,D,0.0,0.0,13.0,14.0,4.0,4.0
premier-league,2019-2020,E0,22/09/2019,West Ham,Man United,2.0,0.0,H,1.0,0.0,8.0,9.0,6.0,3.0
premier-league,2019-2020,E0,22/09/2019,Arsenal,Aston Villa,3.0,2.0,H,0.0,1.0,21.0,14.0,6.0,9.0
premier-league,2019-2020,E0,22/09/2019,Chelsea,Liverpool,1.0,2.0,A,0.0,2.0,13.0,6.0,2.0,3.0
premier-league,2019-2020,E0,28/09/2019,Sheffield United,Liverpool,0.0,1.0,A,0.0,0.0,12.0,16.0,2.0,4.0
premier-league,2019-2020,E0,28/09/2019,Aston Villa,Burnley,2.0,2.0,D,1.0,0.0,16.0,10.0,3.0,3.0
premier-league,2019-2020,E0,28/09/2019,Bournemouth,West Ham,2.0,2.0,D,1.0,1.0,13.0,17.0,5.0,6.0
premier-league,2019-2020,E0,28/09/2019,Chelsea,Brighton,2.0,0.0,H,0.0,0.0,24.0,8.0,10.0,1.0
premier-league,2019-2020,E0,28/09/2019,Crystal Palace,Norwich,2.0,0.0,H,1.0,0.0,15.0,10.0,3.0,3.0
premier-league,2019-2020,E0,28/09/2019,Tottenham,Southampton,2.0,1.0,H,2.0,1.0,9.0,14.0,4.0,6.0
premier-league,2019-2020,E0,28/09/2019,Wolves,Watford,2.0,0.0,H,1.0,0.0,6.0,14.0,2.0,5.0
premier-league,2019-2020,E0,28/09/2019,Everton,Man City,1.0,3.0,A,1.0,1.0,12.0,20.0,8.0,9.0
premier-league,2019-2020,E0,29/09/2019,Leicester,Newcastle,5.0,0.0,H,1.0,0.0,13.0,3.0,5.0,0.0
premier-league,2019-2020,E0,30/09/2019,Man United,Arsenal,1.0,1.0,D,1.0,0.0,16.0,10.0,4.0,5.0
premier-league,2019-2020,E0,05/10/2019,Brighton,Tottenham,3.0,0.0,H,2.0,0.0,17.0,8.0,6.0,3.0
premier-league,2019-2020,E0,05/10/2019,Burnley,Everton,1.0,0.0,H,0.0,0.0,9.0,11.0,3.0,2.0
premier-league,2019-2020,E0,05/10/2019,Liverpool,Leicester,2.0,1.0,H,1.0,0.0,18.0,2.0,8.0,1.0
premier-league,2019-2020,E0,05/10/2019,Norwich,Aston Villa,1.0,5.0,A,0.0,2.0,21.0,22.0,5.0,12.0
premier-league,2019-2020,E0,05/10/2019,Watford,Sheffield United,0.0,0.0,D,0.0,0.0,8.0,9.0,2.0,3.0
premier-league,2019-2020,E0,05/10/2019,West Ham,Crystal Palace,1.0,2.0,A,0.0,0.0,9.0,7.0,4.0,4.0
premier-league,2019-2020,E0,06/10/2019,Arsenal,Bournemouth,1.0,0.0,H,1.0,0.0,12.0,10.0,2.0,2.0
premier-league,2019-2020,E0,06/10/2019,Man City,Wolves,0.0,2.0,A,0.0,0.0,18.0,7.0,2.0,2.0
premier-league,2019-2020,E0,06/10/2019,Southampton,Chelsea,1.0,4.0,A,1.0,3.0,10.0,13.0,3.0,7.0
premier-league,2019-2020,E0,06/10/2019,Newcastle,Man United,1.0,0.0,H,0.0,0.0,12.0,12.0,2.0,3.0
premier-league,2019-2020,E0,19/10/2019,Everton,West Ham,2.0,0.0,H,1.0,0.0,19.0,8.0,10.0,4.0
premier-league,2019-2020,E0,19/10/2019,Aston Villa,Brighton,2.0,1.0,H,1.0,1.0,24.0,20.0,8.0,5.0
premier-league,2019-2020,E0,19/10/2019,Bournemouth,Norwich,0.0,0.0,D,0.0,0.0,11.0,10.0,2.0,1.0
premier-league,2019-2020,E0,19/10/2019,Chelsea,Newcastle,1.0,0.0,H,0.0,0.0,16.0,5.0,8.0,0.0
premier-league,2019-2020,E0,19/10/2019,Leicester,Burnley,2.0,1.0,H,1.0,1.0,19.0,13.0,3.0,4.0
premier-league,2019-2020,E0,19/10/2019,Tottenham,Watford,1.0,1.0,D,0.0,1.0,12.0,7.0,2.0,2.0
premier-league,2019-2020,E0,19/10/2019,Wolves,Southampton,1.0,1.0,D,0.0,0.0,4.0,14.0,1.0,5.0
premier-league,2019-2020,E0,19/10/2019,Crystal Palace,Man City,0.0,2.0,A,0.0,2.0,7.0,21.0,2.0,10.0
premier-league,2019-2020,E0,20/10/2019,Man United,Liverpool,1.0,1.0,D,1.0,0.0,7.0,10.0,2.0,4.0
premier-league,2019-2020,E0,21/10/2019,Sheffield United,Arsenal,1.0,0.0,H,1.0,0.0,8.0,9.0,2.0,3.0
premier-league,2019-2020,E0,25/10/2019,Southampton,Leicester,0.0,9.0,A,0.0,5.0,6.0,25.0,3.0,15.0
premier-league,2019-2020,E0,26/10/2019,Man City,Aston Villa,3.0,0.0,H,0.0,0.0,25.0,11.0,9.0,5.0
premier-league,2019-2020,E0,26/10/2019,Brighton,Everton,3.0,2.0,H,1.0,1.0,8.0,10.0,4.0,6.0
premier-league,2019-2020,E0,26/10/2019,Watford,Bournemouth,0.0,0.0,D,0.0,0.0,7.0,15.0,3.0,5.0
premier-league,2019-2020,E0,26/10/2019,West Ham,Sheffield United,1.0,1.0,D,1.0,0.0,12.0,10.0,4.0,4.0
premier-league,2019-2020,E0,26/10/2019,Burnley,Chelsea,2.0,4.0,A,0.0,2.0,13.0,16.0,5.0,7.0
premier-league,2019-2020,E0,27/10/2019,Newcastle,Wolves,1.0,1.0,D,1.0,0.0,13.0,13.0,2.0,5.0
premier-league,2019-2020,E0,27/10/2019,Arsenal,Crystal Palace,2.0,2.0,D,2.0,1.0,15.0,10.0,6.0,4.0
premier-league,2019-2020,E0,27/10/2019,Liverpool,Tottenham,2.0,1.0,H,0.0,1.0,21.0,11.0,13.0,4.0
premier-league,2019-2020,E0,27/10/2019,Norwich,Man United,1.0,3.0,A,0.0,2.0,10.0,21.0,3.0,11.0
premier-league,2019-2020,E0,02/11/2019,Bournemouth,Man United,1.0,0.0,H,1.0,0.0,12.0,15.0,6.0,4.0
premier-league,2019-2020,E0,02/11/2019,Arsenal,Wolves,1.0,1.0,D,1.0,0.0,10.0,25.0,4.0,8.0
premier-league,2019-2020,E0,02/11/2019,Aston Villa,Liverpool,1.0,2.0,A,1.0,0.0,5.0,25.0,2.0,6.0
premier-league,2019-2020,E0,02/11/2019,Brighton,Norwich,2.0,0.0,H,0.0,0.0,21.0,7.0,5.0,0.0
premier-league,2019-2020,E0,02/11/2019,Man City,Southampton,2.0,1.0,H,0.0,1.0,26.0,3.0,4.0,3.0
premier-league,2019-2020,E0,02/11/2019,Sheffield United,Burnley,3.0,0.0,H,3.0,0.0,13.0,6.0,6.0,0.0
premier-league,2019-2020,E0,02/11/2019,West Ham,Newcastle,2.0,3.0,A,0.0,2.0,16.0,12.0,6.0,9.0
premier-league,2019-2020,E0,02/11/2019,Watford,Chelsea,1.0,2.0,A,0.0,1.0,12.0,16.0,3.0,10.0
premier-league,2019-2020,E0,03/11/2019,Crystal Palace,Leicester,0.0,2.0,A,0.0,0.0,12.0,14.0,3.0,5.0
premier-league,2019-2020,E0,03/11/2019,Everton,Tottenham,1.0,1.0,D,0.0,0.0,7.0,4.0,3.0,2.0
premier-league,2019-2020,E0,08/11/2019,Norwich,Watford,0.0,2.0,A,0.0,1.0,17.0,12.0,5.0,2.0
premier-league,2019-2020,E0,09/11/2019,Chelsea,Crystal Palace,2.0,0.0,H,0.0,0.0,23.0,3.0,5.0,1.0
premier-league,2019-2020,E0,09/11/2019,Burnley,West Ham,3.0,0.0,H,2.0,0.0,14.0,7.0,12.0,4.0
premier-league,2019-2020,E0,09/11/2019,Newcastle,Bournemouth,2.0,1.0,H,1.0,1.0,20.0,16.0,9.0,3.0
premier-league,2019-2020,E0,09/11/2019,Southampton,Everton,1.0,2.0,A,0.0,1.0,4.0,24.0,3.0,5.0
premier-league,2019-2020,E0,09/11/2019,Tottenham,Sheffield United,1.0,1.0,D,0.0,0.0,17.0,14.0,5.0,4.0
premier-league,2019-2020,E0,09/11/2019,Leicester,Arsenal,2.0,0.0,H,0.0,0.0,19.0,8.0,7.0,1.0
premier-league,2019-2020,E0,10/11/2019,Man United,Brighton,3.0,1.0,H,2.0,0.0,21.0,6.0,11.0,2.0
premier-league,2019-2020,E0,10/11/2019,Wolves,Aston Villa,2.0,1.0,H,1.0,0.0,17.0,13.0,5.0,4.0
premier-league,2019-2020,E0,10/11/2019,Liverpool,Man City,3.0,1.0,H,2.0,0.0,12.0,18.0,5.0,3.0
premier-league,2019-2020,E0,23/11/2019,West Ham,Tottenham,2.0,3.0,A,0.0,2.0,11.0,15.0,4.0,6.0
premier-league,2019-2020,E0,23/11/2019,Arsenal,Southampton,2.0,2.0,D,1.0,1.0,12.0,21.0,5.0,6.0
premier-league,2019-2020,E0,23/11/2019,Bournemouth,Wolves,1.0,2.0,A,0.0,2.0,9.0,17.0,2.0,7.0
premier-league,2019-2020,E0,23/11/2019,Brighton,Leicester,0.0,2.0,A,0.0,0.0,7.0,19.0,0.0,9.0
premier-league,2019-2020,E0,23/11/2019,Crystal Palace,Liverpool,1.0,2.0,A,0.0,0.0,16.0,12.0,6.0,4.0
premier-league,2019-2020,E0,23/11/2019,Everton,Norwich,0.0,2.0,A,0.0,0.0,18.0,13.0,7.0,5.0
premier-league,2019-2020,E0,23/11/2019,Watford,Burnley,0.0,3.0,A,0.0,0.0,15.0,11.0,4.0,5.0
premier-league,2019-2020,E0,23/11/2019,Man City,Chelsea,2.0,1.0,H,2.0,1.0,15.0,11.0,4.0,2.0
premier-league,2019-2020,E0,24/11/2019,Sheffield United,Man United,3.0,3.0,D,1.0,0.0,12.0,11.0,8.0,5.0
premier-league,2019-2020,E0,25/11/2019,Aston Villa,Newcastle,2.0,0.0,H,2.0,0.0,17.0,11.0,8.0,5.0
premier-league,2019-2020,E0,30/11/2019,Newcastle,Man City,2.0,2.0,D,1.0,1.0,6.0,24.0,3.0,9.0
premier-league,2019-2020,E0,30/11/2019,Burnley,Crystal Palace,0.0,2.0,A,0.0,1.0,15.0,7.0,4.0,2.0
premier-league,2019-2020,E0,30/11/2019,Chelsea,West Ham,0.0,1.0,A,0.0,0.0,19.0,5.0,6.0,4.0
premier-league,2019-2020,E0,30/11/2019,Liverpool,Brighton,2.0,1.0,H,2.0,0.0,15.0,12.0,7.0,5.0
premier-league,2019-2020,E0,30/11/2019,Tottenham,Bournemouth,3.0,2.0,H,1.0,0.0,15.0,20.0,5.0,6.0
premier-league,2019-2020,E0,30/11/2019,Southampton,Watford,2.0,1.0,H,0.0,1.0,11.0,6.0,6.0,3.0
premier-league,2019-2020,E0,01/12/2019,Norwich,Arsenal,2.0,2.0,D,2.0,1.0,15.0,16.0,8.0,7.0
premier-league,2019-2020,E0,01/12/2019,Wolves,Sheffield United,1.0,1.0,D,0.0,1.0,13.0,9.0,3.0,4.0
premier-league,2019-2020,E0,01/12/2019,Leicester,Everton,2.0,1.0,H,0.0,1.0,16.0,11.0,6.0,3.0
premier-league,2019-2020,E0,01/12/2019,Man United,Aston Villa,2.0,2.0,D,1.0,1.0,16.0,9.0,6.0,3.0
premier-league,2019-2020,E0,03/12/2019,Crystal Palace,Bournemouth,1.0,0.0,H,0.0,0.0,7.0,6.0,2.0,3.0
premier-league,2019-2020,E0,03/12/2019,Burnley,Man City,1.0,4.0,A,0.0,1.0,4.0,17.0,2.0,8.0
premier-league,2019-2020,E0,04/12/2019,Chelsea,Aston Villa,2.0,1.0,H,1.0,1.0,25.0,9.0,9.0,3.0
premier-league,2019-2020,E0,04/12/2019,Leicester,Watford,2.0,0.0,H,0.0,0.0,12.0,4.0,6.0,1.0
premier-league,2019-2020,E0,04/12/2019,Man United,Tottenham,2.0,1.0,H,1.0,1.0,12.0,8.0,7.0,5.0
premier-league,2019-2020,E0,04/12/2019,Southampton,Norwich,2.0,1.0,H,2.0,0.0,14.0,10.0,5.0,3.0
premier-league,2019-2020,E0,04/12/2019,Wolves,West Ham,2.0,0.0,H,1.0,0.0,13.0,6.0,7.0,3.0
premier-league,2019-2020,E0,04/12/2019,Liverpool,Everton,5.0,2.0,H,4.0,2.0,11.0,12.0,5.0,4.0
premier-league,2019-2020,E0,05/12/2019,Sheffield United,Newcastle,0.0,2.0,A,0.0,1.0,13.0,6.0,6.0,4.0
premier-league,2019-2020,E0,05/12/2019,Arsenal,Brighton,1.0,2.0,A,0.0,1.0,12.0,20.0,5.0,9.0
premier-league,2019-2020,E0,07/12/2019,Everton,Chelsea,3.0,1.0,H,1.0,0.0,13.0,15.0,7.0,4.0
premier-league,2019-2020,E0,07/12/2019,Bournemouth,Liverpool,0.0,3.0,A,0.0,2.0,3.0,21.0,0.0,9.0
premier-league,2019-2020,E0,07/12/2019,Tottenham,Burnley,5.0,0.0,H,3.0,0.0,13.0,7.0,7.0,1.0
premier-league,2019-2020,E0,07/12/2019,Watford,Crystal Palace,0.0,0.0,D,0.0,0.0,13.0,3.0,3.0,0.0
premier-league,2019-2020,E0,07/12/2019,Man City,Man United,1.0,2.0,A,0.0,2.0,22.0,11.0,5.0,7.0
premier-league,2019-2020,E0,08/12/2019,Aston Villa,Leicester,1.0,4.0,A,1.0,2.0,15.0,23.0,2.0,8.0
premier-league,2019-2020,E0,08/12/2019,Newcastle,Southampton,2.0,1.0,H,0.0,0.0,12.0,19.0,6.0,4.0
premier-league,2019-2020,E0,08/12/2019,Norwich,Sheffield United,1.0,2.0,A,1.0,0.0,14.0,9.0,4.0,3.0
premier-league,2019-2020,E0,08/12/2019,Brighton,Wolves,2.0,2.0,D,2.0,2.0,13.0,13.0,4.0,5.0
premier-league,2019-2020,E0,09/12/2019,West Ham,Arsenal,1.0,3.0,A,1.0,0.0,11.0,10.0,4.0,3.0
premier-league,2019-2020,E0,14/12/2019,Liverpool,Watford,2.0,0.0,H,1.0,0.0,16.0,8.0,6.0,2.0
premier-league,2019-2020,E0,14/12/2019,Burnley,Newcastle,1.0,0.0,H,0.0,0.0,7.0,9.0,4.0,0.0
premier-league,2019-2020,E0,14/12/2019,Chelsea,Bournemouth,0.0,1.0,A,0.0,0.0,18.0,11.0,5.0,2.0
premier-league,2019-2020,E0,14/12/2019,Leicester,Norwich,1.0,1.0,D,1.0,1.0,18.0,10.0,5.0,3.0
premier-league,2019-2020,E0,14/12/2019,Sheffield United,Aston Villa,2.0,0.0,H,0.0,0.0,7.0,8.0,3.0,0.0
premier-league,2019-2020,E0,14/12/2019,Southampton,West Ham,0.0,1.0,A,0.0,1.0,11.0,11.0,2.0,4.0
premier-league,2019-2020,E0,15/12/2019,Man United,Everton,1.0,1.0,D,0.0,1.0,24.0,8.0,8.0,3.0
premier-league,2019-2020,E0,15/12/2019,Wolves,Tottenham,1.0,2.0,A,0.0,1.0,18.0,9.0,5.0,5.0
premier-league,2019-2020,E0,15/12/2019,Arsenal,Man City,0.0,3.0,A,0.0,3.0,6.0,14.0,1.0,7.0
premier-league,2019-2020,E0,16/12/2019,Crystal Palace,Brighton,1.0,1.0,D,0.0,0.0,11.0,15.0,4.0,10.0
premier-league,2019-2020,E0,21/12/2019,Everton,Arsenal,0.0,0.0,D,0.0,0.0,9.0,6.0,0.0,2.0
premier-league,2019-2020,E0,21/12/2019,Aston Villa,Southampton,1.0,3.0,A,0.0,2.0,19.0,17.0,6.0,8.0
premier-league,2019-2020,E0,21/12/2019,Bournemouth,Burnley,0.0,1.0,A,0.0,0.0,3.0,2.0,0.0,1.0
premier-league,2019-2020,E0,21/12/2019,Brighton,Sheffield United,0.0,1.0,A,0.0,1.0,9.0,7.0,2.0,2.0
premier-league,2019-2020,E0,21/12/2019,Newcastle,Crystal Palace,1.0,0.0,H,0.0,0.0,8.0,16.0,3.0,4.0
premier-league,2019-2020,E0,21/12/2019,Norwich,Wolves,1.0,2.0,A,1.0,0.0,13.0,14.0,7.0,4.0
premier-league,2019-2020,E0,21/12/2019,Man City,Leicester,3.0,1.0,H,2.0,1.0,23.0,5.0,12.0,2.0
premier-league,2019-2020,E0,22/12/2019,Watford,Man United,2.0,0.0,H,0.0,0.0,11.0,17.0,3.0,8.0
premier-league,2019-2020,E0,22/12/2019,Tottenham,Chelsea,0.0,2.0,A,0.0,2.0,5.0,13.0,1.0,3.0
premier-league,2019-2020,E0,26/12/2019,Tottenham,Brighton,2.0,1.0,H,0.0,1.0,11.0,11.0,5.0,5.0
premier-league,2019-2020,E0,26/12/2019,Aston Villa,Norwich,1.0,0.0,H,0.0,0.0,11.0,16.0,2.0,6.0
premier-league,2019-2020,E0,26/12/2019,Bournemouth,Arsenal,1.0,1.0,D,1.0,0.0,12.0,17.0,4.0,2.0
premier-league,2019-2020,E0,26/12/2019,Chelsea,Southampton,0.0,2.0,A,0.0,1.0,10.0,5.0,3.0,3.0
premier-league,2019-2020,E0,26/12/2019,Crystal Palace,West Ham,2.0,1.0,H,0.0,0.0,13.0,10.0,4.0,2.0
premier-league,2019-2020,E0,26/12/2019,Everton,Burnley,1.0,0.0,H,0.0,0.0,21.0,6.0,5.0,0.0
premier-league,2019-2020,E0,26/12/2019,Sheffield United,Watford,1.0,1.0,D,1.0,1.0,16.0,5.0,4.0,2.0
premier-league,2019-2020,E0,26/12/2019,Man United,Newcastle,4.0,1.0,H,3.0,1.0,22.0,7.0,10.0,2.0
premier-league,2019-2020,E0,26/12/2019,Leicester,Liverpool,0.0,4.0,A,0.0,1.0,3.0,15.0,0.0,6.0
premier-league,2019-2020,E0,27/12/2019,Wolves,Man City,3.0,2.0,H,0.0,1.0,20.0,7.0,8.0,3.0
premier-league,2019-2020,E0,28/12/2019,Brighton,Bournemouth,2.0,0.0,H,1.0,0.0,16.0,10.0,6.0,2.0
premier-league,2019-2020,E0,28/12/2019,Newcastle,Everton,1.0,2.0,A,0.0,1.0,20.0,22.0,5.0,9.0
premier-league,2019-2020,E0,28/12/2019,Southampton,Crystal Palace,1.0,1.0,D,0.0,0.0,14.0,5.0,5.0,2.0
premier-league,2019-2020,E0,28/12/2019,Watford,Aston Villa,3.0,0.0,H,1.0,0.0,20.0,11.0,6.0,2.0
premier-league,2019-2020,E0,28/12/2019,Norwich,Tottenham,2.0,2.0,D,1.0,0.0,5.0,15.0,2.0,7.0
premier-league,2019-2020,E0,28/12/2019,West Ham,Leicester,1.0,2.0,A,1.0,1.0,14.0,13.0,4.0,8.0
premier-league,2019-2020,E0,28/12/2019,Burnley,Man United,0.0,2.0,A,0.0,1.0,8.0,14.0,1.0,5.0
premier-league,2019-2020,E0,29/12/2019,Arsenal,Chelsea,1.0,2.0,A,1.0,0.0,7.0,13.0,2.0,4.0
premier-league,2019-2020,E0,29/12/2019,Liverpool,Wolves,1.0,0.0,H,1.0,0.0,10.0,10.0,3.0,2.0
premier-league,2019-2020,E0,29/12/2019,Man City,Sheffield United,2.0,0.0,H,0.0,0.0,16.0,8.0,4.0,0.0
premier-league,2019-2020,E0,01/01/2020,Brighton,Chelsea,1.0,1.0,D,0.0,1.0,16.0,16.0,5.0,5.0
premier-league,2019-2020,E0,01/01/2020,Burnley,Aston Villa,1.0,2.0,A,0.0,2.0,20.0,11.0,1.0,6.0
premier-league,2019-2020,E0,01/01/2020,Newcastle,Leicester,0.0,3.0,A,0.0,2.0,5.0,17.0,2.0,10.0
premier-league,2019-2020,E0,01/01/2020,Southampton,Tottenham,1.0,0.0,H,1.0,0.0,12.0,11.0,3.0,5.0
premier-league,2019-2020,E0,01/01/2020,Watford,Wolves,2.0,1.0,H,1.0,0.0,9.0,16.0,3.0,4.0
premier-league,2019-2020,E0,01/01/2020,Man City,Everton,2.0,1.0,H,0.0,0.0,16.0,7.0,7.0,2.0
premier-league,2019-2020,E0,01/01/2020,Norwich,Crystal Palace,1.0,1.0,D,1.0,0.0,15.0,12.0,4.0,3.0
premier-league,2019-2020,E0,01/01/2020,West Ham,Bournemouth,4.0,0.0,H,3.0,0.0,14.0,3.0,7.0,2.0
premier-league,2019-2020,E0,01/01/2020,Arsenal,Man United,2.0,0.0,H,2.0,0.0,10.0,10.0,4.0,4.0
premier-league,2019-2020,E0,02/01/2020,Liverpool,Sheffield United,2.0,0.0,H,1.0,0.0,19.0,3.0,7.0,2.0
premier-league,2019-2020,E0,10/01/2020,Sheffield United,West Ham,1.0,0.0,H,0.0,0.0,13.0,7.0,3.0,2.0
premier-league,2019-2020,E0,11/01/2020,Crystal Palace,Arsenal,1.0,1.0,D,0.0,1.0,6.0,7.0,3.0,4.0
premier-league,2019-2020,E0,11/01/2020,Chelsea,Burnley,3.0,0.0,H,2.0,0.0,18.0,7.0,8.0,2.0
premier-league,2019-2020,E0,11/01/2020,Everton,Brighton,1.0,0.0,H,1.0,0.0,14.0,9.0,6.0,2.0
premier-league,2019-2020,E0,11/01/2020,Leicester,Southampton,1.0,2.0,A,1.0,1.0,5.0,16.0,5.0,10.0
premier-league,2019-2020,E0,11/01/2020,Man United,Norwich,4.0,0.0,H,1.0,0.0,13.0,8.0,6.0,3.0
premier-league,2019-2020,E0,11/01/2020,Wolves,Newcastle,1.0,1.0,D,1.0,1.0,9.0,5.0,4.0,1.0
premier-league,2019-2020,E0,11/01/2020,Tottenham,Liverpool,0.0,1.0,A,0.0,1.0,14.0,13.0,4.0,7.0
premier-league,2019-2020,E0,12/01/2020,Bournemouth,Watford,0.0,3.0,A,0.0,1.0,10.0,18.0,1.0,6.0
premier-league,2019-2020,E0,12/01/2020,Aston Villa,Man City,1.0,6.0,A,0.0,4.0,7.0,22.0,1.0,12.0
premier-league,2019-2020,E0,18/01/2020,Watford,Tottenham,0.0,0.0,D,0.0,0.0,15.0,17.0,2.0,5.0
premier-league,2019-2020,E0,18/01/2020,Arsenal,Sheffield United,1.0,1.0,D,1.0,0.0,11.0,12.0,4.0,4.0
premier-league,2019-2020,E0,18/01/2020,Brighton,Aston Villa,1.0,1.0,D,1.0,0.0,10.0,8.0,2.0,3.0
premier-league,2019-2020,E0,18/01/2020,Man City,Crystal Palace,2.0,2.0,D,0.0,1.0,25.0,5.0,6.0,3.0
premier-league,2019-2020,E0,18/01/2020,Norwich,Bournemouth,1.0,0.0,H,1.0,0.0,16.0,6.0,5.0,3.0
premier-league,2019-2020,E0,18/01/2020,Southampton,Wolves,2.0,3.0,A,2.0,0.0,11.0,8.0,5.0,4.0
premier-league,2019-2020,E0,18/01/2020,West Ham,Everton,1.0,1.0,D,1.0,1.0,12.0,11.0,6.0,3.0
premier-league,2019-2020,E0,18/01/2020,Newcastle,Chelsea,1.0,0.0,H,0.0,0.0,7.0,19.0,2.0,4.0
premier-league,2019-2020,E0,19/01/2020,Burnley,Leicester,2.0,1.0,H,0.0,1.0,8.0,18.0,5.0,8.0
premier-league,2019-2020,E0,19/01/2020,Liverpool,Man United,2.0,0.0,H,1.0,0.0,16.0,9.0,5.0,4.0
premier-league,2019-2020,E0,21/01/2020,Aston Villa,Watford,2.0,1.0,H,0.0,1.0,16.0,8.0,5.0,2.0
premier-league,2019-2020,E0,21/01/2020,Bournemouth,Brighton,3.0,1.0,H,2.0,0.0,11.0,21.0,3.0,8.0
premier-league,2019-2020,E0,21/01/2020,Crystal Palace,Southampton,0.0,2.0,A,0.0,1.0,6.0,15.0,0.0,6.0
premier-league,2019-2020,E0,21/01/2020,Everton,Newcastle,2.0,2.0,D,1.0,0.0,17.0,8.0,8.0,2.0
premier-league,2019-2020,E0,21/01/2020,Sheffield United,Man City,0.0,1.0,A,0.0,0.0,4.0,18.0,1.0,5.0
premier-league,2019-2020,E0,21/01/2020,Chelsea,Arsenal,2.0,2.0,D,1.0,0.0,19.0,2.0,8.0,2.0
premier-league,2019-2020,E0,22/01/2020,Leicester,West Ham,4.0,1.0,H,2.0,0.0,19.0,6.0,8.0,2.0
premier-league,2019-2020,E0,22/01/2020,Tottenham,Norwich,2.0,1.0,H,1.0,0.0,14.0,12.0,3.0,2.0
premier-league,2019-2020,E0,22/01/2020,Man United,Burnley,0.0,2.0,A,0.0,1.0,24.0,5.0,7.0,2.0
premier-league,2019-2020,E0,23/01/2020,Wolves,Liverpool,1.0,2.0,A,0.0,1.0,10.0,13.0,3.0,6.0
premier-league,2019-2020,E0,29/01/2020,West Ham,Liverpool,0.0,2.0,A,0.0,1.0,7.0,13.0,4.0,5.0
premier-league,2019-2020,E0,01/02/2020,Leicester,Chelsea,2.0,2.0,D,0.0,0.0,14.0,7.0,4.0,3.0
premier-league,2019-2020,E0,01/02/2020,Bournemouth,Aston Villa,2.0,1.0,H,2.0,0.0,16.0,18.0,6.0,5.0
premier-league,2019-2020,E0,01/02/2020,Crystal Palace,Sheffield United,0.0,1.0,A,0.0,0.0,13.0,10.0,3.0,3.0
premier-league,2019-2020,E0,01/02/2020,Liverpool,Southampton,4.0,0.0,H,0.0,0.0,16.0,17.0,9.0,4.0
premier-league,2019-2020,E0,01/02/2020,Newcastle,Norwich,0.0,0.0,D,0.0,0.0,15.0,19.0,5.0,4.0
premier-league,2019-2020,E0,01/02/2020,Watford,Everton,2.0,3.0,A,2.0,2.0,11.0,12.0,2.0,5.0
premier-league,2019-2020,E0,01/02/2020,West Ham,Brighton,3.0,3.0,D,2.0,0.0,12.0,19.0,6.0,6.0
premier-league,2019-2020,E0,01/02/2020,Man United,Wolves,0.0,0.0,D,0.0,0.0,15.0,14.0,5.0,3.0
premier-league,2019-2020,E0,02/02/2020,Burnley,Arsenal,0.0,0.0,D,0.0,0.0,15.0,13.0,2.0,2.0
premier-league,2019-2020,E0,02/02/2020,Tottenham,Man City,2.0,0.0,H,0.0,0.0,3.0,18.0,3.0,5.0
premier-league,2019-2020,E0,08/02/2020,Everton,Crystal Palace,3.0,1.0,H,1.0,0.0,14.0,10.0,8.0,2.0
premier-league,2019-2020,E0,08/02/2020,Brighton,Watford,1.0,1.0,D,0.0,1.0,10.0,5.0,2.0,2.0
premier-league,2019-2020,E0,09/02/2020,Sheffield United,Bournemouth,2.0,1.0,H,1.0,1.0,16.0,10.0,6.0,2.0
premier-league,2019-2020,E0,14/02/2020,Wolves,Leicester,0.0,0.0,D,0.0,0.0,15.0,9.0,3.0,3.0
premier-league,2019-2020,E0,15/02/2020,Southampton,Burnley,1.0,2.0,A,1.0,1.0,10.0,9.0,2.0,6.0
premier-league,2019-2020,E0,15/02/2020,Norwich,Liverpool,0.0,1.0,A,0.0,0.0,5.0,17.0,1.0,6.0
premier-league,2019-2020,E0,16/02/2020,Aston Villa,Tottenham,2.0,3.0,A,1.0,2.0,18.0,23.0,4.0,10.0
premier-league,2019-2020,E0,16/02/2020,Arsenal,Newcastle,4.0,0.0,H,0.0,0.0,15.0,10.0,7.0,2.0
premier-league,2019-2020,E0,17/02/2020,Chelsea,Man United,0.0,2.0,A,0.0,1.0,17.0,9.0,1.0,3.0
premier-league,2019-2020,E0,19/02/2020,Man City,West Ham,2.0,0.0,H,1.0,0.0,20.0,3.0,7.0,0.0
premier-league,2019-2020,E0,22/02/2020,Chelsea,Tottenham,2.0,1.0,H,1.0,0.0,17.0,5.0,7.0,3.0
premier-league,2019-2020,E0,22/02/2020,Burnley,Bournemouth,3.0,0.0,H,0.0,0.0,16.0,12.0,10.0,4.0
premier-league,2019-2020,E0,22/02/2020,Crystal Palace,Newcastle,1.0,0.0,H,1.0,0.0,18.0,8.0,9.0,2.0
premier-league,2019-2020,E0,22/02/2020,Sheffield United,Brighton,1.0,1.0,D,1.0,1.0,14.0,8.0,3.0,2.0
premier-league,2019-2020,E0,22/02/2020,Southampton,Aston Villa,2.0,0.0,H,1.0,0.0,28.0,4.0,9.0,1.0
premier-league,2019-2020,E0,22/02/2020,Leicester,Man City,0.0,1.0,A,0.0,0.0,10.0,18.0,3.0,7.0
premier-league,2019-2020,E0,23/02/2020,Man United,Watford,3.0,0.0,H,1.0,0.0,21.0,7.0,9.0,2.0
premier-league,2019-2020,E0,23/02/2020,Wolves,Norwich,3.0,0.0,H,2.0,0.0,19.0,6.0,6.0,4.0
premier-league,2019-2020,E0,23/02/2020,Arsenal,Everton,3.0,2.0,H,2.0,2.0,9.0,17.0,4.0,5.0
premier-league,2019-2020,E0,24/02/2020,Liverpool,West Ham,3.0,2.0,H,1.0,1.0,25.0,7.0,7.0,4.0
premier-league,2019-2020,E0,28/02/2020,Norwich,Leicester,1.0,0.0,H,0.0,0.0,11.0,19.0,6.0,4.0
premier-league,2019-2020,E0,29/02/2020,Brighton,Crystal Palace,0.0,1.0,A,0.0,0.0,24.0,12.0,8.0,3.0
premier-league,2019-2020,E0,29/02/2020,Bournemouth,Chelsea,2.0,2.0,D,0.0,1.0,9.0,23.0,5.0,6.0
premier-league,2019-2020,E0,29/02/2020,Newcastle,Burnley,0.0,0.0,D,0.0,0.0,21.0,8.0,4.0,1.0
premier-league,2019-2020,E0,29/02/2020,West Ham,Southampton,3.0,1.0,H,2.0,1.0,14.0,10.0,7.0,2.0
premier-league,2019-2020,E0,29/02/2020,Watford,Liverpool,3.0,0.0,H,0.0,0.0,14.0,7.0,5.0,1.0
premier-league,2019-2020,E0,01/03/2020,Everton,Man United,1.0,1.0,D,1.0,1.0,16.0,14.0,5.0,5.0
premier-league,2019-2020,E0,01/03/2020,Tottenham,Wolves,2.0,3.0,A,2.0,1.0,13.0,14.0,5.0,4.0
premier-league,2019-2020,E0,07/03/2020,Liverpool,Bournemouth,2.0,1.0,H,2.0,1.0,14.0,6.0,6.0,4.0
premier-league,2019-2020,E0,07/03/2020,Arsenal,West Ham,1.0,0.0,H,0.0,0.0,9.0,14.0,2.0,6.0
premier-league,2019-2020,E0,07/03/2020,Crystal Palace,Watford,1.0,0.0,H,1.0,0.0,10.0,10.0,3.0,4.0
premier-league,2019-2020,E0,07/03/2020,Sheffield United,Norwich,1.0,0.0,H,1.0,0.0,10.0,12.0,4.0,5.0
premier-league,2019-2020,E0,07/03/2020,Southampton,Newcastle,0.0,1.0,A,0.0,0.0,6.0,14.0,3.0,7.0
premier-league,2019-2020,E0,07/03/2020,Wolves,Brighton,0.0,0.0,D,0.0,0.0,11.0,7.0,1.0,1.0
premier-league,2019-2020,E0,07/03/2020,Burnley,Tottenham,1.0,1.0,D,1.0,0.0,21.0,13.0,8.0,2.0
premier-league,2019-2020,E0,08/03/2020,Chelsea,Everton,4.0,0.0,H,2.0,0.0,17.0,3.0,11.0,1.0
premier-league,2019-2020,E0,08/03/2020,Man United,Man City,2.0,0.0,H,1.0,0.0,12.0,7.0,6.0,2.0
premier-league,2019-2020,E0,09/03/2020,Leicester,Aston Villa,4.0,0.0,H,1.0,0.0,15.0,4.0,7.0,1.0
premier-league,2019-2020,E0,17/06/2020,Aston Villa,Sheffield United,0.0,0.0,D,0.0,0.0,14.0,5.0,6.0,1.0
premier-league,2019-2020,E0,17/06/2020,Man City,Arsenal,3.0,0.0,H,1.0,0.0,20.0,3.0,12.0,0.0
premier-league,2019-2020,E0,19/06/2020,Norwich,Southampton,0.0,3.0,A,0.0,0.0,9.0,22.0,1.0,9.0
premier-league,2019-2020,E0,19/06/2020,Tottenham,Man United,1.0,1.0,D,1.0,0.0,10.0,12.0,3.0,6.0
premier-league,2019-2020,E0,20/06/2020,Watford,Leicester,1.0,1.0,D,0.0,0.0,8.0,15.0,4.0,2.0
premier-league,2019-2020,E0,20/06/2020,Brighton,Arsenal,2.0,1.0,H,0.0,0.0,9.0,13.0,5.0,6.0
premier-league,2019-2020,E0,20/06/2020,West Ham,Wolves,0.0,2.0,A,0.0,0.0,7.0,10.0,2.0,6.0
premier-league,2019-2020,E0,20/06/2020,Bournemouth,Crystal Palace,0.0,2.0,A,0.0,2.0,12.0,7.0,1.0,2.0
premier-league,2019-2020,E0,21/06/2020,Newcastle,Sheffield United,3.0,0.0,H,0.0,0.0,12.0,7.0,8.0,1.0
premier-league,2019-2020,E0,21/06/2020,Aston Villa,Chelsea,1.0,2.0,A,1.0,0.0,8.0,19.0,4.0,5.0
premier-league,2019-2020,E0,21/06/2020,Everton,Liverpool,0.0,0.0,D,0.0,0.0,9.0,10.0,3.0,3.0
premier-league,2019-2020,E0,22/06/2020,Man City,Burnley,5.0,0.0,H,3.0,0.0,19.0,1.0,7.0,0.0
premier-league,2019-2020,E0,23/06/2020,Leicester,Brighton,0.0,0.0,D,0.0,0.0,11.0,10.0,2.0,2.0
premier-league,2019-2020,E0,23/06/2020,Tottenham,West Ham,2.0,0.0,H,0.0,0.0,15.0,10.0,4.0,2.0
premier-league,2019-2020,E0,24/06/2020,Man United,Sheffield United,3.0,0.0,H,2.0,0.0,15.0,4.0,6.0,1.0
premier-league,2019-2020,E0,24/06/2020,Newcastle,Aston Villa,1.0,1.0,D,0.0,0.0,13.0,14.0,3.0,2.0
premier-league,2019-2020,E0,24/06/2020,Norwich,Everton,0.0,1.0,A,0.0,0.0,9.0,12.0,1.0,5.0
premier-league,2019-2020,E0,24/06/2020,Wolves,Bournemouth,1.0,0.0,H,0.0,0.0,10.0,4.0,2.0,0.0
premier-league,2019-2020,E0,24/06/2020,Liverpool,Crystal Palace,4.0,0.0,H,2.0,0.0,21.0,3.0,7.0,0.0
premier-league,2019-2020,E0,25/06/2020,Burnley,Watford,1.0,0.0,H,0.0,0.0,9.0,10.0,5.0,4.0
premier-league,2019-2020,E0,25/06/2020,Southampton,Arsenal,0.0,2.0,A,0.0,1.0,12.0,10.0,3.0,5.0
premier-league,2019-2020,E0,25/06/2020,Chelsea,Man City,2.0,1.0,H,1.0,0.0,15.0,11.0,10.0,2.0
premier-league,2019-2020,E0,27/06/2020,Aston Villa,Wolves,0.0,1.0,A,0.0,0.0,11.0,9.0,1.0,2.0
premier-league,2019-2020,E0,28/06/2020,Watford,Southampton,1.0,3.0,A,0.0,1.0,8.0,11.0,0.0,7.0
premier-league,2019-2020,E0,29/06/2020,Crystal Palace,Burnley,0.0,1.0,A,0.0,0.0,17.0,8.0,4.0,4.0
premier-league,2019-2020,E0,30/06/2020,Brighton,Man United,0.0,3.0,A,0.0,2.0,8.0,12.0,2.0,6.0
premier-league,2019-2020,E0,01/07/2020,Arsenal,Norwich,4.0,0.0,H,2.0,0.0,13.0,8.0,8.0,2.0
premier-league,2019-2020,E0,01/07/2020,Bournemouth,Newcastle,1.0,4.0,A,0.0,2.0,12.0,12.0,1.0,7.0
premier-league,2019-2020,E0,01/07/2020,Everton,Leicester,2.0,1.0,H,2.0,0.0,7.0,15.0,2.0,3.0
premier-league,2019-2020,E0,01/07/2020,West Ham,Chelsea,3.0,2.0,H,1.0,1.0,10.0,17.0,4.0,6.0
premier-league,2019-2020,E0,02/07/2020,Sheffield United,Tottenham,3.0,1.0,H,1.0,0.0,7.0,9.0,5.0,2.0
premier-league,2019-2020,E0,02/07/2020,Man City,Liverpool,4.0,0.0,H,3.0,0.0,14.0,11.0,6.0,3.0
premier-league,2019-2020,E0,04/07/2020,Norwich,Brighton,0.0,1.0,A,0.0,1.0,12.0,8.0,1.0,2.0
premier-league,2019-2020,E0,04/07/2020,Leicester,Crystal Palace,3.0,0.0,H,0.0,0.0,15.0,7.0,4.0,1.0
premier-league,2019-2020,E0,04/07/2020,Man United,Bournemouth,5.0,2.0,H,3.0,1.0,19.0,7.0,10.0,3.0
premier-league,2019-2020,E0,04/07/2020,Wolves,Arsenal,0.0,2.0,A,0.0,1.0,10.0,8.0,1.0,5.0
premier-league,2019-2020,E0,04/07/2020,Chelsea,Watford,3.0,0.0,H,2.0,0.0,21.0,7.0,9.0,3.0
premier-league,2019-2020,E0,05/07/2020,Burnley,Sheffield United,1.0,1.0,D,1.0,0.0,9.0,10.0,4.0,3.0
premier-league,2019-2020,E0,05/07/2020,Newcastle,West Ham,2.0,2.0,D,1.0,1.0,11.0,17.0,4.0,7.0
premier-league,2019-2020,E0,05/07/2020,Liverpool,Aston Villa,2.0,0.0,H,0.0,0.0,6.0,9.0,4.0,3.0
premier-league,2019-2020,E0,05/07/2020,Southampton,Man City,1.0,0.0,H,1.0,0.0,8.0,26.0,4.0,6.0
premier-league,2019-2020,E0,06/07/2020,Tottenham,Everton,1.0,0.0,H,1.0,0.0,12.0,11.0,2.0,3.0
premier-league,2019-2020,E0,07/07/2020,Crystal Palace,Chelsea,2.0,3.0,A,1.0,2.0,13.0,14.0,4.0,6.0
premier-league,2019-2020,E0,07/07/2020,Watford,Norwich,2.0,1.0,H,1.0,1.0,9.0,12.0,4.0,3.0
premier-league,2019-2020,E0,07/07/2020,Arsenal,Leicester,1.0,1.0,D,1.0,0.0,11.0,13.0,7.0,5.0
premier-league,2019-2020,E0,08/07/2020,Man City,Newcastle,5.0,0.0,H,2.0,0.0,23.0,6.0,9.0,1.0
premier-league,2019-2020,E0,08/07/2020,Sheffield United,Wolves,1.0,0.0,H,0.0,0.0,7.0,6.0,3.0,1.0
premier-league,2019-2020,E0,08/07/2020,West Ham,Burnley,0.0,1.0,A,0.0,1.0,21.0,8.0,5.0,4.0
premier-league,2019-2020,E0,08/07/2020,Brighton,Liverpool,1.0,3.0,A,1.0,2.0,12.0,19.0,2.0,8.0
premier-league,2019-2020,E0,09/07/2020,Bournemouth,Tottenham,0.0,0.0,D,0.0,0.0,9.0,9.0,2.0,0.0
premier-league,2019-2020,E0,09/07/2020,Everton,Southampton,1.0,1.0,D,1.0,1.0,11.0,17.0,4.0,4.0
premier-league,2019-2020,E0,09/07/2020,Aston Villa,Man United,0.0,3.0,A,0.0,2.0,9.0,14.0,1.0,6.0
premier-league,2019-2020,E0,11/07/2020,Norwich,West Ham,0.0,4.0,A,0.0,2.0,11.0,19.0,2.0,7.0
premier-league,2019-2020,E0,11/07/2020,Watford,Newcastle,2.0,1.0,H,0.0,1.0,17.0,8.0,5.0,4.0
premier-league,2019-2020,E0,11/07/2020,Liverpool,Burnley,1.0,1.0,D,1.0,0.0,23.0,6.0,9.0,2.0
premier-league,2019-2020,E0,11/07/2020,Sheffield United,Chelsea,3.0,0.0,H,2.0,0.0,9.0,15.0,4.0,4.0
premier-league,2019-2020,E0,11/07/2020,Brighton,Man City,0.0,5.0,A,0.0,2.0,3.0,26.0,0.0,8.0
premier-league,2019-2020,E0,12/07/2020,Wolves,Everton,3.0,0.0,H,1.0,0.0,14.0,6.0,7.0,2.0
premier-league,2019-2020,E0,12/07/2020,Aston Villa,Crystal Palace,2.0,0.0,H,1.0,0.0,12.0,9.0,9.0,5.0
premier-league,2019-2020,E0,12/07/2020,Tottenham,Arsenal,2.0,1.0,H,1.0,1.0,15.0,13.0,9.0,4.0
premier-league,2019-2020,E0,12/07/2020,Bournemouth,Leicester,4.0,1.0,H,0.0,1.0,10.0,13.0,4.0,5.0
premier-league,2019-2020,E0,13/07/2020,Man United,Southampton,2.0,2.0,D,2.0,1.0,8.0,9.0,4.0,5.0
premier-league,2019-2020,E0,14/07/2020,Chelsea,Norwich,1.0,0.0,H,1.0,0.0,22.0,2.0,6.0,0.0
premier-league,2019-2020,E0,15/07/2020,Burnley,Wolves,1.0,1.0,D,0.0,0.0,9.0,14.0,1.0,5.0
premier-league,2019-2020,E0,15/07/2020,Man City,Bournemouth,2.0,1.0,H,2.0,0.0,8.0,15.0,4.0,3.0
premier-league,2019-2020,E0,15/07/2020,Newcastle,Tottenham,1.0,3.0,A,0.0,1.0,22.0,8.0,6.0,5.0
premier-league,2019-2020,E0,15/07/2020,Arsenal,Liverpool,2.0,1.0,H,2.0,1.0,3.0,24.0,2.0,8.0
premier-league,2019-2020,E0,16/07/2020,Everton,Aston Villa,1.0,1.0,D,0.0,0.0,9.0,15.0,1.0,1.0
premier-league,2019-2020,E0,16/07/2020,Leicester,Sheffield United,2.0,0.0,H,1.0,0.0,15.0,5.0,7.0,1.0
premier-league,2019-2020,E0,16/07/2020,Crystal Palace,Man United,0.0,2.0,A,0.0,1.0,13.0,17.0,5.0,5.0
premier-league,2019-2020,E0,16/07/2020,Southampton,Brighton,1.0,1.0,D,0.0,1.0,21.0,10.0,6.0,2.0
premier-league,2019-2020,E0,17/07/2020,West Ham,Watford,3.0,1.0,H,3.0,0.0,10.0,14.0,4.0,3.0
premier-league,2019-2020,E0,18/07/2020,Norwich,Burnley,0.0,2.0,A,0.0,1.0,6.0,23.0,2.0,8.0
premier-league,2019-2020,E0,19/07/2020,Bournemouth,Southampton,0.0,2.0,A,0.0,1.0,11.0,16.0,3.0,8.0
premier-league,2019-2020,E0,19/07/2020,Tottenham,Leicester,3.0,0.0,H,3.0,0.0,7.0,24.0,3.0,6.0
premier-league,2019-2020,E0,20/07/2020,Brighton,Newcastle,0.0,0.0,D,0.0,0.0,11.0,12.0,3.0,1.0
premier-league,2019-2020,E0,20/07/2020,Sheffield United,Everton,0.0,1.0,A,0.0,0.0,8.0,5.0,0.0,2.0
premier-league,2019-2020,E0,20/07/2020,Wolves,Crystal Palace,2.0,0.0,H,1.0,0.0,11.0,7.0,5.0,3.0
premier-league,2019-2020,E0,21/07/2020,Watford,Man City,0.0,4.0,A,0.0,2.0,2.0,26.0,0.0,10.0
premier-league,2019-2020,E0,21/07/2020,Aston Villa,Arsenal,1.0,0.0,H,1.0,0.0,8.0,7.0,3.0,0.0
premier-league,2019-2020,E0,22/07/2020,Man United,West Ham,1.0,1.0,D,0.0,1.0,11.0,12.0,4.0,3.0
premier-league,2019-2020,E0,22/07/2020,Liverpool,Chelsea,5.0,3.0,H,3.0,1.0,10.0,10.0,7.0,5.0
premier-league,2019-2020,E0,26/07/2020,Arsenal,Watford,3.0,2.0,H,3.0,1.0,13.0,19.0,5.0,6.0
premier-league,2019-2020,E0,26/07/2020,Burnley,Brighton,1.0,2.0,A,1.0,1.0,13.0,14.0,2.0,4.0
premier-league,2019-2020,E0,26/07/2020,Chelsea,Wolves,2.0,0.0,H,2.0,0.0,11.0,5.0,3.0,1.0
premier-league,2019-2020,E0,26/07/2020,Crystal Palace,Tottenham,1.0,1.0,D,0.0,1.0,13.0,7.0,2.0,2.0
premier-league,2019-2020,E0,26/07/2020,Everton,Bournemouth,1.0,3.0,A,1.0,2.0,13.0,13.0,5.0,7.0
premier-league,2019-2020,E0,26/07/2020,Leicester,Man United,0.0,2.0,A,0.0,0.0,14.0,7.0,3.0,3.0
premier-league,2019-2020,E0,26/07/2020,Man City,Norwich,5.0,0.0,H,2.0,0.0,31.0,5.0,10.0,4.0
premier-league,2019-2020,E0,26/07/2020,Newcastle,Liverpool,1.0,3.0,A,1.0,1.0,3.0,14.0,2.0,6.0
premier-league,2019-2020,E0,26/07/2020,Southampton,Sheffield United,3.0,1.0,H,0.0,1.0,13.0,5.0,4.0,3.0
premier-league,2019-2020,E0,26/07/2020,West Ham,Aston Villa,1.0,1.0,D,0.0,0.0,10.0,13.0,1.0,4.0
premier-league,2020-2021,E0,12/09/2020,Fulham,Arsenal,0.0,3.0,A,0.0,1.0,5.0,13.0,2.0,6.0
premier-league,2020-2021,E0,12/09/2020,Crystal Palace,Southampton,1.0,0.0,H,1.0,0.0,5.0,9.0,3.0,5.0
premier-league,2020-2021,E0,12/09/2020,Liverpool,Leeds,4.0,3.0,H,3.0,2.0,22.0,6.0,6.0,3.0
premier-league,2020-2021,E0,12/09/2020,West Ham,Newcastle,0.0,2.0,A,0.0,0.0,15.0,15.0,3.0,2.0
premier-league,2020-2021,E0,13/09/2020,West Brom,Leicester,0.0,3.0,A,0.0,0.0,7.0,13.0,1.0,7.0
premier-league,2020-2021,E0,13/09/2020,Tottenham,Everton,0.0,1.0,A,0.0,0.0,9.0,15.0,5.0,4.0
premier-league,2020-2021,E0,14/09/2020,Brighton,Chelsea,1.0,3.0,A,0.0,1.0,13.0,10.0,3.0,5.0
premier-league,2020-2021,E0,14/09/2020,Sheffield United,Wolves,0.0,2.0,A,0.0,2.0,9.0,11.0,2.0,4.0
premier-league,2020-2021,E0,19/09/2020,Everton,West Brom,5.0,2.0,H,2.0,1.0,17.0,6.0,7.0,4.0
premier-league,2020-2021,E0,19/09/2020,Leeds,Fulham,4.0,3.0,H,2.0,1.0,10.0,14.0,7.0,6.0
premier-league,2020-2021,E0,19/09/2020,Man United,Crystal Palace,1.0,3.0,A,0.0,1.0,13.0,14.0,4.0,5.0
premier-league,2020-2021,E0,19/09/2020,Arsenal,West Ham,2.0,1.0,H,1.0,1.0,7.0,14.0,3.0,3.0
premier-league,2020-2021,E0,20/09/2020,Southampton,Tottenham,2.0,5.0,A,1.0,1.0,14.0,9.0,7.0,6.0
premier-league,2020-2021,E0,20/09/2020,Newcastle,Brighton,0.0,3.0,A,0.0,2.0,6.0,13.0,0.0,6.0
premier-league,2020-2021,E0,20/09/2020,Chelsea,Liverpool,0.0,2.0,A,0.0,0.0,5.0,18.0,3.0,6.0
premier-league,2020-2021,E0,20/09/2020,Leicester,Burnley,4.0,2.0,H,1.0,1.0,14.0,16.0,6.0,5.0
premier-league,2020-2021,E0,21/09/2020,Aston Villa,Sheffield United,1.0,0.0,H,0.0,0.0,18.0,4.0,2.0,1.0
premier-league,2020-2021,E0,21/09/2020,Wolves,Man City,1.0,3.0,A,0.0,2.0,10.0,14.0,1.0,9.0
premier-league,2020-2021,E0,26/09/2020,Brighton,Man United,2.0,3.0,A,1.0,1.0,18.0,7.0,5.0,3.0
premier-league,2020-2021,E0,26/09/2020,Crystal Palace,Everton,1.0,2.0,A,1.0,2.0,8.0,10.0,1.0,5.0
premier-league,2020-2021,E0,26/09/2020,West Brom,Chelsea,3.0,3.0,D,3.0,0.0,9.0,22.0,3.0,10.0
premier-league,2020-2021,E0,26/09/2020,Burnley,Southampton,0.0,1.0,A,0.0,1.0,10.0,5.0,2.0,1.0
premier-league,2020-2021,E0,27/09/2020,Sheffield United,Leeds,0.0,1.0,A,0.0,0.0,14.0,17.0,4.0,9.0
premier-league,2020-2021,E0,27/09/2020,Tottenham,Newcastle,1.0,1.0,D,1.0,0.0,23.0,6.0,12.0,1.0
premier-league,2020-2021,E0,27/09/2020,Man City,Leicester,2.0,5.0,A,1.0,1.0,16.0,7.0,5.0,7.0
premier-league,2020-2021,E0,27/09/2020,West Ham,Wolves,4.0,0.0,H,1.0,0.0,15.0,11.0,7.0,2.0
premier-league,2020-2021,E0,28/09/2020,Fulham,Aston Villa,0.0,3.0,A,0.0,2.0,16.0,12.0,3.0,5.0
premier-league,2020-2021,E0,28/09/2020,Liverpool,Arsenal,3.0,1.0,H,2.0,1.0,21.0,4.0,8.0,3.0
premier-league,2020-2021,E0,03/10/2020,Chelsea,Crystal Palace,4.0,0.0,H,0.0,0.0,17.0,4.0,6.0,0.0
premier-league,2020-2021,E0,03/10/2020,Everton,Brighton,4.0,2.0,H,2.0,1.0,11.0,11.0,6.0,3.0
premier-league,2020-2021,E0,03/10/2020,Leeds,Man City,1.0,1.0,D,0.0,1.0,12.0,23.0,7.0,2.0
premier-league,2020-2021,E0,03/10/2020,Newcastle,Burnley,3.0,1.0,H,1.0,0.0,10.0,7.0,5.0,3.0
premier-league,2020-2021,E0,04/10/2020,Leicester,West Ham,0.0,3.0,A,0.0,2.0,4.0,14.0,0.0,6.0
premier-league,2020-2021,E0,04/10/2020,Southampton,West Brom,2.0,0.0,H,1.0,0.0,13.0,5.0,7.0,2.0
premier-league,2020-2021,E0,04/10/2020,Arsenal,Sheffield United,2.0,1.0,H,0.0,0.0,6.0,6.0,5.0,2.0
premier-league,2020-2021,E0,04/10/2020,Wolves,Fulham,1.0,0.0,H,0.0,0.0,14.0,10.0,5.0,2.0
premier-league,2020-2021,E0,04/10/2020,Man United,Tottenham,1.0,6.0,A,1.0,4.0,5.0,22.0,2.0,8.0
premier-league,2020-2021,E0,04/10/2020,Aston Villa,Liverpool,7.0,2.0,H,4.0,1.0,18.0,14.0,11.0,8.0
premier-league,2020-2021,E0,17/10/2020,Everton,Liverpool,2.0,2.0,D,1.0,1.0,11.0,22.0,5.0,8.0
premier-league,2020-2021,E0,17/10/2020,Chelsea,Southampton,3.0,3.0,D,2.0,1.0,11.0,13.0,5.0,6.0
premier-league,2020-2021,E0,17/10/2020,Man City,Arsenal,1.0,0.0,H,1.0,0.0,13.0,11.0,5.0,3.0
premier-league,2020-2021,E0,17/10/2020,Newcastle,Man United,1.0,4.0,A,1.0,1.0,7.0,28.0,4.0,14.0
premier-league,2020-2021,E0,18/10/2020,Sheffield United,Fulham,1.0,1.0,D,0.0,0.0,10.0,15.0,6.0,6.0
premier-league,2020-2021,E0,18/10/2020,Crystal Palace,Brighton,1.0,1.0,D,1.0,0.0,1.0,20.0,1.0,3.0
premier-league,2020-2021,E0,18/10/2020,Tottenham,West Ham,3.0,3.0,D,3.0,0.0,11.0,13.0,6.0,4.0
premier-league,2020-2021,E0,18/10/2020,Leicester,Aston Villa,0.0,1.0,A,0.0,0.0,11.0,10.0,5.0,4.0
premier-league,2020-2021,E0,19/10/2020,West Brom,Burnley,0.0,0.0,D,0.0,0.0,13.0,9.0,6.0,4.0
premier-league,2020-2021,E0,19/10/2020,Leeds,Wolves,0.0,1.0,A,0.0,0.0,13.0,7.0,2.0,3.0
premier-league,2020-2021,E0,23/10/2020,Aston Villa,Leeds,0.0,3.0,A,0.0,0.0,12.0,27.0,4.0,9.0
premier-league,2020-2021,E0,24/10/2020,West Ham,Man City,1.0,1.0,D,1.0,0.0,6.0,14.0,2.0,7.0
premier-league,2020-2021,E0,24/10/2020,Fulham,Crystal Palace,1.0,2.0,A,0.0,1.0,16.0,14.0,3.0,10.0
premier-league,2020-2021,E0,24/10/2020,Man United,Chelsea,0.0,0.0,D,0.0,0.0,14.0,6.0,4.0,1.0
premier-league,2020-2021,E0,24/10/2020,Liverpool,Sheffield United,2.0,1.0,H,1.0,1.0,17.0,13.0,5.0,2.0
premier-league,2020-2021,E0,25/10/2020,Southampton,Everton,2.0,0.0,H,2.0,0.0,12.0,6.0,6.0,2.0
premier-league,2020-2021,E0,25/10/2020,Wolves,Newcastle,1.0,1.0,D,0.0,0.0,16.0,5.0,3.0,2.0
premier-league,2020-2021,E0,25/10/2020,Arsenal,Leicester,0.0,1.0,A,0.0,0.0,12.0,6.0,4.0,2.0
premier-league,2020-2021,E0,26/10/2020,Brighton,West Brom,1.0,1.0,D,1.0,0.0,5.0,9.0,3.0,3.0
premier-league,2020-2021,E0,26/10/2020,Burnley,Tottenham,0.0,1.0,A,0.0,0.0,13.0,9.0,4.0,3.0
premier-league,2020-2021,E0,30/10/2020,Wolves,Crystal Palace,2.0,0.0,H,2.0,0.0,15.0,11.0,5.0,2.0
premier-league,2020-2021,E0,31/10/2020,Sheffield United,Man City,0.0,1.0,A,0.0,1.0,5.0,16.0,1.0,8.0
premier-league,2020-2021,E0,31/10/2020,Burnley,Chelsea,0.0,3.0,A,0.0,1.0,5.0,14.0,0.0,9.0
premier-league,2020-2021,E0,31/10/2020,Liverpool,West Ham,2.0,1.0,H,1.0,1.0,9.0,4.0,5.0,3.0
premier-league,2020-2021,E0,01/11/2020,Aston Villa,Southampton,3.0,4.0,A,0.0,3.0,19.0,9.0,10.0,4.0
premier-league,2020-2021,E0,01/11/2020,Newcastle,Everton,2.0,1.0,H,0.0,0.0,11.0,15.0,4.0,4.0
premier-league,2020-2021,E0,01/11/2020,Man United,Arsenal,0.0,1.0,A,0.0,0.0,8.0,7.0,2.0,2.0
premier-league,2020-2021,E0,01/11/2020,Tottenham,Brighton,2.0,1.0,H,1.0,0.0,9.0,6.0,3.0,2.0
premier-league,2020-2021,E0,02/11/2020,Fulham,West Brom,2.0,0.0,H,2.0,0.0,13.0,10.0,6.0,1.0
premier-league,2020-2021,E0,02/11/2020,Leeds,Leicester,1.0,4.0,A,0.0,2.0,11.0,10.0,4.0,8.0
premier-league,2020-2021,E0,06/11/2020,Brighton,Burnley,0.0,0.0,D,0.0,0.0,19.0,4.0,3.0,1.0
premier-league,2020-2021,E0,06/11/2020,Southampton,Newcastle,2.0,0.0,H,1.0,0.0,15.0,4.0,8.0,2.0
premier-league,2020-2021,E0,07/11/2020,Everton,Man United,1.0,3.0,A,1.0,2.0,7.0,13.0,1.0,5.0
premier-league,2020-2021,E0,07/11/2020,Crystal Palace,Leeds,4.0,1.0,H,3.0,1.0,10.0,9.0,6.0,3.0
premier-league,2020-2021,E0,07/11/2020,Chelsea,Sheffield United,4.0,1.0,H,2.0,1.0,20.0,6.0,9.0,3.0
premier-league,2020-2021,E0,07/11/2020,West Ham,Fulham,1.0,0.0,H,0.0,0.0,16.0,13.0,7.0,3.0
premier-league,2020-2021,E0,08/11/2020,West Brom,Tottenham,0.0,1.0,A,0.0,0.0,12.0,19.0,2.0,5.0
premier-league,2020-2021,E0,08/11/2020,Leicester,Wolves,1.0,0.0,H,1.0,0.0,10.0,7.0,3.0,2.0
premier-league,2020-2021,E0,08/11/2020,Man City,Liverpool,1.0,1.0,D,1.0,1.0,7.0,10.0,2.0,3.0
premier-league,2020-2021,E0,08/11/2020,Arsenal,Aston Villa,0.0,3.0,A,0.0,1.0,13.0,15.0,2.0,6.0
premier-league,2020-2021,E0,21/11/2020,Newcastle,Chelsea,0.0,2.0,A,0.0,1.0,8.0,14.0,1.0,3.0
premier-league,2020-2021,E0,21/11/2020,Aston Villa,Brighton,1.0,2.0,A,0.0,1.0,15.0,7.0,4.0,3.0
premier-league,2020-2021,E0,21/11/2020,Tottenham,Man City,2.0,0.0,H,1.0,0.0,4.0,22.0,2.0,5.0
premier-league,2020-2021,E0,21/11/2020,Man United,West Brom,1.0,0.0,H,0.0,0.0,17.0,7.0,7.0,2.0
premier-league,2020-2021,E0,22/11/2020,Fulham,Everton,2.0,3.0,A,1.0,3.0,14.0,9.0,6.0,7.0
premier-league,2020-2021,E0,22/11/2020,Sheffield United,West Ham,0.0,1.0,A,0.0,0.0,9.0,15.0,5.0,3.0
premier-league,2020-2021,E0,22/11/2020,Leeds,Arsenal,0.0,0.0,D,0.0,0.0,25.0,9.0,4.0,2.0
premier-league,2020-2021,E0,22/11/2020,Liverpool,Leicester,3.0,0.0,H,2.0,0.0,24.0,11.0,13.0,4.0
premier-league,2020-2021,E0,23/11/2020,Burnley,Crystal Palace,1.0,0.0,H,1.0,0.0,10.0,15.0,4.0,5.0
premier-league,2020-2021,E0,23/11/2020,Wolves,Southampton,1.0,1.0,D,0.0,0.0,20.0,7.0,9.0,2.0
premier-league,2020-2021,E0,27/11/2020,Crystal Palace,Newcastle,0.0,2.0,A,0.0,0.0,12.0,14.0,3.0,7.0
premier-league,2020-2021,E0,28/11/2020,Brighton,Liverpool,1.0,1.0,D,0.0,0.0,11.0,6.0,3.0,2.0
premier-league,2020-2021,E0,28/11/2020,Man City,Burnley,5.0,0.0,H,3.0,0.0,19.0,9.0,6.0,1.0
premier-league,2020-2021,E0,28/11/2020,Everton,Leeds,0.0,1.0,A,0.0,0.0,15.0,23.0,8.0,7.0
premier-league,2020-2021,E0,28/11/2020,West Brom,Sheffield United,1.0,0.0,H,1.0,0.0,17.0,21.0,6.0,5.0
premier-league,2020-2021,E0,29/11/2020,Southampton,Man United,2.0,3.0,A,2.0,0.0,10.0,15.0,5.0,6.0
premier-league,2020-2021,E0,29/11/2020,Chelsea,Tottenham,0.0,0.0,D,0.0,0.0,13.0,5.0,3.0,1.0
premier-league,2020-2021,E0,29/11/2020,Arsenal,Wolves,1.0,2.0,A,1.0,2.0,13.0,11.0,2.0,5.0
premier-league,2020-2021,E0,30/11/2020,Leicester,Fulham,1.0,2.0,A,0.0,2.0,16.0,10.0,3.0,5.0
premier-league,2020-2021,E0,30/11/2020,West Ham,Aston Villa,2.0,1.0,H,1.0,1.0,6.0,16.0,2.0,6.0
premier-league,2020-2021,E0,05/12/2020,Burnley,Everton,1.0,1.0,D,1.0,1.0,8.0,13.0,3.0,6.0
premier-league,2020-2021,E0,05/12/2020,Man City,Fulham,2.0,0.0,H,2.0,0.0,16.0,6.0,6.0,1.0
premier-league,2020-2021,E0,05/12/2020,West Ham,Man United,1.0,3.0,A,1.0,0.0,19.0,15.0,6.0,6.0
premier-league,2020-2021,E0,05/12/2020,Chelsea,Leeds,3.0,1.0,H,1.0,1.0,23.0,8.0,11.0,3.0
premier-league,2020-2021,E0,06/12/2020,West Brom,Crystal Palace,1.0,5.0,A,1.0,1.0,9.0,18.0,4.0,6.0
premier-league,2020-2021,E0,06/12/2020,Sheffield United,Leicester,1.0,2.0,A,1.0,1.0,4.0,13.0,1.0,4.0
premier-league,2020-2021,E0,06/12/2020,Tottenham,Arsenal,2.0,0.0,H,2.0,0.0,6.0,11.0,3.0,2.0
premier-league,2020-2021,E0,06/12/2020,Liverpool,Wolves,4.0,0.0,H,1.0,0.0,11.0,9.0,6.0,3.0
premier-league,2020-2021,E0,07/12/2020,Brighton,Southampton,1.0,2.0,A,1.0,1.0,12.0,10.0,4.0,3.0
premier-league,2020-2021,E0,11/12/2020,Leeds,West Ham,1.0,2.0,A,1.0,1.0,13.0,19.0,7.0,8.0
premier-league,2020-2021,E0,12/12/2020,Wolves,Aston Villa,0.0,1.0,A,0.0,0.0,16.0,13.0,7.0,2.0
premier-league,2020-2021,E0,12/12/2020,Newcastle,West Brom,2.0,1.0,H,1.0,0.0,12.0,13.0,7.0,3.0
premier-league,2020-2021,E0,12/12/2020,Man United,Man City,0.0,0.0,D,0.0,0.0,11.0,9.0,2.0,2.0
premier-league,2020-2021,E0,12/12/2020,Everton,Chelsea,1.0,0.0,H,1.0,0.0,9.0,10.0,4.0,3.0
premier-league,2020-2021,E0,13/12/2020,Southampton,Sheffield United,3.0,0.0,H,1.0,0.0,16.0,3.0,6.0,0.0
premier-league,2020-2021,E0,13/12/2020,Crystal Palace,Tottenham,1.0,1.0,D,0.0,1.0,16.0,14.0,5.0,6.0
premier-league,2020-2021,E0,13/12/2020,Fulham,Liverpool,1.0,1.0,D,1.0,0.0,10.0,12.0,5.0,6.0
premier-league,2020-2021,E0,13/12/2020,Arsenal,Burnley,0.0,1.0,A,0.0,0.0,18.0,10.0,6.0,2.0
premier-league,2020-2021,E0,13/12/2020,Leicester,Brighton,3.0,0.0,H,3.0,0.0,15.0,12.0,6.0,4.0
premier-league,2020-2021,E0,15/12/2020,Wolves,Chelsea,2.0,1.0,H,0.0,0.0,12.0,13.0,4.0,3.0
premier-league,2020-2021,E0,15/12/2020,Man City,West Brom,1.0,1.0,D,1.0,1.0,26.0,5.0,7.0,1.0
premier-league,2020-2021,E0,16/12/2020,Arsenal,Southampton,1.0,1.0,D,0.0,1.0,9.0,13.0,4.0,3.0
premier-league,2020-2021,E0,16/12/2020,Leeds,Newcastle,5.0,2.0,H,1.0,1.0,25.0,10.0,10.0,4.0
premier-league,2020-2021,E0,16/12/2020,Leicester,Everton,0.0,2.0,A,0.0,1.0,14.0,11.0,2.0,6.0
premier-league,2020-2021,E0,16/12/2020,Fulham,Brighton,0.0,0.0,D,0.0,0.0,9.0,9.0,4.0,4.0
premier-league,2020-2021,E0,16/12/2020,Liverpool,Tottenham,2.0,1.0,H,1.0,1.0,17.0,8.0,11.0,2.0
premier-league,2020-2021,E0,16/12/2020,West Ham,Crystal Palace,1.0,1.0,D,0.0,1.0,9.0,8.0,2.0,2.0
premier-league,2020-2021,E0,17/12/2020,Aston Villa,Burnley,0.0,0.0,D,0.0,0.0,27.0,6.0,7.0,4.0
premier-league,2020-2021,E0,17/12/2020,Sheffield United,Man United,2.0,3.0,A,1.0,2.0,12.0,14.0,6.0,8.0
premier-league,2020-2021,E0,19/12/2020,Crystal Palace,Liverpool,0.0,7.0,A,0.0,3.0,5.0,14.0,3.0,8.0
premier-league,2020-2021,E0,19/12/2020,Southampton,Man City,0.0,1.0,A,0.0,1.0,9.0,11.0,3.0,5.0
premier-league,2020-2021,E0,19/12/2020,Everton,Arsenal,2.0,1.0,H,2.0,1.0,9.0,13.0,2.0,2.0
premier-league,2020-2021,E0,19/12/2020,Newcastle,Fulham,1.0,1.0,D,0.0,1.0,12.0,11.0,5.0,4.0
premier-league,2020-2021,E0,20/12/2020,Brighton,Sheffield United,1.0,1.0,D,0.0,0.0,21.0,5.0,5.0,3.0
premier-league,2020-2021,E0,20/12/2020,Tottenham,Leicester,0.0,2.0,A,0.0,1.0,8.0,17.0,3.0,4.0
premier-league,2020-2021,E0,20/12/2020,Man United,Leeds,6.0,2.0,H,4.0,1.0,26.0,17.0,14.0,3.0
premier-league,2020-2021,E0,20/12/2020,West Brom,Aston Villa,0.0,3.0,A,0.0,1.0,1.0,19.0,1.0,10.0
premier-league,2020-2021,E0,21/12/2020,Burnley,Wolves,2.0,1.0,H,1.0,0.0,10.0,15.0,4.0,3.0
premier-league,2020-2021,E0,21/12/2020,Chelsea,West Ham,3.0,0.0,H,1.0,0.0,11.0,6.0,7.0,0.0
premier-league,2020-2021,E0,26/12/2020,Leicester,Man United,2.0,2.0,D,1.0,1.0,10.0,9.0,2.0,4.0
premier-league,2020-2021,E0,26/12/2020,Aston Villa,Crystal Palace,3.0,0.0,H,1.0,0.0,21.0,13.0,10.0,6.0
premier-league,2020-2021,E0,26/12/2020,Fulham,Southampton,0.0,0.0,D,0.0,0.0,10.0,3.0,1.0,2.0
premier-league,2020-2021,E0,26/12/2020,Arsenal,Chelsea,3.0,1.0,H,2.0,0.0,15.0,19.0,7.0,3.0
premier-league,2020-2021,E0,26/12/2020,Man City,Newcastle,2.0,0.0,H,1.0,0.0,11.0,7.0,6.0,2.0
premier-league,2020-2021,E0,26/12/2020,Sheffield United,Everton,0.0,1.0,A,0.0,0.0,10.0,7.0,2.0,3.0
premier-league,2020-2021,E0,27/12/2020,Leeds,Burnley,1.0,0.0,H,1.0,0.0,11.0,14.0,4.0,6.0
premier-league,2020-2021,E0,27/12/2020,West Ham,Brighton,2.0,2.0,D,0.0,1.0,11.0,13.0,4.0,4.0
premier-league,2020-2021,E0,27/12/2020,Liverpool,West Brom,1.0,1.0,D,1.0,0.0,17.0,5.0,2.0,3.0
premier-league,2020-2021,E0,27/12/2020,Wolves,Tottenham,1.0,1.0,D,0.0,1.0,11.0,6.0,6.0,3.0
premier-league,2020-2021,E0,28/12/2020,Crystal Palace,Leicester,1.0,1.0,D,0.0,0.0,4.0,17.0,1.0,3.0
premier-league,2020-2021,E0,28/12/2020,Chelsea,Aston Villa,1.0,1.0,D,1.0,0.0,16.0,10.0,5.0,2.0
premier-league,2020-2021,E0,29/12/2020,Brighton,Arsenal,0.0,1.0,A,0.0,0.0,13.0,11.0,2.0,3.0
premier-league,2020-2021,E0,29/12/2020,Burnley,Sheffield United,1.0,0.0,H,1.0,0.0,5.0,7.0,3.0,3.0
premier-league,2020-2021,E0,29/12/2020,Southampton,West Ham,0.0,0.0,D,0.0,0.0,8.0,8.0,3.0,3.0
premier-league,2020-2021,E0,29/12/2020,West Brom,Leeds,0.0,5.0,A,0.0,4.0,4.0,14.0,1.0,6.0
premier-league,2020-2021,E0,29/12/2020,Man United,Wolves,1.0,0.0,H,0.0,0.0,11.0,9.0,3.0,5.0
premier-league,2020-2021,E0,30/12/2020,Newcastle,Liverpool,0.0,0.0,D,0.0,0.0,8.0,11.0,2.0,4.0
premier-league,2020-2021,E0,01/01/2021,Everton,West Ham,0.0,1.0,A,0.0,0.0,10.0,11.0,2.0,5.0
premier-league,2020-2021,E0,01/01/2021,Man United,Aston Villa,2.0,1.0,H,1.0,0.0,19.0,5.0,9.0,5.0
premier-league,2020-2021,E0,02/01/2021,Tottenham,Leeds,3.0,0.0,H,2.0,0.0,20.0,18.0,7.0,5.0
premier-league,2020-2021,E0,02/01/2021,Crystal Palace,Sheffield United,2.0,0.0,H,2.0,0.0,9.0,7.0,4.0,2.0
premier-league,2020-2021,E0,02/01/2021,Brighton,Wolves,3.0,3.0,D,1.0,3.0,13.0,11.0,4.0,4.0
premier-league,2020-2021,E0,02/01/2021,West Brom,Arsenal,0.0,4.0,A,0.0,2.0,7.0,21.0,3.0,12.0
premier-league,2020-2021,E0,03/01/2021,Newcastle,Leicester,1.0,2.0,A,0.0,0.0,8.0,9.0,2.0,3.0
premier-league,2020-2021,E0,03/01/2021,Chelsea,Man City,1.0,3.0,A,0.0,3.0,9.0,18.0,2.0,6.0
premier-league,2020-2021,E0,04/01/2021,Southampton,Liverpool,1.0,0.0,H,1.0,0.0,7.0,17.0,3.0,1.0
premier-league,2020-2021,E0,12/01/2021,Sheffield United,Newcastle,1.0,0.0,H,0.0,0.0,17.0,7.0,4.0,3.0
premier-league,2020-2021,E0,12/01/2021,Burnley,Man United,0.0,1.0,A,0.0,0.0,11.0,13.0,0.0,7.0
premier-league,2020-2021,E0,12/01/2021,Wolves,Everton,1.0,2.0,A,1.0,1.0,12.0,5.0,3.0,3.0
premier-league,2020-2021,E0,13/01/2021,Man City,Brighton,1.0,0.0,H,1.0,0.0,16.0,5.0,6.0,1.0
premier-league,2020-2021,E0,13/01/2021,Tottenham,Fulham,1.0,1.0,D,1.0,0.0,15.0,15.0,6.0,4.0
premier-league,2020-2021,E0,14/01/2021,Arsenal,Crystal Palace,0.0,0.0,D,0.0,0.0,11.0,12.0,4.0,2.0
premier-league,2020-2021,E0,16/01/2021,Wolves,West Brom,2.0,3.0,A,2.0,1.0,23.0,12.0,6.0,5.0
premier-league,2020-2021,E0,16/01/2021,Leeds,Brighton,0.0,1.0,A,0.0,1.0,7.0,7.0,2.0,2.0
premier-league,2020-2021,E0,16/01/2021,West Ham,Burnley,1.0,0.0,H,1.0,0.0,15.0,10.0,4.0,2.0
premier-league,2020-2021,E0,16/01/2021,Fulham,Chelsea,0.0,1.0,A,0.0,0.0,10.0,21.0,3.0,6.0
premier-league,2020-2021,E0,16/01/2021,Leicester,Southampton,2.0,0.0,H,1.0,0.0,16.0,8.0,5.0,3.0
premier-league,2020-2021,E0,17/01/2021,Sheffield United,Tottenham,1.0,3.0,A,0.0,2.0,15.0,14.0,5.0,5.0
premier-league,2020-2021,E0,17/01/2021,Liverpool,Man United,0.0,0.0,D,0.0,0.0,17.0,8.0,3.0,4.0
premier-league,2020-2021,E0,17/01/2021,Man City,Crystal Palace,4.0,0.0,H,1.0,0.0,13.0,2.0,6.0,0.0
premier-league,2020-2021,E0,18/01/2021,Arsenal,Newcastle,3.0,0.0,H,0.0,0.0,20.0,4.0,6.0,1.0
premier-league,2020-2021,E0,19/01/2021,West Ham,West Brom,2.0,1.0,H,1.0,0.0,14.0,6.0,6.0,2.0
premier-league,2020-2021,E0,19/01/2021,Leicester,Chelsea,2.0,0.0,H,2.0,0.0,8.0,9.0,6.0,5.0
premier-league,2020-2021,E0,20/01/2021,Man City,Aston Villa,2.0,0.0,H,0.0,0.0,28.0,11.0,9.0,4.0
premier-league,2020-2021,E0,20/01/2021,Fulham,Man United,1.0,2.0,A,1.0,1.0,12.0,15.0,5.0,5.0
premier-league,2020-2021,E0,21/01/2021,Liverpool,Burnley,0.0,1.0,A,0.0,0.0,27.0,6.0,6.0,4.0
premier-league,2020-2021,E0,23/01/2021,Aston Villa,Newcastle,2.0,0.0,H,2.0,0.0,14.0,7.0,5.0,1.0
premier-league,2020-2021,E0,26/01/2021,Crystal Palace,West Ham,2.0,3.0,A,1.0,2.0,6.0,17.0,3.0,7.0
premier-league,2020-2021,E0,26/01/2021,Newcastle,Leeds,1.0,2.0,A,0.0,1.0,22.0,9.0,5.0,2.0
premier-league,2020-2021,E0,26/01/2021,Southampton,Arsenal,1.0,3.0,A,1.0,2.0,13.0,9.0,5.0,5.0
premier-league,2020-2021,E0,26/01/2021,West Brom,Man City,0.0,5.0,A,0.0,4.0,4.0,18.0,1.0,7.0
premier-league,2020-2021,E0,27/01/2021,Burnley,Aston Villa,3.0,2.0,H,0.0,1.0,10.0,18.0,5.0,10.0
premier-league,2020-2021,E0,27/01/2021,Chelsea,Wolves,0.0,0.0,D,0.0,0.0,14.0,4.0,5.0,0.0
premier-league,2020-2021,E0,27/01/2021,Brighton,Fulham,0.0,0.0,D,0.0,0.0,16.0,10.0,5.0,3.0
premier-league,2020-2021,E0,27/01/2021,Everton,Leicester,1.0,1.0,D,1.0,0.0,8.0,19.0,2.0,6.0
premier-league,2020-2021,E0,27/01/2021,Man United,Sheffield United,1.0,2.0,A,0.0,1.0,16.0,5.0,4.0,3.0
premier-league,2020-2021,E0,28/01/2021,Tottenham,Liverpool,1.0,3.0,A,0.0,1.0,3.0,14.0,2.0,7.0
premier-league,2020-2021,E0,30/01/2021,Everton,Newcastle,0.0,2.0,A,0.0,0.0,11.0,13.0,3.0,3.0
premier-league,2020-2021,E0,30/01/2021,Crystal Palace,Wolves,1.0,0.0,H,0.0,0.0,11.0,6.0,2.0,4.0
premier-league,2020-2021,E0,30/01/2021,Man City,Sheffield United,1.0,0.0,H,1.0,0.0,10.0,4.0,5.0,1.0
premier-league,2020-2021,E0,30/01/2021,West Brom,Fulham,2.0,2.0,D,0.0,1.0,5.0,12.0,3.0,7.0
premier-league,2020-2021,E0,30/01/2021,Arsenal,Man United,0.0,0.0,D,0.0,0.0,17.0,14.0,3.0,3.0
premier-league,2020-2021,E0,30/01/2021,Southampton,Aston Villa,0.0,1.0,A,0.0,1.0,20.0,8.0,5.0,4.0
premier-league,2020-2021,E0,31/01/2021,Chelsea,Burnley,2.0,0.0,H,1.0,0.0,19.0,1.0,8.0,0.0
premier-league,2020-2021,E0,31/01/2021,Leicester,Leeds,1.0,3.0,A,1.0,1.0,18.0,8.0,8.0,7.0
premier-league,2020-2021,E0,31/01/2021,West Ham,Liverpool,1.0,3.0,A,0.0,0.0,8.0,14.0,2.0,5.0
premier-league,2020-2021,E0,31/01/2021,Brighton,Tottenham,1.0,0.0,H,1.0,0.0,16.0,8.0,5.0,4.0
premier-league,2020-2021,E0,02/02/2021,Sheffield United,West Brom,2.0,1.0,H,0.0,1.0,14.0,8.0,6.0,4.0
premier-league,2020-2021,E0,02/02/2021,Wolves,Arsenal,2.0,1.0,H,1.0,1.0,11.0,9.0,7.0,3.0
premier-league,2020-2021,E0,02/02/2021,Man United,Southampton,9.0,0.0,H,4.0,0.0,24.0,3.0,14.0,1.0
premier-league,2020-2021,E0,02/02/2021,Newcastle,Crystal Palace,1.0,2.0,A,1.0,2.0,21.0,6.0,5.0,3.0
premier-league,2020-2021,E0,03/02/2021,Burnley,Man City,0.0,2.0,A,0.0,2.0,2.0,17.0,0.0,6.0
premier-league,2020-2021,E0,03/02/2021,Fulham,Leicester,0.0,2.0,A,0.0,2.0,8.0,9.0,1.0,5.0
premier-league,2020-2021,E0,03/02/2021,Leeds,Everton,1.0,2.0,A,0.0,2.0,16.0,10.0,7.0,6.0
premier-league,2020-2021,E0,03/02/2021,Aston Villa,West Ham,1.0,3.0,A,0.0,0.0,9.0,20.0,2.0,10.0
premier-league,2020-2021,E0,03/02/2021,Liverpool,Brighton,0.0,1.0,A,0.0,0.0,11.0,13.0,1.0,4.0
premier-league,2020-2021,E0,04/02/2021,Tottenham,Chelsea,0.0,1.0,A,0.0,1.0,7.0,18.0,2.0,2.0
premier-league,2020-2021,E0,06/02/2021,Aston Villa,Arsenal,1.0,0.0,H,1.0,0.0,12.0,14.0,8.0,3.0
premier-league,2020-2021,E0,06/02/2021,Burnley,Brighton,1.0,1.0,D,0.0,1.0,20.0,10.0,7.0,2.0
premier-league,2020-2021,E0,06/02/2021,Newcastle,Southampton,3.0,2.0,H,3.0,1.0,6.0,14.0,4.0,5.0
premier-league,2020-2021,E0,06/02/2021,Fulham,West Ham,0.0,0.0,D,0.0,0.0,20.0,8.0,2.0,1.0
premier-league,2020-2021,E0,06/02/2021,Man United,Everton,3.0,3.0,D,2.0,0.0,14.0,6.0,5.0,3.0
premier-league,2020-2021,E0,07/02/2021,Tottenham,West Brom,2.0,0.0,H,0.0,0.0,13.0,4.0,6.0,1.0
premier-league,2020-2021,E0,07/02/2021,Wolves,Leicester,0.0,0.0,D,0.0,0.0,13.0,13.0,1.0,3.0
premier-league,2020-2021,E0,07/02/2021,Liverpool,Man City,1.0,4.0,A,0.0,0.0,8.0,8.0,3.0,5.0
premier-league,2020-2021,E0,07/02/2021,Sheffield United,Chelsea,1.0,2.0,A,0.0,1.0,8.0,9.0,3.0,3.0
premier-league,2020-2021,E0,08/02/2021,Leeds,Crystal Palace,2.0,0.0,H,1.0,0.0,17.0,8.0,7.0,3.0
premier-league,2020-2021,E0,13/02/2021,Leicester,Liverpool,3.0,1.0,H,0.0,0.0,11.0,15.0,6.0,4.0
premier-league,2020-2021,E0,13/02/2021,Crystal Palace,Burnley,0.0,3.0,A,0.0,2.0,13.0,16.0,3.0,4.0
premier-league,2020-2021,E0,13/02/2021,Man City,Tottenham,3.0,0.0,H,1.0,0.0,15.0,7.0,6.0,3.0
premier-league,2020-2021,E0,13/02/2021,Brighton,Aston Villa,0.0,0.0,D,0.0,0.0,26.0,4.0,9.0,1.0
premier-league,2020-2021,E0,14/02/2021,Southampton,Wolves,1.0,2.0,A,1.0,0.0,7.0,10.0,3.0,4.0
premier-league,2020-2021,E0,14/02/2021,West Brom,Man United,1.0,1.0,D,1.0,1.0,7.0,10.0,3.0,7.0
premier-league,2020-2021,E0,14/02/2021,Arsenal,Leeds,4.0,2.0,H,3.0,0.0,13.0,9.0,5.0,5.0
premier-league,2020-2021,E0,14/02/2021,Everton,Fulham,0.0,2.0,A,0.0,0.0,7.0,12.0,2.0,3.0
premier-league,2020-2021,E0,15/02/2021,West Ham,Sheffield United,3.0,0.0,H,1.0,0.0,13.0,8.0,9.0,5.0
premier-league,2020-2021,E0,15/02/2021,Chelsea,Newcastle,2.0,0.0,H,2.0,0.0,18.0,10.0,5.0,4.0
premier-league,2020-2021,E0,17/02/2021,Burnley,Fulham,1.0,1.0,D,0.0,0.0,8.0,8.0,3.0,3.0
premier-league,2020-2021,E0,17/02/2021,Everton,Man City,1.0,3.0,A,1.0,1.0,3.0,16.0,2.0,7.0
premier-league,2020-2021,E0,19/02/2021,Wolves,Leeds,1.0,0.0,H,0.0,0.0,15.0,18.0,5.0,7.0
premier-league,2020-2021,E0,20/02/2021,Southampton,Chelsea,1.0,1.0,D,1.0,0.0,4.0,9.0,1.0,3.0
premier-league,2020-2021,E0,20/02/2021,Burnley,West Brom,0.0,0.0,D,0.0,0.0,6.0,10.0,1.0,3.0
premier-league,2020-2021,E0,20/02/2021,Liverpool,Everton,0.0,2.0,A,0.0,1.0,15.0,9.0,6.0,6.0
premier-league,2020-2021,E0,20/02/2021,Fulham,Sheffield United,1.0,0.0,H,0.0,0.0,15.0,4.0,7.0,2.0
premier-league,2020-2021,E0,21/02/2021,West Ham,Tottenham,2.0,1.0,H,1.0,0.0,4.0,20.0,4.0,4.0
premier-league,2020-2021,E0,21/02/2021,Aston Villa,Leicester,1.0,2.0,A,0.0,2.0,11.0,16.0,2.0,7.0
premier-league,2020-2021,E0,21/02/2021,Arsenal,Man City,0.0,1.0,A,0.0,1.0,7.0,15.0,1.0,3.0
premier-league,2020-2021,E0,21/02/2021,Man United,Newcastle,3.0,1.0,H,1.0,1.0,15.0,10.0,7.0,6.0
premier-league,2020-2021,E0,22/02/2021,Brighton,Crystal Palace,1.0,2.0,A,0.0,1.0,25.0,3.0,5.0,2.0
premier-league,2020-2021,E0,23/02/2021,Leeds,Southampton,3.0,0.0,H,0.0,0.0,11.0,13.0,7.0,5.0
premier-league,2020-2021,E0,27/02/2021,Man City,West Ham,2.0,1.0,H,1.0,1.0,10.0,9.0,3.0,3.0
premier-league,2020-2021,E0,27/02/2021,West Brom,Brighton,1.0,0.0,H,1.0,0.0,6.0,15.0,2.0,6.0
premier-league,2020-2021,E0,27/02/2021,Leeds,Aston Villa,0.0,1.0,A,0.0,1.0,13.0,9.0,3.0,4.0
premier-league,2020-2021,E0,27/02/2021,Newcastle,Wolves,1.0,1.0,D,0.0,0.0,19.0,14.0,7.0,4.0
premier-league,2020-2021,E0,28/02/2021,Crystal Palace,Fulham,0.0,0.0,D,0.0,0.0,3.0,16.0,0.0,4.0
premier-league,2020-2021,E0,28/02/2021,Leicester,Arsenal,1.0,3.0,A,1.0,2.0,8.0,12.0,3.0,4.0
premier-league,2020-2021,E0,28/02/2021,Tottenham,Burnley,4.0,0.0,H,3.0,0.0,16.0,10.0,7.0,3.0
premier-league,2020-2021,E0,28/02/2021,Chelsea,Man United,0.0,0.0,D,0.0,0.0,18.0,11.0,6.0,4.0
premier-league,2020-2021,E0,28/02/2021,Sheffield United,Liverpool,0.0,2.0,A,0.0,0.0,8.0,16.0,2.0,8.0
premier-league,2020-2021,E0,01/03/2021,Everton,Southampton,1.0,0.0,H,1.0,0.0,7.0,9.0,1.0,1.0
premier-league,2020-2021,E0,02/03/2021,Man City,Wolves,4.0,1.0,H,1.0,0.0,22.0,6.0,10.0,1.0
premier-league,2020-2021,E0,03/03/2021,Burnley,Leicester,1.0,1.0,D,1.0,1.0,12.0,15.0,7.0,4.0
premier-league,2020-2021,E0,03/03/2021,Sheffield United,Aston Villa,1.0,0.0,H,1.0,0.0,9.0,16.0,2.0,4.0
premier-league,2020-2021,E0,03/03/2021,Crystal Palace,Man United,0.0,0.0,D,0.0,0.0,8.0,11.0,2.0,1.0
premier-league,2020-2021,E0,04/03/2021,Fulham,Tottenham,0.0,1.0,A,0.0,1.0,11.0,9.0,3.0,2.0
premier-league,2020-2021,E0,04/03/2021,West Brom,Everton,0.0,1.0,A,0.0,0.0,11.0,11.0,3.0,3.0
premier-league,2020-2021,E0,04/03/2021,Liverpool,Chelsea,0.0,1.0,A,0.0,1.0,7.0,11.0,1.0,5.0
premier-league,2020-2021,E0,06/03/2021,Burnley,Arsenal,1.0,1.0,D,1.0,1.0,9.0,15.0,5.0,3.0
premier-league,2020-2021,E0,06/03/2021,Sheffield United,Southampton,0.0,2.0,A,0.0,1.0,8.0,15.0,2.0,5.0
premier-league,2020-2021,E0,06/03/2021,Aston Villa,Wolves,0.0,0.0,D,0.0,0.0,9.0,10.0,1.0,2.0
premier-league,2020-2021,E0,06/03/2021,Brighton,Leicester,1.0,2.0,A,1.0,0.0,7.0,8.0,2.0,4.0
premier-league,2020-2021,E0,07/03/2021,West Brom,Newcastle,0.0,0.0,D,0.0,0.0,13.0,9.0,3.0,5.0
premier-league,2020-2021,E0,07/03/2021,Liverpool,Fulham,0.0,1.0,A,0.0,1.0,16.0,10.0,3.0,3.0
premier-league,2020-2021,E0,07/03/2021,Man City,Man United,0.0,2.0,A,0.0,1.0,23.0,8.0,6.0,6.0
premier-league,2020-2021,E0,07/03/2021,Tottenham,Crystal Palace,4.0,1.0,H,1.0,1.0,12.0,5.0,5.0,1.0
premier-league,2020-2021,E0,08/03/2021,Chelsea,Everton,2.0,0.0,H,1.0,0.0,19.0,7.0,9.0,1.0
premier-league,2020-2021,E0,08/03/2021,West Ham,Leeds,2.0,0.0,H,2.0,0.0,16.0,17.0,5.0,2.0
premier-league,2020-2021,E0,10/03/2021,Man City,Southampton,5.0,2.0,H,3.0,1.0,17.0,11.0,10.0,6.0
premier-league,2020-2021,E0,12/03/2021,Newcastle,Aston Villa,1.0,1.0,D,0.0,0.0,12.0,15.0,3.0,6.0
premier-league,2020-2021,E0,13/03/2021,Leeds,Chelsea,0.0,0.0,D,0.0,0.0,7.0,15.0,4.0,8.0
premier-league,2020-2021,E0,13/03/2021,Crystal Palace,West Brom,1.0,0.0,H,1.0,0.0,6.0,12.0,4.0,1.0
premier-league,2020-2021,E0,13/03/2021,Everton,Burnley,1.0,2.0,A,1.0,2.0,14.0,14.0,4.0,5.0
premier-league,2020-2021,E0,13/03/2021,Fulham,Man City,0.0,3.0,A,0.0,0.0,3.0,8.0,0.0,7.0
premier-league,2020-2021,E0,14/03/2021,Southampton,Brighton,1.0,2.0,A,1.0,1.0,9.0,8.0,4.0,6.0
premier-league,2020-2021,E0,14/03/2021,Leicester,Sheffield United,5.0,0.0,H,1.0,0.0,19.0,1.0,10.0,0.0
premier-league,2020-2021,E0,14/03/2021,Arsenal,Tottenham,2.0,1.0,H,1.0,1.0,13.0,6.0,3.0,3.0
premier-league,2020-2021,E0,14/03/2021,Man United,West Ham,1.0,0.0,H,0.0,0.0,15.0,7.0,4.0,0.0
premier-league,2020-2021,E0,15/03/2021,Wolves,Liverpool,0.0,1.0,A,0.0,1.0,10.0,12.0,5.0,4.0
premier-league,2020-2021,E0,19/03/2021,Fulham,Leeds,1.0,2.0,A,1.0,1.0,13.0,13.0,6.0,4.0
premier-league,2020-2021,E0,20/03/2021,Brighton,Newcastle,3.0,0.0,H,1.0,0.0,11.0,3.0,6.0,1.0
premier-league,2020-2021,E0,21/03/2021,West Ham,Arsenal,3.0,3.0,D,3.0,1.0,15.0,16.0,5.0,7.0
premier-league,2020-2021,E0,21/03/2021,Aston Villa,Tottenham,0.0,2.0,A,0.0,1.0,8.0,9.0,1.0,3.0
premier-league,2020-2021,E0,03/04/2021,Chelsea,West Brom,2.0,5.0,A,1.0,2.0,18.0,14.0,8.0,7.0
premier-league,2020-2021,E0,03/04/2021,Leeds,Sheffield United,2.0,1.0,H,1.0,1.0,23.0,9.0,8.0,1.0
premier-league,2020-2021,E0,03/04/2021,Leicester,Man City,0.0,2.0,A,0.0,0.0,5.0,11.0,2.0,4.0
premier-league,2020-2021,E0,03/04/2021,Arsenal,Liverpool,0.0,3.0,A,0.0,0.0,3.0,16.0,2.0,7.0
premier-league,2020-2021,E0,04/04/2021,Southampton,Burnley,3.0,2.0,H,2.0,2.0,24.0,7.0,9.0,5.0
premier-league,2020-2021,E0,04/04/2021,Newcastle,Tottenham,2.0,2.0,D,1.0,2.0,22.0,11.0,6.0,5.0
premier-league,2020-2021,E0,04/04/2021,Aston Villa,Fulham,3.0,1.0,H,0.0,0.0,14.0,15.0,4.0,7.0
premier-league,2020-2021,E0,04/04/2021,Man United,Brighton,2.0,1.0,H,0.0,1.0,15.0,5.0,7.0,3.0
premier-league,2020-2021,E0,05/04/2021,Everton,Crystal Palace,1.0,1.0,D,0.0,0.0,15.0,13.0,7.0,6.0
premier-league,2020-2021,E0,05/04/2021,Wolves,West Ham,2.0,3.0,A,1.0,3.0,20.0,9.0,5.0,6.0
premier-league,2020-2021,E0,09/04/2021,Fulham,Wolves,0.0,1.0,A,0.0,0.0,14.0,7.0,3.0,3.0
premier-league,2020-2021,E0,10/04/2021,Man City,Leeds,1.0,2.0,A,0.0,1.0,29.0,2.0,7.0,2.0
premier-league,2020-2021,E0,10/04/2021,Liverpool,Aston Villa,2.0,1.0,H,0.0,1.0,23.0,9.0,10.0,5.0
premier-league,2020-2021,E0,10/04/2021,Crystal Palace,Chelsea,1.0,4.0,A,0.0,3.0,1.0,23.0,1.0,10.0
premier-league,2020-2021,E0,11/04/2021,Burnley,Newcastle,1.0,2.0,A,1.0,0.0,24.0,10.0,4.0,5.0
premier-league,2020-2021,E0,11/04/2021,West Ham,Leicester,3.0,2.0,H,2.0,0.0,4.0,15.0,4.0,5.0
premier-league,2020-2021,E0,11/04/2021,Tottenham,Man United,1.0,3.0,A,1.0,0.0,12.0,12.0,3.0,7.0
premier-league,2020-2021,E0,11/04/2021,Sheffield United,Arsenal,0.0,3.0,A,0.0,1.0,7.0,14.0,2.0,5.0
premier-league,2020-2021,E0,12/04/2021,West Brom,Southampton,3.0,0.0,H,2.0,0.0,15.0,14.0,6.0,4.0
premier-league,2020-2021,E0,12/04/2021,Brighton,Everton,0.0,0.0,D,0.0,0.0,23.0,8.0,3.0,1.0
premier-league,2020-2021,E0,16/04/2021,Everton,Tottenham,2.0,2.0,D,1.0,1.0,18.0,12.0,7.0,3.0
premier-league,2020-2021,E0,17/04/2021,Newcastle,West Ham,3.0,2.0,H,2.0,0.0,16.0,16.0,8.0,6.0
premier-league,2020-2021,E0,17/04/2021,Wolves,Sheffield United,1.0,0.0,H,0.0,0.0,10.0,8.0,5.0,2.0
premier-league,2020-2021,E0,18/04/2021,Arsenal,Fulham,1.0,1.0,D,0.0,0.0,18.0,3.0,5.0,1.0
premier-league,2020-2021,E0,18/04/2021,Man United,Burnley,3.0,1.0,H,0.0,0.0,17.0,10.0,9.0,3.0
premier-league,2020-2021,E0,19/04/2021,Leeds,Liverpool,1.0,1.0,D,0.0,1.0,12.0,17.0,5.0,7.0
premier-league,2020-2021,E0,20/04/2021,Chelsea,Brighton,0.0,0.0,D,0.0,0.0,7.0,11.0,4.0,2.0
premier-league,2020-2021,E0,21/04/2021,Tottenham,Southampton,2.0,1.0,H,0.0,1.0,12.0,10.0,3.0,5.0
premier-league,2020-2021,E0,21/04/2021,Aston Villa,Man City,1.0,2.0,A,1.0,2.0,8.0,13.0,3.0,3.0
premier-league,2020-2021,E0,22/04/2021,Leicester,West Brom,3.0,0.0,H,3.0,0.0,17.0,4.0,7.0,1.0
premier-league,2020-2021,E0,23/04/2021,Arsenal,Everton,0.0,1.0,A,0.0,0.0,14.0,8.0,3.0,1.0
premier-league,2020-2021,E0,24/04/2021,Liverpool,Newcastle,1.0,1.0,D,1.0,0.0,22.0,7.0,9.0,4.0
premier-league,2020-2021,E0,24/04/2021,West Ham,Chelsea,0.0,1.0,A,0.0,1.0,9.0,17.0,2.0,6.0
premier-league,2020-2021,E0,24/04/2021,Sheffield United,Brighton,1.0,0.0,H,1.0,0.0,7.0,17.0,3.0,4.0
premier-league,2020-2021,E0,25/04/2021,Wolves,Burnley,0.0,4.0,A,0.0,3.0,12.0,14.0,2.0,7.0
premier-league,2020-2021,E0,25/04/2021,Leeds,Man United,0.0,0.0,D,0.0,0.0,6.0,16.0,3.0,4.0
premier-league,2020-2021,E0,25/04/2021,Aston Villa,West Brom,2.0,2.0,D,1.0,1.0,24.0,10.0,11.0,4.0
premier-league,2020-2021,E0,26/04/2021,Leicester,Crystal Palace,2.0,1.0,H,0.0,1.0,13.0,4.0,5.0,2.0
premier-league,2020-2021,E0,30/04/2021,Southampton,Leicester,1.0,1.0,D,0.0,0.0,5.0,23.0,3.0,9.0
premier-league,2020-2021,E0,01/05/2021,Crystal Palace,Man City,0.0,2.0,A,0.0,0.0,9.0,20.0,4.0,3.0
premier-league,2020-2021,E0,01/05/2021,Brighton,Leeds,2.0,0.0,H,1.0,0.0,17.0,11.0,5.0,2.0
premier-league,2020-2021,E0,01/05/2021,Chelsea,Fulham,2.0,0.0,H,1.0,0.0,9.0,10.0,5.0,3.0
premier-league,2020-2021,E0,01/05/2021,Everton,Aston Villa,1.0,2.0,A,1.0,1.0,16.0,13.0,3.0,5.0
premier-league,2020-2021,E0,02/05/2021,Newcastle,Arsenal,0.0,2.0,A,0.0,1.0,5.0,19.0,1.0,5.0
premier-league,2020-2021,E0,02/05/2021,Tottenham,Sheffield United,4.0,0.0,H,1.0,0.0,20.0,8.0,11.0,1.0
premier-league,2020-2021,E0,03/05/2021,West Brom,Wolves,1.0,1.0,D,0.0,1.0,10.0,20.0,4.0,10.0
premier-league,2020-2021,E0,03/05/2021,Burnley,West Ham,1.0,2.0,A,1.0,2.0,8.0,22.0,3.0,4.0
premier-league,2020-2021,E0,07/05/2021,Leicester,Newcastle,2.0,4.0,A,0.0,2.0,25.0,14.0,9.0,6.0
premier-league,2020-2021,E0,08/05/2021,Leeds,Tottenham,3.0,1.0,H,2.0,1.0,16.0,11.0,7.0,3.0
premier-league,2020-2021,E0,08/05/2021,Sheffield United,Crystal Palace,0.0,2.0,A,0.0,1.0,7.0,21.0,0.0,8.0
premier-league,2020-2021,E0,08/05/2021,Man City,Chelsea,1.0,2.0,A,1.0,0.0,16.0,12.0,4.0,5.0
premier-league,2020-2021,E0,08/05/2021,Liverpool,Southampton,2.0,0.0,H,1.0,0.0,14.0,12.0,6.0,6.0
premier-league,2020-2021,E0,09/05/2021,Wolves,Brighton,2.0,1.0,H,0.0,1.0,16.0,5.0,6.0,3.0
premier-league,2020-2021,E0,09/05/2021,Aston Villa,Man United,1.0,3.0,A,1.0,0.0,11.0,18.0,5.0,7.0
premier-league,2020-2021,E0,09/05/2021,West Ham,Everton,0.0,1.0,A,0.0,1.0,11.0,9.0,0.0,3.0
premier-league,2020-2021,E0,09/05/2021,Arsenal,West Brom,3.0,1.0,H,2.0,0.0,15.0,12.0,7.0,1.0
premier-league,2020-2021,E0,10/05/2021,Fulham,Burnley,0.0,2.0,A,0.0,2.0,21.0,14.0,3.0,5.0
premier-league,2020-2021,E0,11/05/2021,Man United,Leicester,1.0,2.0,A,1.0,1.0,4.0,12.0,1.0,3.0
premier-league,2020-2021,E0,11/05/2021,Southampton,Crystal Palace,3.0,1.0,H,1.0,1.0,13.0,11.0,6.0,4.0
premier-league,2020-2021,E0,12/05/2021,Chelsea,Arsenal,0.0,1.0,A,0.0,1.0,19.0,5.0,5.0,2.0
premier-league,2020-2021,E0,13/05/2021,Aston Villa,Everton,0.0,0.0,D,0.0,0.0,13.0,15.0,2.0,5.0
premier-league,2020-2021,E0,13/05/2021,Man United,Liverpool,2.0,4.0,A,1.0,2.0,18.0,17.0,3.0,8.0
premier-league,2020-2021,E0,14/05/2021,Newcastle,Man City,3.0,4.0,A,2.0,2.0,11.0,15.0,5.0,6.0
premier-league,2020-2021,E0,15/05/2021,Burnley,Leeds,0.0,4.0,A,0.0,1.0,16.0,16.0,4.0,6.0
premier-league,2020-2021,E0,15/05/2021,Southampton,Fulham,3.0,1.0,H,1.0,0.0,11.0,10.0,7.0,3.0
premier-league,2020-2021,E0,15/05/2021,Brighton,West Ham,1.0,1.0,D,0.0,0.0,10.0,15.0,2.0,3.0
premier-league,2020-2021,E0,16/05/2021,Crystal Palace,Aston Villa,3.0,2.0,H,1.0,2.0,23.0,19.0,8.0,5.0
premier-league,2020-2021,E0,16/05/2021,Tottenham,Wolves,2.0,0.0,H,1.0,0.0,24.0,15.0,13.0,3.0
premier-league,2020-2021,E0,16/05/2021,West Brom,Liverpool,1.0,2.0,A,1.0,1.0,10.0,26.0,3.0,6.0
premier-league,2020-2021,E0,16/05/2021,Everton,Sheffield United,0.0,1.0,A,0.0,1.0,16.0,10.0,6.0,3.0
premier-league,2020-2021,E0,18/05/2021,Man United,Fulham,1.0,1.0,D,1.0,0.0,13.0,8.0,6.0,5.0
premier-league,2020-2021,E0,18/05/2021,Southampton,Leeds,0.0,2.0,A,0.0,0.0,18.0,15.0,3.0,7.0
premier-league,2020-2021,E0,18/05/2021,Brighton,Man City,3.0,2.0,H,0.0,1.0,19.0,8.0,6.0,4.0
premier-league,2020-2021,E0,18/05/2021,Chelsea,Leicester,2.0,1.0,H,0.0,0.0,17.0,7.0,6.0,3.0
premier-league,2020-2021,E0,19/05/2021,Everton,Wolves,1.0,0.0,H,0.0,0.0,14.0,9.0,4.0,3.0
premier-league,2020-2021,E0,19/05/2021,Newcastle,Sheffield United,1.0,0.0,H,1.0,0.0,16.0,11.0,5.0,1.0
premier-league,2020-2021,E0,19/05/2021,Tottenham,Aston Villa,1.0,2.0,A,1.0,2.0,10.0,20.0,4.0,4.0
premier-league,2020-2021,E0,19/05/2021,Crystal Palace,Arsenal,1.0,3.0,A,0.0,1.0,12.0,6.0,6.0,3.0
premier-league,2020-2021,E0,19/05/2021,Burnley,Liverpool,0.0,3.0,A,0.0,1.0,10.0,20.0,4.0,3.0
premier-league,2020-2021,E0,19/05/2021,West Brom,West Ham,1.0,3.0,A,1.0,1.0,14.0,21.0,4.0,9.0
premier-league,2020-2021,E0,23/05/2021,Arsenal,Brighton,2.0,0.0,H,0.0,0.0,16.0,5.0,5.0,1.0
premier-league,2020-2021,E0,23/05/2021,Aston Villa,Chelsea,2.0,1.0,H,1.0,0.0,6.0,23.0,3.0,7.0
premier-league,2020-2021,E0,23/05/2021,Fulham,Newcastle,0.0,2.0,A,0.0,1.0,14.0,10.0,0.0,4.0
premier-league,2020-2021,E0,23/05/2021,Leeds,West Brom,3.0,1.0,H,2.0,0.0,17.0,14.0,9.0,5.0
premier-league,2020-2021,E0,23/05/2021,Leicester,Tottenham,2.0,4.0,A,1.0,1.0,10.0,11.0,6.0,4.0
premier-league,2020-2021,E0,23/05/2021,Liverpool,Crystal Palace,2.0,0.0,H,1.0,0.0,19.0,5.0,5.0,4.0
premier-league,2020-2021,E0,23/05/2021,Man City,Everton,5.0,0.0,H,2.0,0.0,21.0,8.0,11.0,3.0
premier-league,2020-2021,E0,23/05/2021,Sheffield United,Burnley,1.0,0.0,H,1.0,0.0,12.0,10.0,3.0,3.0
premier-league,2020-2021,E0,23/05/2021,West Ham,Southampton,3.0,0.0,H,2.0,0.0,14.0,17.0,7.0,5.0
premier-league,2020-2021,E0,23/05/2021,Wolves,Man United,1.0,2.0,A,1.0,2.0,14.0,9.0,4.0,4.0
premier-league,2021-2022,,13/08/2021,Brentford,Arsenal,2.0,0.0,H,1.0,0.0,8.0,22.0,3.0,4.0
premier-league,2021-2022,,14/08/2021,Man United,Leeds,5.0,1.0,H,1.0,0.0,16.0,10.0,8.0,3.0
premier-league,2021-2022,,14/08/2021,Burnley,Brighton,1.0,2.0,A,1.0,0.0,14.0,14.0,3.0,8.0
premier-league,2021-2022,,14/08/2021,Chelsea,Crystal Palace,3.0,0.0,H,2.0,0.0,13.0,4.0,6.0,1.0
premier-league,2021-2022,,14/08/2021,Everton,Southampton,3.0,1.0,H,0.0,1.0,14.0,6.0,6.0,3.0
premier-league,2021-2022,,14/08/2021,Leicester,Wolves,1.0,0.0,H,1.0,0.0,9.0,17.0,5.0,3.0
premier-league,2021-2022,,14/08/2021,Watford,Aston Villa,3.0,2.0,H,2.0,0.0,13.0,11.0,7.0,2.0
premier-league,2021-2022,,14/08/2021,Norwich,Liverpool,0.0,3.0,A,0.0,1.0,14.0,19.0,3.0,8.0
premier-league,2021-2022,,15/08/2021,Newcastle,West Ham,2.0,4.0,A,2.0,1.0,17.0,8.0,3.0,9.0
premier-league,2021-2022,,15/08/2021,Tottenham,Man City,1.0,0.0,H,0.0,0.0,13.0,18.0,3.0,4.0
premier-league,2021-2022,,21/08/2021,Liverpool,Burnley,2.0,0.0,H,1.0,0.0,27.0,9.0,9.0,3.0
premier-league,2021-2022,,21/08/2021,Aston Villa,Newcastle,2.0,0.0,H,1.0,0.0,10.0,9.0,2.0,1.0
premier-league,2021-2022,,21/08/2021,Crystal Palace,Brentford,0.0,0.0,D,0.0,0.0,7.0,14.0,2.0,3.0
premier-league,2021-2022,,21/08/2021,Leeds,Everton,2.0,2.0,D,1.0,1.0,17.0,17.0,4.0,8.0
premier-league,2021-2022,,21/08/2021,Man City,Norwich,5.0,0.0,H,2.0,0.0,16.0,1.0,4.0,0.0
premier-league,2021-2022,,21/08/2021,Brighton,Watford,2.0,0.0,H,2.0,0.0,13.0,10.0,3.0,1.0
premier-league,2021-2022,,22/08/2021,Southampton,Man United,1.0,1.0,D,1.0,0.0,8.0,15.0,3.0,4.0
premier-league,2021-2022,,22/08/2021,Wolves,Tottenham,0.0,1.0,A,0.0,1.0,25.0,8.0,6.0,6.0
premier-league,2021-2022,,22/08/2021,Arsenal,Chelsea,0.0,2.0,A,0.0,2.0,6.0,22.0,3.0,5.0
premier-league,2021-2022,,23/08/2021,West Ham,Leicester,4.0,1.0,H,1.0,0.0,13.0,5.0,7.0,1.0
premier-league,2021-2022,,28/08/2021,Man City,Arsenal,5.0,0.0,H,3.0,0.0,25.0,1.0,10.0,0.0
premier-league,2021-2022,,28/08/2021,Aston Villa,Brentford,1.0,1.0,D,1.0,1.0,7.0,9.0,5.0,2.0
premier-league,2021-2022,,28/08/2021,Brighton,Everton,0.0,2.0,A,0.0,1.0,14.0,14.0,3.0,5.0
premier-league,2021-2022,,28/08/2021,Newcastle,Southampton,2.0,2.0,D,0.0,0.0,10.0,22.0,5.0,6.0
premier-league,2021-2022,,28/08/2021,Norwich,Leicester,1.0,2.0,A,1.0,1.0,14.0,9.0,4.0,3.0
premier-league,2021-2022,,28/08/2021,West Ham,Crystal Palace,2.0,2.0,D,1.0,0.0,14.0,9.0,4.0,2.0
premier-league,2021-2022,,28/08/2021,Liverpool,Chelsea,1.0,1.0,D,1.0,1.0,24.0,6.0,7.0,3.0
premier-league,2021-2022,,29/08/2021,Burnley,Leeds,1.0,1.0,D,0.0,0.0,12.0,12.0,3.0,2.0
premier-league,2021-2022,,29/08/2021,Tottenham,Watford,1.0,0.0,H,1.0,0.0,15.0,9.0,8.0,2.0
premier-league,2021-2022,,29/08/2021,Wolves,Man United,0.0,1.0,A,0.0,0.0,15.0,10.0,6.0,3.0
premier-league,2021-2022,,11/09/2021,Crystal Palace,Tottenham,3.0,0.0,H,0.0,0.0,18.0,2.0,4.0,1.0
premier-league,2021-2022,,11/09/2021,Arsenal,Norwich,1.0,0.0,H,0.0,0.0,30.0,10.0,7.0,1.0
premier-league,2021-2022,,11/09/2021,Brentford,Brighton,0.0,1.0,A,0.0,0.0,7.0,4.0,1.0,2.0
premier-league,2021-2022,,11/09/2021,Leicester,Man City,0.0,1.0,A,0.0,0.0,6.0,25.0,1.0,8.0
premier-league,2021-2022,,11/09/2021,Man United,Newcastle,4.0,1.0,H,1.0,0.0,21.0,12.0,7.0,3.0
premier-league,2021-2022,,11/09/2021,Southampton,West Ham,0.0,0.0,D,0.0,0.0,11.0,13.0,3.0,3.0
premier-league,2021-2022,,11/09/2021,Watford,Wolves,0.0,2.0,A,0.0,0.0,6.0,14.0,2.0,5.0
premier-league,2021-2022,,11/09/2021,Chelsea,Aston Villa,3.0,0.0,H,1.0,0.0,12.0,18.0,4.0,6.0
premier-league,2021-2022,,12/09/2021,Leeds,Liverpool,0.0,3.0,A,0.0,1.0,9.0,30.0,4.0,9.0
premier-league,2021-2022,,13/09/2021,Everton,Burnley,3.0,1.0,H,0.0,0.0,14.0,11.0,6.0,6.0
premier-league,2021-2022,,17/09/2021,Newcastle,Leeds,1.0,1.0,D,1.0,1.0,17.0,22.0,7.0,9.0
premier-league,2021-2022,,18/09/2021,Wolves,Brentford,0.0,2.0,A,0.0,2.0,11.0,9.0,0.0,3.0
premier-league,2021-2022,,18/09/2021,Burnley,Arsenal,0.0,1.0,A,0.0,1.0,18.0,13.0,3.0,3.0
premier-league,2021-2022,,18/09/2021,Liverpool,Crystal Palace,3.0,0.0,H,1.0,0.0,25.0,13.0,10.0,2.0
premier-league,2021-2022,,18/09/2021,Man City,Southampton,0.0,0.0,D,0.0,0.0,18.0,10.0,1.0,2.0
premier-league,2021-2022,,18/09/2021,Norwich,Watford,1.0,3.0,A,1.0,1.0,12.0,12.0,5.0,8.0
premier-league,2021-2022,,18/09/2021,Aston Villa,Everton,3.0,0.0,H,0.0,0.0,15.0,11.0,3.0,1.0
premier-league,2021-2022,,19/09/2021,Brighton,Leicester,2.0,1.0,H,1.0,0.0,12.0,14.0,5.0,3.0
premier-league,2021-2022,,19/09/2021,West Ham,Man United,1.0,2.0,A,1.0,1.0,13.0,17.0,4.0,10.0
premier-league,2021-2022,,19/09/2021,Tottenham,Chelsea,0.0,3.0,A,0.0,0.0,8.0,20.0,2.0,10.0
premier-league,2021-2022,,25/09/2021,Chelsea,Man City,0.0,1.0,A,0.0,0.0,5.0,15.0,0.0,4.0
premier-league,2021-2022,,25/09/2021,Man United,Aston Villa,0.0,1.0,A,0.0,0.0,28.0,7.0,4.0,3.0
premier-league,2021-2022,,25/09/2021,Everton,Norwich,2.0,0.0,H,1.0,0.0,11.0,10.0,4.0,2.0
premier-league,2021-2022,,25/09/2021,Leeds,West Ham,1.0,2.0,A,1.0,0.0,15.0,20.0,5.0,7.0
premier-league,2021-2022,,25/09/2021,Leicester,Burnley,2.0,2.0,D,1.0,2.0,22.0,9.0,5.0,3.0
premier-league,2021-2022,,25/09/2021,Watford,Newcastle,1.0,1.0,D,0.0,1.0,15.0,20.0,4.0,6.0
premier-league,2021-2022,,25/09/2021,Brentford,Liverpool,3.0,3.0,D,1.0,1.0,12.0,16.0,4.0,6.0
premier-league,2021-2022,,26/09/2021,Southampton,Wolves,0.0,1.0,A,0.0,0.0,18.0,5.0,6.0,3.0
premier-league,2021-2022,,26/09/2021,Arsenal,Tottenham,3.0,1.0,H,3.0,0.0,12.0,10.0,7.0,4.0
premier-league,2021-2022,,27/09/2021,Crystal Palace,Brighton,1.0,1.0,D,1.0,0.0,8.0,8.0,3.0,4.0
premier-league,2021-2022,,02/10/2021,Man United,Everton,1.0,1.0,D,1.0,0.0,13.0,12.0,6.0,2.0
premier-league,2021-2022,,02/10/2021,Burnley,Norwich,0.0,0.0,D,0.0,0.0,14.0,10.0,4.0,2.0
premier-league,2021-2022,,02/10/2021,Chelsea,Southampton,3.0,1.0,H,1.0,0.0,20.0,6.0,9.0,2.0
premier-league,2021-2022,,02/10/2021,Leeds,Watford,1.0,0.0,H,1.0,0.0,20.0,5.0,4.0,1.0
premier-league,2021-2022,,02/10/2021,Wolves,Newcastle,2.0,1.0,H,1.0,1.0,7.0,8.0,3.0,2.0
premier-league,2021-2022,,02/10/2021,Brighton,Arsenal,0.0,0.0,D,0.0,0.0,21.0,8.0,2.0,2.0
premier-league,2021-2022,,03/10/2021,Crystal Palace,Leicester,2.0,2.0,D,0.0,2.0,18.0,9.0,4.0,5.0
premier-league,2021-2022,,03/10/2021,Tottenham,Aston Villa,2.0,1.0,H,1.0,0.0,17.0,14.0,8.0,3.0
premier-league,2021-2022,,03/10/2021,West Ham,Brentford,1.0,2.0,A,0.0,1.0,18.0,13.0,5.0,6.0
premier-league,2021-2022,,03/10/2021,Liverpool,Man City,2.0,2.0,D,0.0,0.0,6.0,12.0,4.0,3.0
premier-league,2021-2022,,16/10/2021,Watford,Liverpool,0.0,5.0,A,0.0,2.0,6.0,19.0,2.0,8.0
premier-league,2021-2022,,16/10/2021,Aston Villa,Wolves,2.0,3.0,A,0.0,0.0,14.0,9.0,5.0,4.0
premier-league,2021-2022,,16/10/2021,Leicester,Man United,4.0,2.0,H,1.0,1.0,22.0,18.0,11.0,6.0
premier-league,2021-2022,,16/10/2021,Man City,Burnley,2.0,0.0,H,1.0,0.0,15.0,7.0,6.0,2.0
premier-league,2021-2022,,16/10/2021,Norwich,Brighton,0.0,0.0,D,0.0,0.0,15.0,11.0,3.0,3.0
premier-league,2021-2022,,16/10/2021,Southampton,Leeds,1.0,0.0,H,0.0,0.0,19.0,3.0,5.0,0.0
premier-league,2021-2022,,16/10/2021,Brentford,Chelsea,0.0,1.0,A,0.0,1.0,17.0,5.0,7.0,1.0
premier-league,2021-2022,,17/10/2021,Everton,West Ham,0.0,1.0,A,0.0,0.0,15.0,16.0,2.0,4.0
premier-league,2021-2022,,17/10/2021,Newcastle,Tottenham,2.0,3.0,A,1.0,3.0,7.0,14.0,1.0,4.0
premier-league,2021-2022,,18/10/2021,Arsenal,Crystal Palace,2.0,2.0,D,1.0,0.0,17.0,9.0,6.0,6.0
premier-league,2021-2022,,22/10/2021,Arsenal,Aston Villa,3.0,1.0,H,2.0,0.0,22.0,10.0,9.0,4.0
premier-league,2021-2022,,23/10/2021,Chelsea,Norwich,7.0,0.0,H,3.0,0.0,23.0,3.0,13.0,1.0
premier-league,2021-2022,,23/10/2021,Crystal Palace,Newcastle,1.0,1.0,D,0.0,0.0,15.0,6.0,3.0,2.0
premier-league,2021-2022,,23/10/2021,Everton,Watford,2.0,5.0,A,1.0,1.0,15.0,20.0,4.0,8.0
premier-league,2021-2022,,23/10/2021,Leeds,Wolves,1.0,1.0,D,0.0,1.0,18.0,8.0,4.0,4.0
premier-league,2021-2022,,23/10/2021,Southampton,Burnley,2.0,2.0,D,1.0,1.0,16.0,9.0,4.0,5.0
premier-league,2021-2022,,23/10/2021,Brighton,Man City,1.0,4.0,A,0.0,3.0,10.0,23.0,5.0,14.0
premier-league,2021-2022,,24/10/2021,Brentford,Leicester,1.0,2.0,A,0.0,1.0,15.0,10.0,5.0,6.0
premier-league,2021-2022,,24/10/2021,West Ham,Tottenham,1.0,0.0,H,0.0,0.0,13.0,7.0,4.0,4.0
premier-league,2021-2022,,24/10/2021,Man United,Liverpool,0.0,5.0,A,0.0,4.0,12.0,19.0,4.0,8.0
premier-league,2021-2022,,30/10/2021,Leicester,Arsenal,0.0,2.0,A,0.0,2.0,16.0,9.0,8.0,5.0
premier-league,2021-2022,,30/10/2021,Burnley,Brentford,3.0,1.0,H,3.0,0.0,15.0,12.0,6.0,5.0
premier-league,2021-2022,,30/10/2021,Liverpool,Brighton,2.0,2.0,D,2.0,1.0,14.0,9.0,3.0,6.0
premier-league,2021-2022,,30/10/2021,Man City,Crystal Palace,0.0,2.0,A,0.0,1.0,14.0,8.0,3.0,3.0
premier-league,2021-2022,,30/10/2021,Newcastle,Chelsea,0.0,3.0,A,0.0,0.0,6.0,19.0,1.0,6.0
premier-league,2021-2022,,30/10/2021,Watford,Southampton,0.0,1.0,A,0.0,1.0,10.0,12.0,4.0,1.0
premier-league,2021-2022,,30/10/2021,Tottenham,Man United,0.0,3.0,A,0.0,1.0,9.0,10.0,0.0,4.0
premier-league,2021-2022,,31/10/2021,Norwich,Leeds,1.0,2.0,A,0.0,0.0,14.0,13.0,3.0,6.0
premier-league,2021-2022,,31/10/2021,Aston Villa,West Ham,1.0,4.0,A,1.0,2.0,9.0,21.0,3.0,9.0
premier-league,2021-2022,,01/11/2021,Wolves,Everton,2.0,1.0,H,2.0,0.0,10.0,14.0,4.0,5.0
premier-league,2021-2022,,05/11/2021,Southampton,Aston Villa,1.0,0.0,H,1.0,0.0,9.0,14.0,3.0,3.0
premier-league,2021-2022,,06/11/2021,Man United,Man City,0.0,2.0,A,0.0,2.0,5.0,16.0,1.0,5.0
premier-league,2021-2022,,06/11/2021,Brentford,Norwich,1.0,2.0,A,0.0,2.0,19.0,9.0,7.0,5.0
premier-league,2021-2022,,06/11/2021,Chelsea,Burnley,1.0,1.0,D,1.0,0.0,25.0,5.0,4.0,2.0
premier-league,2021-2022,,06/11/2021,Crystal Palace,Wolves,2.0,0.0,H,0.0,0.0,13.0,4.0,6.0,2.0
premier-league,2021-2022,,06/11/2021,Brighton,Newcastle,1.0,1.0,D,1.0,0.0,14.0,6.0,5.0,1.0
premier-league,2021-2022,,07/11/2021,Arsenal,Watford,1.0,0.0,H,0.0,0.0,14.0,7.0,6.0,1.0
premier-league,2021-2022,,07/11/2021,Everton,Tottenham,0.0,0.0,D,0.0,0.0,12.0,8.0,2.0,0.0
premier-league,2021-2022,,07/11/2021,Leeds,Leicester,1.0,1.0,D,1.0,1.0,18.0,9.0,5.0,3.0
premier-league,2021-2022,,07/11/2021,West Ham,Liverpool,3.0,2.0,H,1.0,1.0,7.0,16.0,3.0,5.0
premier-league,2021-2022,,20/11/2021,Leicester,Chelsea,0.0,3.0,A,0.0,2.0,4.0,16.0,3.0,7.0
premier-league,2021-2022,,20/11/2021,Aston Villa,Brighton,2.0,0.0,H,0.0,0.0,9.0,6.0,5.0,2.0
premier-league,2021-2022,,20/11/2021,Burnley,Crystal Palace,3.0,3.0,D,2.0,3.0,15.0,18.0,9.0,8.0
premier-league,2021-2022,,20/11/2021,Newcastle,Brentford,3.0,3.0,D,2.0,2.0,23.0,10.0,9.0,4.0
premier-league,2021-2022,,20/11/2021,Norwich,Southampton,2.0,1.0,H,1.0,1.0,8.0,17.0,4.0,5.0
premier-league,2021-2022,,20/11/2021,Watford,Man United,4.0,1.0,H,2.0,0.0,20.0,9.0,7.0,3.0
premier-league,2021-2022,,20/11/2021,Wolves,West Ham,1.0,0.0,H,0.0,0.0,15.0,8.0,5.0,3.0
premier-league,2021-2022,,20/11/2021,Liverpool,Arsenal,4.0,0.0,H,1.0,0.0,19.0,5.0,9.0,3.0
premier-league,2021-2022,,21/11/2021,Man City,Everton,3.0,0.0,H,1.0,0.0,17.0,4.0,7.0,1.0
premier-league,2021-2022,,21/11/2021,Tottenham,Leeds,2.0,1.0,H,0.0,1.0,13.0,18.0,4.0,7.0
premier-league,2021-2022,,27/11/2021,Arsenal,Newcastle,2.0,0.0,H,0.0,0.0,24.0,9.0,6.0,5.0
premier-league,2021-2022,,27/11/2021,Crystal Palace,Aston Villa,1.0,2.0,A,0.0,1.0,8.0,10.0,3.0,3.0
premier-league,2021-2022,,27/11/2021,Liverpool,Southampton,4.0,0.0,H,3.0,0.0,20.0,7.0,6.0,3.0
premier-league,2021-2022,,27/11/2021,Norwich,Wolves,0.0,0.0,D,0.0,0.0,14.0,5.0,4.0,2.0
premier-league,2021-2022,,27/11/2021,Brighton,Leeds,0.0,0.0,D,0.0,0.0,20.0,11.0,4.0,4.0
premier-league,2021-2022,,28/11/2021,Brentford,Everton,1.0,0.0,H,1.0,0.0,6.0,14.0,4.0,5.0
premier-league,2021-2022,,28/11/2021,Leicester,Watford,4.0,2.0,H,3.0,1.0,18.0,16.0,8.0,5.0
premier-league,2021-2022,,28/11/2021,Man City,West Ham,2.0,1.0,H,1.0,0.0,19.0,5.0,9.0,3.0
premier-league,2021-2022,,28/11/2021,Chelsea,Man United,1.0,1.0,D,0.0,0.0,24.0,3.0,6.0,2.0
premier-league,2021-2022,,30/11/2021,Newcastle,Norwich,1.0,1.0,D,0.0,0.0,9.0,16.0,1.0,6.0
premier-league,2021-2022,,30/11/2021,Leeds,Crystal Palace,1.0,0.0,H,0.0,0.0,15.0,9.0,3.0,1.0
premier-league,2021-2022,,01/12/2021,Southampton,Leicester,2.0,2.0,D,2.0,1.0,15.0,15.0,7.0,6.0
premier-league,2021-2022,,01/12/2021,Watford,Chelsea,1.0,2.0,A,1.0,1.0,13.0,8.0,6.0,4.0
premier-league,2021-2022,,01/12/2021,West Ham,Brighton,1.0,1.0,D,1.0,0.0,14.0,9.0,6.0,3.0
premier-league,2021-2022,,01/12/2021,Wolves,Burnley,0.0,0.0,D,0.0,0.0,16.0,6.0,2.0,1.0
premier-league,2021-2022,,01/12/2021,Aston Villa,Man City,1.0,2.0,A,0.0,2.0,9.0,17.0,3.0,7.0
premier-league,2021-2022,,01/12/2021,Everton,Liverpool,1.0,4.0,A,1.0,2.0,8.0,16.0,2.0,7.0
premier-league,2021-2022,,02/12/2021,Tottenham,Brentford,2.0,0.0,H,1.0,0.0,11.0,6.0,6.0,2.0
premier-league,2021-2022,,02/12/2021,Man United,Arsenal,3.0,2.0,H,1.0,1.0,14.0,17.0,10.0,8.0
premier-league,2021-2022,,04/12/2021,West Ham,Chelsea,3.0,2.0,H,1.0,2.0,11.0,19.0,5.0,7.0
premier-league,2021-2022,,04/12/2021,Newcastle,Burnley,1.0,0.0,H,1.0,0.0,19.0,10.0,4.0,1.0
premier-league,2021-2022,,04/12/2021,Southampton,Brighton,1.0,1.0,D,1.0,0.0,14.0,14.0,4.0,4.0
premier-league,2021-2022,,04/12/2021,Wolves,Liverpool,0.0,1.0,A,0.0,0.0,3.0,17.0,1.0,5.0
premier-league,2021-2022,,04/12/2021,Watford,Man City,1.0,3.0,A,0.0,2.0,11.0,26.0,4.0,13.0
premier-league,2021-2022,,05/12/2021,Leeds,Brentford,2.0,2.0,D,1.0,0.0,13.0,9.0,6.0,3.0
premier-league,2021-2022,,05/12/2021,Man United,Crystal Palace,1.0,0.0,H,0.0,0.0,16.0,8.0,3.0,2.0
premier-league,2021-2022,,05/12/2021,Tottenham,Norwich,3.0,0.0,H,1.0,0.0,17.0,10.0,7.0,1.0
premier-league,2021-2022,,05/12/2021,Aston Villa,Leicester,2.0,1.0,H,1.0,1.0,13.0,12.0,4.0,5.0
premier-league,2021-2022,,06/12/2021,Everton,Arsenal,2.0,1.0,H,0.0,1.0,11.0,10.0,5.0,3.0
premier-league,2021-2022,,10/12/2021,Brentford,Watford,2.0,1.0,H,0.0,1.0,14.0,6.0,5.0,2.0
premier-league,2021-2022,,11/12/2021,Man City,Wolves,1.0,0.0,H,0.0,0.0,24.0,2.0,10.0,1.0
premier-league,2021-2022,,11/12/2021,Arsenal,Southampton,3.0,0.0,H,2.0,0.0,15.0,11.0,5.0,6.0
premier-league,2021-2022,,11/12/2021,Chelsea,Leeds,3.0,2.0,H,1.0,1.0,16.0,12.0,6.0,5.0
premier-league,2021-2022,,11/12/2021,Liverpool,Aston Villa,1.0,0.0,H,0.0,0.0,20.0,4.0,5.0,0.0
premier-league,2021-2022,,11/12/2021,Norwich,Man United,0.0,1.0,A,0.0,0.0,11.0,13.0,5.0,5.0
premier-league,2021-2022,,12/12/2021,Burnley,West Ham,0.0,0.0,D,0.0,0.0,9.0,16.0,1.0,3.0
premier-league,2021-2022,,12/12/2021,Leicester,Newcastle,4.0,0.0,H,1.0,0.0,8.0,12.0,5.0,3.0
premier-league,2021-2022,,12/12/2021,Crystal Palace,Everton,3.0,1.0,H,1.0,0.0,17.0,12.0,6.0,6.0
premier-league,2021-2022,,14/12/2021,Norwich,Aston Villa,0.0,2.0,A,0.0,1.0,7.0,17.0,3.0,6.0
premier-league,2021-2022,,14/12/2021,Man City,Leeds,7.0,0.0,H,3.0,0.0,31.0,6.0,15.0,3.0
premier-league,2021-2022,,15/12/2021,Brighton,Wolves,0.0,1.0,A,0.0,1.0,12.0,8.0,2.0,5.0
premier-league,2021-2022,,15/12/2021,Crystal Palace,Southampton,2.0,2.0,D,1.0,2.0,9.0,15.0,6.0,4.0
premier-league,2021-2022,,15/12/2021,Arsenal,West Ham,2.0,0.0,H,0.0,0.0,21.0,7.0,8.0,1.0
premier-league,2021-2022,,16/12/2021,Chelsea,Everton,1.0,1.0,D,0.0,0.0,23.0,5.0,10.0,3.0
premier-league,2021-2022,,16/12/2021,Liverpool,Newcastle,3.0,1.0,H,2.0,1.0,23.0,4.0,8.0,2.0
premier-league,2021-2022,,18/12/2021,Leeds,Arsenal,1.0,4.0,A,0.0,3.0,9.0,21.0,2.0,12.0
premier-league,2021-2022,,19/12/2021,Newcastle,Man City,0.0,4.0,A,0.0,2.0,5.0,18.0,1.0,7.0
premier-league,2021-2022,,19/12/2021,Wolves,Chelsea,0.0,0.0,D,0.0,0.0,4.0,8.0,1.0,1.0
premier-league,2021-2022,,19/12/2021,Tottenham,Liverpool,2.0,2.0,D,1.0,1.0,10.0,18.0,5.0,6.0
premier-league,2021-2022,,26/12/2021,Man City,Leicester,6.0,3.0,H,4.0,0.0,17.0,14.0,9.0,8.0
premier-league,2021-2022,,26/12/2021,Norwich,Arsenal,0.0,5.0,A,0.0,2.0,4.0,16.0,2.0,6.0
premier-league,2021-2022,,26/12/2021,Tottenham,Crystal Palace,3.0,0.0,H,2.0,0.0,17.0,4.0,6.0,0.0
premier-league,2021-2022,,26/12/2021,West Ham,Southampton,2.0,3.0,A,0.0,1.0,11.0,11.0,5.0,6.0
premier-league,2021-2022,,26/12/2021,Aston Villa,Chelsea,1.0,3.0,A,1.0,1.0,8.0,10.0,1.0,4.0
premier-league,2021-2022,,26/12/2021,Brighton,Brentford,2.0,0.0,H,2.0,0.0,15.0,16.0,5.0,6.0
premier-league,2021-2022,,27/12/2021,Newcastle,Man United,1.0,1.0,D,1.0,0.0,13.0,13.0,8.0,4.0
premier-league,2021-2022,,28/12/2021,Crystal Palace,Norwich,3.0,0.0,H,3.0,0.0,19.0,12.0,6.0,3.0
premier-league,2021-2022,,28/12/2021,Southampton,Tottenham,1.0,1.0,D,1.0,1.0,9.0,21.0,2.0,11.0
premier-league,2021-2022,,28/12/2021,Watford,West Ham,1.0,4.0,A,1.0,2.0,14.0,13.0,5.0,6.0
premier-league,2021-2022,,28/12/2021,Leicester,Liverpool,1.0,0.0,H,0.0,0.0,6.0,21.0,1.0,4.0
premier-league,2021-2022,,29/12/2021,Chelsea,Brighton,1.0,1.0,D,1.0,0.0,11.0,18.0,5.0,6.0
premier-league,2021-2022,,29/12/2021,Brentford,Man City,0.0,1.0,A,0.0,1.0,6.0,12.0,2.0,3.0
premier-league,2021-2022,,30/12/2021,Man United,Burnley,3.0,1.0,H,3.0,1.0,18.0,10.0,6.0,3.0
premier-league,2021-2022,,01/01/2022,Arsenal,Man City,1.0,2.0,A,1.0,0.0,7.0,15.0,2.0,2.0
premier-league,2021-2022,,01/01/2022,Watford,Tottenham,0.0,1.0,A,0.0,0.0,6.0,21.0,4.0,9.0
premier-league,2021-2022,,01/01/2022,Crystal Palace,West Ham,2.0,3.0,A,0.0,3.0,22.0,10.0,6.0,5.0
premier-league,2021-2022,,02/01/2022,Brentford,Aston Villa,2.0,1.0,H,1.0,1.0,10.0,16.0,4.0,5.0
premier-league,2021-2022,,02/01/2022,Everton,Brighton,2.0,3.0,A,0.0,2.0,17.0,12.0,6.0,5.0
premier-league,2021-2022,,02/01/2022,Leeds,Burnley,3.0,1.0,H,1.0,0.0,22.0,8.0,7.0,2.0
premier-league,2021-2022,,02/01/2022,Chelsea,Liverpool,2.0,2.0,D,2.0,2.0,15.0,10.0,6.0,6.0
premier-league,2021-2022,,03/01/2022,Man United,Wolves,0.0,1.0,A,0.0,0.0,9.0,19.0,2.0,6.0
premier-league,2021-2022,,11/01/2022,Southampton,Brentford,4.0,1.0,H,2.0,1.0,12.0,5.0,6.0,4.0
premier-league,2021-2022,,12/01/2022,West Ham,Norwich,2.0,0.0,H,1.0,0.0,13.0,7.0,5.0,3.0
premier-league,2021-2022,,14/01/2022,Brighton,Crystal Palace,1.0,1.0,D,0.0,0.0,19.0,3.0,4.0,1.0
premier-league,2021-2022,,15/01/2022,Man City,Chelsea,1.0,0.0,H,0.0,0.0,11.0,4.0,6.0,1.0
premier-league,2021-2022,,15/01/2022,Newcastle,Watford,1.0,1.0,D,0.0,0.0,12.0,18.0,1.0,5.0
premier-league,2021-2022,,15/01/2022,Norwich,Everton,2.0,1.0,H,2.0,0.0,14.0,12.0,3.0,5.0
premier-league,2021-2022,,15/01/2022,Wolves,Southampton,3.0,1.0,H,1.0,0.0,9.0,13.0,5.0,10.0
premier-league,2021-2022,,15/01/2022,Aston Villa,Man United,2.0,2.0,D,0.0,1.0,13.0,13.0,9.0,6.0
premier-league,2021-2022,,16/01/2022,Liverpool,Brentford,3.0,0.0,H,1.0,0.0,27.0,6.0,13.0,1.0
premier-league,2021-2022,,16/01/2022,West Ham,Leeds,2.0,3.0,A,1.0,2.0,15.0,18.0,5.0,5.0
premier-league,2021-2022,,18/01/2022,Brighton,Chelsea,1.0,1.0,D,0.0,1.0,10.0,15.0,2.0,3.0
premier-league,2021-2022,,19/01/2022,Leicester,Tottenham,2.0,3.0,A,1.0,1.0,14.0,27.0,4.0,10.0
premier-league,2021-2022,,19/01/2022,Brentford,Man United,1.0,3.0,A,0.0,0.0,18.0,13.0,8.0,5.0
premier-league,2021-2022,,21/01/2022,Watford,Norwich,0.0,3.0,A,0.0,0.0,15.0,7.0,4.0,2.0
premier-league,2021-2022,,22/01/2022,Everton,Aston Villa,0.0,1.0,A,0.0,1.0,15.0,8.0,1.0,3.0
premier-league,2021-2022,,22/01/2022,Brentford,Wolves,1.0,2.0,A,0.0,0.0,11.0,7.0,1.0,2.0
premier-league,2021-2022,,22/01/2022,Leeds,Newcastle,0.0,1.0,A,0.0,0.0,13.0,15.0,4.0,3.0
premier-league,2021-2022,,22/01/2022,Man United,West Ham,1.0,0.0,H,0.0,0.0,18.0,6.0,3.0,1.0
premier-league,2021-2022,,22/01/2022,Southampton,Man City,1.0,1.0,D,1.0,0.0,7.0,20.0,3.0,5.0
premier-league,2021-2022,,23/01/2022,Arsenal,Burnley,0.0,0.0,D,0.0,0.0,20.0,10.0,5.0,1.0
premier-league,2021-2022,,23/01/2022,Crystal Palace,Liverpool,1.0,3.0,A,0.0,2.0,8.0,15.0,5.0,7.0
premier-league,2021-2022,,23/01/2022,Leicester,Brighton,1.0,1.0,D,0.0,0.0,15.0,14.0,5.0,5.0
premier-league,2021-2022,,23/01/2022,Chelsea,Tottenham,2.0,0.0,H,0.0,0.0,15.0,6.0,7.0,3.0
premier-league,2021-2022,,05/02/2022,Burnley,Watford,0.0,0.0,D,0.0,0.0,13.0,11.0,2.0,5.0
premier-league,2021-2022,,08/02/2022,Newcastle,Everton,3.0,1.0,H,1.0,1.0,20.0,11.0,9.0,3.0
premier-league,2021-2022,,08/02/2022,West Ham,Watford,1.0,0.0,H,0.0,0.0,9.0,6.0,3.0,1.0
premier-league,2021-2022,,08/02/2022,Burnley,Man United,1.0,1.0,D,0.0,1.0,9.0,22.0,3.0,5.0
premier-league,2021-2022,,09/02/2022,Man City,Brentford,2.0,0.0,H,1.0,0.0,15.0,6.0,7.0,2.0
premier-league,2021-2022,,09/02/2022,Norwich,Crystal Palace,1.0,1.0,D,1.0,0.0,5.0,13.0,1.0,5.0
premier-league,2021-2022,,09/02/2022,Tottenham,Southampton,2.0,3.0,A,1.0,1.0,8.0,23.0,3.0,10.0
premier-league,2021-2022,,09/02/2022,Aston Villa,Leeds,3.0,3.0,D,3.0,2.0,12.0,16.0,4.0,8.0
premier-league,2021-2022,,10/02/2022,Liverpool,Leicester,2.0,0.0,H,1.0,0.0,22.0,5.0,11.0,1.0
premier-league,2021-2022,,10/02/2022,Wolves,Arsenal,0.0,1.0,A,0.0,1.0,15.0,12.0,4.0,2.0
premier-league,2021-2022,,12/02/2022,Man United,Southampton,1.0,1.0,D,1.0,0.0,12.0,13.0,8.0,4.0
premier-league,2021-2022,,12/02/2022,Brentford,Crystal Palace,0.0,0.0,D,0.0,0.0,9.0,6.0,2.0,3.0
premier-league,2021-2022,,12/02/2022,Everton,Leeds,3.0,0.0,H,2.0,0.0,21.0,7.0,10.0,0.0
premier-league,2021-2022,,12/02/2022,Watford,Brighton,0.0,2.0,A,0.0,1.0,9.0,11.0,1.0,6.0
premier-league,2021-2022,,12/02/2022,Norwich,Man City,0.0,4.0,A,0.0,1.0,8.0,22.0,3.0,9.0
premier-league,2021-2022,,13/02/2022,Burnley,Liverpool,0.0,1.0,A,0.0,1.0,8.0,12.0,5.0,4.0
premier-league,2021-2022,,13/02/2022,Newcastle,Aston Villa,1.0,0.0,H,1.0,0.0,10.0,11.0,2.0,1.0
premier-league,2021-2022,,13/02/2022,Tottenham,Wolves,0.0,2.0,A,0.0,2.0,17.0,11.0,7.0,7.0
premier-league,2021-2022,,13/02/2022,Leicester,West Ham,2.0,2.0,D,1.0,1.0,13.0,8.0,2.0,3.0
premier-league,2021-2022,,15/02/2022,Man United,Brighton,2.0,0.0,H,0.0,0.0,19.0,10.0,7.0,3.0
premier-league,2021-2022,,19/02/2022,West Ham,Newcastle,1.0,1.0,D,1.0,1.0,11.0,14.0,3.0,3.0
premier-league,2021-2022,,19/02/2022,Arsenal,Brentford,2.0,1.0,H,0.0,0.0,24.0,6.0,8.0,2.0
premier-league,2021-2022,,19/02/2022,Aston Villa,Watford,0.0,1.0,A,0.0,0.0,20.0,8.0,1.0,4.0
premier-league,2021-2022,,19/02/2022,Brighton,Burnley,0.0,3.0,A,0.0,2.0,11.0,10.0,1.0,4.0
premier-league,2021-2022,,19/02/2022,Crystal Palace,Chelsea,0.0,1.0,A,0.0,0.0,7.0,9.0,0.0,3.0
premier-league,2021-2022,,19/02/2022,Liverpool,Norwich,3.0,1.0,H,0.0,0.0,29.0,6.0,8.0,1.0
premier-league,2021-2022,,19/02/2022,Southampton,Everton,2.0,0.0,H,0.0,0.0,19.0,9.0,11.0,0.0
premier-league,2021-2022,,19/02/2022,Man City,Tottenham,2.0,3.0,A,1.0,1.0,21.0,6.0,4.0,5.0
premier-league,2021-2022,,20/02/2022,Leeds,Man United,2.0,4.0,A,0.0,2.0,16.0,15.0,6.0,9.0
premier-league,2021-2022,,20/02/2022,Wolves,Leicester,2.0,1.0,H,1.0,1.0,11.0,17.0,3.0,7.0
premier-league,2021-2022,,23/02/2022,Burnley,Tottenham,1.0,0.0,H,0.0,0.0,15.0,12.0,4.0,2.0
premier-league,2021-2022,,23/02/2022,Watford,Crystal Palace,1.0,4.0,A,1.0,2.0,8.0,7.0,1.0,5.0
premier-league,2021-2022,,23/02/2022,Liverpool,Leeds,6.0,0.0,H,3.0,0.0,23.0,3.0,15.0,2.0
premier-league,2021-2022,,24/02/2022,Arsenal,Wolves,2.0,1.0,H,0.0,1.0,26.0,6.0,5.0,2.0
premier-league,2021-2022,,25/02/2022,Southampton,Norwich,2.0,0.0,H,1.0,0.0,27.0,8.0,9.0,1.0
premier-league,2021-2022,,26/02/2022,Leeds,Tottenham,0.0,4.0,A,0.0,3.0,19.0,15.0,3.0,11.0
premier-league,2021-2022,,26/02/2022,Brentford,Newcastle,0.0,2.0,A,0.0,2.0,6.0,26.0,1.0,11.0
premier-league,2021-2022,,26/02/2022,Crystal Palace,Burnley,1.0,1.0,D,1.0,0.0,11.0,5.0,4.0,1.0
premier-league,2021-2022,,26/02/2022,Man United,Watford,0.0,0.0,D,0.0,0.0,22.0,10.0,3.0,2.0
premier-league,2021-2022,,26/02/2022,Brighton,Aston Villa,0.0,2.0,A,0.0,1.0,12.0,9.0,1.0,4.0
premier-league,2021-2022,,26/02/2022,Everton,Man City,0.0,1.0,A,0.0,0.0,6.0,13.0,2.0,8.0
premier-league,2021-2022,,27/02/2022,West Ham,Wolves,1.0,0.0,H,0.0,0.0,13.0,14.0,4.0,1.0
premier-league,2021-2022,,01/03/2022,Burnley,Leicester,0.0,2.0,A,0.0,0.0,9.0,22.0,2.0,6.0
premier-league,2021-2022,,05/03/2022,Leicester,Leeds,1.0,0.0,H,0.0,0.0,7.0,19.0,4.0,4.0
premier-league,2021-2022,,05/03/2022,Aston Villa,Southampton,4.0,0.0,H,2.0,0.0,14.0,11.0,9.0,1.0
premier-league,2021-2022,,05/03/2022,Burnley,Chelsea,0.0,4.0,A,0.0,0.0,6.0,11.0,1.0,5.0
premier-league,2021-2022,,05/03/2022,Newcastle,Brighton,2.0,1.0,H,2.0,0.0,10.0,15.0,4.0,4.0
premier-league,2021-2022,,05/03/2022,Norwich,Brentford,1.0,3.0,A,0.0,1.0,15.0,10.0,7.0,6.0
premier-league,2021-2022,,05/03/2022,Wolves,Crystal Palace,0.0,2.0,A,0.0,2.0,12.0,12.0,5.0,8.0
premier-league,2021-2022,,05/03/2022,Liverpool,West Ham,1.0,0.0,H,1.0,0.0,22.0,13.0,5.0,5.0
premier-league,2021-2022,,06/03/2022,Watford,Arsenal,2.0,3.0,A,1.0,2.0,13.0,16.0,7.0,4.0
premier-league,2021-2022,,06/03/2022,Man City,Man United,4.0,1.0,H,2.0,1.0,24.0,5.0,10.0,2.0
premier-league,2021-2022,,07/03/2022,Tottenham,Everton,5.0,0.0,H,3.0,0.0,14.0,6.0,7.0,0.0
premier-league,2021-2022,,10/03/2022,Norwich,Chelsea,1.0,3.0,A,0.0,2.0,9.0,15.0,3.0,7.0
premier-league,2021-2022,,10/03/2022,Southampton,Newcastle,1.0,2.0,A,1.0,1.0,14.0,8.0,5.0,4.0
premier-league,2021-2022,,10/03/2022,Wolves,Watford,4.0,0.0,H,3.0,0.0,10.0,9.0,5.0,0.0
premier-league,2021-2022,,10/03/2022,Leeds,Aston Villa,0.0,3.0,A,0.0,1.0,4.0,15.0,1.0,9.0
premier-league,2021-2022,,12/03/2022,Brighton,Liverpool,0.0,2.0,A,0.0,1.0,8.0,18.0,3.0,9.0
premier-league,2021-2022,,12/03/2022,Brentford,Burnley,2.0,0.0,H,0.0,0.0,13.0,7.0,4.0,1.0
premier-league,2021-2022,,12/03/2022,Man United,Tottenham,3.0,2.0,H,2.0,1.0,10.0,10.0,6.0,3.0
premier-league,2021-2022,,13/03/2022,Chelsea,Newcastle,1.0,0.0,H,0.0,0.0,8.0,7.0,3.0,2.0
premier-league,2021-2022,,13/03/2022,Everton,Wolves,0.0,1.0,A,0.0,0.0,8.0,14.0,2.0,3.0
premier-league,2021-2022,,13/03/2022,Leeds,Norwich,2.0,1.0,H,1.0,0.0,13.0,12.0,7.0,4.0
premier-league,2021-2022,,13/03/2022,Southampton,Watford,1.0,2.0,A,1.0,2.0,13.0,9.0,7.0,5.0
premier-league,2021-2022,,13/03/2022,West Ham,Aston Villa,2.0,1.0,H,0.0,0.0,11.0,13.0,4.0,7.0
premier-league,2021-2022,,13/03/2022,Arsenal,Leicester,2.0,0.0,H,1.0,0.0,21.0,6.0,8.0,3.0
premier-league,2021-2022,,14/03/2022,Crystal Palace,Man City,0.0,0.0,D,0.0,0.0,7.0,18.0,1.0,4.0
premier-league,2021-2022,,16/03/2022,Brighton,Tottenham,0.0,2.0,A,0.0,1.0,15.0,17.0,0.0,7.0
premier-league,2021-2022,,16/03/2022,Arsenal,Liverpool,0.0,2.0,A,0.0,0.0,9.0,9.0,2.0,3.0
premier-league,2021-2022,,17/03/2022,Everton,Newcastle,1.0,0.0,H,0.0,0.0,9.0,17.0,3.0,6.0
premier-league,2021-2022,,18/03/2022,Wolves,Leeds,2.0,3.0,A,2.0,0.0,14.0,15.0,8.0,6.0
premier-league,2021-2022,,19/03/2022,Aston Villa,Arsenal,0.0,1.0,A,0.0,1.0,8.0,10.0,1.0,3.0
premier-league,2021-2022,,20/03/2022,Leicester,Brentford,2.0,1.0,H,2.0,0.0,12.0,15.0,4.0,6.0
premier-league,2021-2022,,20/03/2022,Tottenham,West Ham,3.0,1.0,H,2.0,1.0,17.0,6.0,4.0,1.0
premier-league,2021-2022,,02/04/2022,Liverpool,Watford,2.0,0.0,H,1.0,0.0,20.0,5.0,3.0,2.0
premier-league,2021-2022,,02/04/2022,Brighton,Norwich,0.0,0.0,D,0.0,0.0,31.0,6.0,4.0,0.0
premier-league,2021-2022,,02/04/2022,Burnley,Man City,0.0,2.0,A,0.0,2.0,3.0,18.0,1.0,6.0
premier-league,2021-2022,,02/04/2022,Chelsea,Brentford,1.0,4.0,A,0.0,0.0,21.0,17.0,8.0,6.0
premier-league,2021-2022,,02/04/2022,Leeds,Southampton,1.0,1.0,D,1.0,0.0,12.0,14.0,3.0,6.0
premier-league,2021-2022,,02/04/2022,Wolves,Aston Villa,2.0,1.0,H,2.0,0.0,11.0,15.0,5.0,5.0
premier-league,2021-2022,,02/04/2022,Man United,Leicester,1.0,1.0,D,0.0,0.0,11.0,11.0,5.0,3.0
premier-league,2021-2022,,03/04/2022,West Ham,Everton,2.0,1.0,H,1.0,0.0,11.0,13.0,5.0,2.0
premier-league,2021-2022,,03/04/2022,Tottenham,Newcastle,5.0,1.0,H,1.0,1.0,19.0,8.0,6.0,1.0
premier-league,2021-2022,,04/04/2022,Crystal Palace,Arsenal,3.0,0.0,H,2.0,0.0,6.0,12.0,5.0,3.0
premier-league,2021-2022,,06/04/2022,Burnley,Everton,3.0,2.0,H,1.0,2.0,13.0,16.0,4.0,4.0
premier-league,2021-2022,,08/04/2022,Newcastle,Wolves,1.0,0.0,H,0.0,0.0,12.0,5.0,4.0,2.0
premier-league,2021-2022,,09/04/2022,Everton,Man United,1.0,0.0,H,1.0,0.0,7.0,12.0,3.0,4.0
premier-league,2021-2022,,09/04/2022,Arsenal,Brighton,1.0,2.0,A,0.0,1.0,20.0,8.0,4.0,3.0
premier-league,2021-2022,,09/04/2022,Southampton,Chelsea,0.0,6.0,A,0.0,4.0,4.0,24.0,1.0,14.0
premier-league,2021-2022,,09/04/2022,Watford,Leeds,0.0,3.0,A,0.0,1.0,8.0,10.0,1.0,5.0
premier-league,2021-2022,,09/04/2022,Aston Villa,Tottenham,0.0,4.0,A,0.0,1.0,9.0,11.0,8.0,5.0
premier-league,2021-2022,,10/04/2022,Brentford,West Ham,2.0,0.0,H,0.0,0.0,15.0,5.0,7.0,1.0
premier-league,2021-2022,,10/04/2022,Leicester,Crystal Palace,2.0,1.0,H,2.0,0.0,12.0,11.0,3.0,3.0
premier-league,2021-2022,,10/04/2022,Norwich,Burnley,2.0,0.0,H,1.0,0.0,17.0,18.0,6.0,4.0
premier-league,2021-2022,,10/04/2022,Man City,Liverpool,2.0,2.0,D,2.0,1.0,11.0,6.0,5.0,4.0
premier-league,2021-2022,,16/04/2022,Tottenham,Brighton,0.0,1.0,A,0.0,0.0,5.0,12.0,0.0,5.0
premier-league,2021-2022,,16/04/2022,Man United,Norwich,3.0,2.0,H,2.0,1.0,20.0,15.0,9.0,4.0
premier-league,2021-2022,,16/04/2022,Southampton,Arsenal,1.0,0.0,H,1.0,0.0,9.0,23.0,3.0,6.0
premier-league,2021-2022,,16/04/2022,Watford,Brentford,1.0,2.0,A,0.0,1.0,17.0,16.0,4.0,5.0
premier-league,2021-2022,,17/04/2022,Newcastle,Leicester,2.0,1.0,H,1.0,1.0,16.0,8.0,7.0,2.0
premier-league,2021-2022,,17/04/2022,West Ham,Burnley,1.0,1.0,D,0.0,1.0,21.0,9.0,8.0,1.0
premier-league,2021-2022,,19/04/2022,Liverpool,Man United,4.0,0.0,H,2.0,0.0,14.0,2.0,5.0,1.0
premier-league,2021-2022,,20/04/2022,Chelsea,Arsenal,2.0,4.0,A,2.0,2.0,11.0,14.0,2.0,4.0
premier-league,2021-2022,,20/04/2022,Everton,Leicester,1.0,1.0,D,0.0,1.0,13.0,11.0,3.0,3.0
premier-league,2021-2022,,20/04/2022,Newcastle,Crystal Palace,1.0,0.0,H,1.0,0.0,13.0,10.0,4.0,2.0
premier-league,2021-2022,,20/04/2022,Man City,Brighton,3.0,0.0,H,0.0,0.0,17.0,2.0,5.0,1.0
premier-league,2021-2022,,21/04/2022,Burnley,Southampton,2.0,0.0,H,2.0,0.0,16.0,11.0,6.0,3.0
premier-league,2021-2022,,23/04/2022,Arsenal,Man United,3.0,1.0,H,2.0,1.0,14.0,14.0,7.0,5.0
premier-league,2021-2022,,23/04/2022,Leicester,Aston Villa,0.0,0.0,D,0.0,0.0,5.0,11.0,2.0,3.0
premier-league,2021-2022,,23/04/2022,Man City,Watford,5.0,1.0,H,3.0,1.0,21.0,5.0,8.0,2.0
premier-league,2021-2022,,23/04/2022,Norwich,Newcastle,0.0,3.0,A,0.0,2.0,5.0,13.0,2.0,7.0
premier-league,2021-2022,,23/04/2022,Brentford,Tottenham,0.0,0.0,D,0.0,0.0,15.0,9.0,2.0,0.0
premier-league,2021-2022,,24/04/2022,Brighton,Southampton,2.0,2.0,D,2.0,1.0,8.0,18.0,5.0,5.0
premier-league,2021-2022,,24/04/2022,Burnley,Wolves,1.0,0.0,H,0.0,0.0,14.0,10.0,5.0,4.0
premier-league,2021-2022,,24/04/2022,Chelsea,West Ham,1.0,0.0,H,0.0,0.0,26.0,6.0,5.0,2.0
premier-league,2021-2022,,24/04/2022,Liverpool,Everton,2.0,0.0,H,0.0,0.0,18.0,9.0,4.0,1.0
premier-league,2021-2022,,25/04/2022,Crystal Palace,Leeds,0.0,0.0,D,0.0,0.0,17.0,9.0,7.0,2.0
premier-league,2021-2022,,28/04/2022,Man United,Chelsea,1.0,1.0,D,0.0,0.0,6.0,21.0,3.0,6.0
premier-league,2021-2022,,30/04/2022,Newcastle,Liverpool,0.0,1.0,A,0.0,1.0,4.0,24.0,2.0,10.0
premier-league,2021-2022,,30/04/2022,Aston Villa,Norwich,2.0,0.0,H,1.0,0.0,21.0,9.0,6.0,3.0
premier-league,2021-2022,,30/04/2022,Southampton,Crystal Palace,1.0,2.0,A,1.0,0.0,8.0,14.0,3.0,5.0
premier-league,2021-2022,,30/04/2022,Watford,Burnley,1.0,2.0,A,1.0,0.0,13.0,17.0,1.0,6.0
premier-league,2021-2022,,30/04/2022,Wolves,Brighton,0.0,3.0,A,0.0,1.0,11.0,17.0,1.0,9.0
premier-league,2021-2022,,30/04/2022,Leeds,Man City,0.0,4.0,A,0.0,1.0,7.0,19.0,2.0,6.0
premier-league,2021-2022,,01/05/2022,Everton,Chelsea,1.0,0.0,H,0.0,0.0,9.0,17.0,4.0,5.0
premier-league,2021-2022,,01/05/2022,Tottenham,Leicester,3.0,1.0,H,1.0,0.0,13.0,6.0,7.0,2.0
premier-league,2021-2022,,01/05/2022,West Ham,Arsenal,1.0,2.0,A,1.0,1.0,8.0,13.0,3.0,7.0
premier-league,2021-2022,,02/05/2022,Man United,Brentford,3.0,0.0,H,1.0,0.0,9.0,12.0,5.0,4.0
premier-league,2021-2022,,07/05/2022,Brentford,Southampton,3.0,0.0,H,2.0,0.0,18.0,19.0,5.0,4.0
premier-league,2021-2022,,07/05/2022,Burnley,Aston Villa,1.0,3.0,A,0.0,2.0,14.0,12.0,6.0,7.0
premier-league,2021-2022,,07/05/2022,Chelsea,Wolves,2.0,2.0,D,0.0,0.0,19.0,14.0,6.0,4.0
premier-league,2021-2022,,07/05/2022,Crystal Palace,Watford,1.0,0.0,H,1.0,0.0,15.0,6.0,7.0,1.0
premier-league,2021-2022,,07/05/2022,Brighton,Man United,4.0,0.0,H,1.0,0.0,17.0,15.0,6.0,5.0
premier-league,2021-2022,,07/05/2022,Liverpool,Tottenham,1.0,1.0,D,0.0,0.0,22.0,8.0,3.0,3.0
premier-league,2021-2022,,08/05/2022,Arsenal,Leeds,2.0,1.0,H,2.0,0.0,19.0,3.0,9.0,2.0
premier-league,2021-2022,,08/05/2022,Leicester,Everton,1.0,2.0,A,1.0,2.0,16.0,10.0,9.0,4.0
premier-league,2021-2022,,08/05/2022,Norwich,West Ham,0.0,4.0,A,0.0,3.0,8.0,13.0,2.0,5.0
premier-league,2021-2022,,08/05/2022,Man City,Newcastle,5.0,0.0,H,2.0,0.0,21.0,7.0,9.0,3.0
premier-league,2021-2022,,10/05/2022,Aston Villa,Liverpool,1.0,2.0,A,1.0,1.0,9.0,17.0,4.0,6.0
premier-league,2021-2022,,11/05/2022,Leeds,Chelsea,0.0,3.0,A,0.0,1.0,5.0,17.0,0.0,4.0
premier-league,2021-2022,,11/05/2022,Leicester,Norwich,3.0,0.0,H,0.0,0.0,20.0,9.0,8.0,5.0
premier-league,2021-2022,,11/05/2022,Watford,Everton,0.0,0.0,D,0.0,0.0,6.0,16.0,0.0,5.0
premier-league,2021-2022,,11/05/2022,Wolves,Man City,1.0,5.0,A,1.0,3.0,7.0,16.0,3.0,5.0
premier-league,2021-2022,,12/05/2022,Tottenham,Arsenal,3.0,0.0,H,2.0,0.0,16.0,8.0,6.0,4.0
premier-league,2021-2022,,15/05/2022,Tottenham,Burnley,1.0,0.0,H,1.0,0.0,21.0,8.0,8.0,1.0
premier-league,2021-2022,,15/05/2022,Aston Villa,Crystal Palace,1.0,1.0,D,0.0,0.0,13.0,16.0,4.0,4.0
premier-league,2021-2022,,15/05/2022,Leeds,Brighton,1.0,1.0,D,0.0,1.0,19.0,16.0,5.0,6.0
premier-league,2021-2022,,15/05/2022,Watford,Leicester,1.0,5.0,A,1.0,2.0,13.0,13.0,5.0,7.0
premier-league,2021-2022,,15/05/2022,West Ham,Man City,2.0,2.0,D,2.0,0.0,6.0,31.0,2.0,8.0
premier-league,2021-2022,,15/05/2022,Wolves,Norwich,1.0,1.0,D,0.0,1.0,17.0,11.0,4.0,2.0
premier-league,2021-2022,,15/05/2022,Everton,Brentford,2.0,3.0,A,2.0,1.0,10.0,18.0,5.0,7.0
premier-league,2021-2022,,16/05/2022,Newcastle,Arsenal,2.0,0.0,H,0.0,0.0,16.0,11.0,4.0,2.0
premier-league,2021-2022,,17/05/2022,Southampton,Liverpool,1.0,2.0,A,1.0,1.0,4.0,24.0,2.0,5.0
premier-league,2021-2022,,19/05/2022,Everton,Crystal Palace,3.0,2.0,H,0.0,2.0,12.0,7.0,6.0,5.0
premier-league,2021-2022,,19/05/2022,Aston Villa,Burnley,1.0,1.0,D,0.0,1.0,22.0,10.0,9.0,5.0
premier-league,2021-2022,,19/05/2022,Chelsea,Leicester,1.0,1.0,D,1.0,1.0,20.0,2.0,7.0,1.0
premier-league,2021-2022,,22/05/2022,Arsenal,Everton,5.0,1.0,H,2.0,1.0,26.0,6.0,9.0,2.0
premier-league,2021-2022,,22/05/2022,Brentford,Leeds,1.0,2.0,A,0.0,0.0,14.0,14.0,5.0,6.0
premier-league,2021-2022,,22/05/2022,Brighton,West Ham,3.0,1.0,H,0.0,1.0,18.0,7.0,7.0,2.0
premier-league,2021-2022,,22/05/2022,Burnley,Newcastle,1.0,2.0,A,0.0,1.0,12.0,8.0,5.0,6.0
premier-league,2021-2022,,22/05/2022,Chelsea,Watford,2.0,1.0,H,1.0,0.0,19.0,8.0,8.0,3.0
premier-league,2021-2022,,22/05/2022,Crystal Palace,Man United,1.0,0.0,H,1.0,0.0,6.0,10.0,3.0,4.0
premier-league,2021-2022,,22/05/2022,Leicester,Southampton,4.0,1.0,H,0.0,0.0,12.0,7.0,6.0,2.0
premier-league,2021-2022,,22/05/2022,Liverpool,Wolves,3.0,1.0,H,1.0,1.0,29.0,7.0,8.0,5.0
premier-league,2021-2022,,22/05/2022,Man City,Aston Villa,3.0,2.0,H,0.0,1.0,24.0,4.0,5.0,2.0
premier-league,2021-2022,,22/05/2022,Norwich,Tottenham,0.0,5.0,A,0.0,2.0,9.0,19.0,0.0,13.0
premier-league,2022-2023,E0,05/08/2022,Crystal Palace,Arsenal,0.0,2.0,A,0.0,1.0,10.0,10.0,2.0,2.0
premier-league,2022-2023,E0,06/08/2022,Fulham,Liverpool,2.0,2.0,D,1.0,0.0,9.0,11.0,3.0,4.0
premier-league,2022-2023,E0,06/08/2022,Bournemouth,Aston Villa,2.0,0.0,H,1.0,0.0,7.0,15.0,3.0,2.0
premier-league,2022-2023,E0,06/08/2022,Leeds,Wolves,2.0,1.0,H,1.0,1.0,12.0,15.0,4.0,6.0
premier-league,2022-2023,E0,06/08/2022,Newcastle,Nott'm Forest,2.0,0.0,H,0.0,0.0,23.0,5.0,10.0,0.0
premier-league,2022-2023,E0,06/08/2022,Tottenham,Southampton,4.0,1.0,H,2.0,1.0,18.0,10.0,8.0,2.0
premier-league,2022-2023,E0,06/08/2022,Everton,Chelsea,0.0,1.0,A,0.0,1.0,8.0,15.0,4.0,6.0
premier-league,2022-2023,E0,07/08/2022,Leicester,Brentford,2.0,2.0,D,1.0,0.0,14.0,8.0,5.0,3.0
premier-league,2022-2023,E0,07/08/2022,Man United,Brighton,1.0,2.0,A,0.0,2.0,17.0,15.0,5.0,4.0
premier-league,2022-2023,E0,07/08/2022,West Ham,Man City,0.0,2.0,A,0.0,1.0,6.0,14.0,1.0,2.0
premier-league,2022-2023,E0,13/08/2022,Aston Villa,Everton,2.0,1.0,H,1.0,0.0,12.0,15.0,4.0,4.0
premier-league,2022-2023,E0,13/08/2022,Arsenal,Leicester,4.0,2.0,H,2.0,0.0,19.0,6.0,7.0,2.0
premier-league,2022-2023,E0,13/08/2022,Brighton,Newcastle,0.0,0.0,D,0.0,0.0,13.0,4.0,7.0,1.0
premier-league,2022-2023,E0,13/08/2022,Man City,Bournemouth,4.0,0.0,H,3.0,0.0,19.0,3.0,7.0,1.0
premier-league,2022-2023,E0,13/08/2022,Southampton,Leeds,2.0,2.0,D,0.0,0.0,14.0,13.0,4.0,5.0
premier-league,2022-2023,E0,13/08/2022,Wolves,Fulham,0.0,0.0,D,0.0,0.0,7.0,9.0,1.0,3.0
premier-league,2022-2023,E0,13/08/2022,Brentford,Man United,4.0,0.0,H,4.0,0.0,13.0,15.0,7.0,4.0
premier-league,2022-2023,E0,14/08/2022,Nott'm Forest,West Ham,1.0,0.0,H,1.0,0.0,13.0,19.0,6.0,5.0
premier-league,2022-2023,E0,14/08/2022,Chelsea,Tottenham,2.0,2.0,D,1.0,0.0,16.0,10.0,3.0,5.0
premier-league,2022-2023,E0,15/08/2022,Liverpool,Crystal Palace,1.0,1.0,D,0.0,1.0,24.0,7.0,4.0,3.0
premier-league,2022-2023,E0,20/08/2022,Tottenham,Wolves,1.0,0.0,H,0.0,0.0,11.0,20.0,4.0,3.0
premier-league,2022-2023,E0,20/08/2022,Crystal Palace,Aston Villa,3.0,1.0,H,1.0,1.0,17.0,13.0,9.0,5.0
premier-league,2022-2023,E0,20/08/2022,Everton,Nott'm Forest,1.0,1.0,D,0.0,0.0,19.0,14.0,8.0,5.0
premier-league,2022-2023,E0,20/08/2022,Fulham,Brentford,3.0,2.0,H,2.0,1.0,18.0,13.0,9.0,5.0
premier-league,2022-2023,E0,20/08/2022,Leicester,Southampton,1.0,2.0,A,0.0,0.0,6.0,9.0,1.0,3.0
premier-league,2022-2023,E0,20/08/2022,Bournemouth,Arsenal,0.0,3.0,A,0.0,2.0,6.0,14.0,1.0,6.0
premier-league,2022-2023,E0,21/08/2022,Leeds,Chelsea,3.0,0.0,H,2.0,0.0,12.0,14.0,6.0,3.0
premier-league,2022-2023,E0,21/08/2022,West Ham,Brighton,0.0,2.0,A,0.0,1.0,13.0,11.0,3.0,2.0
premier-league,2022-2023,E0,21/08/2022,Newcastle,Man City,3.0,3.0,D,2.0,1.0,12.0,21.0,6.0,10.0
premier-league,2022-2023,E0,22/08/2022,Man United,Liverpool,2.0,1.0,H,1.0,0.0,12.0,17.0,4.0,5.0
premier-league,2022-2023,E0,27/08/2022,Southampton,Man United,0.0,1.0,A,0.0,0.0,17.0,11.0,5.0,6.0
premier-league,2022-2023,E0,27/08/2022,Brentford,Everton,1.0,1.0,D,0.0,1.0,19.0,14.0,5.0,7.0
premier-league,2022-2023,E0,27/08/2022,Brighton,Leeds,1.0,0.0,H,0.0,0.0,13.0,10.0,4.0,2.0
premier-league,2022-2023,E0,27/08/2022,Chelsea,Leicester,2.0,1.0,H,0.0,0.0,7.0,17.0,3.0,5.0
premier-league,2022-2023,E0,27/08/2022,Liverpool,Bournemouth,9.0,0.0,H,5.0,0.0,19.0,5.0,12.0,2.0
premier-league,2022-2023,E0,27/08/2022,Man City,Crystal Palace,4.0,2.0,H,0.0,2.0,18.0,2.0,5.0,2.0
premier-league,2022-2023,E0,27/08/2022,Arsenal,Fulham,2.0,1.0,H,0.0,0.0,22.0,11.0,8.0,3.0
premier-league,2022-2023,E0,28/08/2022,Aston Villa,West Ham,0.0,1.0,A,0.0,0.0,9.0,7.0,3.0,2.0
premier-league,2022-2023,E0,28/08/2022,Wolves,Newcastle,1.0,1.0,D,1.0,0.0,10.0,21.0,4.0,6.0
premier-league,2022-2023,E0,28/08/2022,Nott'm Forest,Tottenham,0.0,2.0,A,0.0,1.0,17.0,18.0,1.0,7.0
premier-league,2022-2023,E0,30/08/2022,Crystal Palace,Brentford,1.0,1.0,D,0.0,0.0,13.0,9.0,4.0,3.0
premier-league,2022-2023,E0,30/08/2022,Fulham,Brighton,2.0,1.0,H,0.0,0.0,10.0,7.0,3.0,4.0
premier-league,2022-2023,E0,30/08/2022,Southampton,Chelsea,2.0,1.0,H,2.0,1.0,9.0,10.0,7.0,4.0
premier-league,2022-2023,E0,30/08/2022,Leeds,Everton,1.0,1.0,D,0.0,1.0,14.0,7.0,5.0,2.0
premier-league,2022-2023,E0,31/08/2022,Arsenal,Aston Villa,2.0,1.0,H,1.0,0.0,22.0,4.0,9.0,3.0
premier-league,2022-2023,E0,31/08/2022,Bournemouth,Wolves,0.0,0.0,D,0.0,0.0,5.0,17.0,2.0,4.0
premier-league,2022-2023,E0,31/08/2022,Man City,Nott'm Forest,6.0,0.0,H,3.0,0.0,17.0,8.0,9.0,1.0
premier-league,2022-2023,E0,31/08/2022,West Ham,Tottenham,1.0,1.0,D,0.0,1.0,14.0,13.0,4.0,4.0
premier-league,2022-2023,E0,31/08/2022,Liverpool,Newcastle,2.0,1.0,H,0.0,1.0,23.0,5.0,6.0,2.0
premier-league,2022-2023,E0,01/09/2022,Leicester,Man United,0.0,1.0,A,0.0,1.0,10.0,9.0,2.0,2.0
premier-league,2022-2023,E0,03/09/2022,Everton,Liverpool,0.0,0.0,D,0.0,0.0,14.0,23.0,3.0,8.0
premier-league,2022-2023,E0,03/09/2022,Brentford,Leeds,5.0,2.0,H,2.0,1.0,14.0,17.0,8.0,6.0
premier-league,2022-2023,E0,03/09/2022,Chelsea,West Ham,2.0,1.0,H,0.0,0.0,8.0,6.0,3.0,3.0
premier-league,2022-2023,E0,03/09/2022,Newcastle,Crystal Palace,0.0,0.0,D,0.0,0.0,23.0,19.0,6.0,9.0
premier-league,2022-2023,E0,03/09/2022,Nott'm Forest,Bournemouth,2.0,3.0,A,2.0,0.0,11.0,8.0,3.0,3.0
premier-league,2022-2023,E0,03/09/2022,Tottenham,Fulham,2.0,1.0,H,1.0,0.0,23.0,9.0,10.0,3.0
premier-league,2022-2023,E0,03/09/2022,Wolves,Southampton,1.0,0.0,H,1.0,0.0,7.0,12.0,2.0,1.0
premier-league,2022-2023,E0,03/09/2022,Aston Villa,Man City,1.0,1.0,D,0.0,0.0,3.0,13.0,1.0,4.0
premier-league,2022-2023,E0,04/09/2022,Brighton,Leicester,5.0,2.0,H,2.0,2.0,23.0,6.0,11.0,4.0
premier-league,2022-2023,E0,04/09/2022,Man United,Arsenal,3.0,1.0,H,1.0,0.0,10.0,16.0,6.0,3.0
premier-league,2022-2023,E0,16/09/2022,Aston Villa,Southampton,1.0,0.0,H,1.0,0.0,11.0,7.0,3.0,1.0
premier-league,2022-2023,E0,16/09/2022,Nott'm Forest,Fulham,2.0,3.0,A,1.0,0.0,11.0,15.0,3.0,7.0
premier-league,2022-2023,E0,17/09/2022,Wolves,Man City,0.0,3.0,A,0.0,2.0,6.0,16.0,1.0,7.0
premier-league,2022-2023,E0,17/09/2022,Newcastle,Bournemouth,1.0,1.0,D,0.0,0.0,20.0,10.0,7.0,3.0
premier-league,2022-2023,E0,17/09/2022,Tottenham,Leicester,6.0,2.0,H,2.0,2.0,16.0,19.0,11.0,7.0
premier-league,2022-2023,E0,18/09/2022,Brentford,Arsenal,0.0,3.0,A,0.0,2.0,5.0,13.0,2.0,7.0
premier-league,2022-2023,E0,18/09/2022,Everton,West Ham,1.0,0.0,H,0.0,0.0,7.0,14.0,2.0,4.0
premier-league,2022-2023,E0,01/10/2022,Arsenal,Tottenham,3.0,1.0,H,1.0,1.0,22.0,7.0,9.0,3.0
premier-league,2022-2023,E0,01/10/2022,Bournemouth,Brentford,0.0,0.0,D,0.0,0.0,7.0,13.0,1.0,4.0
premier-league,2022-2023,E0,01/10/2022,Crystal Palace,Chelsea,1.0,2.0,A,1.0,1.0,7.0,13.0,3.0,3.0
premier-league,2022-2023,E0,01/10/2022,Fulham,Newcastle,1.0,4.0,A,0.0,3.0,3.0,19.0,1.0,10.0
premier-league,2022-2023,E0,01/10/2022,Liverpool,Brighton,3.0,3.0,D,1.0,2.0,15.0,6.0,7.0,6.0
premier-league,2022-2023,E0,01/10/2022,Southampton,Everton,1.0,2.0,A,0.0,0.0,22.0,12.0,6.0,5.0
premier-league,2022-2023,E0,01/10/2022,West Ham,Wolves,2.0,0.0,H,1.0,0.0,18.0,15.0,5.0,4.0
premier-league,2022-2023,E0,02/10/2022,Man City,Man United,6.0,3.0,H,4.0,0.0,22.0,12.0,10.0,8.0
premier-league,2022-2023,E0,02/10/2022,Leeds,Aston Villa,0.0,0.0,D,0.0,0.0,9.0,19.0,1.0,7.0
premier-league,2022-2023,E0,03/10/2022,Leicester,Nott'm Forest,4.0,0.0,H,3.0,0.0,17.0,10.0,7.0,3.0
premier-league,2022-2023,E0,08/10/2022,Bournemouth,Leicester,2.0,1.0,H,0.0,1.0,10.0,9.0,4.0,5.0
premier-league,2022-2023,E0,08/10/2022,Chelsea,Wolves,3.0,0.0,H,1.0,0.0,20.0,8.0,7.0,2.0
premier-league,2022-2023,E0,08/10/2022,Man City,Southampton,4.0,0.0,H,2.0,0.0,21.0,5.0,8.0,0.0
premier-league,2022-2023,E0,08/10/2022,Newcastle,Brentford,5.0,1.0,H,2.0,0.0,16.0,6.0,6.0,3.0
premier-league,2022-2023,E0,08/10/2022,Brighton,Tottenham,0.0,1.0,A,0.0,1.0,14.0,8.0,4.0,3.0
premier-league,2022-2023,E0,09/10/2022,Crystal Palace,Leeds,2.0,1.0,H,1.0,1.0,13.0,10.0,5.0,4.0
premier-league,2022-2023,E0,09/10/2022,West Ham,Fulham,3.0,1.0,H,1.0,1.0,17.0,8.0,8.0,2.0
premier-league,2022-2023,E0,09/10/2022,Arsenal,Liverpool,3.0,2.0,H,2.0,1.0,11.0,8.0,7.0,3.0
premier-league,2022-2023,E0,09/10/2022,Everton,Man United,1.0,2.0,A,1.0,2.0,11.0,12.0,2.0,4.0
premier-league,2022-2023,E0,10/10/2022,Nott'm Forest,Aston Villa,1.0,1.0,D,1.0,1.0,6.0,12.0,3.0,2.0
premier-league,2022-2023,E0,14/10/2022,Brentford,Brighton,2.0,0.0,H,1.0,0.0,7.0,21.0,3.0,7.0
premier-league,2022-2023,E0,15/10/2022,Leicester,Crystal Palace,0.0,0.0,D,0.0,0.0,14.0,8.0,5.0,1.0
premier-league,2022-2023,E0,15/10/2022,Fulham,Bournemouth,2.0,2.0,D,1.0,2.0,19.0,10.0,4.0,6.0
premier-league,2022-2023,E0,15/10/2022,Wolves,Nott'm Forest,1.0,0.0,H,0.0,0.0,9.0,10.0,2.0,2.0
premier-league,2022-2023,E0,15/10/2022,Tottenham,Everton,2.0,0.0,H,0.0,0.0,21.0,4.0,7.0,0.0
premier-league,2022-2023,E0,16/10/2022,Aston Villa,Chelsea,0.0,2.0,A,0.0,1.0,18.0,8.0,7.0,4.0
premier-league,2022-2023,E0,16/10/2022,Leeds,Arsenal,0.0,1.0,A,0.0,1.0,16.0,9.0,4.0,4.0
premier-league,2022-2023,E0,16/10/2022,Man United,Newcastle,0.0,0.0,D,0.0,0.0,15.0,9.0,2.0,2.0
premier-league,2022-2023,E0,16/10/2022,Southampton,West Ham,1.0,1.0,D,1.0,0.0,10.0,25.0,8.0,4.0
premier-league,2022-2023,E0,16/10/2022,Liverpool,Man City,1.0,0.0,H,0.0,0.0,13.0,16.0,2.0,6.0
premier-league,2022-2023,E0,18/10/2022,Brighton,Nott'm Forest,0.0,0.0,D,0.0,0.0,19.0,3.0,7.0,0.0
premier-league,2022-2023,E0,18/10/2022,Crystal Palace,Wolves,2.0,1.0,H,0.0,1.0,14.0,10.0,4.0,4.0
premier-league,2022-2023,E0,19/10/2022,Bournemouth,Southampton,0.0,1.0,A,0.0,1.0,15.0,9.0,3.0,3.0
premier-league,2022-2023,E0,19/10/2022,Brentford,Chelsea,0.0,0.0,D,0.0,0.0,8.0,14.0,5.0,5.0
premier-league,2022-2023,E0,19/10/2022,Liverpool,West Ham,1.0,0.0,H,1.0,0.0,22.0,8.0,7.0,3.0
premier-league,2022-2023,E0,19/10/2022,Newcastle,Everton,1.0,0.0,H,1.0,0.0,16.0,1.0,4.0,0.0
premier-league,2022-2023,E0,19/10/2022,Man United,Tottenham,2.0,0.0,H,0.0,0.0,28.0,9.0,10.0,2.0
premier-league,2022-2023,E0,20/10/2022,Fulham,Aston Villa,3.0,0.0,H,1.0,0.0,18.0,12.0,8.0,6.0
premier-league,2022-2023,E0,20/10/2022,Leicester,Leeds,2.0,0.0,H,2.0,0.0,5.0,14.0,1.0,2.0
premier-league,2022-2023,E0,22/10/2022,Nott'm Forest,Liverpool,1.0,0.0,H,0.0,0.0,10.0,15.0,7.0,7.0
premier-league,2022-2023,E0,22/10/2022,Everton,Crystal Palace,3.0,0.0,H,1.0,0.0,9.0,9.0,6.0,2.0
premier-league,2022-2023,E0,22/10/2022,Man City,Brighton,3.0,1.0,H,2.0,0.0,10.0,8.0,4.0,2.0
premier-league,2022-2023,E0,22/10/2022,Chelsea,Man United,1.0,1.0,D,0.0,0.0,6.0,13.0,2.0,6.0
premier-league,2022-2023,E0,23/10/2022,Aston Villa,Brentford,4.0,0.0,H,3.0,0.0,19.0,12.0,11.0,3.0
premier-league,2022-2023,E0,23/10/2022,Leeds,Fulham,2.0,3.0,A,1.0,1.0,14.0,11.0,5.0,5.0
premier-league,2022-2023,E0,23/10/2022,Southampton,Arsenal,1.0,1.0,D,0.0,1.0,10.0,12.0,3.0,3.0
premier-league,2022-2023,E0,23/10/2022,Wolves,Leicester,0.0,4.0,A,0.0,2.0,21.0,5.0,5.0,4.0
premier-league,2022-2023,E0,23/10/2022,Tottenham,Newcastle,1.0,2.0,A,0.0,2.0,17.0,13.0,5.0,5.0
premier-league,2022-2023,E0,24/10/2022,West Ham,Bournemouth,2.0,0.0,H,1.0,0.0,20.0,5.0,4.0,3.0
premier-league,2022-2023,E0,29/10/2022,Leicester,Man City,0.0,1.0,A,0.0,0.0,10.0,15.0,5.0,5.0
premier-league,2022-2023,E0,29/10/2022,Bournemouth,Tottenham,2.0,3.0,A,1.0,0.0,6.0,23.0,4.0,7.0
premier-league,2022-2023,E0,29/10/2022,Brentford,Wolves,1.0,1.0,D,0.0,0.0,12.0,14.0,3.0,4.0
premier-league,2022-2023,E0,29/10/2022,Brighton,Chelsea,4.0,1.0,H,3.0,0.0,19.0,15.0,9.0,7.0
premier-league,2022-2023,E0,29/10/2022,Crystal Palace,Southampton,1.0,0.0,H,1.0,0.0,12.0,14.0,3.0,4.0
premier-league,2022-2023,E0,29/10/2022,Newcastle,Aston Villa,4.0,0.0,H,1.0,0.0,20.0,3.0,7.0,0.0
premier-league,2022-2023,E0,29/10/2022,Fulham,Everton,0.0,0.0,D,0.0,0.0,24.0,9.0,6.0,4.0
premier-league,2022-2023,E0,29/10/2022,Liverpool,Leeds,1.0,2.0,A,1.0,1.0,22.0,14.0,10.0,6.0
premier-league,2022-2023,E0,30/10/2022,Arsenal,Nott'm Forest,5.0,0.0,H,1.0,0.0,24.0,5.0,10.0,2.0
premier-league,2022-2023,E0,30/10/2022,Man United,West Ham,1.0,0.0,H,1.0,0.0,16.0,13.0,3.0,5.0
premier-league,2022-2023,E0,05/11/2022,Leeds,Bournemouth,4.0,3.0,H,1.0,2.0,18.0,9.0,4.0,6.0
premier-league,2022-2023,E0,05/11/2022,Man City,Fulham,2.0,1.0,H,1.0,1.0,16.0,4.0,5.0,2.0
premier-league,2022-2023,E0,05/11/2022,Nott'm Forest,Brentford,2.0,2.0,D,1.0,1.0,15.0,6.0,7.0,2.0
premier-league,2022-2023,E0,05/11/2022,Wolves,Brighton,2.0,3.0,A,2.0,2.0,8.0,19.0,5.0,8.0
premier-league,2022-2023,E0,05/11/2022,Everton,Leicester,0.0,2.0,A,0.0,1.0,12.0,22.0,2.0,8.0
premier-league,2022-2023,E0,06/11/2022,Chelsea,Arsenal,0.0,1.0,A,0.0,0.0,5.0,14.0,1.0,2.0
premier-league,2022-2023,E0,06/11/2022,Aston Villa,Man United,3.0,1.0,H,2.0,1.0,6.0,8.0,4.0,3.0
premier-league,2022-2023,E0,06/11/2022,Southampton,Newcastle,1.0,4.0,A,0.0,1.0,16.0,7.0,5.0,4.0
premier-league,2022-2023,E0,06/11/2022,West Ham,Crystal Palace,1.0,2.0,A,1.0,1.0,5.0,15.0,2.0,6.0
premier-league,2022-2023,E0,06/11/2022,Tottenham,Liverpool,1.0,2.0,A,0.0,2.0,14.0,13.0,5.0,6.0
premier-league,2022-2023,E0,12/11/2022,Man City,Brentford,1.0,2.0,A,1.0,1.0,29.0,10.0,6.0,8.0
premier-league,2022-2023,E0,12/11/2022,Bournemouth,Everton,3.0,0.0,H,2.0,0.0,16.0,15.0,9.0,3.0
premier-league,2022-2023,E0,12/11/2022,Liverpool,Southampton,3.0,1.0,H,3.0,1.0,15.0,9.0,7.0,5.0
premier-league,2022-2023,E0,12/11/2022,Nott'm Forest,Crystal Palace,1.0,0.0,H,0.0,0.0,9.0,8.0,2.0,0.0
premier-league,2022-2023,E0,12/11/2022,Tottenham,Leeds,4.0,3.0,H,1.0,2.0,14.0,12.0,8.0,5.0
premier-league,2022-2023,E0,12/11/2022,West Ham,Leicester,0.0,2.0,A,0.0,1.0,18.0,9.0,6.0,6.0
premier-league,2022-2023,E0,12/11/2022,Newcastle,Chelsea,1.0,0.0,H,0.0,0.0,10.0,5.0,3.0,2.0
premier-league,2022-2023,E0,12/11/2022,Wolves,Arsenal,0.0,2.0,A,0.0,0.0,11.0,14.0,2.0,4.0
premier-league,2022-2023,E0,13/11/2022,Brighton,Aston Villa,1.0,2.0,A,1.0,1.0,7.0,8.0,2.0,2.0
premier-league,2022-2023,E0,13/11/2022,Fulham,Man United,1.0,2.0,A,0.0,1.0,14.0,14.0,7.0,9.0
premier-league,2022-2023,E0,26/12/2022,Brentford,Tottenham,2.0,2.0,D,1.0,0.0,9.0,16.0,5.0,8.0
premier-league,2022-2023,E0,26/12/2022,Crystal Palace,Fulham,0.0,3.0,A,0.0,1.0,4.0,23.0,0.0,11.0
premier-league,2022-2023,E0,26/12/2022,Everton,Wolves,1.0,2.0,A,1.0,1.0,12.0,7.0,6.0,4.0
premier-league,2022-2023,E0,26/12/2022,Leicester,Newcastle,0.0,3.0,A,0.0,3.0,8.0,12.0,2.0,5.0
premier-league,2022-2023,E0,26/12/2022,Southampton,Brighton,1.0,3.0,A,0.0,2.0,14.0,7.0,4.0,4.0
premier-league,2022-2023,E0,26/12/2022,Aston Villa,Liverpool,1.0,3.0,A,0.0,2.0,12.0,16.0,6.0,9.0
premier-league,2022-2023,E0,26/12/2022,Arsenal,West Ham,3.0,1.0,H,0.0,1.0,16.0,8.0,5.0,4.0
premier-league,2022-2023,E0,27/12/2022,Chelsea,Bournemouth,2.0,0.0,H,2.0,0.0,15.0,9.0,5.0,4.0
premier-league,2022-2023,E0,27/12/2022,Man United,Nott'm Forest,3.0,0.0,H,2.0,0.0,17.0,8.0,8.0,3.0
premier-league,2022-2023,E0,28/12/2022,Leeds,Man City,1.0,3.0,A,0.0,1.0,9.0,26.0,1.0,9.0
premier-league,2022-2023,E0,30/12/2022,West Ham,Brentford,0.0,2.0,A,0.0,2.0,20.0,9.0,5.0,6.0
premier-league,2022-2023,E0,30/12/2022,Liverpool,Leicester,2.0,1.0,H,2.0,1.0,21.0,7.0,5.0,2.0
premier-league,2022-2023,E0,31/12/2022,Wolves,Man United,0.0,1.0,A,0.0,0.0,10.0,16.0,3.0,6.0
premier-league,2022-2023,E0,31/12/2022,Bournemouth,Crystal Palace,0.0,2.0,A,0.0,2.0,6.0,15.0,2.0,6.0
premier-league,2022-2023,E0,31/12/2022,Fulham,Southampton,2.0,1.0,H,1.0,0.0,8.0,9.0,2.0,3.0
premier-league,2022-2023,E0,31/12/2022,Man City,Everton,1.0,1.0,D,1.0,0.0,16.0,2.0,3.0,1.0
premier-league,2022-2023,E0,31/12/2022,Newcastle,Leeds,0.0,0.0,D,0.0,0.0,16.0,8.0,5.0,1.0
premier-league,2022-2023,E0,31/12/2022,Brighton,Arsenal,2.0,4.0,A,0.0,2.0,9.0,14.0,5.0,7.0
premier-league,2022-2023,E0,01/01/2023,Tottenham,Aston Villa,0.0,2.0,A,0.0,0.0,6.0,13.0,2.0,4.0
premier-league,2022-2023,E0,01/01/2023,Nott'm Forest,Chelsea,1.0,1.0,D,0.0,1.0,12.0,7.0,5.0,2.0
premier-league,2022-2023,E0,02/01/2023,Brentford,Liverpool,3.0,1.0,H,2.0,0.0,10.0,16.0,7.0,6.0
premier-league,2022-2023,E0,03/01/2023,Arsenal,Newcastle,0.0,0.0,D,0.0,0.0,17.0,8.0,4.0,1.0
premier-league,2022-2023,E0,03/01/2023,Everton,Brighton,1.0,4.0,A,0.0,1.0,10.0,19.0,4.0,8.0
premier-league,2022-2023,E0,03/01/2023,Leicester,Fulham,0.0,1.0,A,0.0,1.0,15.0,11.0,6.0,2.0
premier-league,2022-2023,E0,03/01/2023,Man United,Bournemouth,3.0,0.0,H,1.0,0.0,18.0,7.0,6.0,4.0
premier-league,2022-2023,E0,04/01/2023,Southampton,Nott'm Forest,0.0,1.0,A,0.0,1.0,8.0,11.0,0.0,1.0
premier-league,2022-2023,E0,04/01/2023,Leeds,West Ham,2.0,2.0,D,1.0,1.0,14.0,15.0,6.0,2.0
premier-league,2022-2023,E0,04/01/2023,Aston Villa,Wolves,1.0,1.0,D,0.0,1.0,13.0,10.0,4.0,3.0
premier-league,2022-2023,E0,04/01/2023,Crystal Palace,Tottenham,0.0,4.0,A,0.0,0.0,19.0,14.0,4.0,6.0
premier-league,2022-2023,E0,05/01/2023,Chelsea,Man City,0.0,1.0,A,0.0,0.0,8.0,12.0,2.0,3.0
premier-league,2022-2023,E0,12/01/2023,Fulham,Chelsea,2.0,1.0,H,1.0,0.0,8.0,20.0,3.0,10.0
premier-league,2022-2023,E0,13/01/2023,Aston Villa,Leeds,2.0,1.0,H,1.0,0.0,11.0,16.0,5.0,4.0
premier-league,2022-2023,E0,14/01/2023,Man United,Man City,2.0,1.0,H,0.0,0.0,8.0,5.0,4.0,1.0
premier-league,2022-2023,E0,14/01/2023,Brighton,Liverpool,3.0,0.0,H,0.0,0.0,16.0,6.0,9.0,2.0
premier-league,2022-2023,E0,14/01/2023,Everton,Southampton,1.0,2.0,A,1.0,0.0,12.0,13.0,4.0,5.0
premier-league,2022-2023,E0,14/01/2023,Nott'm Forest,Leicester,2.0,0.0,H,0.0,0.0,15.0,6.0,5.0,1.0
premier-league,2022-2023,E0,14/01/2023,Wolves,West Ham,1.0,0.0,H,0.0,0.0,17.0,16.0,4.0,4.0
premier-league,2022-2023,E0,14/01/2023,Brentford,Bournemouth,2.0,0.0,H,1.0,0.0,12.0,7.0,4.0,2.0
premier-league,2022-2023,E0,15/01/2023,Chelsea,Crystal Palace,1.0,0.0,H,0.0,0.0,15.0,10.0,5.0,5.0
premier-league,2022-2023,E0,15/01/2023,Newcastle,Fulham,1.0,0.0,H,0.0,0.0,20.0,5.0,5.0,0.0
premier-league,2022-2023,E0,15/01/2023,Tottenham,Arsenal,0.0,2.0,A,0.0,2.0,17.0,14.0,7.0,5.0
premier-league,2022-2023,E0,18/01/2023,Crystal Palace,Man United,1.0,1.0,D,0.0,1.0,10.0,15.0,5.0,4.0
premier-league,2022-2023,E0,19/01/2023,Man City,Tottenham,4.0,2.0,H,0.0,2.0,16.0,9.0,6.0,3.0
premier-league,2022-2023,E0,21/01/2023,Liverpool,Chelsea,0.0,0.0,D,0.0,0.0,15.0,11.0,3.0,2.0
premier-league,2022-2023,E0,21/01/2023,Bournemouth,Nott'm Forest,1.0,1.0,D,1.0,0.0,16.0,20.0,4.0,5.0
premier-league,2022-2023,E0,21/01/2023,Leicester,Brighton,2.0,2.0,D,1.0,1.0,9.0,13.0,2.0,4.0
premier-league,2022-2023,E0,21/01/2023,Southampton,Aston Villa,0.0,1.0,A,0.0,0.0,8.0,16.0,5.0,5.0
premier-league,2022-2023,E0,21/01/2023,West Ham,Everton,2.0,0.0,H,2.0,0.0,11.0,5.0,4.0,2.0
premier-league,2022-2023,E0,21/01/2023,Crystal Palace,Newcastle,0.0,0.0,D,0.0,0.0,6.0,16.0,1.0,7.0
premier-league,2022-2023,E0,22/01/2023,Leeds,Brentford,0.0,0.0,D,0.0,0.0,9.0,6.0,5.0,0.0
premier-league,2022-2023,E0,22/01/2023,Man City,Wolves,3.0,0.0,H,1.0,0.0,13.0,10.0,7.0,1.0
premier-league,2022-2023,E0,22/01/2023,Arsenal,Man United,3.0,2.0,H,1.0,1.0,25.0,6.0,5.0,4.0
premier-league,2022-2023,E0,23/01/2023,Fulham,Tottenham,0.0,1.0,A,0.0,1.0,10.0,10.0,5.0,3.0
premier-league,2022-2023,E0,03/02/2023,Chelsea,Fulham,0.0,0.0,D,0.0,0.0,12.0,10.0,3.0,4.0
premier-league,2022-2023,E0,04/02/2023,Everton,Arsenal,1.0,0.0,H,0.0,0.0,12.0,15.0,4.0,3.0
premier-league,2022-2023,E0,04/02/2023,Aston Villa,Leicester,2.0,4.0,A,2.0,3.0,19.0,9.0,4.0,5.0
premier-league,2022-2023,E0,04/02/2023,Brentford,Southampton,3.0,0.0,H,2.0,0.0,14.0,14.0,4.0,6.0
premier-league,2022-2023,E0,04/02/2023,Brighton,Bournemouth,1.0,0.0,H,0.0,0.0,20.0,12.0,6.0,2.0
premier-league,2022-2023,E0,04/02/2023,Man United,Crystal Palace,2.0,1.0,H,1.0,0.0,14.0,10.0,5.0,3.0
premier-league,2022-2023,E0,04/02/2023,Wolves,Liverpool,3.0,0.0,H,2.0,0.0,12.0,22.0,6.0,4.0
premier-league,2022-2023,E0,04/02/2023,Newcastle,West Ham,1.0,1.0,D,1.0,1.0,8.0,10.0,2.0,1.0
premier-league,2022-2023,E0,05/02/2023,Nott'm Forest,Leeds,1.0,0.0,H,1.0,0.0,6.0,10.0,2.0,4.0
premier-league,2022-2023,E0,05/02/2023,Tottenham,Man City,1.0,0.0,H,1.0,0.0,12.0,15.0,3.0,5.0
premier-league,2022-2023,E0,08/02/2023,Man United,Leeds,2.0,2.0,D,0.0,1.0,24.0,8.0,7.0,2.0
premier-league,2022-2023,E0,11/02/2023,West Ham,Chelsea,1.0,1.0,D,1.0,1.0,10.0,12.0,2.0,4.0
premier-league,2022-2023,E0,11/02/2023,Arsenal,Brentford,1.0,1.0,D,0.0,0.0,23.0,9.0,7.0,2.0
premier-league,2022-2023,E0,11/02/2023,Crystal Palace,Brighton,1.0,1.0,D,0.0,0.0,6.0,17.0,1.0,7.0
premier-league,2022-2023,E0,11/02/2023,Fulham,Nott'm Forest,2.0,0.0,H,1.0,0.0,16.0,10.0,3.0,1.0
premier-league,2022-2023,E0,11/02/2023,Leicester,Tottenham,4.0,1.0,H,3.0,1.0,15.0,11.0,7.0,4.0
premier-league,2022-2023,E0,11/02/2023,Southampton,Wolves,1.0,2.0,A,1.0,0.0,17.0,11.0,2.0,2.0
premier-league,2022-2023,E0,11/02/2023,Bournemouth,Newcastle,1.0,1.0,D,1.0,1.0,11.0,15.0,5.0,7.0
premier-league,2022-2023,E0,12/02/2023,Leeds,Man United,0.0,2.0,A,0.0,0.0,16.0,11.0,6.0,5.0
premier-league,2022-2023,E0,12/02/2023,Man City,Aston Villa,3.0,1.0,H,3.0,0.0,17.0,6.0,9.0,2.0
premier-league,2022-2023,E0,13/02/2023,Liverpool,Everton,2.0,0.0,H,1.0,0.0,15.0,6.0,6.0,1.0
premier-league,2022-2023,E0,15/02/2023,Arsenal,Man City,1.0,3.0,A,1.0,1.0,10.0,9.0,1.0,6.0
premier-league,2022-2023,E0,18/02/2023,Aston Villa,Arsenal,2.0,4.0,A,2.0,1.0,7.0,20.0,5.0,5.0
premier-league,2022-2023,E0,18/02/2023,Brentford,Crystal Palace,1.0,1.0,D,0.0,0.0,12.0,10.0,5.0,4.0
premier-league,2022-2023,E0,18/02/2023,Brighton,Fulham,0.0,1.0,A,0.0,0.0,21.0,5.0,7.0,2.0
premier-league,2022-2023,E0,18/02/2023,Chelsea,Southampton,0.0,1.0,A,0.0,1.0,17.0,8.0,5.0,5.0
premier-league,2022-2023,E0,18/02/2023,Everton,Leeds,1.0,0.0,H,0.0,0.0,15.0,8.0,6.0,0.0
premier-league,2022-2023,E0,18/02/2023,Nott'm Forest,Man City,1.0,1.0,D,0.0,1.0,4.0,26.0,1.0,6.0
premier-league,2022-2023,E0,18/02/2023,Wolves,Bournemouth,0.0,1.0,A,0.0,0.0,15.0,5.0,4.0,1.0
premier-league,2022-2023,E0,18/02/2023,Newcastle,Liverpool,0.0,2.0,A,0.0,2.0,14.0,13.0,4.0,7.0
premier-league,2022-2023,E0,19/02/2023,Man United,Leicester,3.0,0.0,H,1.0,0.0,26.0,19.0,8.0,3.0
premier-league,2022-2023,E0,19/02/2023,Tottenham,West Ham,2.0,0.0,H,0.0,0.0,16.0,6.0,6.0,1.0
premier-league,2022-2023,E0,24/02/2023,Fulham,Wolves,1.0,1.0,D,0.0,1.0,10.0,8.0,5.0,2.0
premier-league,2022-2023,E0,25/02/2023,Everton,Aston Villa,0.0,2.0,A,0.0,0.0,15.0,9.0,5.0,5.0
premier-league,2022-2023,E0,25/02/2023,Leeds,Southampton,1.0,0.0,H,0.0,0.0,14.0,8.0,4.0,2.0
premier-league,2022-2023,E0,25/02/2023,Leicester,Arsenal,0.0,1.0,A,0.0,0.0,1.0,10.0,0.0,2.0
premier-league,2022-2023,E0,25/02/2023,West Ham,Nott'm Forest,4.0,0.0,H,0.0,0.0,18.0,8.0,5.0,3.0
premier-league,2022-2023,E0,25/02/2023,Bournemouth,Man City,1.0,4.0,A,0.0,3.0,13.0,20.0,2.0,5.0
premier-league,2022-2023,E0,25/02/2023,Crystal Palace,Liverpool,0.0,0.0,D,0.0,0.0,6.0,12.0,0.0,4.0
premier-league,2022-2023,E0,26/02/2023,Tottenham,Chelsea,2.0,0.0,H,0.0,0.0,8.0,10.0,3.0,2.0
premier-league,2022-2023,E0,01/03/2023,Arsenal,Everton,4.0,0.0,H,2.0,0.0,15.0,8.0,5.0,5.0
premier-league,2022-2023,E0,01/03/2023,Liverpool,Wolves,2.0,0.0,H,0.0,0.0,15.0,4.0,6.0,1.0
premier-league,2022-2023,E0,04/03/2023,Man City,Newcastle,2.0,0.0,H,1.0,0.0,11.0,5.0,3.0,2.0
premier-league,2022-2023,E0,04/03/2023,Arsenal,Bournemouth,3.0,2.0,H,0.0,1.0,31.0,4.0,9.0,4.0
premier-league,2022-2023,E0,04/03/2023,Aston Villa,Crystal Palace,1.0,0.0,H,1.0,0.0,8.0,3.0,1.0,0.0
premier-league,2022-2023,E0,04/03/2023,Brighton,West Ham,4.0,0.0,H,1.0,0.0,20.0,3.0,9.0,2.0
premier-league,2022-2023,E0,04/03/2023,Chelsea,Leeds,1.0,0.0,H,0.0,0.0,13.0,11.0,3.0,2.0
premier-league,2022-2023,E0,04/03/2023,Wolves,Tottenham,1.0,0.0,H,0.0,0.0,8.0,21.0,5.0,6.0
premier-league,2022-2023,E0,04/03/2023,Southampton,Leicester,1.0,0.0,H,1.0,0.0,11.0,11.0,5.0,0.0
premier-league,2022-2023,E0,05/03/2023,Nott'm Forest,Everton,2.0,2.0,D,1.0,2.0,10.0,10.0,4.0,3.0
premier-league,2022-2023,E0,05/03/2023,Liverpool,Man United,7.0,0.0,H,1.0,0.0,18.0,8.0,8.0,4.0
premier-league,2022-2023,E0,06/03/2023,Brentford,Fulham,3.0,2.0,H,1.0,1.0,14.0,9.0,6.0,5.0
premier-league,2022-2023,E0,11/03/2023,Bournemouth,Liverpool,1.0,0.0,H,1.0,0.0,5.0,15.0,2.0,6.0
premier-league,2022-2023,E0,11/03/2023,Everton,Brentford,1.0,0.0,H,1.0,0.0,13.0,12.0,6.0,4.0
premier-league,2022-2023,E0,11/03/2023,Leeds,Brighton,2.0,2.0,D,1.0,1.0,12.0,14.0,4.0,2.0
premier-league,2022-2023,E0,11/03/2023,Leicester,Chelsea,1.0,3.0,A,1.0,2.0,17.0,12.0,7.0,6.0
premier-league,2022-2023,E0,11/03/2023,Tottenham,Nott'm Forest,3.0,1.0,H,2.0,0.0,15.0,9.0,7.0,5.0
premier-league,2022-2023,E0,11/03/2023,Crystal Palace,Man City,0.0,1.0,A,0.0,0.0,4.0,14.0,0.0,4.0
premier-league,2022-2023,E0,12/03/2023,Fulham,Arsenal,0.0,3.0,A,0.0,3.0,12.0,15.0,2.0,7.0
premier-league,2022-2023,E0,12/03/2023,Man United,Southampton,0.0,0.0,D,0.0,0.0,10.0,17.0,4.0,4.0
premier-league,2022-2023,E0,12/03/2023,West Ham,Aston Villa,1.0,1.0,D,1.0,1.0,17.0,12.0,6.0,4.0
premier-league,2022-2023,E0,12/03/2023,Newcastle,Wolves,2.0,1.0,H,1.0,0.0,19.0,7.0,8.0,4.0
premier-league,2022-2023,E0,15/03/2023,Brighton,Crystal Palace,1.0,0.0,H,1.0,0.0,11.0,11.0,5.0,3.0
premier-league,2022-2023,E0,15/03/2023,Southampton,Brentford,0.0,2.0,A,0.0,1.0,7.0,11.0,1.0,5.0
premier-league,2022-2023,E0,17/03/2023,Nott'm Forest,Newcastle,1.0,2.0,A,1.0,1.0,5.0,15.0,3.0,4.0
premier-league,2022-2023,E0,18/03/2023,Aston Villa,Bournemouth,3.0,0.0,H,1.0,0.0,20.0,10.0,9.0,3.0
premier-league,2022-2023,E0,18/03/2023,Brentford,Leicester,1.0,1.0,D,1.0,0.0,11.0,14.0,2.0,1.0
premier-league,2022-2023,E0,18/03/2023,Southampton,Tottenham,3.0,3.0,D,0.0,1.0,19.0,17.0,7.0,3.0
premier-league,2022-2023,E0,18/03/2023,Wolves,Leeds,2.0,4.0,A,0.0,1.0,23.0,11.0,8.0,4.0
premier-league,2022-2023,E0,18/03/2023,Chelsea,Everton,2.0,2.0,D,0.0,0.0,20.0,12.0,7.0,3.0
premier-league,2022-2023,E0,19/03/2023,Arsenal,Crystal Palace,4.0,1.0,H,2.0,0.0,15.0,8.0,5.0,4.0
premier-league,2022-2023,E0,01/04/2023,Man City,Liverpool,4.0,1.0,H,1.0,1.0,17.0,4.0,8.0,1.0
premier-league,2022-2023,E0,01/04/2023,Arsenal,Leeds,4.0,1.0,H,1.0,0.0,13.0,7.0,6.0,5.0
premier-league,2022-2023,E0,01/04/2023,Bournemouth,Fulham,2.0,1.0,H,0.0,1.0,12.0,10.0,7.0,2.0
premier-league,2022-2023,E0,01/04/2023,Brighton,Brentford,3.0,3.0,D,2.0,2.0,33.0,7.0,15.0,5.0
premier-league,2022-2023,E0,01/04/2023,Crystal Palace,Leicester,2.0,1.0,H,0.0,0.0,31.0,3.0,9.0,2.0
premier-league,2022-2023,E0,01/04/2023,Nott'm Forest,Wolves,1.0,1.0,D,1.0,0.0,17.0,8.0,7.0,1.0
premier-league,2022-2023,E0,01/04/2023,Chelsea,Aston Villa,0.0,2.0,A,0.0,1.0,27.0,5.0,8.0,2.0
premier-league,2022-2023,E0,02/04/2023,West Ham,Southampton,1.0,0.0,H,1.0,0.0,12.0,9.0,2.0,3.0
premier-league,2022-2023,E0,02/04/2023,Newcastle,Man United,2.0,0.0,H,0.0,0.0,22.0,6.0,6.0,1.0
premier-league,2022-2023,E0,03/04/2023,Everton,Tottenham,1.0,1.0,D,0.0,0.0,15.0,8.0,6.0,2.0
premier-league,2022-2023,E0,04/04/2023,Bournemouth,Brighton,0.0,2.0,A,0.0,1.0,14.0,16.0,3.0,6.0
premier-league,2022-2023,E0,04/04/2023,Leeds,Nott'm Forest,2.0,1.0,H,2.0,1.0,21.0,13.0,6.0,1.0
premier-league,2022-2023,E0,04/04/2023,Leicester,Aston Villa,1.0,2.0,A,1.0,1.0,9.0,15.0,4.0,5.0
premier-league,2022-2023,E0,04/04/2023,Chelsea,Liverpool,0.0,0.0,D,0.0,0.0,12.0,7.0,3.0,4.0
premier-league,2022-2023,E0,05/04/2023,Man United,Brentford,1.0,0.0,H,1.0,0.0,18.0,6.0,3.0,1.0
premier-league,2022-2023,E0,05/04/2023,West Ham,Newcastle,1.0,5.0,A,1.0,2.0,7.0,15.0,2.0,8.0
premier-league,2022-2023,E0,08/04/2023,Man United,Everton,2.0,0.0,H,1.0,0.0,29.0,15.0,11.0,1.0
premier-league,2022-2023,E0,08/04/2023,Aston Villa,Nott'm Forest,2.0,0.0,H,0.0,0.0,8.0,6.0,3.0,2.0
premier-league,2022-2023,E0,08/04/2023,Brentford,Newcastle,1.0,2.0,A,1.0,0.0,12.0,10.0,6.0,4.0
premier-league,2022-2023,E0,08/04/2023,Fulham,West Ham,0.0,1.0,A,0.0,1.0,16.0,9.0,3.0,5.0
premier-league,2022-2023,E0,08/04/2023,Leicester,Bournemouth,0.0,1.0,A,0.0,1.0,14.0,19.0,4.0,7.0
premier-league,2022-2023,E0,08/04/2023,Tottenham,Brighton,2.0,1.0,H,1.0,1.0,9.0,17.0,3.0,4.0
premier-league,2022-2023,E0,08/04/2023,Wolves,Chelsea,1.0,0.0,H,1.0,0.0,9.0,13.0,4.0,1.0
premier-league,2022-2023,E0,08/04/2023,Southampton,Man City,1.0,4.0,A,0.0,1.0,4.0,13.0,1.0,8.0
premier-league,2022-2023,E0,09/04/2023,Leeds,Crystal Palace,1.0,5.0,A,1.0,1.0,11.0,16.0,7.0,8.0
premier-league,2022-2023,E0,09/04/2023,Liverpool,Arsenal,2.0,2.0,D,1.0,2.0,21.0,9.0,6.0,5.0
premier-league,2022-2023,E0,15/04/2023,Aston Villa,Newcastle,3.0,0.0,H,1.0,0.0,16.0,8.0,6.0,2.0
premier-league,2022-2023,E0,15/04/2023,Chelsea,Brighton,1.0,2.0,A,1.0,1.0,8.0,26.0,2.0,10.0
premier-league,2022-2023,E0,15/04/2023,Everton,Fulham,1.0,3.0,A,1.0,1.0,15.0,21.0,7.0,7.0
premier-league,2022-2023,E0,15/04/2023,Southampton,Crystal Palace,0.0,2.0,A,0.0,0.0,11.0,9.0,4.0,2.0
premier-league,2022-2023,E0,15/04/2023,Tottenham,Bournemouth,2.0,3.0,A,1.0,1.0,24.0,6.0,8.0,6.0
premier-league,2022-2023,E0,15/04/2023,Wolves,Brentford,2.0,0.0,H,1.0,0.0,11.0,10.0,9.0,3.0
premier-league,2022-2023,E0,15/04/2023,Man City,Leicester,3.0,1.0,H,3.0,0.0,12.0,10.0,4.0,4.0
premier-league,2022-2023,E0,16/04/2023,West Ham,Arsenal,2.0,2.0,D,1.0,2.0,16.0,11.0,3.0,5.0
premier-league,2022-2023,E0,16/04/2023,Nott'm Forest,Man United,0.0,2.0,A,0.0,1.0,6.0,22.0,0.0,8.0
premier-league,2022-2023,E0,17/04/2023,Leeds,Liverpool,1.0,6.0,A,0.0,2.0,13.0,13.0,3.0,7.0
premier-league,2022-2023,E0,21/04/2023,Arsenal,Southampton,3.0,3.0,D,1.0,2.0,25.0,8.0,6.0,6.0
premier-league,2022-2023,E0,22/04/2023,Fulham,Leeds,2.0,1.0,H,0.0,0.0,12.0,10.0,5.0,2.0
premier-league,2022-2023,E0,22/04/2023,Brentford,Aston Villa,1.0,1.0,D,0.0,0.0,6.0,14.0,5.0,2.0
premier-league,2022-2023,E0,22/04/2023,Crystal Palace,Everton,0.0,0.0,D,0.0,0.0,12.0,10.0,2.0,5.0
premier-league,2022-2023,E0,22/04/2023,Leicester,Wolves,2.0,1.0,H,1.0,1.0,15.0,16.0,8.0,3.0
premier-league,2022-2023,E0,22/04/2023,Liverpool,Nott'm Forest,3.0,2.0,H,0.0,0.0,18.0,11.0,6.0,5.0
premier-league,2022-2023,E0,23/04/2023,Bournemouth,West Ham,0.0,4.0,A,0.0,3.0,17.0,18.0,5.0,10.0
premier-league,2022-2023,E0,23/04/2023,Newcastle,Tottenham,6.0,1.0,H,5.0,0.0,25.0,11.0,8.0,3.0
premier-league,2022-2023,E0,25/04/2023,Wolves,Crystal Palace,2.0,0.0,H,1.0,0.0,9.0,14.0,3.0,4.0
premier-league,2022-2023,E0,25/04/2023,Aston Villa,Fulham,1.0,0.0,H,1.0,0.0,14.0,1.0,3.0,0.0
premier-league,2022-2023,E0,25/04/2023,Leeds,Leicester,1.0,1.0,D,1.0,0.0,13.0,15.0,3.0,3.0
premier-league,2022-2023,E0,26/04/2023,Nott'm Forest,Brighton,3.0,1.0,H,1.0,1.0,12.0,17.0,5.0,7.0
premier-league,2022-2023,E0,26/04/2023,Chelsea,Brentford,0.0,2.0,A,0.0,1.0,15.0,7.0,4.0,1.0
premier-league,2022-2023,E0,26/04/2023,West Ham,Liverpool,1.0,2.0,A,1.0,1.0,7.0,20.0,2.0,4.0
premier-league,2022-2023,E0,26/04/2023,Man City,Arsenal,4.0,1.0,H,2.0,0.0,14.0,8.0,9.0,2.0
premier-league,2022-2023,E0,27/04/2023,Everton,Newcastle,1.0,4.0,A,0.0,1.0,13.0,15.0,5.0,8.0
premier-league,2022-2023,E0,27/04/2023,Southampton,Bournemouth,0.0,1.0,A,0.0,0.0,11.0,16.0,2.0,2.0
premier-league,2022-2023,E0,27/04/2023,Tottenham,Man United,2.0,2.0,D,0.0,2.0,18.0,17.0,7.0,8.0
premier-league,2022-2023,E0,29/04/2023,Crystal Palace,West Ham,4.0,3.0,H,3.0,2.0,16.0,8.0,6.0,4.0
premier-league,2022-2023,E0,29/04/2023,Brentford,Nott'm Forest,2.0,1.0,H,0.0,1.0,14.0,5.0,8.0,3.0
premier-league,2022-2023,E0,29/04/2023,Brighton,Wolves,6.0,0.0,H,4.0,0.0,22.0,10.0,8.0,2.0
premier-league,2022-2023,E0,30/04/2023,Bournemouth,Leeds,4.0,1.0,H,2.0,1.0,12.0,15.0,7.0,6.0
premier-league,2022-2023,E0,30/04/2023,Fulham,Man City,1.0,2.0,A,1.0,2.0,4.0,12.0,1.0,9.0
premier-league,2022-2023,E0,30/04/2023,Man United,Aston Villa,1.0,0.0,H,1.0,0.0,14.0,7.0,6.0,1.0
premier-league,2022-2023,E0,30/04/2023,Newcastle,Southampton,3.0,1.0,H,0.0,1.0,22.0,4.0,5.0,3.0
premier-league,2022-2023,E0,30/04/2023,Liverpool,Tottenham,4.0,3.0,H,3.0,1.0,12.0,10.0,4.0,7.0
premier-league,2022-2023,E0,01/05/2023,Leicester,Everton,2.0,2.0,D,2.0,1.0,15.0,23.0,6.0,8.0
premier-league,2022-2023,E0,02/05/2023,Arsenal,Chelsea,3.0,1.0,H,3.0,0.0,16.0,7.0,10.0,4.0
premier-league,2022-2023,E0,03/05/2023,Liverpool,Fulham,1.0,0.0,H,1.0,0.0,15.0,9.0,3.0,3.0
premier-league,2022-2023,E0,03/05/2023,Man City,West Ham,3.0,0.0,H,0.0,0.0,16.0,6.0,7.0,2.0
premier-league,2022-2023,E0,04/05/2023,Brighton,Man United,1.0,0.0,H,0.0,0.0,22.0,16.0,6.0,5.0
premier-league,2022-2023,E0,06/05/2023,Bournemouth,Chelsea,1.0,3.0,A,1.0,1.0,10.0,11.0,4.0,5.0
premier-league,2022-2023,E0,06/05/2023,Man City,Leeds,2.0,1.0,H,2.0,0.0,18.0,4.0,6.0,2.0
premier-league,2022-2023,E0,06/05/2023,Tottenham,Crystal Palace,1.0,0.0,H,1.0,0.0,8.0,7.0,3.0,2.0
premier-league,2022-2023,E0,06/05/2023,Wolves,Aston Villa,1.0,0.0,H,1.0,0.0,6.0,16.0,2.0,3.0
premier-league,2022-2023,E0,06/05/2023,Liverpool,Brentford,1.0,0.0,H,1.0,0.0,15.0,5.0,5.0,1.0
premier-league,2022-2023,E0,07/05/2023,Newcastle,Arsenal,0.0,2.0,A,0.0,1.0,12.0,10.0,5.0,6.0
premier-league,2022-2023,E0,07/05/2023,West Ham,Man United,1.0,0.0,H,1.0,0.0,15.0,19.0,4.0,4.0
premier-league,2022-2023,E0,08/05/2023,Fulham,Leicester,5.0,3.0,H,3.0,0.0,17.0,18.0,7.0,9.0
premier-league,2022-2023,E0,08/05/2023,Brighton,Everton,1.0,5.0,A,0.0,3.0,23.0,10.0,5.0,5.0
premier-league,2022-2023,E0,08/05/2023,Nott'm Forest,Southampton,4.0,3.0,H,3.0,1.0,9.0,19.0,4.0,5.0
premier-league,2022-2023,E0,13/05/2023,Leeds,Newcastle,2.0,2.0,D,1.0,1.0,9.0,18.0,4.0,5.0
premier-league,2022-2023,E0,13/05/2023,Aston Villa,Tottenham,2.0,1.0,H,1.0,0.0,8.0,5.0,4.0,2.0
premier-league,2022-2023,E0,13/05/2023,Chelsea,Nott'm Forest,2.0,2.0,D,0.0,1.0,14.0,11.0,6.0,2.0
premier-league,2022-2023,E0,13/05/2023,Crystal Palace,Bournemouth,2.0,0.0,H,1.0,0.0,17.0,5.0,5.0,0.0
premier-league,2022-2023,E0,13/05/2023,Man United,Wolves,2.0,0.0,H,1.0,0.0,27.0,5.0,9.0,0.0
premier-league,2022-2023,E0,13/05/2023,Southampton,Fulham,0.0,2.0,A,0.0,0.0,5.0,9.0,1.0,4.0
premier-league,2022-2023,E0,14/05/2023,Brentford,West Ham,2.0,0.0,H,2.0,0.0,24.0,4.0,10.0,4.0
premier-league,2022-2023,E0,14/05/2023,Everton,Man City,0.0,3.0,A,0.0,2.0,7.0,9.0,3.0,4.0
premier-league,2022-2023,E0,14/05/2023,Arsenal,Brighton,0.0,3.0,A,0.0,0.0,14.0,12.0,2.0,6.0
premier-league,2022-2023,E0,15/05/2023,Leicester,Liverpool,0.0,3.0,A,0.0,2.0,4.0,16.0,4.0,5.0
premier-league,2022-2023,E0,18/05/2023,Newcastle,Brighton,4.0,1.0,H,2.0,0.0,22.0,8.0,9.0,2.0
premier-league,2022-2023,E0,20/05/2023,Tottenham,Brentford,1.0,3.0,A,1.0,0.0,22.0,11.0,8.0,4.0
premier-league,2022-2023,E0,20/05/2023,Bournemouth,Man United,0.0,1.0,A,0.0,1.0,10.0,20.0,4.0,5.0
premier-league,2022-2023,E0,20/05/2023,Fulham,Crystal Palace,2.0,2.0,D,1.0,1.0,11.0,11.0,4.0,5.0
premier-league,2022-2023,E0,20/05/2023,Liverpool,Aston Villa,1.0,1.0,D,0.0,1.0,10.0,6.0,5.0,3.0
premier-league,2022-2023,E0,20/05/2023,Wolves,Everton,1.0,1.0,D,1.0,0.0,13.0,19.0,5.0,4.0
premier-league,2022-2023,E0,20/05/2023,Nott'm Forest,Arsenal,1.0,0.0,H,1.0,0.0,6.0,11.0,2.0,3.0
premier-league,2022-2023,E0,21/05/2023,West Ham,Leeds,3.0,1.0,H,1.0,1.0,19.0,12.0,9.0,3.0
premier-league,2022-2023,E0,21/05/2023,Brighton,Southampton,3.0,1.0,H,2.0,0.0,26.0,5.0,8.0,1.0
premier-league,2022-2023,E0,21/05/2023,Man City,Chelsea,1.0,0.0,H,1.0,0.0,15.0,13.0,2.0,6.0
premier-league,2022-2023,E0,22/05/2023,Newcastle,Leicester,0.0,0.0,D,0.0,0.0,23.0,1.0,4.0,1.0
premier-league,2022-2023,E0,24/05/2023,Brighton,Man City,1.0,1.0,D,1.0,1.0,20.0,13.0,7.0,4.0
premier-league,2022-2023,E0,25/05/2023,Man United,Chelsea,4.0,1.0,H,2.0,0.0,18.0,14.0,9.0,5.0
premier-league,2022-2023,E0,28/05/2023,Arsenal,Wolves,5.0,0.0,H,3.0,0.0,14.0,6.0,8.0,0.0
premier-league,2022-2023,E0,28/05/2023,Aston Villa,Brighton,2.0,1.0,H,2.0,1.0,12.0,8.0,5.0,4.0
premier-league,2022-2023,E0,28/05/2023,Brentford,Man City,1.0,0.0,H,0.0,0.0,11.0,17.0,4.0,3.0
premier-league,2022-2023,E0,28/05/2023,Chelsea,Newcastle,1.0,1.0,D,1.0,1.0,22.0,13.0,5.0,4.0
premier-league,2022-2023,E0,28/05/2023,Crystal Palace,Nott'm Forest,1.0,1.0,D,0.0,1.0,16.0,7.0,4.0,4.0
premier-league,2022-2023,E0,28/05/2023,Everton,Bournemouth,1.0,0.0,H,0.0,0.0,13.0,7.0,6.0,2.0
premier-league,2022-2023,E0,28/05/2023,Leeds,Tottenham,1.0,4.0,A,0.0,1.0,19.0,11.0,2.0,7.0
premier-league,2022-2023,E0,28/05/2023,Leicester,West Ham,2.0,1.0,H,1.0,0.0,13.0,16.0,4.0,3.0
premier-league,2022-2023,E0,28/05/2023,Man United,Fulham,2.0,1.0,H,1.0,1.0,21.0,10.0,8.0,3.0
premier-league,2022-2023,E0,28/05/2023,Southampton,Liverpool,4.0,4.0,D,2.0,2.0,15.0,30.0,10.0,8.0
premier-league,2023-2024,E0,11/08/2023,Burnley,Man City,0.0,3.0,A,0.0,2.0,6.0,17.0,1.0,8.0
premier-league,2023-2024,E0,12/08/2023,Arsenal,Nott'm Forest,2.0,1.0,H,2.0,0.0,15.0,6.0,7.0,2.0
premier-league,2023-2024,E0,12/08/2023,Bournemouth,West Ham,1.0,1.0,D,0.0,0.0,14.0,16.0,5.0,3.0
premier-league,2023-2024,E0,12/08/2023,Brighton,Luton,4.0,1.0,H,1.0,0.0,27.0,9.0,12.0,3.0
premier-league,2023-2024,E0,12/08/2023,Everton,Fulham,0.0,1.0,A,0.0,0.0,19.0,9.0,9.0,2.0
premier-league,2023-2024,E0,12/08/2023,Sheffield United,Crystal Palace,0.0,1.0,A,0.0,0.0,8.0,24.0,1.0,8.0
premier-league,2023-2024,E0,12/08/2023,Newcastle,Aston Villa,5.0,1.0,H,2.0,1.0,17.0,16.0,13.0,6.0
premier-league,2023-2024,E0,13/08/2023,Brentford,Tottenham,2.0,2.0,D,2.0,2.0,11.0,18.0,6.0,6.0
premier-league,2023-2024,E0,13/08/2023,Chelsea,Liverpool,1.0,1.0,D,1.0,1.0,10.0,13.0,4.0,1.0
premier-league,2023-2024,E0,14/08/2023,Man United,Wolves,1.0,0.0,H,0.0,0.0,15.0,23.0,3.0,6.0
premier-league,2023-2024,E0,18/08/2023,Nott'm Forest,Sheffield United,2.0,1.0,H,1.0,0.0,16.0,7.0,4.0,3.0
premier-league,2023-2024,E0,19/08/2023,Fulham,Brentford,0.0,3.0,A,0.0,1.0,10.0,17.0,2.0,8.0
premier-league,2023-2024,E0,19/08/2023,Liverpool,Bournemouth,3.0,1.0,H,2.0,1.0,26.0,13.0,10.0,5.0
premier-league,2023-2024,E0,19/08/2023,Wolves,Brighton,1.0,4.0,A,0.0,1.0,16.0,16.0,5.0,8.0
premier-league,2023-2024,E0,19/08/2023,Tottenham,Man United,2.0,0.0,H,0.0,0.0,17.0,22.0,6.0,6.0
premier-league,2023-2024,E0,19/08/2023,Man City,Newcastle,1.0,0.0,H,1.0,0.0,14.0,7.0,4.0,1.0
premier-league,2023-2024,E0,20/08/2023,Aston Villa,Everton,4.0,0.0,H,2.0,0.0,13.0,9.0,7.0,2.0
premier-league,2023-2024,E0,20/08/2023,West Ham,Chelsea,3.0,1.0,H,1.0,1.0,12.0,17.0,6.0,4.0
premier-league,2023-2024,E0,21/08/2023,Crystal Palace,Arsenal,0.0,1.0,A,0.0,0.0,14.0,14.0,2.0,3.0
premier-league,2023-2024,E0,25/08/2023,Chelsea,Luton,3.0,0.0,H,1.0,0.0,19.0,11.0,8.0,1.0
premier-league,2023-2024,E0,26/08/2023,Bournemouth,Tottenham,0.0,2.0,A,0.0,1.0,11.0,17.0,3.0,6.0
premier-league,2023-2024,E0,26/08/2023,Arsenal,Fulham,2.0,2.0,D,0.0,1.0,19.0,8.0,11.0,3.0
premier-league,2023-2024,E0,26/08/2023,Brentford,Crystal Palace,1.0,1.0,D,1.0,0.0,12.0,15.0,1.0,5.0
premier-league,2023-2024,E0,26/08/2023,Everton,Wolves,0.0,1.0,A,0.0,0.0,15.0,11.0,7.0,2.0
premier-league,2023-2024,E0,26/08/2023,Man United,Nott'm Forest,3.0,2.0,H,1.0,2.0,18.0,9.0,9.0,4.0
premier-league,2023-2024,E0,26/08/2023,Brighton,West Ham,1.0,3.0,A,0.0,1.0,25.0,12.0,10.0,3.0
premier-league,2023-2024,E0,27/08/2023,Burnley,Aston Villa,1.0,3.0,A,0.0,2.0,9.0,16.0,2.0,6.0
premier-league,2023-2024,E0,27/08/2023,Sheffield United,Man City,1.0,2.0,A,0.0,0.0,6.0,30.0,2.0,9.0
premier-league,2023-2024,E0,27/08/2023,Newcastle,Liverpool,1.0,2.0,A,1.0,0.0,23.0,9.0,8.0,4.0
premier-league,2023-2024,E0,01/09/2023,Luton,West Ham,1.0,2.0,A,0.0,1.0,16.0,9.0,1.0,3.0
premier-league,2023-2024,E0,02/09/2023,Sheffield United,Everton,2.0,2.0,D,2.0,1.0,13.0,16.0,8.0,6.0
premier-league,2023-2024,E0,02/09/2023,Brentford,Bournemouth,2.0,2.0,D,1.0,1.0,21.0,12.0,7.0,5.0
premier-league,2023-2024,E0,02/09/2023,Burnley,Tottenham,2.0,5.0,A,1.0,2.0,16.0,20.0,4.0,10.0
premier-league,2023-2024,E0,02/09/2023,Chelsea,Nott'm Forest,0.0,1.0,A,0.0,0.0,21.0,7.0,2.0,3.0
premier-league,2023-2024,E0,02/09/2023,Man City,Fulham,5.0,1.0,H,2.0,1.0,7.0,6.0,5.0,4.0
premier-league,2023-2024,E0,02/09/2023,Brighton,Newcastle,3.0,1.0,H,1.0,0.0,15.0,9.0,6.0,2.0
premier-league,2023-2024,E0,03/09/2023,Crystal Palace,Wolves,3.0,2.0,H,0.0,0.0,16.0,12.0,11.0,4.0
premier-league,2023-2024,E0,03/09/2023,Liverpool,Aston Villa,3.0,0.0,H,2.0,0.0,17.0,9.0,4.0,3.0
premier-league,2023-2024,E0,03/09/2023,Arsenal,Man United,3.0,1.0,H,1.0,1.0,17.0,10.0,5.0,2.0
premier-league,2023-2024,E0,16/09/2023,Wolves,Liverpool,1.0,3.0,A,1.0,0.0,11.0,16.0,2.0,6.0
premier-league,2023-2024,E0,16/09/2023,Aston Villa,Crystal Palace,3.0,1.0,H,0.0,0.0,16.0,6.0,5.0,3.0
premier-league,2023-2024,E0,16/09/2023,Fulham,Luton,1.0,0.0,H,0.0,0.0,13.0,7.0,2.0,2.0
premier-league,2023-2024,E0,16/09/2023,Man United,Brighton,1.0,3.0,A,0.0,1.0,14.0,10.0,4.0,8.0
premier-league,2023-2024,E0,16/09/2023,Tottenham,Sheffield United,2.0,1.0,H,0.0,0.0,28.0,7.0,10.0,5.0
premier-league,2023-2024,E0,16/09/2023,West Ham,Man City,1.0,3.0,A,1.0,0.0,6.0,29.0,3.0,15.0
premier-league,2023-2024,E0,16/09/2023,Newcastle,Brentford,1.0,0.0,H,0.0,0.0,9.0,11.0,2.0,2.0
premier-league,2023-2024,E0,17/09/2023,Bournemouth,Chelsea,0.0,0.0,D,0.0,0.0,13.0,14.0,4.0,6.0
premier-league,2023-2024,E0,17/09/2023,Everton,Arsenal,0.0,1.0,A,0.0,0.0,8.0,13.0,1.0,4.0
premier-league,2023-2024,E0,18/09/2023,Nott'm Forest,Burnley,1.0,1.0,D,0.0,1.0,14.0,10.0,4.0,3.0
premier-league,2023-2024,E0,23/09/2023,Crystal Palace,Fulham,0.0,0.0,D,0.0,0.0,7.0,10.0,3.0,5.0
premier-league,2023-2024,E0,23/09/2023,Luton,Wolves,1.0,1.0,D,0.0,0.0,20.0,3.0,4.0,3.0
premier-league,2023-2024,E0,23/09/2023,Man City,Nott'm Forest,2.0,0.0,H,2.0,0.0,7.0,10.0,4.0,3.0
premier-league,2023-2024,E0,23/09/2023,Brentford,Everton,1.0,3.0,A,1.0,1.0,12.0,18.0,2.0,6.0
premier-league,2023-2024,E0,23/09/2023,Burnley,Man United,0.0,1.0,A,0.0,1.0,12.0,11.0,4.0,4.0
premier-league,2023-2024,E0,24/09/2023,Arsenal,Tottenham,2.0,2.0,D,1.0,1.0,13.0,13.0,6.0,5.0
premier-league,2023-2024,E0,24/09/2023,Brighton,Bournemouth,3.0,1.0,H,1.0,1.0,13.0,12.0,4.0,4.0
premier-league,2023-2024,E0,24/09/2023,Chelsea,Aston Villa,0.0,1.0,A,0.0,0.0,10.0,15.0,4.0,7.0
premier-league,2023-2024,E0,24/09/2023,Liverpool,West Ham,3.0,1.0,H,1.0,1.0,22.0,11.0,7.0,4.0
premier-league,2023-2024,E0,24/09/2023,Sheffield United,Newcastle,0.0,8.0,A,0.0,3.0,9.0,22.0,1.0,15.0
premier-league,2023-2024,E0,30/09/2023,Aston Villa,Brighton,6.0,1.0,H,3.0,0.0,19.0,11.0,9.0,3.0
premier-league,2023-2024,E0,30/09/2023,Bournemouth,Arsenal,0.0,4.0,A,0.0,2.0,8.0,15.0,1.0,8.0
premier-league,2023-2024,E0,30/09/2023,Everton,Luton,1.0,2.0,A,1.0,2.0,23.0,9.0,5.0,2.0
premier-league,2023-2024,E0,30/09/2023,Man United,Crystal Palace,0.0,1.0,A,0.0,1.0,19.0,8.0,4.0,2.0
premier-league,2023-2024,E0,30/09/2023,Newcastle,Burnley,2.0,0.0,H,1.0,0.0,20.0,8.0,8.0,2.0
premier-league,2023-2024,E0,30/09/2023,West Ham,Sheffield United,2.0,0.0,H,2.0,0.0,20.0,16.0,9.0,2.0
premier-league,2023-2024,E0,30/09/2023,Wolves,Man City,2.0,1.0,H,1.0,0.0,3.0,23.0,1.0,8.0
premier-league,2023-2024,E0,30/09/2023,Tottenham,Liverpool,2.0,1.0,H,1.0,1.0,24.0,12.0,8.0,4.0
premier-league,2023-2024,E0,01/10/2023,Nott'm Forest,Brentford,1.0,1.0,D,0.0,0.0,6.0,18.0,1.0,5.0
premier-league,2023-2024,E0,02/10/2023,Fulham,Chelsea,0.0,2.0,A,0.0,2.0,10.0,11.0,3.0,4.0
premier-league,2023-2024,E0,03/10/2023,Luton,Burnley,1.0,2.0,A,0.0,1.0,18.0,14.0,3.0,4.0
premier-league,2023-2024,E0,07/10/2023,Luton,Tottenham,0.0,1.0,A,0.0,0.0,12.0,15.0,2.0,4.0
premier-league,2023-2024,E0,07/10/2023,Burnley,Chelsea,1.0,4.0,A,1.0,1.0,10.0,9.0,3.0,5.0
premier-league,2023-2024,E0,07/10/2023,Everton,Bournemouth,3.0,0.0,H,2.0,0.0,25.0,11.0,8.0,4.0
premier-league,2023-2024,E0,07/10/2023,Fulham,Sheffield United,3.0,1.0,H,0.0,0.0,20.0,5.0,6.0,2.0
premier-league,2023-2024,E0,07/10/2023,Man United,Brentford,2.0,1.0,H,0.0,1.0,21.0,11.0,8.0,3.0
premier-league,2023-2024,E0,07/10/2023,Crystal Palace,Nott'm Forest,0.0,0.0,D,0.0,0.0,8.0,16.0,2.0,5.0
premier-league,2023-2024,E0,08/10/2023,Brighton,Liverpool,2.0,2.0,D,1.0,2.0,14.0,14.0,3.0,4.0
premier-league,2023-2024,E0,08/10/2023,West Ham,Newcastle,2.0,2.0,D,1.0,0.0,5.0,10.0,3.0,3.0
premier-league,2023-2024,E0,08/10/2023,Wolves,Aston Villa,1.0,1.0,D,0.0,0.0,8.0,18.0,3.0,4.0
premier-league,2023-2024,E0,08/10/2023,Arsenal,Man City,1.0,0.0,H,0.0,0.0,12.0,4.0,2.0,1.0
premier-league,2023-2024,E0,21/10/2023,Liverpool,Everton,2.0,0.0,H,0.0,0.0,26.0,6.0,6.0,1.0
premier-league,2023-2024,E0,21/10/2023,Bournemouth,Wolves,1.0,2.0,A,1.0,0.0,7.0,20.0,4.0,7.0
premier-league,2023-2024,E0,21/10/2023,Brentford,Burnley,3.0,0.0,H,1.0,0.0,23.0,6.0,10.0,1.0
premier-league,2023-2024,E0,21/10/2023,Man City,Brighton,2.0,1.0,H,2.0,0.0,10.0,5.0,6.0,3.0
premier-league,2023-2024,E0,21/10/2023,Newcastle,Crystal Palace,4.0,0.0,H,3.0,0.0,10.0,17.0,7.0,3.0
premier-league,2023-2024,E0,21/10/2023,Nott'm Forest,Luton,2.0,2.0,D,0.0,0.0,19.0,13.0,8.0,4.0
premier-league,2023-2024,E0,21/10/2023,Chelsea,Arsenal,2.0,2.0,D,1.0,0.0,11.0,13.0,5.0,3.0
premier-league,2023-2024,E0,21/10/2023,Sheffield United,Man United,1.0,2.0,A,1.0,1.0,12.0,14.0,6.0,5.0
premier-league,2023-2024,E0,22/10/2023,Aston Villa,West Ham,4.0,1.0,H,1.0,0.0,15.0,14.0,7.0,4.0
premier-league,2023-2024,E0,23/10/2023,Tottenham,Fulham,2.0,0.0,H,1.0,0.0,15.0,10.0,5.0,3.0
premier-league,2023-2024,E0,27/10/2023,Crystal Palace,Tottenham,1.0,2.0,A,0.0,0.0,13.0,10.0,3.0,1.0
premier-league,2023-2024,E0,28/10/2023,Chelsea,Brentford,0.0,2.0,A,0.0,0.0,17.0,7.0,2.0,5.0
premier-league,2023-2024,E0,28/10/2023,Arsenal,Sheffield United,5.0,0.0,H,1.0,0.0,13.0,2.0,8.0,0.0
premier-league,2023-2024,E0,28/10/2023,Bournemouth,Burnley,2.0,1.0,H,1.0,1.0,13.0,6.0,6.0,3.0
premier-league,2023-2024,E0,28/10/2023,Wolves,Newcastle,2.0,2.0,D,1.0,2.0,11.0,13.0,6.0,5.0
premier-league,2023-2024,E0,29/10/2023,West Ham,Everton,0.0,1.0,A,0.0,0.0,12.0,10.0,2.0,4.0
premier-league,2023-2024,E0,29/10/2023,Aston Villa,Luton,3.0,1.0,H,1.0,0.0,17.0,7.0,6.0,1.0
premier-league,2023-2024,E0,29/10/2023,Brighton,Fulham,1.0,1.0,D,1.0,0.0,18.0,10.0,7.0,5.0
premier-league,2023-2024,E0,29/10/2023,Liverpool,Nott'm Forest,3.0,0.0,H,2.0,0.0,21.0,9.0,8.0,1.0
premier-league,2023-2024,E0,29/10/2023,Man United,Man City,0.0,3.0,A,0.0,1.0,7.0,21.0,3.0,10.0
premier-league,2023-2024,E0,04/11/2023,Fulham,Man United,0.0,1.0,A,0.0,0.0,18.0,12.0,3.0,5.0
premier-league,2023-2024,E0,04/11/2023,Brentford,West Ham,3.0,2.0,H,1.0,2.0,16.0,12.0,4.0,2.0
premier-league,2023-2024,E0,04/11/2023,Burnley,Crystal Palace,0.0,2.0,A,0.0,1.0,17.0,4.0,5.0,3.0
premier-league,2023-2024,E0,04/11/2023,Everton,Brighton,1.0,1.0,D,1.0,0.0,10.0,7.0,4.0,2.0
premier-league,2023-2024,E0,04/11/2023,Man City,Bournemouth,6.0,1.0,H,3.0,0.0,21.0,5.0,8.0,1.0
premier-league,2023-2024,E0,04/11/2023,Sheffield United,Wolves,2.0,1.0,H,0.0,0.0,11.0,10.0,2.0,3.0
premier-league,2023-2024,E0,04/11/2023,Newcastle,Arsenal,1.0,0.0,H,0.0,0.0,9.0,14.0,2.0,1.0
premier-league,2023-2024,E0,05/11/2023,Nott'm Forest,Aston Villa,2.0,0.0,H,1.0,0.0,5.0,13.0,3.0,3.0
premier-league,2023-2024,E0,05/11/2023,Luton,Liverpool,1.0,1.0,D,0.0,0.0,8.0,24.0,5.0,6.0
premier-league,2023-2024,E0,06/11/2023,Tottenham,Chelsea,1.0,4.0,A,1.0,1.0,8.0,17.0,5.0,8.0
premier-league,2023-2024,E0,11/11/2023,Wolves,Tottenham,2.0,1.0,H,0.0,1.0,17.0,6.0,4.0,2.0
premier-league,2023-2024,E0,11/11/2023,Arsenal,Burnley,3.0,1.0,H,1.0,0.0,16.0,8.0,6.0,5.0
premier-league,2023-2024,E0,11/11/2023,Crystal Palace,Everton,2.0,3.0,A,1.0,1.0,13.0,8.0,4.0,4.0
premier-league,2023-2024,E0,11/11/2023,Man United,Luton,1.0,0.0,H,0.0,0.0,15.0,10.0,4.0,4.0
premier-league,2023-2024,E0,11/11/2023,Bournemouth,Newcastle,2.0,0.0,H,0.0,0.0,19.0,8.0,10.0,5.0
premier-league,2023-2024,E0,12/11/2023,Aston Villa,Fulham,3.0,1.0,H,2.0,0.0,12.0,9.0,6.0,5.0
premier-league,2023-2024,E0,12/11/2023,Brighton,Sheffield United,1.0,1.0,D,1.0,0.0,11.0,9.0,6.0,1.0
premier-league,2023-2024,E0,12/11/2023,Liverpool,Brentford,3.0,0.0,H,1.0,0.0,17.0,16.0,10.0,3.0
premier-league,2023-2024,E0,12/11/2023,West Ham,Nott'm Forest,3.0,2.0,H,1.0,1.0,16.0,10.0,6.0,5.0
premier-league,2023-2024,E0,12/11/2023,Chelsea,Man City,4.0,4.0,D,2.0,2.0,17.0,15.0,9.0,10.0
premier-league,2023-2024,E0,25/11/2023,Man City,Liverpool,1.0,1.0,D,1.0,0.0,16.0,8.0,5.0,3.0
premier-league,2023-2024,E0,25/11/2023,Burnley,West Ham,1.0,2.0,A,0.0,0.0,11.0,11.0,5.0,3.0
premier-league,2023-2024,E0,25/11/2023,Luton,Crystal Palace,2.0,1.0,H,0.0,0.0,8.0,16.0,3.0,8.0
premier-league,2023-2024,E0,25/11/2023,Newcastle,Chelsea,4.0,1.0,H,1.0,1.0,14.0,7.0,5.0,4.0
premier-league,2023-2024,E0,25/11/2023,Nott'm Forest,Brighton,2.0,3.0,A,1.0,2.0,18.0,11.0,5.0,5.0
premier-league,2023-2024,E0,25/11/2023,Sheffield United,Bournemouth,1.0,3.0,A,0.0,2.0,10.0,23.0,2.0,11.0
premier-league,2023-2024,E0,25/11/2023,Brentford,Arsenal,0.0,1.0,A,0.0,0.0,9.0,15.0,3.0,4.0
premier-league,2023-2024,E0,26/11/2023,Tottenham,Aston Villa,1.0,2.0,A,1.0,1.0,18.0,15.0,8.0,5.0
premier-league,2023-2024,E0,26/11/2023,Everton,Man United,0.0,3.0,A,0.0,1.0,24.0,9.0,6.0,4.0
premier-league,2023-2024,E0,27/11/2023,Fulham,Wolves,3.0,2.0,H,1.0,1.0,12.0,10.0,6.0,6.0
premier-league,2023-2024,E0,02/12/2023,Arsenal,Wolves,2.0,1.0,H,2.0,0.0,19.0,6.0,6.0,3.0
premier-league,2023-2024,E0,02/12/2023,Brentford,Luton,3.0,1.0,H,0.0,0.0,27.0,7.0,6.0,1.0
premier-league,2023-2024,E0,02/12/2023,Burnley,Sheffield United,5.0,0.0,H,2.0,0.0,19.0,6.0,7.0,3.0
premier-league,2023-2024,E0,02/12/2023,Nott'm Forest,Everton,0.0,1.0,A,0.0,0.0,13.0,12.0,2.0,3.0
premier-league,2023-2024,E0,02/12/2023,Newcastle,Man United,1.0,0.0,H,0.0,0.0,22.0,8.0,4.0,1.0
premier-league,2023-2024,E0,03/12/2023,Bournemouth,Aston Villa,2.0,2.0,D,1.0,1.0,15.0,11.0,7.0,3.0
premier-league,2023-2024,E0,03/12/2023,Chelsea,Brighton,3.0,2.0,H,2.0,1.0,8.0,18.0,5.0,9.0
premier-league,2023-2024,E0,03/12/2023,Liverpool,Fulham,4.0,3.0,H,2.0,2.0,26.0,9.0,12.0,5.0
premier-league,2023-2024,E0,03/12/2023,West Ham,Crystal Palace,1.0,1.0,D,1.0,0.0,9.0,9.0,3.0,2.0
premier-league,2023-2024,E0,03/12/2023,Man City,Tottenham,3.0,3.0,D,2.0,1.0,18.0,8.0,4.0,4.0
premier-league,2023-2024,E0,05/12/2023,Wolves,Burnley,1.0,0.0,H,1.0,0.0,7.0,12.0,4.0,3.0
premier-league,2023-2024,E0,05/12/2023,Luton,Arsenal,3.0,4.0,A,1.0,2.0,6.0,23.0,4.0,9.0
premier-league,2023-2024,E0,06/12/2023,Brighton,Brentford,2.0,1.0,H,1.0,1.0,18.0,8.0,7.0,2.0
premier-league,2023-2024,E0,06/12/2023,Crystal Palace,Bournemouth,0.0,2.0,A,0.0,1.0,16.0,11.0,3.0,4.0
premier-league,2023-2024,E0,06/12/2023,Fulham,Nott'm Forest,5.0,0.0,H,2.0,0.0,14.0,4.0,6.0,1.0
premier-league,2023-2024,E0,06/12/2023,Sheffield United,Liverpool,0.0,2.0,A,0.0,1.0,6.0,15.0,1.0,8.0
premier-league,2023-2024,E0,06/12/2023,Aston Villa,Man City,1.0,0.0,H,0.0,0.0,22.0,2.0,7.0,2.0
premier-league,2023-2024,E0,06/12/2023,Man United,Chelsea,2.0,1.0,H,1.0,1.0,28.0,13.0,9.0,3.0
premier-league,2023-2024,E0,07/12/2023,Everton,Newcastle,3.0,0.0,H,0.0,0.0,21.0,13.0,6.0,3.0
premier-league,2023-2024,E0,07/12/2023,Tottenham,West Ham,1.0,2.0,A,1.0,0.0,23.0,11.0,7.0,5.0
premier-league,2023-2024,E0,09/12/2023,Crystal Palace,Liverpool,1.0,2.0,A,0.0,0.0,8.0,14.0,4.0,2.0
premier-league,2023-2024,E0,09/12/2023,Brighton,Burnley,1.0,1.0,D,0.0,1.0,29.0,6.0,11.0,3.0
premier-league,2023-2024,E0,09/12/2023,Man United,Bournemouth,0.0,3.0,A,0.0,1.0,20.0,10.0,3.0,4.0
premier-league,2023-2024,E0,09/12/2023,Sheffield United,Brentford,1.0,0.0,H,1.0,0.0,9.0,10.0,4.0,4.0
premier-league,2023-2024,E0,09/12/2023,Wolves,Nott'm Forest,1.0,1.0,D,1.0,1.0,10.0,8.0,4.0,2.0
premier-league,2023-2024,E0,09/12/2023,Aston Villa,Arsenal,1.0,0.0,H,1.0,0.0,10.0,12.0,3.0,5.0
premier-league,2023-2024,E0,10/12/2023,Everton,Chelsea,2.0,0.0,H,0.0,0.0,9.0,16.0,5.0,4.0
premier-league,2023-2024,E0,10/12/2023,Fulham,West Ham,5.0,0.0,H,3.0,0.0,14.0,9.0,8.0,5.0
premier-league,2023-2024,E0,10/12/2023,Luton,Man City,1.0,2.0,A,1.0,0.0,4.0,18.0,2.0,6.0
premier-league,2023-2024,E0,10/12/2023,Tottenham,Newcastle,4.0,1.0,H,2.0,0.0,23.0,9.0,12.0,3.0
premier-league,2023-2024,E0,15/12/2023,Nott'm Forest,Tottenham,0.0,2.0,A,0.0,1.0,15.0,12.0,1.0,6.0
premier-league,2023-2024,E0,16/12/2023,Chelsea,Sheffield United,2.0,0.0,H,0.0,0.0,15.0,6.0,6.0,1.0
premier-league,2023-2024,E0,16/12/2023,Man City,Crystal Palace,2.0,2.0,D,1.0,0.0,19.0,5.0,9.0,2.0
premier-league,2023-2024,E0,16/12/2023,Newcastle,Fulham,3.0,0.0,H,0.0,0.0,27.0,6.0,10.0,4.0
premier-league,2023-2024,E0,16/12/2023,Burnley,Everton,0.0,2.0,A,0.0,2.0,14.0,9.0,2.0,6.0
premier-league,2023-2024,E0,17/12/2023,Arsenal,Brighton,2.0,0.0,H,0.0,0.0,26.0,6.0,9.0,1.0
premier-league,2023-2024,E0,17/12/2023,Brentford,Aston Villa,1.0,2.0,A,1.0,0.0,4.0,15.0,3.0,5.0
premier-league,2023-2024,E0,17/12/2023,West Ham,Wolves,3.0,0.0,H,2.0,0.0,13.0,14.0,4.0,3.0
premier-league,2023-2024,E0,17/12/2023,Liverpool,Man United,0.0,0.0,D,0.0,0.0,34.0,6.0,8.0,1.0
premier-league,2023-2024,E0,21/12/2023,Crystal Palace,Brighton,1.0,1.0,D,1.0,0.0,11.0,18.0,3.0,6.0
premier-league,2023-2024,E0,22/12/2023,Aston Villa,Sheffield United,1.0,1.0,D,0.0,0.0,12.0,5.0,4.0,2.0
premier-league,2023-2024,E0,23/12/2023,West Ham,Man United,2.0,0.0,H,0.0,0.0,12.0,11.0,5.0,3.0
premier-league,2023-2024,E0,23/12/2023,Fulham,Burnley,0.0,2.0,A,0.0,0.0,19.0,7.0,5.0,2.0
premier-league,2023-2024,E0,23/12/2023,Luton,Newcastle,1.0,0.0,H,1.0,0.0,16.0,15.0,5.0,2.0
premier-league,2023-2024,E0,23/12/2023,Nott'm Forest,Bournemouth,2.0,3.0,A,0.0,0.0,11.0,18.0,5.0,7.0
premier-league,2023-2024,E0,23/12/2023,Tottenham,Everton,2.0,1.0,H,2.0,0.0,13.0,18.0,6.0,8.0
premier-league,2023-2024,E0,23/12/2023,Liverpool,Arsenal,1.0,1.0,D,1.0,1.0,13.0,13.0,3.0,2.0
premier-league,2023-2024,E0,24/12/2023,Wolves,Chelsea,2.0,1.0,H,0.0,0.0,14.0,16.0,6.0,5.0
premier-league,2023-2024,E0,26/12/2023,Newcastle,Nott'm Forest,1.0,3.0,A,1.0,1.0,19.0,15.0,7.0,6.0
premier-league,2023-2024,E0,26/12/2023,Bournemouth,Fulham,3.0,0.0,H,1.0,0.0,16.0,8.0,4.0,3.0
premier-league,2023-2024,E0,26/12/2023,Sheffield United,Luton,2.0,3.0,A,0.0,1.0,21.0,12.0,6.0,4.0
premier-league,2023-2024,E0,26/12/2023,Burnley,Liverpool,0.0,2.0,A,0.0,1.0,9.0,19.0,0.0,10.0
premier-league,2023-2024,E0,26/12/2023,Man United,Aston Villa,3.0,2.0,H,0.0,2.0,13.0,10.0,7.0,4.0
premier-league,2023-2024,E0,27/12/2023,Brentford,Wolves,1.0,4.0,A,1.0,3.0,14.0,11.0,4.0,5.0
premier-league,2023-2024,E0,27/12/2023,Chelsea,Crystal Palace,2.0,1.0,H,1.0,1.0,9.0,13.0,4.0,5.0
premier-league,2023-2024,E0,27/12/2023,Everton,Man City,1.0,3.0,A,1.0,0.0,7.0,23.0,2.0,9.0
premier-league,2023-2024,E0,28/12/2023,Brighton,Tottenham,4.0,2.0,H,2.0,0.0,15.0,19.0,9.0,3.0
premier-league,2023-2024,E0,28/12/2023,Arsenal,West Ham,0.0,2.0,A,0.0,1.0,30.0,6.0,8.0,3.0
premier-league,2023-2024,E0,30/12/2023,Luton,Chelsea,2.0,3.0,A,0.0,2.0,15.0,12.0,6.0,8.0
premier-league,2023-2024,E0,30/12/2023,Aston Villa,Burnley,3.0,2.0,H,2.0,1.0,19.0,9.0,7.0,5.0
premier-league,2023-2024,E0,30/12/2023,Crystal Palace,Brentford,3.0,1.0,H,2.0,1.0,13.0,9.0,6.0,4.0
premier-league,2023-2024,E0,30/12/2023,Man City,Sheffield United,2.0,0.0,H,1.0,0.0,18.0,4.0,4.0,2.0
premier-league,2023-2024,E0,30/12/2023,Wolves,Everton,3.0,0.0,H,1.0,0.0,12.0,10.0,6.0,0.0
premier-league,2023-2024,E0,30/12/2023,Nott'm Forest,Man United,2.0,1.0,H,0.0,0.0,8.0,10.0,2.0,5.0
premier-league,2023-2024,E0,31/12/2023,Fulham,Arsenal,2.0,1.0,H,1.0,1.0,15.0,13.0,4.0,3.0
premier-league,2023-2024,E0,31/12/2023,Tottenham,Bournemouth,3.0,1.0,H,1.0,0.0,12.0,24.0,6.0,4.0
premier-league,2023-2024,E0,01/01/2024,Liverpool,Newcastle,4.0,2.0,H,0.0,0.0,34.0,5.0,15.0,3.0
premier-league,2023-2024,E0,02/01/2024,West Ham,Brighton,0.0,0.0,D,0.0,0.0,6.0,22.0,2.0,8.0
premier-league,2023-2024,E0,12/01/2024,Burnley,Luton,1.0,1.0,D,1.0,0.0,13.0,14.0,7.0,5.0
premier-league,2023-2024,E0,13/01/2024,Chelsea,Fulham,1.0,0.0,H,1.0,0.0,17.0,14.0,3.0,4.0
premier-league,2023-2024,E0,13/01/2024,Newcastle,Man City,2.0,3.0,A,2.0,1.0,12.0,27.0,5.0,11.0
premier-league,2023-2024,E0,14/01/2024,Everton,Aston Villa,0.0,0.0,D,0.0,0.0,10.0,16.0,2.0,5.0
premier-league,2023-2024,E0,14/01/2024,Man United,Tottenham,2.0,2.0,D,2.0,1.0,9.0,16.0,2.0,6.0
premier-league,2023-2024,E0,20/01/2024,Arsenal,Crystal Palace,5.0,0.0,H,2.0,0.0,21.0,12.0,6.0,5.0
premier-league,2023-2024,E0,20/01/2024,Brentford,Nott'm Forest,3.0,2.0,H,1.0,1.0,11.0,12.0,5.0,3.0
premier-league,2023-2024,E0,21/01/2024,Sheffield United,West Ham,2.0,2.0,D,1.0,1.0,21.0,16.0,6.0,5.0
premier-league,2023-2024,E0,21/01/2024,Bournemouth,Liverpool,0.0,4.0,A,0.0,0.0,11.0,14.0,1.0,7.0
premier-league,2023-2024,E0,22/01/2024,Brighton,Wolves,0.0,0.0,D,0.0,0.0,11.0,8.0,4.0,3.0
premier-league,2023-2024,E0,30/01/2024,Nott'm Forest,Arsenal,1.0,2.0,A,0.0,0.0,9.0,19.0,3.0,3.0
premier-league,2023-2024,E0,30/01/2024,Fulham,Everton,0.0,0.0,D,0.0,0.0,25.0,21.0,6.0,4.0
premier-league,2023-2024,E0,30/01/2024,Luton,Brighton,4.0,0.0,H,3.0,0.0,18.0,9.0,8.0,2.0
premier-league,2023-2024,E0,30/01/2024,Crystal Palace,Sheffield United,3.0,2.0,H,2.0,2.0,12.0,9.0,4.0,5.0
premier-league,2023-2024,E0,30/01/2024,Aston Villa,Newcastle,1.0,3.0,A,0.0,2.0,12.0,14.0,6.0,5.0
premier-league,2023-2024,E0,31/01/2024,Man City,Burnley,3.0,1.0,H,2.0,0.0,14.0,8.0,4.0,3.0
premier-league,2023-2024,E0,31/01/2024,Tottenham,Brentford,3.0,2.0,H,0.0,1.0,19.0,9.0,5.0,5.0
premier-league,2023-2024,E0,31/01/2024,Liverpool,Chelsea,4.0,1.0,H,2.0,0.0,28.0,4.0,13.0,3.0
premier-league,2023-2024,E0,01/02/2024,West Ham,Bournemouth,1.0,1.0,D,0.0,1.0,9.0,9.0,3.0,4.0
premier-league,2023-2024,E0,01/02/2024,Wolves,Man United,3.0,4.0,A,0.0,2.0,16.0,21.0,7.0,8.0
premier-league,2023-2024,E0,03/02/2024,Everton,Tottenham,2.0,2.0,D,1.0,2.0,14.0,9.0,5.0,6.0
premier-league,2023-2024,E0,03/02/2024,Brighton,Crystal Palace,4.0,1.0,H,3.0,0.0,13.0,7.0,6.0,5.0
premier-league,2023-2024,E0,03/02/2024,Burnley,Fulham,2.0,2.0,D,0.0,2.0,12.0,15.0,4.0,7.0
premier-league,2023-2024,E0,03/02/2024,Newcastle,Luton,4.0,4.0,D,2.0,2.0,19.0,11.0,6.0,8.0
premier-league,2023-2024,E0,03/02/2024,Sheffield United,Aston Villa,0.0,5.0,A,0.0,4.0,10.0,14.0,5.0,10.0
premier-league,2023-2024,E0,04/02/2024,Bournemouth,Nott'm Forest,1.0,1.0,D,1.0,1.0,9.0,8.0,2.0,6.0
premier-league,2023-2024,E0,04/02/2024,Chelsea,Wolves,2.0,4.0,A,1.0,2.0,15.0,14.0,6.0,7.0
premier-league,2023-2024,E0,04/02/2024,Man United,West Ham,3.0,0.0,H,1.0,0.0,12.0,22.0,5.0,3.0
premier-league,2023-2024,E0,04/02/2024,Arsenal,Liverpool,3.0,1.0,H,1.0,1.0,15.0,10.0,7.0,1.0
premier-league,2023-2024,E0,05/02/2024,Brentford,Man City,1.0,3.0,A,1.0,1.0,9.0,25.0,3.0,15.0
premier-league,2023-2024,E0,10/02/2024,Man City,Everton,2.0,0.0,H,0.0,0.0,19.0,5.0,3.0,1.0
premier-league,2023-2024,E0,10/02/2024,Fulham,Bournemouth,3.0,1.0,H,2.0,0.0,7.0,25.0,6.0,4.0
premier-league,2023-2024,E0,10/02/2024,Liverpool,Burnley,3.0,1.0,H,1.0,1.0,25.0,9.0,10.0,4.0
premier-league,2023-2024,E0,10/02/2024,Luton,Sheffield United,1.0,3.0,A,0.0,2.0,20.0,7.0,5.0,3.0
premier-league,2023-2024,E0,10/02/2024,Tottenham,Brighton,2.0,1.0,H,0.0,1.0,16.0,6.0,6.0,3.0
premier-league,2023-2024,E0,10/02/2024,Wolves,Brentford,0.0,2.0,A,0.0,1.0,17.0,9.0,5.0,6.0
premier-league,2023-2024,E0,10/02/2024,Nott'm Forest,Newcastle,2.0,3.0,A,2.0,2.0,13.0,7.0,3.0,5.0
premier-league,2023-2024,E0,11/02/2024,West Ham,Arsenal,0.0,6.0,A,0.0,4.0,5.0,25.0,1.0,12.0
premier-league,2023-2024,E0,11/02/2024,Aston Villa,Man United,1.0,2.0,A,0.0,1.0,23.0,17.0,10.0,5.0
premier-league,2023-2024,E0,12/02/2024,Crystal Palace,Chelsea,1.0,3.0,A,1.0,0.0,13.0,14.0,4.0,5.0
premier-league,2023-2024,E0,17/02/2024,Brentford,Liverpool,1.0,4.0,A,0.0,1.0,15.0,15.0,6.0,8.0
premier-league,2023-2024,E0,17/02/2024,Burnley,Arsenal,0.0,5.0,A,0.0,2.0,8.0,16.0,0.0,7.0
premier-league,2023-2024,E0,17/02/2024,Fulham,Aston Villa,1.0,2.0,A,0.0,1.0,15.0,12.0,4.0,3.0
premier-league,2023-2024,E0,17/02/2024,Newcastle,Bournemouth,2.0,2.0,D,0.0,0.0,17.0,12.0,5.0,7.0
premier-league,2023-2024,E0,17/02/2024,Nott'm Forest,West Ham,2.0,0.0,H,1.0,0.0,19.0,10.0,8.0,3.0
premier-league,2023-2024,E0,17/02/2024,Tottenham,Wolves,1.0,2.0,A,0.0,1.0,15.0,12.0,4.0,7.0
premier-league,2023-2024,E0,17/02/2024,Man City,Chelsea,1.0,1.0,D,0.0,1.0,31.0,9.0,5.0,6.0
premier-league,2023-2024,E0,18/02/2024,Sheffield United,Brighton,0.0,5.0,A,0.0,2.0,6.0,24.0,1.0,10.0
premier-league,2023-2024,E0,18/02/2024,Luton,Man United,1.0,2.0,A,1.0,2.0,22.0,21.0,4.0,9.0
premier-league,2023-2024,E0,19/02/2024,Everton,Crystal Palace,1.0,1.0,D,0.0,0.0,19.0,10.0,4.0,4.0
premier-league,2023-2024,E0,20/02/2024,Man City,Brentford,1.0,0.0,H,0.0,0.0,25.0,6.0,11.0,2.0
premier-league,2023-2024,E0,21/02/2024,Liverpool,Luton,4.0,1.0,H,0.0,1.0,29.0,12.0,13.0,3.0
premier-league,2023-2024,E0,24/02/2024,Aston Villa,Nott'm Forest,4.0,2.0,H,3.0,1.0,16.0,10.0,6.0,3.0
premier-league,2023-2024,E0,24/02/2024,Brighton,Everton,1.0,1.0,D,0.0,0.0,23.0,6.0,7.0,3.0
premier-league,2023-2024,E0,24/02/2024,Crystal Palace,Burnley,3.0,0.0,H,0.0,0.0,15.0,2.0,6.0,0.0
premier-league,2023-2024,E0,24/02/2024,Man United,Fulham,1.0,2.0,A,0.0,0.0,21.0,17.0,9.0,5.0
premier-league,2023-2024,E0,24/02/2024,Bournemouth,Man City,0.0,1.0,A,0.0,1.0,13.0,15.0,4.0,6.0
premier-league,2023-2024,E0,24/02/2024,Arsenal,Newcastle,4.0,1.0,H,2.0,0.0,18.0,3.0,8.0,2.0
premier-league,2023-2024,E0,25/02/2024,Wolves,Sheffield United,1.0,0.0,H,1.0,0.0,13.0,12.0,2.0,4.0
premier-league,2023-2024,E0,26/02/2024,West Ham,Brentford,4.0,2.0,H,2.0,1.0,17.0,14.0,6.0,8.0
premier-league,2023-2024,E0,02/03/2024,Brentford,Chelsea,2.0,2.0,D,0.0,1.0,14.0,17.0,5.0,6.0
premier-league,2023-2024,E0,02/03/2024,Everton,West Ham,1.0,3.0,A,0.0,0.0,22.0,12.0,11.0,5.0
premier-league,2023-2024,E0,02/03/2024,Fulham,Brighton,3.0,0.0,H,2.0,0.0,12.0,15.0,5.0,5.0
premier-league,2023-2024,E0,02/03/2024,Newcastle,Wolves,3.0,0.0,H,2.0,0.0,14.0,12.0,7.0,3.0
premier-league,2023-2024,E0,02/03/2024,Nott'm Forest,Liverpool,0.0,1.0,A,0.0,0.0,8.0,22.0,2.0,2.0
premier-league,2023-2024,E0,02/03/2024,Tottenham,Crystal Palace,3.0,1.0,H,0.0,0.0,14.0,4.0,6.0,1.0
premier-league,2023-2024,E0,02/03/2024,Luton,Aston Villa,2.0,3.0,A,0.0,2.0,13.0,12.0,5.0,8.0
premier-league,2023-2024,E0,03/03/2024,Burnley,Bournemouth,0.0,2.0,A,0.0,1.0,20.0,10.0,6.0,3.0
premier-league,2023-2024,E0,03/03/2024,Man City,Man United,3.0,1.0,H,0.0,1.0,27.0,3.0,8.0,1.0
premier-league,2023-2024,E0,04/03/2024,Sheffield United,Arsenal,0.0,6.0,A,0.0,5.0,4.0,22.0,0.0,10.0
premier-league,2023-2024,E0,09/03/2024,Man United,Everton,2.0,0.0,H,2.0,0.0,15.0,23.0,8.0,6.0
premier-league,2023-2024,E0,09/03/2024,Bournemouth,Sheffield United,2.0,2.0,D,0.0,1.0,32.0,13.0,12.0,9.0
premier-league,2023-2024,E0,09/03/2024,Crystal Palace,Luton,1.0,1.0,D,1.0,0.0,21.0,8.0,4.0,2.0
premier-league,2023-2024,E0,09/03/2024,Wolves,Fulham,2.0,1.0,H,0.0,0.0,8.0,23.0,3.0,6.0
premier-league,2023-2024,E0,09/03/2024,Arsenal,Brentford,2.0,1.0,H,1.0,1.0,17.0,9.0,6.0,4.0
premier-league,2023-2024,E0,10/03/2024,Aston Villa,Tottenham,0.0,4.0,A,0.0,0.0,10.0,9.0,1.0,5.0
premier-league,2023-2024,E0,10/03/2024,Brighton,Nott'm Forest,1.0,0.0,H,1.0,0.0,10.0,9.0,3.0,4.0
premier-league,2023-2024,E0,10/03/2024,West Ham,Burnley,2.0,2.0,D,0.0,2.0,22.0,11.0,4.0,4.0
premier-league,2023-2024,E0,10/03/2024,Liverpool,Man City,1.0,1.0,D,0.0,1.0,19.0,10.0,6.0,6.0
premier-league,2023-2024,E0,11/03/2024,Chelsea,Newcastle,3.0,2.0,H,1.0,1.0,12.0,11.0,8.0,3.0
premier-league,2023-2024,E0,13/03/2024,Bournemouth,Luton,4.0,3.0,H,0.0,3.0,24.0,8.0,10.0,4.0
premier-league,2023-2024,E0,16/03/2024,Burnley,Brentford,2.0,1.0,H,1.0,0.0,17.0,9.0,6.0,5.0
premier-league,2023-2024,E0,16/03/2024,Luton,Nott'm Forest,1.0,1.0,D,0.0,1.0,10.0,16.0,4.0,6.0
premier-league,2023-2024,E0,16/03/2024,Fulham,Tottenham,3.0,0.0,H,1.0,0.0,16.0,14.0,7.0,5.0
premier-league,2023-2024,E0,17/03/2024,West Ham,Aston Villa,1.0,1.0,D,1.0,0.0,13.0,13.0,5.0,5.0
premier-league,2023-2024,E0,30/03/2024,Newcastle,West Ham,4.0,3.0,H,1.0,2.0,24.0,10.0,9.0,4.0
premier-league,2023-2024,E0,30/03/2024,Bournemouth,Everton,2.0,1.0,H,0.0,0.0,11.0,7.0,4.0,3.0
premier-league,2023-2024,E0,30/03/2024,Chelsea,Burnley,2.0,2.0,D,1.0,0.0,33.0,18.0,13.0,7.0
premier-league,2023-2024,E0,30/03/2024,Nott'm Forest,Crystal Palace,1.0,1.0,D,0.0,1.0,12.0,10.0,5.0,3.0
premier-league,2023-2024,E0,30/03/2024,Sheffield United,Fulham,3.0,3.0,D,0.0,0.0,8.0,24.0,4.0,9.0
premier-league,2023-2024,E0,30/03/2024,Tottenham,Luton,2.0,1.0,H,0.0,1.0,17.0,7.0,4.0,3.0
premier-league,2023-2024,E0,30/03/2024,Aston Villa,Wolves,2.0,0.0,H,1.0,0.0,11.0,13.0,5.0,3.0
premier-league,2023-2024,E0,30/03/2024,Brentford,Man United,1.0,1.0,D,0.0,0.0,31.0,11.0,5.0,5.0
premier-league,2023-2024,E0,31/03/2024,Liverpool,Brighton,2.0,1.0,H,1.0,1.0,30.0,9.0,8.0,3.0
premier-league,2023-2024,E0,31/03/2024,Man City,Arsenal,0.0,0.0,D,0.0,0.0,12.0,6.0,1.0,2.0
premier-league,2023-2024,E0,02/04/2024,Newcastle,Everton,1.0,1.0,D,1.0,0.0,18.0,10.0,6.0,3.0
premier-league,2023-2024,E0,02/04/2024,Nott'm Forest,Fulham,3.0,1.0,H,3.0,0.0,16.0,18.0,4.0,3.0
premier-league,2023-2024,E0,02/04/2024,Bournemouth,Crystal Palace,1.0,0.0,H,0.0,0.0,11.0,3.0,6.0,2.0
premier-league,2023-2024,E0,02/04/2024,Burnley,Wolves,1.0,1.0,D,1.0,1.0,13.0,8.0,6.0,2.0
premier-league,2023-2024,E0,02/04/2024,West Ham,Tottenham,1.0,1.0,D,1.0,1.0,11.0,13.0,4.0,4.0
premier-league,2023-2024,E0,03/04/2024,Arsenal,Luton,2.0,0.0,H,2.0,0.0,13.0,5.0,4.0,1.0
premier-league,2023-2024,E0,03/04/2024,Brentford,Brighton,0.0,0.0,D,0.0,0.0,5.0,24.0,2.0,6.0
premier-league,2023-2024,E0,03/04/2024,Man City,Aston Villa,4.0,1.0,H,2.0,1.0,25.0,8.0,11.0,3.0
premier-league,2023-2024,E0,04/04/2024,Liverpool,Sheffield United,3.0,1.0,H,1.0,0.0,29.0,8.0,9.0,3.0
premier-league,2023-2024,E0,04/04/2024,Chelsea,Man United,4.0,3.0,H,2.0,2.0,28.0,19.0,10.0,5.0
premier-league,2023-2024,E0,06/04/2024,Crystal Palace,Man City,2.0,4.0,A,1.0,1.0,7.0,18.0,4.0,8.0
premier-league,2023-2024,E0,06/04/2024,Aston Villa,Brentford,3.0,3.0,D,1.0,0.0,11.0,8.0,3.0,3.0
premier-league,2023-2024,E0,06/04/2024,Everton,Burnley,1.0,0.0,H,1.0,0.0,12.0,6.0,3.0,1.0
premier-league,2023-2024,E0,06/04/2024,Fulham,Newcastle,0.0,1.0,A,0.0,0.0,14.0,12.0,4.0,5.0
premier-league,2023-2024,E0,06/04/2024,Luton,Bournemouth,2.0,1.0,H,0.0,0.0,19.0,8.0,9.0,1.0
premier-league,2023-2024,E0,06/04/2024,Wolves,West Ham,1.0,2.0,A,1.0,0.0,14.0,11.0,7.0,4.0
premier-league,2023-2024,E0,06/04/2024,Brighton,Arsenal,0.0,3.0,A,0.0,1.0,10.0,20.0,2.0,7.0
premier-league,2023-2024,E0,07/04/2024,Man United,Liverpool,2.0,2.0,D,0.0,1.0,9.0,28.0,5.0,7.0
premier-league,2023-2024,E0,07/04/2024,Sheffield United,Chelsea,2.0,2.0,D,1.0,1.0,11.0,6.0,6.0,3.0
premier-league,2023-2024,E0,07/04/2024,Tottenham,Nott'm Forest,3.0,1.0,H,1.0,1.0,17.0,13.0,7.0,6.0
premier-league,2023-2024,E0,13/04/2024,Newcastle,Tottenham,4.0,0.0,H,2.0,0.0,18.0,11.0,5.0,2.0
premier-league,2023-2024,E0,13/04/2024,Brentford,Sheffield United,2.0,0.0,H,0.0,0.0,9.0,8.0,5.0,2.0
premier-league,2023-2024,E0,13/04/2024,Burnley,Brighton,1.0,1.0,D,0.0,0.0,11.0,20.0,3.0,8.0
premier-league,2023-2024,E0,13/04/2024,Man City,Luton,5.0,1.0,H,1.0,0.0,33.0,4.0,13.0,2.0
premier-league,2023-2024,E0,13/04/2024,Nott'm Forest,Wolves,2.0,2.0,D,1.0,1.0,18.0,11.0,9.0,4.0
premier-league,2023-2024,E0,13/04/2024,Bournemouth,Man United,2.0,2.0,D,2.0,1.0,20.0,8.0,5.0,2.0
premier-league,2023-2024,E0,14/04/2024,Liverpool,Crystal Palace,0.0,1.0,A,0.0,1.0,21.0,8.0,6.0,5.0
premier-league,2023-2024,E0,14/04/2024,West Ham,Fulham,0.0,2.0,A,0.0,1.0,15.0,18.0,4.0,10.0
premier-league,2023-2024,E0,14/04/2024,Arsenal,Aston Villa,0.0,2.0,A,0.0,0.0,18.0,11.0,4.0,2.0
premier-league,2023-2024,E0,15/04/2024,Chelsea,Everton,6.0,0.0,H,4.0,0.0,14.0,10.0,10.0,2.0
premier-league,2023-2024,E0,20/04/2024,Luton,Brentford,1.0,5.0,A,0.0,2.0,6.0,21.0,3.0,9.0
premier-league,2023-2024,E0,20/04/2024,Sheffield United,Burnley,1.0,4.0,A,0.0,2.0,18.0,16.0,11.0,9.0
premier-league,2023-2024,E0,20/04/2024,Wolves,Arsenal,0.0,2.0,A,0.0,1.0,5.0,24.0,3.0,9.0
premier-league,2023-2024,E0,21/04/2024,Everton,Nott'm Forest,2.0,0.0,H,1.0,0.0,7.0,8.0,4.0,3.0
premier-league,2023-2024,E0,21/04/2024,Aston Villa,Bournemouth,3.0,1.0,H,1.0,1.0,14.0,14.0,4.0,6.0
premier-league,2023-2024,E0,21/04/2024,Crystal Palace,West Ham,5.0,2.0,H,4.0,1.0,18.0,4.0,7.0,1.0
premier-league,2023-2024,E0,21/04/2024,Fulham,Liverpool,1.0,3.0,A,1.0,1.0,12.0,14.0,5.0,7.0
premier-league,2023-2024,E0,23/04/2024,Arsenal,Chelsea,5.0,0.0,H,1.0,0.0,27.0,7.0,10.0,1.0
premier-league,2023-2024,E0,24/04/2024,Wolves,Bournemouth,0.0,1.0,A,0.0,1.0,15.0,21.0,4.0,6.0
premier-league,2023-2024,E0,24/04/2024,Crystal Palace,Newcastle,2.0,0.0,H,0.0,0.0,20.0,7.0,7.0,2.0
premier-league,2023-2024,E0,24/04/2024,Everton,Liverpool,2.0,0.0,H,1.0,0.0,16.0,23.0,6.0,7.0
premier-league,2023-2024,E0,24/04/2024,Man United,Sheffield United,4.0,2.0,H,1.0,1.0,25.0,10.0,13.0,4.0
premier-league,2023-2024,E0,25/04/2024,Brighton,Man City,0.0,4.0,A,0.0,3.0,7.0,14.0,3.0,6.0
premier-league,2023-2024,E0,27/04/2024,West Ham,Liverpool,2.0,2.0,D,1.0,0.0,11.0,28.0,8.0,8.0
premier-league,2023-2024,E0,27/04/2024,Fulham,Crystal Palace,1.0,1.0,D,0.0,0.0,9.0,14.0,2.0,4.0
premier-league,2023-2024,E0,27/04/2024,Man United,Burnley,1.0,1.0,D,0.0,0.0,27.0,16.0,10.0,7.0
premier-league,2023-2024,E0,27/04/2024,Newcastle,Sheffield United,5.0,1.0,H,1.0,1.0,20.0,15.0,7.0,5.0
premier-league,2023-2024,E0,27/04/2024,Wolves,Luton,2.0,1.0,H,1.0,0.0,13.0,9.0,5.0,6.0
premier-league,2023-2024,E0,27/04/2024,Everton,Brentford,1.0,0.0,H,0.0,0.0,18.0,10.0,1.0,4.0
premier-league,2023-2024,E0,27/04/2024,Aston Villa,Chelsea,2.0,2.0,D,2.0,0.0,9.0,21.0,4.0,5.0
premier-league,2023-2024,E0,28/04/2024,Bournemouth,Brighton,3.0,0.0,H,1.0,0.0,15.0,13.0,6.0,1.0
premier-league,2023-2024,E0,28/04/2024,Tottenham,Arsenal,2.0,3.0,A,0.0,3.0,14.0,9.0,2.0,3.0
premier-league,2023-2024,E0,28/04/2024,Nott'm Forest,Man City,0.0,2.0,A,0.0,1.0,14.0,11.0,2.0,5.0
premier-league,2023-2024,E0,02/05/2024,Chelsea,Tottenham,2.0,0.0,H,1.0,0.0,16.0,19.0,5.0,3.0
premier-league,2023-2024,E0,03/05/2024,Luton,Everton,1.0,1.0,D,1.0,1.0,18.0,10.0,5.0,3.0
premier-league,2023-2024,E0,04/05/2024,Arsenal,Bournemouth,3.0,0.0,H,1.0,0.0,25.0,7.0,9.0,2.0
premier-league,2023-2024,E0,04/05/2024,Brentford,Fulham,0.0,0.0,D,0.0,0.0,7.0,15.0,3.0,3.0
premier-league,2023-2024,E0,04/05/2024,Burnley,Newcastle,1.0,4.0,A,0.0,3.0,17.0,23.0,5.0,11.0
premier-league,2023-2024,E0,04/05/2024,Sheffield United,Nott'm Forest,1.0,3.0,A,1.0,1.0,17.0,15.0,5.0,4.0
premier-league,2023-2024,E0,04/05/2024,Man City,Wolves,5.0,1.0,H,3.0,0.0,20.0,2.0,12.0,1.0
premier-league,2023-2024,E0,05/05/2024,Brighton,Aston Villa,1.0,0.0,H,0.0,0.0,15.0,2.0,8.0,1.0
premier-league,2023-2024,E0,05/05/2024,Chelsea,West Ham,5.0,0.0,H,3.0,0.0,25.0,13.0,14.0,2.0
premier-league,2023-2024,E0,05/05/2024,Liverpool,Tottenham,4.0,2.0,H,2.0,0.0,25.0,11.0,13.0,6.0
premier-league,2023-2024,E0,06/05/2024,Crystal Palace,Man United,4.0,0.0,H,2.0,0.0,18.0,7.0,10.0,2.0
premier-league,2023-2024,E0,11/05/2024,Fulham,Man City,0.0,4.0,A,0.0,1.0,1.0,16.0,1.0,9.0
premier-league,2023-2024,E0,11/05/2024,Bournemouth,Brentford,1.0,2.0,A,0.0,0.0,13.0,11.0,4.0,5.0
premier-league,2023-2024,E0,11/05/2024,Everton,Sheffield United,1.0,0.0,H,1.0,0.0,15.0,13.0,6.0,1.0
premier-league,2023-2024,E0,11/05/2024,Newcastle,Brighton,1.0,1.0,D,1.0,1.0,18.0,15.0,7.0,4.0
premier-league,2023-2024,E0,11/05/2024,Tottenham,Burnley,2.0,1.0,H,1.0,1.0,21.0,7.0,9.0,3.0
premier-league,2023-2024,E0,11/05/2024,West Ham,Luton,3.0,1.0,H,0.0,1.0,24.0,4.0,8.0,1.0
premier-league,2023-2024,E0,11/05/2024,Wolves,Crystal Palace,1.0,3.0,A,0.0,2.0,13.0,13.0,7.0,3.0
premier-league,2023-2024,E0,11/05/2024,Nott'm Forest,Chelsea,2.0,3.0,A,1.0,1.0,20.0,12.0,4.0,5.0
premier-league,2023-2024,E0,12/05/2024,Man United,Arsenal,0.0,1.0,A,0.0,1.0,14.0,11.0,2.0,5.0
premier-league,2023-2024,E0,13/05/2024,Aston Villa,Liverpool,3.0,3.0,D,1.0,2.0,19.0,14.0,5.0,7.0
premier-league,2023-2024,E0,14/05/2024,Tottenham,Man City,0.0,2.0,A,0.0,0.0,10.0,8.0,5.0,5.0
premier-league,2023-2024,E0,15/05/2024,Brighton,Chelsea,1.0,2.0,A,0.0,1.0,12.0,13.0,2.0,6.0
premier-league,2023-2024,E0,15/05/2024,Man United,Newcastle,3.0,2.0,H,1.0,0.0,17.0,21.0,8.0,8.0
premier-league,2023-2024,E0,19/05/2024,Arsenal,Everton,2.0,1.0,H,1.0,1.0,26.0,5.0,5.0,2.0
premier-league,2023-2024,E0,19/05/2024,Brentford,Newcastle,2.0,4.0,A,0.0,3.0,10.0,12.0,5.0,7.0
premier-league,2023-2024,E0,19/05/2024,Brighton,Man United,0.0,2.0,A,0.0,0.0,17.0,11.0,3.0,4.0
premier-league,2023-2024,E0,19/05/2024,Burnley,Nott'm Forest,1.0,2.0,A,0.0,2.0,20.0,12.0,3.0,6.0
premier-league,2023-2024,E0,19/05/2024,Chelsea,Bournemouth,2.0,1.0,H,1.0,0.0,16.0,22.0,6.0,5.0
premier-league,2023-2024,E0,19/05/2024,Crystal Palace,Aston Villa,5.0,0.0,H,2.0,0.0,15.0,8.0,9.0,2.0
premier-league,2023-2024,E0,19/05/2024,Liverpool,Wolves,2.0,0.0,H,2.0,0.0,36.0,4.0,14.0,3.0
premier-league,2023-2024,E0,19/05/2024,Luton,Fulham,2.0,4.0,A,1.0,2.0,15.0,15.0,6.0,7.0
premier-league,2023-2024,E0,19/05/2024,Man City,West Ham,3.0,1.0,H,2.0,1.0,28.0,3.0,12.0,2.0
premier-league,2023-2024,E0,19/05/2024,Sheffield United,Tottenham,0.0,3.0,A,0.0,1.0,6.0,18.0,1.0,9.0
ligue-1,2014-2015,F1,08/08/14,Reims,Paris SG,2.0,2.0,D,2.0,1.0,9.0,16.0,3.0,6.0
ligue-1,2014-2015,F1,09/08/14,Bastia,Marseille,3.0,3.0,D,1.0,2.0,13.0,9.0,4.0,4.0
ligue-1,2014-2015,F1,09/08/14,Evian Thonon Gaillard,Caen,0.0,3.0,A,0.0,3.0,10.0,12.0,2.0,7.0
ligue-1,2014-2015,F1,09/08/14,Guingamp,St Etienne,0.0,2.0,A,0.0,1.0,6.0,7.0,3.0,2.0
ligue-1,2014-2015,F1,09/08/14,Lille,Metz,0.0,0.0,D,0.0,0.0,14.0,2.0,3.0,1.0
ligue-1,2014-2015,F1,09/08/14,Montpellier,Bordeaux,0.0,1.0,A,0.0,1.0,15.0,7.0,3.0,3.0
ligue-1,2014-2015,F1,09/08/14,Nantes,Lens,1.0,0.0,H,0.0,0.0,14.0,5.0,4.0,2.0
ligue-1,2014-2015,F1,09/08/14,Nice,Toulouse,3.0,2.0,H,1.0,2.0,22.0,11.0,8.0,3.0
ligue-1,2014-2015,F1,10/08/14,Lyon,Rennes,2.0,0.0,H,0.0,0.0,19.0,7.0,6.0,1.0
ligue-1,2014-2015,F1,10/08/14,Monaco,Lorient,1.0,2.0,A,0.0,1.0,12.0,9.0,7.0,3.0
ligue-1,2014-2015,F1,15/08/14,Caen,Lille,0.0,1.0,A,0.0,0.0,11.0,8.0,3.0,1.0
ligue-1,2014-2015,F1,16/08/14,Lens,Guingamp,0.0,1.0,A,0.0,0.0,14.0,10.0,4.0,4.0
ligue-1,2014-2015,F1,16/08/14,Lorient,Nice,0.0,0.0,D,0.0,0.0,13.0,9.0,6.0,2.0
ligue-1,2014-2015,F1,16/08/14,Metz,Nantes,1.0,1.0,D,1.0,1.0,12.0,6.0,5.0,2.0
ligue-1,2014-2015,F1,16/08/14,Paris SG,Bastia,2.0,0.0,H,1.0,0.0,15.0,5.0,5.0,1.0
ligue-1,2014-2015,F1,16/08/14,Rennes,Evian Thonon Gaillard,6.0,2.0,H,3.0,1.0,9.0,9.0,7.0,3.0
ligue-1,2014-2015,F1,16/08/14,Toulouse,Lyon,2.0,1.0,H,2.0,0.0,10.0,18.0,6.0,3.0
ligue-1,2014-2015,F1,17/08/14,Bordeaux,Monaco,4.0,1.0,H,0.0,1.0,9.0,9.0,5.0,3.0
ligue-1,2014-2015,F1,17/08/14,Marseille,Montpellier,0.0,2.0,A,0.0,1.0,22.0,10.0,5.0,3.0
ligue-1,2014-2015,F1,17/08/14,St Etienne,Reims,3.0,1.0,H,0.0,1.0,19.0,7.0,9.0,2.0
ligue-1,2014-2015,F1,22/08/14,Evian Thonon Gaillard,Paris SG,0.0,0.0,D,0.0,0.0,9.0,7.0,2.0,3.0
ligue-1,2014-2015,F1,23/08/14,Bastia,Toulouse,1.0,0.0,H,1.0,0.0,8.0,14.0,3.0,3.0
ligue-1,2014-2015,F1,23/08/14,Guingamp,Marseille,0.0,1.0,A,0.0,0.0,4.0,16.0,2.0,3.0
ligue-1,2014-2015,F1,23/08/14,Lille,Lorient,2.0,0.0,H,0.0,0.0,13.0,7.0,6.0,1.0
ligue-1,2014-2015,F1,23/08/14,Montpellier,Metz,2.0,0.0,H,1.0,0.0,12.0,12.0,5.0,3.0
ligue-1,2014-2015,F1,23/08/14,Nice,Bordeaux,1.0,3.0,A,1.0,1.0,11.0,12.0,2.0,7.0
ligue-1,2014-2015,F1,23/08/14,Reims,Caen,0.0,2.0,A,0.0,0.0,12.0,16.0,4.0,6.0
ligue-1,2014-2015,F1,24/08/14,Lyon,Lens,0.0,1.0,A,0.0,1.0,16.0,7.0,4.0,2.0
ligue-1,2014-2015,F1,24/08/14,Nantes,Monaco,0.0,1.0,A,0.0,1.0,15.0,6.0,5.0,2.0
ligue-1,2014-2015,F1,24/08/14,St Etienne,Rennes,0.0,0.0,D,0.0,0.0,11.0,5.0,2.0,0.0
ligue-1,2014-2015,F1,29/08/14,Marseille,Nice,4.0,0.0,H,2.0,0.0,20.0,8.0,8.0,3.0
ligue-1,2014-2015,F1,30/08/14,Caen,Rennes,0.0,1.0,A,0.0,0.0,13.0,10.0,4.0,1.0
ligue-1,2014-2015,F1,30/08/14,Lens,Reims,4.0,2.0,H,1.0,1.0,17.0,10.0,6.0,2.0
ligue-1,2014-2015,F1,30/08/14,Lorient,Guingamp,4.0,0.0,H,0.0,0.0,11.0,8.0,6.0,2.0
ligue-1,2014-2015,F1,30/08/14,Monaco,Lille,1.0,1.0,D,0.0,1.0,13.0,4.0,2.0,2.0
ligue-1,2014-2015,F1,30/08/14,Nantes,Montpellier,1.0,0.0,H,0.0,0.0,14.0,7.0,5.0,0.0
ligue-1,2014-2015,F1,30/08/14,Toulouse,Evian Thonon Gaillard,1.0,0.0,H,0.0,0.0,10.0,7.0,5.0,2.0
ligue-1,2014-2015,F1,31/08/14,Bordeaux,Bastia,1.0,1.0,D,0.0,1.0,23.0,8.0,4.0,4.0
ligue-1,2014-2015,F1,31/08/14,Metz,Lyon,2.0,1.0,H,0.0,0.0,7.0,17.0,3.0,5.0
ligue-1,2014-2015,F1,31/08/14,Paris SG,St Etienne,5.0,0.0,H,2.0,0.0,13.0,8.0,8.0,2.0
ligue-1,2014-2015,F1,12/09/14,Lyon,Monaco,2.0,1.0,H,1.0,1.0,11.0,16.0,3.0,9.0
ligue-1,2014-2015,F1,13/09/14,Bastia,Lens,1.0,1.0,D,0.0,1.0,9.0,6.0,4.0,2.0
ligue-1,2014-2015,F1,13/09/14,Montpellier,Lorient,1.0,0.0,H,1.0,0.0,11.0,11.0,1.0,4.0
ligue-1,2014-2015,F1,13/09/14,Nice,Metz,1.0,0.0,H,0.0,0.0,9.0,12.0,2.0,1.0
ligue-1,2014-2015,F1,13/09/14,Reims,Toulouse,2.0,0.0,H,1.0,0.0,6.0,14.0,3.0,1.0
ligue-1,2014-2015,F1,13/09/14,Rennes,Paris SG,1.0,1.0,D,0.0,1.0,5.0,8.0,2.0,5.0
ligue-1,2014-2015,F1,13/09/14,St Etienne,Caen,1.0,0.0,H,0.0,0.0,12.0,5.0,3.0,1.0
ligue-1,2014-2015,F1,14/09/14,Evian Thonon Gaillard,Marseille,1.0,3.0,A,0.0,2.0,10.0,6.0,1.0,4.0
ligue-1,2014-2015,F1,14/09/14,Guingamp,Bordeaux,2.0,1.0,H,2.0,0.0,11.0,7.0,6.0,2.0
ligue-1,2014-2015,F1,14/09/14,Lille,Nantes,2.0,0.0,H,0.0,0.0,13.0,10.0,5.0,3.0
ligue-1,2014-2015,F1,19/09/14,Bordeaux,Evian Thonon Gaillard,2.0,1.0,H,1.0,0.0,7.0,8.0,2.0,2.0
ligue-1,2014-2015,F1,20/09/14,Lorient,Reims,0.0,1.0,A,0.0,0.0,6.0,7.0,0.0,3.0
ligue-1,2014-2015,F1,20/09/14,Marseille,Rennes,3.0,0.0,H,0.0,0.0,16.0,13.0,7.0,5.0
ligue-1,2014-2015,F1,20/09/14,Metz,Bastia,3.0,1.0,H,1.0,1.0,19.0,10.0,9.0,1.0
ligue-1,2014-2015,F1,20/09/14,Nantes,Nice,2.0,1.0,H,2.0,0.0,19.0,4.0,4.0,2.0
ligue-1,2014-2015,F1,20/09/14,Toulouse,Caen,3.0,3.0,D,1.0,1.0,23.0,12.0,7.0,5.0
ligue-1,2014-2015,F1,21/09/14,Lens,St Etienne,0.0,1.0,A,0.0,0.0,9.0,15.0,4.0,3.0
ligue-1,2014-2015,F1,21/09/14,Lille,Montpellier,0.0,0.0,D,0.0,0.0,13.0,5.0,2.0,0.0
ligue-1,2014-2015,F1,21/09/14,Monaco,Guingamp,1.0,0.0,H,1.0,0.0,19.0,3.0,7.0,2.0
ligue-1,2014-2015,F1,21/09/14,Paris SG,Lyon,1.0,1.0,D,1.0,0.0,12.0,9.0,3.0,5.0
ligue-1,2014-2015,F1,23/09/14,Reims,Marseille,0.0,5.0,A,0.0,2.0,10.0,21.0,3.0,11.0
ligue-1,2014-2015,F1,23/09/14,Rennes,Toulouse,0.0,3.0,A,0.0,1.0,16.0,9.0,4.0,5.0
ligue-1,2014-2015,F1,24/09/14,Bastia,Nantes,0.0,0.0,D,0.0,0.0,4.0,14.0,0.0,2.0
ligue-1,2014-2015,F1,24/09/14,Caen,Paris SG,0.0,2.0,A,0.0,1.0,14.0,16.0,3.0,8.0
ligue-1,2014-2015,F1,24/09/14,Evian Thonon Gaillard,Lens,2.0,1.0,H,2.0,0.0,14.0,9.0,3.0,4.0
ligue-1,2014-2015,F1,24/09/14,Guingamp,Metz,0.0,1.0,A,0.0,1.0,12.0,9.0,1.0,4.0
ligue-1,2014-2015,F1,24/09/14,Lyon,Lorient,4.0,0.0,H,2.0,0.0,14.0,13.0,9.0,2.0
ligue-1,2014-2015,F1,24/09/14,Montpellier,Monaco,0.0,1.0,A,0.0,0.0,9.0,13.0,3.0,7.0
ligue-1,2014-2015,F1,24/09/14,Nice,Lille,1.0,0.0,H,1.0,0.0,9.0,6.0,3.0,3.0
ligue-1,2014-2015,F1,25/09/14,St Etienne,Bordeaux,1.0,1.0,D,1.0,1.0,22.0,3.0,7.0,2.0
ligue-1,2014-2015,F1,27/09/14,Lille,Bastia,1.0,0.0,H,1.0,0.0,19.0,8.0,7.0,2.0
ligue-1,2014-2015,F1,27/09/14,Lorient,Evian Thonon Gaillard,0.0,2.0,A,0.0,1.0,16.0,5.0,4.0,3.0
ligue-1,2014-2015,F1,27/09/14,Metz,Reims,3.0,0.0,H,0.0,0.0,17.0,4.0,9.0,1.0
ligue-1,2014-2015,F1,27/09/14,Monaco,Nice,0.0,1.0,A,0.0,1.0,8.0,8.0,1.0,2.0
ligue-1,2014-2015,F1,27/09/14,Montpellier,Guingamp,2.0,1.0,H,0.0,0.0,9.0,11.0,5.0,6.0
ligue-1,2014-2015,F1,27/09/14,Toulouse,Paris SG,1.0,1.0,D,1.0,1.0,11.0,8.0,5.0,2.0
ligue-1,2014-2015,F1,28/09/14,Bordeaux,Rennes,2.0,1.0,H,0.0,0.0,14.0,12.0,4.0,6.0
ligue-1,2014-2015,F1,28/09/14,Lens,Caen,0.0,0.0,D,0.0,0.0,9.0,13.0,2.0,2.0
ligue-1,2014-2015,F1,28/09/14,Marseille,St Etienne,2.0,1.0,H,2.0,0.0,14.0,11.0,8.0,5.0
ligue-1,2014-2015,F1,28/09/14,Nantes,Lyon,1.0,1.0,D,0.0,0.0,14.0,10.0,4.0,5.0
ligue-1,2014-2015,F1,03/10/14,Reims,Bordeaux,1.0,0.0,H,1.0,0.0,7.0,12.0,0.0,3.0
ligue-1,2014-2015,F1,04/10/14,Bastia,Lorient,0.0,2.0,A,0.0,0.0,6.0,14.0,3.0,6.0
ligue-1,2014-2015,F1,04/10/14,Caen,Marseille,1.0,2.0,A,0.0,0.0,11.0,22.0,4.0,9.0
ligue-1,2014-2015,F1,04/10/14,Evian Thonon Gaillard,Metz,3.0,0.0,H,0.0,0.0,8.0,8.0,2.0,3.0
ligue-1,2014-2015,F1,04/10/14,Nice,Montpellier,1.0,1.0,D,0.0,0.0,10.0,7.0,2.0,2.0
ligue-1,2014-2015,F1,04/10/14,Rennes,Lens,2.0,0.0,H,0.0,0.0,16.0,8.0,7.0,1.0
ligue-1,2014-2015,F1,05/10/14,Guingamp,Nantes,0.0,1.0,A,0.0,1.0,16.0,12.0,4.0,3.0
ligue-1,2014-2015,F1,05/10/14,Lyon,Lille,3.0,0.0,H,2.0,0.0,14.0,12.0,6.0,2.0
ligue-1,2014-2015,F1,05/10/14,Paris SG,Monaco,1.0,1.0,D,0.0,0.0,7.0,15.0,2.0,5.0
ligue-1,2014-2015,F1,05/10/14,St Etienne,Toulouse,0.0,1.0,A,0.0,1.0,21.0,7.0,1.0,1.0
ligue-1,2014-2015,F1,17/10/14,Lens,Paris SG,1.0,3.0,A,1.0,2.0,12.0,15.0,4.0,8.0
ligue-1,2014-2015,F1,18/10/14,Lille,Guingamp,1.0,2.0,A,0.0,1.0,29.0,6.0,10.0,4.0
ligue-1,2014-2015,F1,18/10/14,Lorient,St Etienne,0.0,1.0,A,0.0,0.0,3.0,15.0,1.0,6.0
ligue-1,2014-2015,F1,18/10/14,Metz,Rennes,0.0,0.0,D,0.0,0.0,13.0,14.0,3.0,3.0
ligue-1,2014-2015,F1,18/10/14,Monaco,Evian Thonon Gaillard,2.0,0.0,H,1.0,0.0,9.0,11.0,4.0,3.0
ligue-1,2014-2015,F1,18/10/14,Nantes,Reims,1.0,1.0,D,1.0,0.0,10.0,12.0,4.0,6.0
ligue-1,2014-2015,F1,18/10/14,Nice,Bastia,0.0,1.0,A,0.0,0.0,19.0,3.0,4.0,1.0
ligue-1,2014-2015,F1,19/10/14,Bordeaux,Caen,1.0,1.0,D,1.0,0.0,12.0,11.0,1.0,4.0
ligue-1,2014-2015,F1,19/10/14,Lyon,Montpellier,5.0,1.0,H,2.0,0.0,20.0,10.0,11.0,2.0
ligue-1,2014-2015,F1,19/10/14,Marseille,Toulouse,2.0,0.0,H,2.0,0.0,15.0,7.0,5.0,1.0
ligue-1,2014-2015,F1,24/10/14,Toulouse,Lens,0.0,2.0,A,0.0,2.0,16.0,7.0,4.0,2.0
ligue-1,2014-2015,F1,25/10/14,Bastia,Monaco,1.0,3.0,A,1.0,1.0,9.0,17.0,5.0,8.0
ligue-1,2014-2015,F1,25/10/14,Caen,Lorient,2.0,1.0,H,1.0,1.0,14.0,8.0,5.0,2.0
ligue-1,2014-2015,F1,25/10/14,Evian Thonon Gaillard,Nantes,0.0,2.0,A,0.0,1.0,9.0,14.0,0.0,7.0
ligue-1,2014-2015,F1,25/10/14,Paris SG,Bordeaux,3.0,0.0,H,1.0,0.0,11.0,8.0,5.0,1.0
ligue-1,2014-2015,F1,25/10/14,Reims,Montpellier,1.0,0.0,H,0.0,0.0,12.0,13.0,1.0,5.0
ligue-1,2014-2015,F1,26/10/14,Guingamp,Nice,2.0,7.0,A,1.0,4.0,14.0,13.0,5.0,10.0
ligue-1,2014-2015,F1,26/10/14,Lyon,Marseille,1.0,0.0,H,0.0,0.0,10.0,11.0,5.0,4.0
ligue-1,2014-2015,F1,26/10/14,Rennes,Lille,2.0,0.0,H,0.0,0.0,12.0,7.0,6.0,3.0
ligue-1,2014-2015,F1,26/10/14,St Etienne,Metz,1.0,0.0,H,0.0,0.0,12.0,10.0,5.0,1.0
ligue-1,2014-2015,F1,31/10/14,Monaco,Reims,1.0,1.0,D,1.0,0.0,12.0,7.0,5.0,1.0
ligue-1,2014-2015,F1,01/11/14,Guingamp,Bastia,1.0,0.0,H,1.0,0.0,9.0,7.0,2.0,3.0
ligue-1,2014-2015,F1,01/11/14,Lille,St Etienne,1.0,1.0,D,1.0,0.0,17.0,7.0,8.0,3.0
ligue-1,2014-2015,F1,01/11/14,Lorient,Paris SG,1.0,2.0,A,1.0,0.0,17.0,12.0,5.0,8.0
ligue-1,2014-2015,F1,01/11/14,Metz,Caen,3.0,2.0,H,1.0,0.0,11.0,12.0,4.0,3.0
ligue-1,2014-2015,F1,01/11/14,Montpellier,Evian Thonon Gaillard,2.0,0.0,H,1.0,0.0,14.0,7.0,6.0,1.0
ligue-1,2014-2015,F1,01/11/14,Nice,Lyon,1.0,3.0,A,0.0,0.0,9.0,16.0,3.0,8.0
ligue-1,2014-2015,F1,02/11/14,Bordeaux,Toulouse,2.0,1.0,H,0.0,0.0,13.0,10.0,3.0,2.0
ligue-1,2014-2015,F1,02/11/14,Marseille,Lens,2.0,1.0,H,1.0,1.0,14.0,15.0,5.0,4.0
ligue-1,2014-2015,F1,02/11/14,Nantes,Rennes,1.0,1.0,D,1.0,1.0,12.0,2.0,3.0,1.0
ligue-1,2014-2015,F1,07/11/14,Rennes,Lorient,1.0,0.0,H,0.0,0.0,8.0,6.0,3.0,2.0
ligue-1,2014-2015,F1,08/11/14,Bastia,Montpellier,2.0,0.0,H,2.0,0.0,10.0,7.0,5.0,1.0
ligue-1,2014-2015,F1,08/11/14,Caen,Nantes,1.0,2.0,A,1.0,1.0,13.0,7.0,5.0,3.0
ligue-1,2014-2015,F1,08/11/14,Evian Thonon Gaillard,Nice,1.0,0.0,H,0.0,0.0,10.0,8.0,2.0,4.0
ligue-1,2014-2015,F1,08/11/14,Lens,Bordeaux,1.0,2.0,A,0.0,2.0,8.0,12.0,2.0,3.0
ligue-1,2014-2015,F1,08/11/14,Toulouse,Metz,3.0,0.0,H,1.0,0.0,11.0,12.0,4.0,2.0
ligue-1,2014-2015,F1,09/11/14,Lyon,Guingamp,3.0,1.0,H,2.0,1.0,13.0,11.0,6.0,5.0
ligue-1,2014-2015,F1,09/11/14,Paris SG,Marseille,2.0,0.0,H,1.0,0.0,21.0,17.0,10.0,2.0
ligue-1,2014-2015,F1,09/11/14,Reims,Lille,2.0,0.0,H,2.0,0.0,18.0,9.0,11.0,2.0
ligue-1,2014-2015,F1,09/11/14,St Etienne,Monaco,1.0,1.0,D,0.0,1.0,11.0,6.0,3.0,2.0
ligue-1,2014-2015,F1,21/11/14,Metz,Paris SG,2.0,3.0,A,0.0,2.0,14.0,14.0,4.0,9.0
ligue-1,2014-2015,F1,22/11/14,Bastia,Lyon,0.0,0.0,D,0.0,0.0,9.0,7.0,2.0,1.0
ligue-1,2014-2015,F1,22/11/14,Guingamp,Rennes,0.0,1.0,A,0.0,1.0,16.0,13.0,2.0,5.0
ligue-1,2014-2015,F1,22/11/14,Lorient,Lens,1.0,0.0,H,1.0,0.0,24.0,5.0,13.0,1.0
ligue-1,2014-2015,F1,22/11/14,Monaco,Caen,2.0,2.0,D,1.0,0.0,25.0,13.0,9.0,3.0
ligue-1,2014-2015,F1,22/11/14,Nice,Reims,0.0,0.0,D,0.0,0.0,13.0,10.0,3.0,2.0
ligue-1,2014-2015,F1,23/11/14,Marseille,Bordeaux,3.0,1.0,H,0.0,0.0,26.0,12.0,12.0,4.0
ligue-1,2014-2015,F1,23/11/14,Montpellier,Toulouse,2.0,0.0,H,1.0,0.0,19.0,7.0,7.0,1.0
ligue-1,2014-2015,F1,23/11/14,Nantes,St Etienne,0.0,0.0,D,0.0,0.0,11.0,13.0,7.0,5.0
ligue-1,2014-2015,F1,28/11/14,Marseille,Nantes,2.0,0.0,H,2.0,0.0,15.0,13.0,4.0,4.0
ligue-1,2014-2015,F1,29/11/14,Caen,Montpellier,1.0,1.0,D,1.0,1.0,21.0,8.0,8.0,4.0
ligue-1,2014-2015,F1,29/11/14,Lens,Metz,2.0,0.0,H,0.0,0.0,15.0,6.0,4.0,1.0
ligue-1,2014-2015,F1,29/11/14,Paris SG,Nice,1.0,0.0,H,1.0,0.0,10.0,9.0,2.0,4.0
ligue-1,2014-2015,F1,29/11/14,Reims,Bastia,2.0,1.0,H,1.0,1.0,11.0,7.0,4.0,3.0
ligue-1,2014-2015,F1,29/11/14,Rennes,Monaco,2.0,0.0,H,2.0,0.0,6.0,9.0,3.0,3.0
ligue-1,2014-2015,F1,29/11/14,Toulouse,Lorient,2.0,3.0,A,1.0,0.0,14.0,15.0,4.0,9.0
ligue-1,2014-2015,F1,30/11/14,Bordeaux,Lille,1.0,0.0,H,0.0,0.0,13.0,7.0,2.0,1.0
ligue-1,2014-2015,F1,30/11/14,Evian Thonon Gaillard,Guingamp,2.0,0.0,H,0.0,0.0,9.0,12.0,3.0,5.0
ligue-1,2014-2015,F1,30/11/14,St Etienne,Lyon,3.0,0.0,H,2.0,0.0,11.0,12.0,5.0,3.0
ligue-1,2014-2015,F1,02/12/14,Lorient,Marseille,1.0,1.0,D,1.0,1.0,11.0,16.0,3.0,8.0
ligue-1,2014-2015,F1,02/12/14,Monaco,Lens,2.0,0.0,H,0.0,0.0,8.0,14.0,5.0,3.0
ligue-1,2014-2015,F1,02/12/14,Nantes,Toulouse,1.0,2.0,A,0.0,1.0,17.0,8.0,4.0,2.0
ligue-1,2014-2015,F1,03/12/14,Bastia,Evian Thonon Gaillard,1.0,2.0,A,1.0,0.0,10.0,8.0,3.0,4.0
ligue-1,2014-2015,F1,03/12/14,Guingamp,Caen,5.0,1.0,H,2.0,1.0,17.0,5.0,9.0,2.0
ligue-1,2014-2015,F1,03/12/14,Lille,Paris SG,1.0,1.0,D,1.0,1.0,18.0,15.0,5.0,8.0
ligue-1,2014-2015,F1,03/12/14,Metz,Bordeaux,0.0,0.0,D,0.0,0.0,10.0,13.0,4.0,1.0
ligue-1,2014-2015,F1,03/12/14,Montpellier,St Etienne,0.0,2.0,A,0.0,2.0,9.0,9.0,3.0,6.0
ligue-1,2014-2015,F1,03/12/14,Nice,Rennes,1.0,2.0,A,0.0,1.0,10.0,4.0,3.0,2.0
ligue-1,2014-2015,F1,04/12/14,Lyon,Reims,2.0,1.0,H,1.0,1.0,17.0,12.0,5.0,5.0
ligue-1,2014-2015,F1,05/12/14,Toulouse,Monaco,0.0,2.0,A,0.0,1.0,11.0,10.0,1.0,5.0
ligue-1,2014-2015,F1,06/12/14,Bordeaux,Lorient,3.0,2.0,H,1.0,1.0,23.0,15.0,11.0,4.0
ligue-1,2014-2015,F1,06/12/14,Caen,Nice,2.0,3.0,A,2.0,1.0,15.0,18.0,5.0,10.0
ligue-1,2014-2015,F1,06/12/14,Paris SG,Nantes,2.0,1.0,H,1.0,1.0,12.0,3.0,4.0,2.0
ligue-1,2014-2015,F1,06/12/14,Rennes,Montpellier,0.0,4.0,A,0.0,1.0,15.0,11.0,3.0,10.0
ligue-1,2014-2015,F1,06/12/14,St Etienne,Bastia,1.0,0.0,H,0.0,0.0,14.0,12.0,2.0,3.0
ligue-1,2014-2015,F1,07/12/14,Evian Thonon Gaillard,Lyon,2.0,3.0,A,1.0,0.0,6.0,20.0,2.0,8.0
ligue-1,2014-2015,F1,07/12/14,Lens,Lille,1.0,1.0,D,0.0,0.0,14.0,5.0,3.0,2.0
ligue-1,2014-2015,F1,07/12/14,Marseille,Metz,3.0,1.0,H,1.0,0.0,16.0,14.0,7.0,5.0
ligue-1,2014-2015,F1,07/12/14,Reims,Guingamp,2.0,3.0,A,1.0,1.0,14.0,7.0,5.0,5.0
ligue-1,2014-2015,F1,12/12/14,Lyon,Caen,3.0,0.0,H,1.0,0.0,23.0,9.0,12.0,2.0
ligue-1,2014-2015,F1,13/12/14,Bastia,Rennes,2.0,0.0,H,1.0,0.0,16.0,5.0,6.0,1.0
ligue-1,2014-2015,F1,13/12/14,Lorient,Metz,3.0,1.0,H,3.0,0.0,21.0,11.0,8.0,2.0
ligue-1,2014-2015,F1,13/12/14,Montpellier,Lens,3.0,3.0,D,2.0,2.0,12.0,16.0,5.0,7.0
ligue-1,2014-2015,F1,13/12/14,Nantes,Bordeaux,2.0,1.0,H,1.0,1.0,6.0,11.0,1.0,5.0
ligue-1,2014-2015,F1,13/12/14,Reims,Evian Thonon Gaillard,3.0,2.0,H,1.0,0.0,14.0,9.0,5.0,5.0
ligue-1,2014-2015,F1,14/12/14,Guingamp,Paris SG,1.0,0.0,H,1.0,0.0,7.0,15.0,2.0,3.0
ligue-1,2014-2015,F1,14/12/14,Lille,Toulouse,3.0,0.0,H,1.0,0.0,15.0,3.0,7.0,1.0
ligue-1,2014-2015,F1,14/12/14,Monaco,Marseille,1.0,0.0,H,0.0,0.0,12.0,10.0,3.0,3.0
ligue-1,2014-2015,F1,14/12/14,Nice,St Etienne,0.0,0.0,D,0.0,0.0,5.0,11.0,3.0,2.0
ligue-1,2014-2015,F1,19/12/14,Lens,Nice,2.0,0.0,H,1.0,0.0,10.0,5.0,5.0,1.0
ligue-1,2014-2015,F1,20/12/14,Caen,Bastia,1.0,1.0,D,0.0,1.0,13.0,9.0,1.0,3.0
ligue-1,2014-2015,F1,20/12/14,Lorient,Nantes,1.0,2.0,A,0.0,1.0,20.0,14.0,10.0,7.0
ligue-1,2014-2015,F1,20/12/14,Metz,Monaco,0.0,1.0,A,0.0,0.0,18.0,10.0,7.0,3.0
ligue-1,2014-2015,F1,20/12/14,Paris SG,Montpellier,0.0,0.0,D,0.0,0.0,12.0,1.0,4.0,0.0
ligue-1,2014-2015,F1,20/12/14,Rennes,Reims,1.0,3.0,A,1.0,0.0,7.0,12.0,2.0,5.0
ligue-1,2014-2015,F1,20/12/14,Toulouse,Guingamp,1.0,1.0,D,1.0,1.0,11.0,10.0,5.0,3.0
ligue-1,2014-2015,F1,21/12/14,Bordeaux,Lyon,0.0,5.0,A,0.0,1.0,11.0,18.0,4.0,9.0
ligue-1,2014-2015,F1,21/12/14,Marseille,Lille,2.0,1.0,H,1.0,0.0,13.0,10.0,1.0,2.0
ligue-1,2014-2015,F1,21/12/14,St Etienne,Evian Thonon Gaillard,3.0,0.0,H,2.0,0.0,7.0,6.0,4.0,1.0
ligue-1,2014-2015,F1,07/01/15,Lille,Evian Thonon Gaillard,1.0,0.0,H,0.0,0.0,11.0,6.0,3.0,2.0
ligue-1,2014-2015,F1,09/01/15,Montpellier,Marseille,2.0,1.0,H,1.0,0.0,12.0,12.0,4.0,4.0
ligue-1,2014-2015,F1,10/01/15,Bastia,Paris SG,4.0,2.0,H,2.0,2.0,6.0,10.0,4.0,4.0
ligue-1,2014-2015,F1,10/01/15,Evian Thonon Gaillard,Rennes,1.0,1.0,D,0.0,0.0,9.0,11.0,3.0,7.0
ligue-1,2014-2015,F1,10/01/15,Guingamp,Lens,2.0,0.0,H,1.0,0.0,14.0,10.0,3.0,2.0
ligue-1,2014-2015,F1,10/01/15,Lille,Caen,1.0,0.0,H,1.0,0.0,14.0,5.0,4.0,2.0
ligue-1,2014-2015,F1,10/01/15,Nice,Lorient,3.0,1.0,H,1.0,1.0,20.0,5.0,9.0,1.0
ligue-1,2014-2015,F1,10/01/15,Reims,St Etienne,1.0,2.0,A,0.0,1.0,25.0,14.0,7.0,6.0
ligue-1,2014-2015,F1,11/01/15,Lyon,Toulouse,3.0,0.0,H,2.0,0.0,8.0,9.0,5.0,2.0
ligue-1,2014-2015,F1,11/01/15,Monaco,Bordeaux,0.0,0.0,D,0.0,0.0,14.0,9.0,4.0,5.0
ligue-1,2014-2015,F1,11/01/15,Nantes,Metz,0.0,0.0,D,0.0,0.0,11.0,9.0,1.0,3.0
ligue-1,2014-2015,F1,16/01/15,Bordeaux,Nice,1.0,2.0,A,1.0,0.0,8.0,9.0,3.0,2.0
ligue-1,2014-2015,F1,17/01/15,Caen,Reims,4.0,1.0,H,3.0,1.0,15.0,12.0,7.0,2.0
ligue-1,2014-2015,F1,17/01/15,Lens,Lyon,0.0,2.0,A,0.0,2.0,12.0,8.0,4.0,4.0
ligue-1,2014-2015,F1,17/01/15,Lorient,Lille,1.0,0.0,H,0.0,0.0,15.0,13.0,6.0,4.0
ligue-1,2014-2015,F1,17/01/15,Metz,Montpellier,2.0,3.0,A,2.0,1.0,7.0,14.0,3.0,5.0
ligue-1,2014-2015,F1,17/01/15,Monaco,Nantes,1.0,0.0,H,0.0,0.0,11.0,13.0,4.0,2.0
ligue-1,2014-2015,F1,17/01/15,Toulouse,Bastia,1.0,1.0,D,0.0,0.0,13.0,3.0,4.0,1.0
ligue-1,2014-2015,F1,18/01/15,Marseille,Guingamp,2.0,1.0,H,0.0,0.0,16.0,11.0,7.0,4.0
ligue-1,2014-2015,F1,18/01/15,Paris SG,Evian Thonon Gaillard,4.0,2.0,H,2.0,1.0,10.0,5.0,8.0,1.0
ligue-1,2014-2015,F1,18/01/15,Rennes,St Etienne,0.0,0.0,D,0.0,0.0,6.0,5.0,1.0,1.0
ligue-1,2014-2015,F1,23/01/15,Nice,Marseille,2.0,1.0,H,0.0,0.0,10.0,18.0,3.0,3.0
ligue-1,2014-2015,F1,24/01/15,Bastia,Bordeaux,0.0,0.0,D,0.0,0.0,11.0,13.0,4.0,4.0
ligue-1,2014-2015,F1,24/01/15,Guingamp,Lorient,3.0,2.0,H,1.0,0.0,11.0,17.0,6.0,5.0
ligue-1,2014-2015,F1,24/01/15,Lille,Monaco,0.0,1.0,A,0.0,0.0,11.0,9.0,1.0,2.0
ligue-1,2014-2015,F1,24/01/15,Montpellier,Nantes,4.0,0.0,H,1.0,0.0,9.0,14.0,6.0,6.0
ligue-1,2014-2015,F1,25/01/15,Evian Thonon Gaillard,Toulouse,1.0,0.0,H,1.0,0.0,7.0,9.0,3.0,4.0
ligue-1,2014-2015,F1,25/01/15,Lyon,Metz,2.0,0.0,H,1.0,0.0,21.0,5.0,6.0,2.0
ligue-1,2014-2015,F1,25/01/15,Reims,Lens,0.0,0.0,D,0.0,0.0,12.0,20.0,3.0,7.0
ligue-1,2014-2015,F1,25/01/15,Rennes,Caen,1.0,4.0,A,1.0,1.0,14.0,11.0,5.0,5.0
ligue-1,2014-2015,F1,25/01/15,St Etienne,Paris SG,0.0,1.0,A,0.0,0.0,10.0,11.0,1.0,3.0
ligue-1,2014-2015,F1,30/01/15,Paris SG,Rennes,1.0,0.0,H,1.0,0.0,8.0,7.0,2.0,2.0
ligue-1,2014-2015,F1,31/01/15,Lens,Bastia,1.0,1.0,D,0.0,0.0,20.0,4.0,5.0,1.0
ligue-1,2014-2015,F1,31/01/15,Lorient,Montpellier,0.0,0.0,D,0.0,0.0,13.0,7.0,5.0,1.0
ligue-1,2014-2015,F1,31/01/15,Marseille,Evian Thonon Gaillard,1.0,0.0,H,0.0,0.0,18.0,3.0,1.0,1.0
ligue-1,2014-2015,F1,31/01/15,Metz,Nice,0.0,0.0,D,0.0,0.0,10.0,4.0,3.0,0.0
ligue-1,2014-2015,F1,31/01/15,Nantes,Lille,1.0,1.0,D,0.0,1.0,14.0,14.0,7.0,3.0
ligue-1,2014-2015,F1,31/01/15,Toulouse,Reims,1.0,0.0,H,1.0,0.0,16.0,5.0,3.0,2.0
ligue-1,2014-2015,F1,01/02/15,Bordeaux,Guingamp,1.0,1.0,D,0.0,1.0,14.0,9.0,3.0,5.0
ligue-1,2014-2015,F1,01/02/15,Caen,St Etienne,1.0,0.0,H,1.0,0.0,14.0,11.0,5.0,1.0
ligue-1,2014-2015,F1,01/02/15,Monaco,Lyon,0.0,0.0,D,0.0,0.0,9.0,6.0,1.0,3.0
ligue-1,2014-2015,F1,06/02/15,St Etienne,Lens,3.0,3.0,D,1.0,0.0,14.0,13.0,6.0,8.0
ligue-1,2014-2015,F1,07/02/15,Bastia,Metz,2.0,0.0,H,0.0,0.0,14.0,8.0,8.0,5.0
ligue-1,2014-2015,F1,07/02/15,Caen,Toulouse,2.0,0.0,H,1.0,0.0,12.0,13.0,4.0,1.0
ligue-1,2014-2015,F1,07/02/15,Evian Thonon Gaillard,Bordeaux,0.0,1.0,A,0.0,1.0,8.0,4.0,4.0,1.0
ligue-1,2014-2015,F1,07/02/15,Montpellier,Lille,1.0,2.0,A,0.0,1.0,13.0,9.0,8.0,5.0
ligue-1,2014-2015,F1,07/02/15,Reims,Lorient,1.0,3.0,A,1.0,0.0,10.0,12.0,4.0,4.0
ligue-1,2014-2015,F1,07/02/15,Rennes,Marseille,1.0,1.0,D,1.0,0.0,11.0,10.0,2.0,2.0
ligue-1,2014-2015,F1,08/02/15,Guingamp,Monaco,1.0,0.0,H,0.0,0.0,7.0,19.0,2.0,5.0
ligue-1,2014-2015,F1,08/02/15,Lyon,Paris SG,1.0,1.0,D,1.0,0.0,7.0,14.0,2.0,6.0
ligue-1,2014-2015,F1,08/02/15,Nice,Nantes,0.0,0.0,D,0.0,0.0,19.0,8.0,7.0,2.0
ligue-1,2014-2015,F1,13/02/15,Marseille,Reims,2.0,2.0,D,0.0,1.0,21.0,14.0,5.0,5.0
ligue-1,2014-2015,F1,14/02/15,Lens,Evian Thonon Gaillard,0.0,2.0,A,0.0,2.0,13.0,8.0,3.0,3.0
ligue-1,2014-2015,F1,14/02/15,Lille,Nice,0.0,0.0,D,0.0,0.0,8.0,5.0,1.0,1.0
ligue-1,2014-2015,F1,14/02/15,Nantes,Bastia,0.0,2.0,A,0.0,1.0,11.0,6.0,3.0,2.0
ligue-1,2014-2015,F1,14/02/15,Paris SG,Caen,2.0,2.0,D,2.0,0.0,13.0,14.0,6.0,7.0
ligue-1,2014-2015,F1,14/02/15,Toulouse,Rennes,2.0,1.0,H,1.0,0.0,18.0,11.0,6.0,3.0
ligue-1,2014-2015,F1,15/02/15,Bordeaux,St Etienne,1.0,0.0,H,1.0,0.0,13.0,11.0,4.0,4.0
ligue-1,2014-2015,F1,15/02/15,Lorient,Lyon,1.0,1.0,D,0.0,0.0,13.0,9.0,3.0,6.0
ligue-1,2014-2015,F1,15/02/15,Metz,Guingamp,0.0,2.0,A,0.0,2.0,14.0,13.0,2.0,5.0
ligue-1,2014-2015,F1,20/02/15,Nice,Monaco,0.0,1.0,A,0.0,0.0,10.0,10.0,3.0,2.0
ligue-1,2014-2015,F1,21/02/15,Bastia,Lille,2.0,1.0,H,2.0,1.0,7.0,10.0,5.0,3.0
ligue-1,2014-2015,F1,21/02/15,Caen,Lens,4.0,1.0,H,3.0,1.0,8.0,14.0,4.0,3.0
ligue-1,2014-2015,F1,21/02/15,Paris SG,Toulouse,3.0,1.0,H,1.0,0.0,8.0,8.0,4.0,3.0
ligue-1,2014-2015,F1,21/02/15,Rennes,Bordeaux,1.0,1.0,D,1.0,0.0,8.0,20.0,3.0,6.0
ligue-1,2014-2015,F1,22/02/15,Guingamp,Montpellier,0.0,2.0,A,0.0,1.0,4.0,16.0,2.0,9.0
ligue-1,2014-2015,F1,22/02/15,Lyon,Nantes,1.0,0.0,H,0.0,0.0,15.0,5.0,3.0,0.0
ligue-1,2014-2015,F1,22/02/15,Reims,Metz,0.0,0.0,D,0.0,0.0,13.0,12.0,3.0,6.0
ligue-1,2014-2015,F1,22/02/15,St Etienne,Marseille,2.0,2.0,D,0.0,0.0,16.0,13.0,6.0,4.0
ligue-1,2014-2015,F1,27/02/15,Marseille,Caen,2.0,3.0,A,1.0,0.0,21.0,15.0,9.0,10.0
ligue-1,2014-2015,F1,28/02/15,Bordeaux,Reims,1.0,1.0,D,1.0,1.0,14.0,7.0,6.0,3.0
ligue-1,2014-2015,F1,28/02/15,Lens,Rennes,0.0,1.0,A,0.0,1.0,13.0,8.0,2.0,2.0
ligue-1,2014-2015,F1,28/02/15,Lille,Lyon,2.0,1.0,H,0.0,1.0,13.0,10.0,3.0,4.0
ligue-1,2014-2015,F1,28/02/15,Lorient,Bastia,2.0,0.0,H,1.0,0.0,18.0,8.0,6.0,4.0
ligue-1,2014-2015,F1,28/02/15,Metz,Evian Thonon Gaillard,1.0,2.0,A,1.0,1.0,13.0,5.0,5.0,2.0
ligue-1,2014-2015,F1,28/02/15,Toulouse,St Etienne,1.0,1.0,D,0.0,1.0,11.0,7.0,4.0,4.0
ligue-1,2014-2015,F1,01/03/15,Monaco,Paris SG,0.0,0.0,D,0.0,0.0,6.0,12.0,1.0,2.0
ligue-1,2014-2015,F1,01/03/15,Montpellier,Nice,2.0,1.0,H,1.0,1.0,12.0,15.0,5.0,7.0
ligue-1,2014-2015,F1,01/03/15,Nantes,Guingamp,1.0,0.0,H,0.0,0.0,9.0,3.0,3.0,2.0
ligue-1,2014-2015,F1,04/03/15,Evian Thonon Gaillard,Lorient,1.0,0.0,H,1.0,0.0,7.0,17.0,2.0,7.0
ligue-1,2014-2015,F1,06/03/15,Toulouse,Marseille,1.0,6.0,A,0.0,4.0,16.0,11.0,2.0,8.0
ligue-1,2014-2015,F1,07/03/15,Bastia,Nice,2.0,1.0,H,1.0,1.0,14.0,5.0,7.0,1.0
ligue-1,2014-2015,F1,07/03/15,Caen,Bordeaux,1.0,2.0,A,0.0,0.0,8.0,15.0,1.0,5.0
ligue-1,2014-2015,F1,07/03/15,Evian Thonon Gaillard,Monaco,1.0,3.0,A,0.0,2.0,11.0,11.0,6.0,5.0
ligue-1,2014-2015,F1,07/03/15,Paris SG,Lens,4.0,1.0,H,1.0,0.0,27.0,8.0,14.0,3.0
ligue-1,2014-2015,F1,07/03/15,Reims,Nantes,3.0,1.0,H,2.0,0.0,22.0,7.0,9.0,4.0
ligue-1,2014-2015,F1,07/03/15,Rennes,Metz,1.0,0.0,H,1.0,0.0,7.0,16.0,4.0,4.0
ligue-1,2014-2015,F1,08/03/15,Guingamp,Lille,0.0,1.0,A,0.0,0.0,4.0,15.0,2.0,4.0
ligue-1,2014-2015,F1,08/03/15,Montpellier,Lyon,1.0,5.0,A,1.0,2.0,10.0,15.0,4.0,8.0
ligue-1,2014-2015,F1,08/03/15,St Etienne,Lorient,2.0,0.0,H,0.0,0.0,15.0,5.0,4.0,2.0
ligue-1,2014-2015,F1,13/03/15,Monaco,Bastia,3.0,0.0,H,2.0,0.0,15.0,6.0,9.0,0.0
ligue-1,2014-2015,F1,13/03/15,Nice,Guingamp,1.0,2.0,A,0.0,0.0,12.0,10.0,2.0,5.0
ligue-1,2014-2015,F1,14/03/15,Lens,Toulouse,1.0,0.0,H,0.0,0.0,11.0,12.0,4.0,2.0
ligue-1,2014-2015,F1,14/03/15,Lorient,Caen,2.0,1.0,H,1.0,1.0,27.0,9.0,8.0,3.0
ligue-1,2014-2015,F1,14/03/15,Metz,St Etienne,2.0,3.0,A,0.0,2.0,13.0,7.0,4.0,4.0
ligue-1,2014-2015,F1,14/03/15,Montpellier,Reims,3.0,1.0,H,1.0,0.0,14.0,14.0,7.0,5.0
ligue-1,2014-2015,F1,14/03/15,Nantes,Evian Thonon Gaillard,2.0,1.0,H,1.0,0.0,10.0,12.0,4.0,4.0
ligue-1,2014-2015,F1,15/03/15,Bordeaux,Paris SG,3.0,2.0,H,1.0,0.0,22.0,7.0,6.0,5.0
ligue-1,2014-2015,F1,15/03/15,Lille,Rennes,3.0,0.0,H,1.0,0.0,16.0,9.0,4.0,2.0
ligue-1,2014-2015,F1,15/03/15,Marseille,Lyon,0.0,0.0,D,0.0,0.0,17.0,11.0,5.0,7.0
ligue-1,2014-2015,F1,20/03/15,Paris SG,Lorient,3.0,1.0,H,1.0,0.0,17.0,10.0,10.0,4.0
ligue-1,2014-2015,F1,21/03/15,Bastia,Guingamp,0.0,0.0,D,0.0,0.0,15.0,12.0,5.0,4.0
ligue-1,2014-2015,F1,21/03/15,Caen,Metz,0.0,0.0,D,0.0,0.0,15.0,9.0,4.0,2.0
ligue-1,2014-2015,F1,21/03/15,Evian Thonon Gaillard,Montpellier,1.0,0.0,H,0.0,0.0,10.0,7.0,1.0,3.0
ligue-1,2014-2015,F1,21/03/15,Lyon,Nice,1.0,2.0,A,0.0,1.0,21.0,10.0,8.0,4.0
ligue-1,2014-2015,F1,21/03/15,Rennes,Nantes,0.0,0.0,D,0.0,0.0,8.0,9.0,2.0,0.0
ligue-1,2014-2015,F1,21/03/15,Toulouse,Bordeaux,2.0,1.0,H,1.0,1.0,10.0,14.0,5.0,7.0
ligue-1,2014-2015,F1,22/03/15,Lens,Marseille,0.0,4.0,A,0.0,0.0,16.0,15.0,3.0,6.0
ligue-1,2014-2015,F1,22/03/15,Reims,Monaco,1.0,3.0,A,0.0,2.0,16.0,12.0,3.0,5.0
ligue-1,2014-2015,F1,22/03/15,St Etienne,Lille,2.0,0.0,H,0.0,0.0,12.0,6.0,6.0,1.0
ligue-1,2014-2015,F1,03/04/15,Monaco,St Etienne,1.0,1.0,D,0.0,0.0,7.0,11.0,1.0,3.0
ligue-1,2014-2015,F1,04/04/15,Guingamp,Lyon,1.0,3.0,A,0.0,2.0,4.0,10.0,1.0,6.0
ligue-1,2014-2015,F1,04/04/15,Lille,Reims,3.0,1.0,H,1.0,0.0,14.0,10.0,8.0,3.0
ligue-1,2014-2015,F1,04/04/15,Lorient,Rennes,0.0,3.0,A,0.0,2.0,24.0,10.0,8.0,5.0
ligue-1,2014-2015,F1,04/04/15,Metz,Toulouse,3.0,2.0,H,2.0,1.0,21.0,5.0,8.0,3.0
ligue-1,2014-2015,F1,04/04/15,Montpellier,Bastia,3.0,1.0,H,0.0,1.0,11.0,6.0,5.0,1.0
ligue-1,2014-2015,F1,04/04/15,Nice,Evian Thonon Gaillard,2.0,2.0,D,1.0,1.0,10.0,8.0,3.0,3.0
ligue-1,2014-2015,F1,05/04/15,Bordeaux,Lens,2.0,1.0,H,0.0,0.0,17.0,9.0,8.0,2.0
ligue-1,2014-2015,F1,05/04/15,Marseille,Paris SG,2.0,3.0,A,2.0,1.0,17.0,13.0,5.0,7.0
ligue-1,2014-2015,F1,05/04/15,Nantes,Caen,1.0,2.0,A,1.0,0.0,8.0,11.0,4.0,3.0
ligue-1,2014-2015,F1,07/04/15,Monaco,Montpellier,0.0,0.0,D,0.0,0.0,10.0,4.0,2.0,1.0
ligue-1,2014-2015,F1,10/04/15,Caen,Monaco,0.0,3.0,A,0.0,1.0,7.0,11.0,2.0,4.0
ligue-1,2014-2015,F1,12/04/15,Bordeaux,Marseille,1.0,0.0,H,0.0,0.0,11.0,15.0,1.0,3.0
ligue-1,2014-2015,F1,12/04/15,Evian Thonon Gaillard,Lille,0.0,1.0,A,0.0,0.0,9.0,9.0,3.0,1.0
ligue-1,2014-2015,F1,12/04/15,Lens,Lorient,0.0,0.0,D,0.0,0.0,9.0,7.0,2.0,3.0
ligue-1,2014-2015,F1,12/04/15,Reims,Nice,0.0,1.0,A,0.0,1.0,17.0,11.0,3.0,5.0
ligue-1,2014-2015,F1,12/04/15,Rennes,Guingamp,1.0,0.0,H,0.0,0.0,11.0,6.0,5.0,1.0
ligue-1,2014-2015,F1,12/04/15,St Etienne,Nantes,1.0,0.0,H,1.0,0.0,6.0,9.0,2.0,2.0
ligue-1,2014-2015,F1,12/04/15,Toulouse,Montpellier,1.0,0.0,H,1.0,0.0,10.0,9.0,3.0,2.0
ligue-1,2014-2015,F1,15/04/15,Lyon,Bastia,2.0,0.0,H,0.0,0.0,15.0,6.0,7.0,3.0
ligue-1,2014-2015,F1,17/04/15,Nantes,Marseille,1.0,0.0,H,1.0,0.0,8.0,6.0,2.0,2.0
ligue-1,2014-2015,F1,18/04/15,Bastia,Reims,1.0,2.0,A,0.0,2.0,5.0,6.0,1.0,5.0
ligue-1,2014-2015,F1,18/04/15,Guingamp,Evian Thonon Gaillard,1.0,1.0,D,1.0,0.0,11.0,7.0,6.0,3.0
ligue-1,2014-2015,F1,18/04/15,Lorient,Toulouse,0.0,1.0,A,0.0,1.0,13.0,9.0,1.0,3.0
ligue-1,2014-2015,F1,18/04/15,Metz,Lens,3.0,1.0,H,1.0,0.0,18.0,6.0,7.0,2.0
ligue-1,2014-2015,F1,18/04/15,Monaco,Rennes,1.0,1.0,D,1.0,0.0,9.0,9.0,1.0,3.0
ligue-1,2014-2015,F1,18/04/15,Nice,Paris SG,1.0,3.0,A,1.0,1.0,17.0,14.0,4.0,8.0
ligue-1,2014-2015,F1,19/04/15,Lille,Bordeaux,2.0,0.0,H,1.0,0.0,6.0,8.0,4.0,4.0
ligue-1,2014-2015,F1,19/04/15,Lyon,St Etienne,2.0,2.0,D,1.0,2.0,21.0,11.0,6.0,6.0
ligue-1,2014-2015,F1,19/04/15,Montpellier,Caen,1.0,0.0,H,1.0,0.0,12.0,6.0,6.0,2.0
ligue-1,2014-2015,F1,24/04/15,Marseille,Lorient,3.0,5.0,A,0.0,2.0,12.0,11.0,5.0,6.0
ligue-1,2014-2015,F1,25/04/15,Bordeaux,Metz,1.0,1.0,D,0.0,1.0,18.0,7.0,4.0,3.0
ligue-1,2014-2015,F1,25/04/15,Caen,Guingamp,0.0,2.0,A,0.0,0.0,12.0,7.0,0.0,3.0
ligue-1,2014-2015,F1,25/04/15,Evian Thonon Gaillard,Bastia,1.0,2.0,A,1.0,0.0,12.0,13.0,2.0,4.0
ligue-1,2014-2015,F1,25/04/15,Paris SG,Lille,6.0,1.0,H,4.0,0.0,11.0,9.0,7.0,1.0
ligue-1,2014-2015,F1,25/04/15,Rennes,Nice,2.0,1.0,H,0.0,1.0,11.0,9.0,5.0,3.0
ligue-1,2014-2015,F1,25/04/15,Toulouse,Nantes,1.0,1.0,D,1.0,0.0,11.0,12.0,3.0,3.0
ligue-1,2014-2015,F1,26/04/15,Lens,Monaco,0.0,3.0,A,0.0,2.0,8.0,13.0,1.0,6.0
ligue-1,2014-2015,F1,26/04/15,Reims,Lyon,2.0,4.0,A,1.0,3.0,17.0,14.0,5.0,10.0
ligue-1,2014-2015,F1,26/04/15,St Etienne,Montpellier,1.0,0.0,H,1.0,0.0,8.0,10.0,3.0,3.0
ligue-1,2014-2015,F1,28/04/15,Paris SG,Metz,3.0,1.0,H,2.0,0.0,11.0,8.0,5.0,2.0
ligue-1,2014-2015,F1,01/05/15,Metz,Marseille,0.0,2.0,A,0.0,1.0,17.0,11.0,6.0,8.0
ligue-1,2014-2015,F1,02/05/15,Bastia,St Etienne,1.0,0.0,H,0.0,0.0,11.0,7.0,4.0,1.0
ligue-1,2014-2015,F1,02/05/15,Guingamp,Reims,2.0,0.0,H,0.0,0.0,9.0,6.0,3.0,1.0
ligue-1,2014-2015,F1,02/05/15,Lorient,Bordeaux,0.0,0.0,D,0.0,0.0,6.0,14.0,2.0,4.0
ligue-1,2014-2015,F1,02/05/15,Lyon,Evian Thonon Gaillard,2.0,0.0,H,2.0,0.0,16.0,8.0,6.0,3.0
ligue-1,2014-2015,F1,02/05/15,Montpellier,Rennes,0.0,0.0,D,0.0,0.0,11.0,4.0,1.0,1.0
ligue-1,2014-2015,F1,02/05/15,Nice,Caen,1.0,1.0,D,1.0,1.0,16.0,16.0,1.0,5.0
ligue-1,2014-2015,F1,03/05/15,Lille,Lens,3.0,1.0,H,1.0,1.0,14.0,3.0,8.0,1.0
ligue-1,2014-2015,F1,03/05/15,Monaco,Toulouse,4.0,1.0,H,2.0,1.0,6.0,11.0,6.0,4.0
ligue-1,2014-2015,F1,03/05/15,Nantes,Paris SG,0.0,2.0,A,0.0,2.0,12.0,14.0,3.0,7.0
ligue-1,2014-2015,F1,08/05/15,Paris SG,Guingamp,6.0,0.0,H,2.0,0.0,14.0,6.0,10.0,2.0
ligue-1,2014-2015,F1,09/05/15,Bordeaux,Nantes,2.0,1.0,H,1.0,1.0,14.0,7.0,7.0,4.0
ligue-1,2014-2015,F1,09/05/15,Caen,Lyon,3.0,0.0,H,2.0,0.0,18.0,13.0,9.0,8.0
ligue-1,2014-2015,F1,09/05/15,Evian Thonon Gaillard,Reims,2.0,3.0,A,1.0,1.0,9.0,14.0,4.0,3.0
ligue-1,2014-2015,F1,09/05/15,Metz,Lorient,0.0,4.0,A,0.0,2.0,18.0,18.0,7.0,11.0
ligue-1,2014-2015,F1,09/05/15,Rennes,Bastia,0.0,1.0,A,0.0,0.0,16.0,6.0,6.0,5.0
ligue-1,2014-2015,F1,09/05/15,Toulouse,Lille,3.0,2.0,H,1.0,1.0,16.0,17.0,4.0,7.0
ligue-1,2014-2015,F1,10/05/15,Lens,Montpellier,0.0,1.0,A,0.0,0.0,6.0,18.0,4.0,4.0
ligue-1,2014-2015,F1,10/05/15,Marseille,Monaco,2.0,1.0,H,0.0,1.0,14.0,13.0,6.0,4.0
ligue-1,2014-2015,F1,10/05/15,St Etienne,Nice,5.0,0.0,H,2.0,0.0,15.0,7.0,9.0,2.0
ligue-1,2014-2015,F1,16/05/15,Bastia,Caen,1.0,1.0,D,1.0,1.0,8.0,9.0,3.0,4.0
ligue-1,2014-2015,F1,16/05/15,Evian Thonon Gaillard,St Etienne,1.0,2.0,A,1.0,1.0,14.0,19.0,3.0,4.0
ligue-1,2014-2015,F1,16/05/15,Guingamp,Toulouse,2.0,1.0,H,1.0,1.0,12.0,15.0,4.0,6.0
ligue-1,2014-2015,F1,16/05/15,Lille,Marseille,0.0,4.0,A,0.0,2.0,13.0,16.0,2.0,5.0
ligue-1,2014-2015,F1,16/05/15,Lyon,Bordeaux,1.0,1.0,D,1.0,1.0,10.0,14.0,4.0,5.0
ligue-1,2014-2015,F1,16/05/15,Monaco,Metz,2.0,0.0,H,1.0,0.0,19.0,9.0,5.0,2.0
ligue-1,2014-2015,F1,16/05/15,Montpellier,Paris SG,1.0,2.0,A,1.0,2.0,9.0,13.0,2.0,4.0
ligue-1,2014-2015,F1,16/05/15,Nantes,Lorient,1.0,1.0,D,1.0,1.0,11.0,3.0,6.0,1.0
ligue-1,2014-2015,F1,16/05/15,Nice,Lens,2.0,1.0,H,1.0,1.0,18.0,9.0,7.0,4.0
ligue-1,2014-2015,F1,16/05/15,Reims,Rennes,1.0,0.0,H,0.0,0.0,12.0,10.0,1.0,3.0
ligue-1,2014-2015,F1,23/05/15,Bordeaux,Montpellier,2.0,1.0,H,2.0,0.0,22.0,7.0,9.0,1.0
ligue-1,2014-2015,F1,23/05/15,Caen,Evian Thonon Gaillard,3.0,2.0,H,0.0,0.0,21.0,15.0,6.0,8.0
ligue-1,2014-2015,F1,23/05/15,Lens,Nantes,1.0,0.0,H,1.0,0.0,7.0,16.0,4.0,5.0
ligue-1,2014-2015,F1,23/05/15,Lorient,Monaco,0.0,1.0,A,0.0,1.0,7.0,18.0,1.0,8.0
ligue-1,2014-2015,F1,23/05/15,Marseille,Bastia,3.0,0.0,H,2.0,0.0,16.0,7.0,5.0,1.0
ligue-1,2014-2015,F1,23/05/15,Metz,Lille,1.0,4.0,A,0.0,3.0,16.0,20.0,4.0,10.0
ligue-1,2014-2015,F1,23/05/15,Paris SG,Reims,3.0,2.0,H,2.0,0.0,14.0,10.0,6.0,4.0
ligue-1,2014-2015,F1,23/05/15,Rennes,Lyon,0.0,1.0,A,0.0,0.0,10.0,9.0,2.0,2.0
ligue-1,2014-2015,F1,23/05/15,St Etienne,Guingamp,2.0,1.0,H,1.0,0.0,10.0,11.0,6.0,3.0
ligue-1,2014-2015,F1,23/05/15,Toulouse,Nice,2.0,3.0,A,0.0,2.0,9.0,8.0,4.0,4.0
ligue-1,2015-2016,F1,07/08/15,Lille,Paris SG,0.0,1.0,A,0.0,0.0,12.0,7.0,2.0,2.0
ligue-1,2015-2016,F1,08/08/15,Bastia,Rennes,2.0,1.0,H,0.0,1.0,11.0,6.0,3.0,3.0
ligue-1,2015-2016,F1,08/08/15,Marseille,Caen,0.0,1.0,A,0.0,1.0,17.0,8.0,4.0,4.0
ligue-1,2015-2016,F1,08/08/15,Montpellier,Angers,0.0,2.0,A,0.0,1.0,11.0,16.0,4.0,6.0
ligue-1,2015-2016,F1,08/08/15,Nantes,Guingamp,1.0,0.0,H,0.0,0.0,9.0,10.0,4.0,4.0
ligue-1,2015-2016,F1,08/08/15,Nice,Monaco,1.0,2.0,A,1.0,0.0,5.0,19.0,2.0,6.0
ligue-1,2015-2016,F1,08/08/15,Troyes,Ajaccio GFCO,0.0,0.0,D,0.0,0.0,12.0,6.0,4.0,1.0
ligue-1,2015-2016,F1,09/08/15,Bordeaux,Reims,1.0,2.0,A,1.0,0.0,14.0,14.0,4.0,6.0
ligue-1,2015-2016,F1,09/08/15,Lyon,Lorient,0.0,0.0,D,0.0,0.0,21.0,10.0,6.0,5.0
ligue-1,2015-2016,F1,09/08/15,Toulouse,St Etienne,2.0,1.0,H,1.0,1.0,9.0,11.0,3.0,2.0
ligue-1,2015-2016,F1,14/08/15,Monaco,Lille,0.0,0.0,D,0.0,0.0,9.0,9.0,3.0,2.0
ligue-1,2015-2016,F1,15/08/15,Angers,Nantes,0.0,0.0,D,0.0,0.0,10.0,2.0,3.0,1.0
ligue-1,2015-2016,F1,15/08/15,Caen,Toulouse,1.0,0.0,H,0.0,0.0,9.0,13.0,3.0,4.0
ligue-1,2015-2016,F1,15/08/15,Guingamp,Lyon,0.0,1.0,A,0.0,0.0,11.0,11.0,3.0,3.0
ligue-1,2015-2016,F1,15/08/15,Rennes,Montpellier,1.0,0.0,H,0.0,0.0,10.0,4.0,2.0,0.0
ligue-1,2015-2016,F1,15/08/15,St Etienne,Bordeaux,1.0,1.0,D,0.0,0.0,7.0,17.0,2.0,3.0
ligue-1,2015-2016,F1,15/08/15,Troyes,Nice,3.0,3.0,D,1.0,3.0,11.0,18.0,7.0,6.0
ligue-1,2015-2016,F1,16/08/15,Lorient,Bastia,1.0,1.0,D,0.0,1.0,12.0,7.0,4.0,2.0
ligue-1,2015-2016,F1,16/08/15,Paris SG,Ajaccio GFCO,2.0,0.0,H,2.0,0.0,18.0,8.0,6.0,2.0
ligue-1,2015-2016,F1,16/08/15,Reims,Marseille,1.0,0.0,H,1.0,0.0,15.0,13.0,5.0,4.0
ligue-1,2015-2016,F1,21/08/15,Montpellier,Paris SG,0.0,1.0,A,0.0,0.0,10.0,9.0,3.0,5.0
ligue-1,2015-2016,F1,22/08/15,Ajaccio GFCO,Angers,0.0,2.0,A,0.0,2.0,8.0,9.0,3.0,5.0
ligue-1,2015-2016,F1,22/08/15,Bastia,Guingamp,3.0,0.0,H,2.0,0.0,10.0,15.0,5.0,4.0
ligue-1,2015-2016,F1,22/08/15,Lyon,Rennes,1.0,2.0,A,1.0,1.0,15.0,6.0,4.0,3.0
ligue-1,2015-2016,F1,22/08/15,Nantes,Reims,1.0,0.0,H,0.0,0.0,13.0,2.0,6.0,1.0
ligue-1,2015-2016,F1,22/08/15,Nice,Caen,2.0,1.0,H,0.0,0.0,7.0,12.0,4.0,6.0
ligue-1,2015-2016,F1,22/08/15,Toulouse,Monaco,1.0,1.0,D,1.0,0.0,13.0,14.0,4.0,3.0
ligue-1,2015-2016,F1,23/08/15,Lille,Bordeaux,0.0,0.0,D,0.0,0.0,15.0,12.0,5.0,4.0
ligue-1,2015-2016,F1,23/08/15,Lorient,St Etienne,0.0,1.0,A,0.0,0.0,10.0,12.0,2.0,5.0
ligue-1,2015-2016,F1,23/08/15,Marseille,Troyes,6.0,0.0,H,1.0,0.0,16.0,6.0,7.0,1.0
ligue-1,2015-2016,F1,28/08/15,Guingamp,Marseille,2.0,0.0,H,0.0,0.0,12.0,14.0,5.0,6.0
ligue-1,2015-2016,F1,29/08/15,Angers,Nice,1.0,1.0,D,1.0,0.0,5.0,11.0,2.0,5.0
ligue-1,2015-2016,F1,29/08/15,Caen,Lyon,0.0,4.0,A,0.0,2.0,14.0,13.0,6.0,5.0
ligue-1,2015-2016,F1,29/08/15,Lille,Ajaccio GFCO,1.0,0.0,H,1.0,0.0,13.0,12.0,5.0,6.0
ligue-1,2015-2016,F1,29/08/15,Reims,Lorient,4.0,1.0,H,1.0,0.0,14.0,13.0,10.0,4.0
ligue-1,2015-2016,F1,29/08/15,Rennes,Toulouse,3.0,1.0,H,1.0,1.0,13.0,8.0,5.0,3.0
ligue-1,2015-2016,F1,29/08/15,Troyes,Montpellier,0.0,0.0,D,0.0,0.0,8.0,13.0,1.0,4.0
ligue-1,2015-2016,F1,30/08/15,Bordeaux,Nantes,2.0,0.0,H,1.0,0.0,19.0,11.0,4.0,1.0
ligue-1,2015-2016,F1,30/08/15,Monaco,Paris SG,0.0,3.0,A,0.0,0.0,3.0,19.0,2.0,8.0
ligue-1,2015-2016,F1,30/08/15,St Etienne,Bastia,2.0,1.0,H,1.0,1.0,23.0,6.0,6.0,1.0
ligue-1,2015-2016,F1,11/09/15,Paris SG,Bordeaux,2.0,2.0,D,2.0,1.0,19.0,10.0,5.0,3.0
ligue-1,2015-2016,F1,12/09/15,Lorient,Angers,3.0,1.0,H,0.0,1.0,14.0,7.0,6.0,1.0
ligue-1,2015-2016,F1,12/09/15,Lyon,Lille,0.0,0.0,D,0.0,0.0,13.0,9.0,6.0,3.0
ligue-1,2015-2016,F1,12/09/15,Montpellier,St Etienne,1.0,2.0,A,0.0,1.0,16.0,12.0,8.0,3.0
ligue-1,2015-2016,F1,12/09/15,Nice,Guingamp,0.0,1.0,A,0.0,0.0,16.0,8.0,1.0,3.0
ligue-1,2015-2016,F1,12/09/15,Toulouse,Reims,2.0,2.0,D,2.0,0.0,15.0,9.0,6.0,4.0
ligue-1,2015-2016,F1,12/09/15,Troyes,Caen,1.0,3.0,A,0.0,2.0,14.0,15.0,6.0,8.0
ligue-1,2015-2016,F1,13/09/15,Ajaccio GFCO,Monaco,0.0,1.0,A,0.0,1.0,24.0,13.0,4.0,8.0
ligue-1,2015-2016,F1,13/09/15,Marseille,Bastia,4.0,1.0,H,1.0,0.0,12.0,6.0,7.0,2.0
ligue-1,2015-2016,F1,13/09/15,Nantes,Rennes,0.0,2.0,A,0.0,0.0,10.0,16.0,3.0,6.0
ligue-1,2015-2016,F1,18/09/15,Rennes,Lille,1.0,1.0,D,0.0,0.0,9.0,15.0,3.0,5.0
ligue-1,2015-2016,F1,19/09/15,Angers,Troyes,1.0,0.0,H,0.0,0.0,16.0,14.0,4.0,0.0
ligue-1,2015-2016,F1,19/09/15,Bastia,Nice,1.0,3.0,A,1.0,2.0,8.0,9.0,2.0,6.0
ligue-1,2015-2016,F1,19/09/15,Caen,Montpellier,2.0,1.0,H,1.0,1.0,16.0,3.0,6.0,2.0
ligue-1,2015-2016,F1,19/09/15,Guingamp,Ajaccio GFCO,2.0,1.0,H,1.0,1.0,14.0,7.0,4.0,3.0
ligue-1,2015-2016,F1,19/09/15,Reims,Paris SG,1.0,1.0,D,0.0,0.0,7.0,17.0,3.0,6.0
ligue-1,2015-2016,F1,20/09/15,Bordeaux,Toulouse,1.0,1.0,D,0.0,1.0,17.0,9.0,5.0,5.0
ligue-1,2015-2016,F1,20/09/15,Marseille,Lyon,1.0,1.0,D,0.0,1.0,14.0,12.0,4.0,5.0
ligue-1,2015-2016,F1,20/09/15,Monaco,Lorient,2.0,3.0,A,1.0,2.0,13.0,16.0,6.0,7.0
ligue-1,2015-2016,F1,20/09/15,St Etienne,Nantes,2.0,0.0,H,1.0,0.0,12.0,11.0,3.0,2.0
ligue-1,2015-2016,F1,22/09/15,Angers,Reims,0.0,0.0,D,0.0,0.0,8.0,3.0,3.0,1.0
ligue-1,2015-2016,F1,22/09/15,Paris SG,Guingamp,3.0,0.0,H,1.0,0.0,18.0,10.0,10.0,4.0
ligue-1,2015-2016,F1,23/09/15,Ajaccio GFCO,Rennes,1.0,1.0,D,1.0,0.0,13.0,16.0,2.0,8.0
ligue-1,2015-2016,F1,23/09/15,Lorient,Caen,2.0,0.0,H,2.0,0.0,8.0,14.0,4.0,2.0
ligue-1,2015-2016,F1,23/09/15,Lyon,Bastia,2.0,0.0,H,1.0,0.0,14.0,4.0,7.0,2.0
ligue-1,2015-2016,F1,23/09/15,Nice,Bordeaux,6.0,1.0,H,2.0,1.0,17.0,6.0,10.0,3.0
ligue-1,2015-2016,F1,23/09/15,Toulouse,Marseille,1.0,1.0,D,0.0,0.0,11.0,8.0,3.0,1.0
ligue-1,2015-2016,F1,23/09/15,Troyes,St Etienne,0.0,1.0,A,0.0,1.0,14.0,13.0,4.0,6.0
ligue-1,2015-2016,F1,24/09/15,Montpellier,Monaco,2.0,3.0,A,2.0,0.0,16.0,13.0,5.0,5.0
ligue-1,2015-2016,F1,25/09/15,Reims,Lille,1.0,0.0,H,0.0,0.0,10.0,10.0,5.0,3.0
ligue-1,2015-2016,F1,26/09/15,Bastia,Toulouse,3.0,0.0,H,3.0,0.0,9.0,16.0,6.0,5.0
ligue-1,2015-2016,F1,26/09/15,Bordeaux,Lyon,3.0,1.0,H,3.0,0.0,10.0,10.0,4.0,4.0
ligue-1,2015-2016,F1,26/09/15,Caen,Ajaccio GFCO,2.0,0.0,H,1.0,0.0,16.0,8.0,9.0,2.0
ligue-1,2015-2016,F1,26/09/15,Nantes,Paris SG,1.0,4.0,A,1.0,0.0,7.0,14.0,2.0,7.0
ligue-1,2015-2016,F1,26/09/15,Rennes,Troyes,1.0,1.0,D,0.0,1.0,19.0,12.0,5.0,6.0
ligue-1,2015-2016,F1,27/09/15,Guingamp,Monaco,3.0,3.0,D,1.0,2.0,16.0,9.0,7.0,4.0
ligue-1,2015-2016,F1,27/09/15,Marseille,Angers,1.0,2.0,A,0.0,1.0,18.0,6.0,4.0,3.0
ligue-1,2015-2016,F1,27/09/15,Montpellier,Lorient,2.0,1.0,H,1.0,0.0,11.0,10.0,4.0,3.0
ligue-1,2015-2016,F1,27/09/15,St Etienne,Nice,1.0,4.0,A,1.0,3.0,13.0,8.0,5.0,6.0
ligue-1,2015-2016,F1,29/09/15,Lille,Nantes,0.0,1.0,A,0.0,1.0,20.0,9.0,4.0,2.0
ligue-1,2015-2016,F1,02/10/15,Lille,Montpellier,2.0,0.0,H,1.0,0.0,22.0,9.0,5.0,3.0
ligue-1,2015-2016,F1,03/10/15,Ajaccio GFCO,Toulouse,2.0,2.0,D,2.0,1.0,7.0,12.0,3.0,5.0
ligue-1,2015-2016,F1,03/10/15,Angers,Bastia,1.0,0.0,H,1.0,0.0,17.0,8.0,6.0,2.0
ligue-1,2015-2016,F1,03/10/15,Lyon,Reims,1.0,0.0,H,1.0,0.0,17.0,8.0,6.0,3.0
ligue-1,2015-2016,F1,03/10/15,Troyes,Guingamp,0.0,1.0,A,0.0,0.0,12.0,18.0,2.0,7.0
ligue-1,2015-2016,F1,04/10/15,Caen,St Etienne,1.0,0.0,H,0.0,0.0,14.0,10.0,7.0,3.0
ligue-1,2015-2016,F1,04/10/15,Lorient,Bordeaux,3.0,2.0,H,0.0,1.0,7.0,9.0,4.0,5.0
ligue-1,2015-2016,F1,04/10/15,Monaco,Rennes,1.0,1.0,D,0.0,1.0,14.0,8.0,6.0,3.0
ligue-1,2015-2016,F1,04/10/15,Paris SG,Marseille,2.0,1.0,H,2.0,1.0,16.0,13.0,8.0,8.0
ligue-1,2015-2016,F1,16/10/15,Monaco,Lyon,1.0,1.0,D,1.0,0.0,12.0,18.0,4.0,6.0
ligue-1,2015-2016,F1,17/10/15,Bastia,Paris SG,0.0,2.0,A,0.0,0.0,6.0,13.0,2.0,5.0
ligue-1,2015-2016,F1,17/10/15,Guingamp,Lille,1.0,1.0,D,1.0,1.0,10.0,10.0,2.0,2.0
ligue-1,2015-2016,F1,17/10/15,Nantes,Troyes,3.0,0.0,H,1.0,0.0,17.0,14.0,4.0,2.0
ligue-1,2015-2016,F1,17/10/15,Reims,Caen,0.0,1.0,A,0.0,0.0,12.0,11.0,2.0,4.0
ligue-1,2015-2016,F1,17/10/15,St Etienne,Ajaccio GFCO,2.0,0.0,H,1.0,0.0,13.0,4.0,6.0,0.0
ligue-1,2015-2016,F1,17/10/15,Toulouse,Angers,1.0,2.0,A,1.0,2.0,21.0,7.0,6.0,5.0
ligue-1,2015-2016,F1,18/10/15,Bordeaux,Montpellier,0.0,0.0,D,0.0,0.0,16.0,6.0,3.0,0.0
ligue-1,2015-2016,F1,18/10/15,Marseille,Lorient,1.0,1.0,D,1.0,1.0,21.0,6.0,8.0,2.0
ligue-1,2015-2016,F1,18/10/15,Rennes,Nice,1.0,4.0,A,0.0,1.0,15.0,12.0,3.0,7.0
ligue-1,2015-2016,F1,23/10/15,Caen,Nantes,0.0,2.0,A,0.0,1.0,16.0,10.0,4.0,3.0
ligue-1,2015-2016,F1,23/10/15,Lyon,Toulouse,3.0,0.0,H,1.0,0.0,20.0,7.0,8.0,3.0
ligue-1,2015-2016,F1,24/10/15,Ajaccio GFCO,Nice,3.0,1.0,H,3.0,1.0,13.0,9.0,6.0,2.0
ligue-1,2015-2016,F1,24/10/15,Angers,Guingamp,0.0,0.0,D,0.0,0.0,10.0,11.0,2.0,2.0
ligue-1,2015-2016,F1,24/10/15,Lorient,Rennes,1.0,1.0,D,1.0,0.0,10.0,11.0,5.0,3.0
ligue-1,2015-2016,F1,24/10/15,Montpellier,Bastia,2.0,0.0,H,0.0,0.0,10.0,13.0,3.0,1.0
ligue-1,2015-2016,F1,25/10/15,Bordeaux,Troyes,1.0,0.0,H,0.0,0.0,16.0,11.0,4.0,2.0
ligue-1,2015-2016,F1,25/10/15,Lille,Marseille,1.0,2.0,A,0.0,1.0,10.0,12.0,4.0,6.0
ligue-1,2015-2016,F1,25/10/15,Paris SG,St Etienne,4.0,1.0,H,1.0,0.0,21.0,14.0,10.0,6.0
ligue-1,2015-2016,F1,25/10/15,Reims,Monaco,0.0,1.0,A,0.0,1.0,13.0,16.0,6.0,4.0
ligue-1,2015-2016,F1,30/10/15,Rennes,Paris SG,0.0,1.0,A,0.0,0.0,5.0,13.0,2.0,5.0
ligue-1,2015-2016,F1,31/10/15,Ajaccio GFCO,Bordeaux,2.0,0.0,H,1.0,0.0,7.0,7.0,4.0,0.0
ligue-1,2015-2016,F1,31/10/15,Bastia,Caen,1.0,0.0,H,1.0,0.0,11.0,5.0,6.0,3.0
ligue-1,2015-2016,F1,31/10/15,Guingamp,Lorient,2.0,2.0,D,1.0,0.0,13.0,12.0,4.0,4.0
ligue-1,2015-2016,F1,31/10/15,St Etienne,Reims,3.0,0.0,H,0.0,0.0,20.0,8.0,8.0,5.0
ligue-1,2015-2016,F1,31/10/15,Toulouse,Montpellier,1.0,1.0,D,1.0,1.0,10.0,7.0,5.0,1.0
ligue-1,2015-2016,F1,31/10/15,Troyes,Lyon,0.0,1.0,A,0.0,0.0,8.0,31.0,2.0,6.0
ligue-1,2015-2016,F1,01/11/15,Monaco,Angers,1.0,0.0,H,1.0,0.0,13.0,15.0,2.0,5.0
ligue-1,2015-2016,F1,01/11/15,Nantes,Marseille,0.0,1.0,A,0.0,0.0,12.0,12.0,4.0,3.0
ligue-1,2015-2016,F1,01/11/15,Nice,Lille,0.0,0.0,D,0.0,0.0,9.0,9.0,4.0,1.0
ligue-1,2015-2016,F1,04/11/15,Nice,Nantes,1.0,2.0,A,1.0,1.0,9.0,12.0,3.0,6.0
ligue-1,2015-2016,F1,06/11/15,Angers,Rennes,0.0,2.0,A,0.0,1.0,18.0,10.0,3.0,2.0
ligue-1,2015-2016,F1,07/11/15,Caen,Guingamp,2.0,1.0,H,0.0,0.0,16.0,13.0,5.0,6.0
ligue-1,2015-2016,F1,07/11/15,Lille,Bastia,1.0,1.0,D,0.0,0.0,10.0,9.0,1.0,2.0
ligue-1,2015-2016,F1,07/11/15,Lorient,Troyes,4.0,1.0,H,1.0,0.0,29.0,13.0,10.0,6.0
ligue-1,2015-2016,F1,07/11/15,Montpellier,Nantes,2.0,1.0,H,1.0,0.0,10.0,10.0,4.0,2.0
ligue-1,2015-2016,F1,07/11/15,Paris SG,Toulouse,5.0,0.0,H,2.0,0.0,15.0,7.0,9.0,0.0
ligue-1,2015-2016,F1,07/11/15,Reims,Ajaccio GFCO,1.0,2.0,A,0.0,1.0,13.0,11.0,2.0,4.0
ligue-1,2015-2016,F1,08/11/15,Bordeaux,Monaco,3.0,1.0,H,2.0,1.0,9.0,13.0,4.0,6.0
ligue-1,2015-2016,F1,08/11/15,Lyon,St Etienne,3.0,0.0,H,1.0,0.0,17.0,6.0,8.0,1.0
ligue-1,2015-2016,F1,08/11/15,Marseille,Nice,0.0,1.0,A,0.0,1.0,14.0,9.0,3.0,4.0
ligue-1,2015-2016,F1,20/11/15,Nice,Lyon,3.0,0.0,H,1.0,0.0,13.0,13.0,8.0,1.0
ligue-1,2015-2016,F1,21/11/15,Guingamp,Toulouse,2.0,0.0,H,0.0,0.0,7.0,13.0,5.0,3.0
ligue-1,2015-2016,F1,21/11/15,Lorient,Paris SG,1.0,2.0,A,0.0,2.0,13.0,8.0,6.0,3.0
ligue-1,2015-2016,F1,21/11/15,Monaco,Nantes,1.0,0.0,H,1.0,0.0,8.0,12.0,4.0,2.0
ligue-1,2015-2016,F1,21/11/15,Montpellier,Reims,3.0,1.0,H,1.0,1.0,11.0,11.0,4.0,4.0
ligue-1,2015-2016,F1,21/11/15,Troyes,Lille,1.0,1.0,D,0.0,1.0,10.0,16.0,5.0,6.0
ligue-1,2015-2016,F1,22/11/15,Bastia,Ajaccio GFCO,1.0,2.0,A,1.0,1.0,9.0,15.0,5.0,4.0
ligue-1,2015-2016,F1,22/11/15,Caen,Angers,0.0,0.0,D,0.0,0.0,13.0,11.0,2.0,4.0
ligue-1,2015-2016,F1,22/11/15,Rennes,Bordeaux,2.0,2.0,D,1.0,1.0,8.0,8.0,4.0,5.0
ligue-1,2015-2016,F1,22/11/15,St Etienne,Marseille,0.0,2.0,A,0.0,1.0,12.0,14.0,4.0,6.0
ligue-1,2015-2016,F1,27/11/15,Lyon,Montpellier,2.0,4.0,A,1.0,2.0,12.0,15.0,5.0,9.0
ligue-1,2015-2016,F1,28/11/15,Ajaccio GFCO,Lorient,1.0,1.0,D,1.0,1.0,17.0,5.0,3.0,2.0
ligue-1,2015-2016,F1,28/11/15,Angers,Lille,2.0,0.0,H,2.0,0.0,9.0,8.0,5.0,0.0
ligue-1,2015-2016,F1,28/11/15,Nantes,Bastia,0.0,0.0,D,0.0,0.0,14.0,6.0,3.0,1.0
ligue-1,2015-2016,F1,28/11/15,Paris SG,Troyes,4.0,1.0,H,1.0,0.0,22.0,11.0,9.0,3.0
ligue-1,2015-2016,F1,28/11/15,Reims,Rennes,2.0,2.0,D,0.0,1.0,12.0,11.0,4.0,6.0
ligue-1,2015-2016,F1,28/11/15,Toulouse,Nice,2.0,0.0,H,1.0,0.0,10.0,8.0,6.0,3.0
ligue-1,2015-2016,F1,29/11/15,Bordeaux,Caen,1.0,4.0,A,0.0,1.0,10.0,13.0,3.0,10.0
ligue-1,2015-2016,F1,29/11/15,Marseille,Monaco,3.0,3.0,D,1.0,2.0,12.0,10.0,6.0,5.0
ligue-1,2015-2016,F1,29/11/15,St Etienne,Guingamp,3.0,0.0,H,0.0,0.0,10.0,14.0,7.0,4.0
ligue-1,2015-2016,F1,01/12/15,Angers,Paris SG,0.0,0.0,D,0.0,0.0,8.0,12.0,1.0,3.0
ligue-1,2015-2016,F1,01/12/15,Lorient,Nice,0.0,0.0,D,0.0,0.0,10.0,12.0,3.0,7.0
ligue-1,2015-2016,F1,01/12/15,Nantes,Lyon,0.0,0.0,D,0.0,0.0,9.0,10.0,3.0,5.0
ligue-1,2015-2016,F1,02/12/15,Bastia,Bordeaux,1.0,0.0,H,0.0,0.0,8.0,6.0,4.0,2.0
ligue-1,2015-2016,F1,02/12/15,Guingamp,Reims,1.0,2.0,A,1.0,1.0,8.0,6.0,2.0,4.0
ligue-1,2015-2016,F1,02/12/15,Lille,St Etienne,1.0,0.0,H,0.0,0.0,13.0,9.0,5.0,0.0
ligue-1,2015-2016,F1,02/12/15,Monaco,Caen,1.0,1.0,D,0.0,0.0,10.0,8.0,4.0,3.0
ligue-1,2015-2016,F1,02/12/15,Montpellier,Ajaccio GFCO,0.0,2.0,A,0.0,1.0,16.0,6.0,6.0,3.0
ligue-1,2015-2016,F1,02/12/15,Troyes,Toulouse,0.0,3.0,A,0.0,1.0,18.0,11.0,7.0,8.0
ligue-1,2015-2016,F1,03/12/15,Rennes,Marseille,0.0,1.0,A,0.0,1.0,10.0,11.0,1.0,5.0
ligue-1,2015-2016,F1,04/12/15,Nice,Paris SG,0.0,3.0,A,0.0,2.0,7.0,15.0,2.0,6.0
ligue-1,2015-2016,F1,05/12/15,Ajaccio GFCO,Nantes,1.0,1.0,D,0.0,0.0,25.0,12.0,6.0,3.0
ligue-1,2015-2016,F1,05/12/15,Bastia,Monaco,1.0,2.0,A,0.0,0.0,5.0,7.0,2.0,2.0
ligue-1,2015-2016,F1,05/12/15,Caen,Lille,1.0,2.0,A,0.0,1.0,15.0,12.0,5.0,5.0
ligue-1,2015-2016,F1,05/12/15,Lyon,Angers,0.0,2.0,A,0.0,1.0,13.0,9.0,1.0,6.0
ligue-1,2015-2016,F1,05/12/15,Reims,Troyes,1.0,1.0,D,1.0,0.0,11.0,14.0,3.0,4.0
ligue-1,2015-2016,F1,05/12/15,Toulouse,Lorient,2.0,3.0,A,1.0,0.0,20.0,5.0,3.0,4.0
ligue-1,2015-2016,F1,06/12/15,Bordeaux,Guingamp,1.0,0.0,H,0.0,0.0,13.0,8.0,4.0,2.0
ligue-1,2015-2016,F1,06/12/15,Marseille,Montpellier,2.0,2.0,D,0.0,1.0,14.0,6.0,8.0,2.0
ligue-1,2015-2016,F1,06/12/15,St Etienne,Rennes,1.0,1.0,D,0.0,1.0,14.0,5.0,4.0,3.0
ligue-1,2015-2016,F1,11/12/15,Rennes,Caen,1.0,1.0,D,0.0,0.0,22.0,12.0,8.0,3.0
ligue-1,2015-2016,F1,12/12/15,Lille,Lorient,3.0,0.0,H,1.0,0.0,16.0,11.0,7.0,3.0
ligue-1,2015-2016,F1,12/12/15,Montpellier,Guingamp,2.0,1.0,H,0.0,1.0,10.0,9.0,6.0,4.0
ligue-1,2015-2016,F1,12/12/15,Nantes,Toulouse,1.0,1.0,D,0.0,0.0,15.0,5.0,2.0,3.0
ligue-1,2015-2016,F1,12/12/15,Reims,Nice,1.0,1.0,D,0.0,1.0,17.0,7.0,7.0,3.0
ligue-1,2015-2016,F1,12/12/15,Troyes,Bastia,1.0,1.0,D,0.0,1.0,17.0,11.0,4.0,3.0
ligue-1,2015-2016,F1,13/12/15,Angers,Bordeaux,1.0,1.0,D,0.0,1.0,7.0,3.0,3.0,2.0
ligue-1,2015-2016,F1,13/12/15,Marseille,Ajaccio GFCO,1.0,1.0,D,1.0,1.0,9.0,9.0,3.0,2.0
ligue-1,2015-2016,F1,13/12/15,Monaco,St Etienne,1.0,0.0,H,0.0,0.0,10.0,5.0,4.0,0.0
ligue-1,2015-2016,F1,13/12/15,Paris SG,Lyon,5.0,1.0,H,2.0,1.0,11.0,9.0,8.0,3.0
ligue-1,2015-2016,F1,18/12/15,Nice,Montpellier,1.0,0.0,H,1.0,0.0,9.0,10.0,4.0,6.0
ligue-1,2015-2016,F1,19/12/15,Bastia,Reims,2.0,0.0,H,1.0,0.0,7.0,11.0,2.0,2.0
ligue-1,2015-2016,F1,19/12/15,Caen,Paris SG,0.0,3.0,A,0.0,2.0,8.0,18.0,1.0,10.0
ligue-1,2015-2016,F1,19/12/15,Guingamp,Rennes,0.0,2.0,A,0.0,0.0,13.0,9.0,4.0,5.0
ligue-1,2015-2016,F1,19/12/15,Lorient,Nantes,0.0,0.0,D,0.0,0.0,18.0,13.0,2.0,6.0
ligue-1,2015-2016,F1,19/12/15,Toulouse,Lille,1.0,1.0,D,1.0,0.0,7.0,24.0,4.0,6.0
ligue-1,2015-2016,F1,19/12/15,Troyes,Monaco,0.0,0.0,D,0.0,0.0,11.0,16.0,2.0,5.0
ligue-1,2015-2016,F1,20/12/15,Ajaccio GFCO,Lyon,2.0,1.0,H,1.0,0.0,12.0,9.0,8.0,2.0
ligue-1,2015-2016,F1,20/12/15,Bordeaux,Marseille,1.0,1.0,D,0.0,0.0,11.0,7.0,3.0,4.0
ligue-1,2015-2016,F1,20/12/15,St Etienne,Angers,1.0,0.0,H,0.0,0.0,15.0,11.0,1.0,2.0
ligue-1,2015-2016,F1,08/01/16,Paris SG,Bastia,2.0,0.0,H,2.0,0.0,14.0,5.0,3.0,0.0
ligue-1,2015-2016,F1,09/01/16,Angers,Caen,2.0,0.0,H,1.0,0.0,13.0,15.0,5.0,3.0
ligue-1,2015-2016,F1,09/01/16,Lyon,Troyes,4.0,1.0,H,1.0,0.0,22.0,9.0,8.0,3.0
ligue-1,2015-2016,F1,09/01/16,Monaco,Ajaccio GFCO,2.0,2.0,D,0.0,2.0,11.0,10.0,4.0,2.0
ligue-1,2015-2016,F1,09/01/16,Montpellier,Bordeaux,0.0,1.0,A,0.0,1.0,12.0,13.0,4.0,3.0
ligue-1,2015-2016,F1,09/01/16,Reims,Toulouse,1.0,3.0,A,1.0,0.0,8.0,8.0,3.0,3.0
ligue-1,2015-2016,F1,09/01/16,Rennes,Lorient,2.0,2.0,D,2.0,2.0,12.0,6.0,4.0,2.0
ligue-1,2015-2016,F1,10/01/16,Lille,Nice,1.0,1.0,D,1.0,1.0,10.0,9.0,3.0,3.0
ligue-1,2015-2016,F1,10/01/16,Marseille,Guingamp,0.0,0.0,D,0.0,0.0,15.0,7.0,3.0,1.0
ligue-1,2015-2016,F1,10/01/16,Nantes,St Etienne,2.0,1.0,H,1.0,1.0,18.0,10.0,6.0,2.0
ligue-1,2015-2016,F1,15/01/16,Nice,Angers,2.0,1.0,H,0.0,1.0,11.0,9.0,5.0,4.0
ligue-1,2015-2016,F1,16/01/16,Ajaccio GFCO,Reims,2.0,2.0,D,1.0,2.0,18.0,10.0,4.0,6.0
ligue-1,2015-2016,F1,16/01/16,Bastia,Montpellier,1.0,0.0,H,0.0,0.0,2.0,7.0,1.0,1.0
ligue-1,2015-2016,F1,16/01/16,Bordeaux,Lille,1.0,0.0,H,0.0,0.0,14.0,10.0,3.0,7.0
ligue-1,2015-2016,F1,16/01/16,Guingamp,Nantes,2.0,2.0,D,2.0,0.0,8.0,8.0,4.0,1.0
ligue-1,2015-2016,F1,16/01/16,Toulouse,Paris SG,0.0,1.0,A,0.0,0.0,9.0,12.0,3.0,4.0
ligue-1,2015-2016,F1,16/01/16,Troyes,Rennes,2.0,4.0,A,2.0,3.0,12.0,19.0,5.0,13.0
ligue-1,2015-2016,F1,17/01/16,Caen,Marseille,1.0,3.0,A,0.0,1.0,7.0,15.0,3.0,9.0
ligue-1,2015-2016,F1,17/01/16,Lorient,Monaco,0.0,2.0,A,0.0,0.0,8.0,6.0,2.0,4.0
ligue-1,2015-2016,F1,17/01/16,St Etienne,Lyon,1.0,0.0,H,0.0,0.0,9.0,18.0,2.0,5.0
ligue-1,2015-2016,F1,22/01/16,Rennes,Ajaccio GFCO,1.0,0.0,H,0.0,0.0,10.0,8.0,3.0,2.0
ligue-1,2015-2016,F1,23/01/16,Guingamp,Bastia,1.0,0.0,H,0.0,0.0,16.0,4.0,3.0,1.0
ligue-1,2015-2016,F1,23/01/16,Lille,Troyes,1.0,3.0,A,1.0,0.0,20.0,7.0,5.0,4.0
ligue-1,2015-2016,F1,23/01/16,Montpellier,Caen,1.0,2.0,A,1.0,1.0,15.0,10.0,2.0,4.0
ligue-1,2015-2016,F1,23/01/16,Nantes,Bordeaux,2.0,2.0,D,2.0,0.0,8.0,8.0,2.0,5.0
ligue-1,2015-2016,F1,23/01/16,Nice,Lorient,2.0,1.0,H,2.0,1.0,8.0,12.0,2.0,4.0
ligue-1,2015-2016,F1,23/01/16,Paris SG,Angers,5.0,1.0,H,2.0,0.0,16.0,11.0,10.0,4.0
ligue-1,2015-2016,F1,24/01/16,Lyon,Marseille,1.0,1.0,D,0.0,0.0,22.0,7.0,9.0,4.0
ligue-1,2015-2016,F1,24/01/16,Monaco,Toulouse,4.0,0.0,H,2.0,0.0,14.0,9.0,5.0,3.0
ligue-1,2015-2016,F1,24/01/16,Reims,St Etienne,1.0,1.0,D,0.0,0.0,12.0,5.0,3.0,1.0
ligue-1,2015-2016,F1,29/01/16,Marseille,Lille,1.0,1.0,D,0.0,0.0,16.0,12.0,3.0,4.0
ligue-1,2015-2016,F1,30/01/16,Ajaccio GFCO,Montpellier,0.0,4.0,A,0.0,2.0,16.0,8.0,3.0,4.0
ligue-1,2015-2016,F1,30/01/16,Angers,Monaco,3.0,0.0,H,2.0,0.0,19.0,9.0,10.0,4.0
ligue-1,2015-2016,F1,30/01/16,Bastia,Lyon,1.0,0.0,H,0.0,0.0,7.0,9.0,3.0,2.0
ligue-1,2015-2016,F1,30/01/16,Lorient,Reims,2.0,0.0,H,1.0,0.0,8.0,12.0,4.0,3.0
ligue-1,2015-2016,F1,30/01/16,Toulouse,Guingamp,1.0,2.0,A,0.0,1.0,14.0,7.0,6.0,3.0
ligue-1,2015-2016,F1,30/01/16,Troyes,Nantes,0.0,1.0,A,0.0,1.0,13.0,10.0,5.0,3.0
ligue-1,2015-2016,F1,31/01/16,Bordeaux,Rennes,4.0,0.0,H,1.0,0.0,21.0,8.0,7.0,3.0
ligue-1,2015-2016,F1,31/01/16,Caen,Nice,2.0,0.0,H,2.0,0.0,9.0,15.0,5.0,6.0
ligue-1,2015-2016,F1,31/01/16,St Etienne,Paris SG,0.0,2.0,A,0.0,0.0,12.0,12.0,3.0,5.0
ligue-1,2015-2016,F1,02/02/16,Monaco,Bastia,2.0,0.0,H,1.0,0.0,8.0,11.0,4.0,3.0
ligue-1,2015-2016,F1,02/02/16,Montpellier,Marseille,0.0,1.0,A,0.0,0.0,11.0,4.0,3.0,1.0
ligue-1,2015-2016,F1,03/02/16,Guingamp,Troyes,4.0,0.0,H,1.0,0.0,12.0,15.0,5.0,4.0
ligue-1,2015-2016,F1,03/02/16,Lille,Caen,1.0,0.0,H,0.0,0.0,12.0,10.0,6.0,2.0
ligue-1,2015-2016,F1,03/02/16,Lyon,Bordeaux,3.0,0.0,H,1.0,0.0,17.0,12.0,5.0,4.0
ligue-1,2015-2016,F1,03/02/16,Nantes,Ajaccio GFCO,3.0,1.0,H,2.0,1.0,16.0,4.0,8.0,2.0
ligue-1,2015-2016,F1,03/02/16,Nice,Toulouse,1.0,0.0,H,0.0,0.0,10.0,7.0,2.0,1.0
ligue-1,2015-2016,F1,03/02/16,Paris SG,Lorient,3.0,1.0,H,1.0,1.0,16.0,11.0,7.0,4.0
ligue-1,2015-2016,F1,03/02/16,Reims,Angers,2.0,1.0,H,1.0,1.0,13.0,11.0,4.0,5.0
ligue-1,2015-2016,F1,04/02/16,Rennes,St Etienne,0.0,1.0,A,0.0,0.0,5.0,13.0,0.0,4.0
ligue-1,2015-2016,F1,06/02/16,Ajaccio GFCO,Guingamp,0.0,0.0,D,0.0,0.0,17.0,3.0,2.0,0.0
ligue-1,2015-2016,F1,06/02/16,Angers,Lyon,0.0,3.0,A,0.0,1.0,5.0,8.0,0.0,3.0
ligue-1,2015-2016,F1,06/02/16,Bastia,Troyes,2.0,0.0,H,1.0,0.0,11.0,11.0,5.0,1.0
ligue-1,2015-2016,F1,06/02/16,Caen,Reims,0.0,2.0,A,0.0,1.0,12.0,12.0,4.0,5.0
ligue-1,2015-2016,F1,06/02/16,Lorient,Montpellier,1.0,1.0,D,0.0,1.0,6.0,11.0,4.0,5.0
ligue-1,2015-2016,F1,06/02/16,Monaco,Nice,1.0,0.0,H,0.0,0.0,8.0,12.0,4.0,3.0
ligue-1,2015-2016,F1,06/02/16,Toulouse,Nantes,0.0,0.0,D,0.0,0.0,9.0,15.0,2.0,7.0
ligue-1,2015-2016,F1,07/02/16,Bordeaux,St Etienne,1.0,4.0,A,1.0,2.0,10.0,14.0,3.0,8.0
ligue-1,2015-2016,F1,07/02/16,Lille,Rennes,1.0,1.0,D,1.0,0.0,17.0,10.0,6.0,3.0
ligue-1,2015-2016,F1,07/02/16,Marseille,Paris SG,1.0,2.0,A,1.0,1.0,18.0,11.0,7.0,3.0
ligue-1,2015-2016,F1,12/02/16,Rennes,Angers,1.0,0.0,H,0.0,0.0,10.0,9.0,2.0,0.0
ligue-1,2015-2016,F1,13/02/16,Ajaccio GFCO,Troyes,2.0,3.0,A,1.0,3.0,18.0,6.0,6.0,3.0
ligue-1,2015-2016,F1,13/02/16,Guingamp,Bordeaux,2.0,4.0,A,1.0,2.0,10.0,13.0,2.0,7.0
ligue-1,2015-2016,F1,13/02/16,Montpellier,Toulouse,2.0,0.0,H,1.0,0.0,7.0,9.0,2.0,3.0
ligue-1,2015-2016,F1,13/02/16,Nantes,Lorient,2.0,1.0,H,2.0,0.0,9.0,4.0,2.0,1.0
ligue-1,2015-2016,F1,13/02/16,Paris SG,Lille,0.0,0.0,D,0.0,0.0,12.0,5.0,4.0,0.0
ligue-1,2015-2016,F1,13/02/16,Reims,Bastia,0.0,1.0,A,0.0,0.0,13.0,13.0,5.0,3.0
ligue-1,2015-2016,F1,14/02/16,Lyon,Caen,4.0,1.0,H,3.0,0.0,20.0,15.0,8.0,6.0
ligue-1,2015-2016,F1,14/02/16,Nice,Marseille,1.0,1.0,D,0.0,1.0,9.0,11.0,3.0,6.0
ligue-1,2015-2016,F1,14/02/16,St Etienne,Monaco,1.0,1.0,D,0.0,0.0,19.0,8.0,6.0,2.0
ligue-1,2015-2016,F1,19/02/16,Bordeaux,Nice,0.0,0.0,D,0.0,0.0,15.0,10.0,2.0,2.0
ligue-1,2015-2016,F1,20/02/16,Angers,Montpellier,2.0,3.0,A,0.0,3.0,13.0,12.0,4.0,5.0
ligue-1,2015-2016,F1,20/02/16,Lorient,Guingamp,4.0,3.0,H,1.0,2.0,26.0,14.0,9.0,7.0
ligue-1,2015-2016,F1,20/02/16,Monaco,Troyes,3.0,1.0,H,2.0,0.0,16.0,14.0,8.0,7.0
ligue-1,2015-2016,F1,20/02/16,Paris SG,Reims,4.0,1.0,H,3.0,1.0,15.0,10.0,6.0,3.0
ligue-1,2015-2016,F1,20/02/16,Toulouse,Ajaccio GFCO,1.0,1.0,D,0.0,0.0,13.0,9.0,3.0,2.0
ligue-1,2015-2016,F1,21/02/16,Caen,Rennes,1.0,0.0,H,0.0,0.0,10.0,7.0,5.0,1.0
ligue-1,2015-2016,F1,21/02/16,Lille,Lyon,1.0,0.0,H,1.0,0.0,9.0,11.0,2.0,3.0
ligue-1,2015-2016,F1,21/02/16,Marseille,St Etienne,1.0,1.0,D,0.0,0.0,8.0,15.0,2.0,1.0
ligue-1,2015-2016,F1,26/02/16,Nice,Bastia,0.0,2.0,A,0.0,0.0,10.0,10.0,5.0,4.0
ligue-1,2015-2016,F1,27/02/16,Guingamp,Angers,2.0,2.0,D,1.0,1.0,15.0,8.0,3.0,2.0
ligue-1,2015-2016,F1,27/02/16,Montpellier,Lille,3.0,0.0,H,0.0,0.0,10.0,6.0,5.0,2.0
ligue-1,2015-2016,F1,27/02/16,Reims,Bordeaux,4.0,1.0,H,2.0,0.0,15.0,6.0,7.0,1.0
ligue-1,2015-2016,F1,27/02/16,Toulouse,Rennes,1.0,2.0,A,0.0,0.0,6.0,18.0,1.0,5.0
ligue-1,2015-2016,F1,27/02/16,Troyes,Lorient,0.0,1.0,A,0.0,1.0,12.0,19.0,6.0,7.0
ligue-1,2015-2016,F1,28/02/16,Lyon,Paris SG,2.0,1.0,H,2.0,0.0,14.0,6.0,7.0,3.0
ligue-1,2015-2016,F1,28/02/16,Nantes,Monaco,0.0,0.0,D,0.0,0.0,14.0,4.0,4.0,1.0
ligue-1,2015-2016,F1,28/02/16,St Etienne,Caen,1.0,2.0,A,0.0,0.0,16.0,16.0,4.0,6.0
ligue-1,2015-2016,F1,04/03/16,Caen,Monaco,2.0,2.0,D,0.0,0.0,14.0,9.0,6.0,3.0
ligue-1,2015-2016,F1,05/03/16,Angers,St Etienne,0.0,0.0,D,0.0,0.0,7.0,7.0,1.0,1.0
ligue-1,2015-2016,F1,05/03/16,Bastia,Lorient,0.0,0.0,D,0.0,0.0,24.0,2.0,7.0,1.0
ligue-1,2015-2016,F1,05/03/16,Bordeaux,Ajaccio GFCO,1.0,1.0,D,1.0,0.0,12.0,4.0,3.0,2.0
ligue-1,2015-2016,F1,05/03/16,Lille,Reims,2.0,0.0,H,0.0,0.0,8.0,9.0,5.0,5.0
ligue-1,2015-2016,F1,05/03/16,Nice,Troyes,2.0,1.0,H,1.0,1.0,18.0,10.0,7.0,4.0
ligue-1,2015-2016,F1,05/03/16,Paris SG,Montpellier,0.0,0.0,D,0.0,0.0,7.0,6.0,5.0,0.0
ligue-1,2015-2016,F1,06/03/16,Lyon,Guingamp,5.0,1.0,H,3.0,1.0,16.0,11.0,9.0,5.0
ligue-1,2015-2016,F1,06/03/16,Marseille,Toulouse,1.0,1.0,D,0.0,0.0,20.0,18.0,8.0,7.0
ligue-1,2015-2016,F1,06/03/16,Rennes,Nantes,4.0,1.0,H,4.0,0.0,11.0,11.0,7.0,6.0
ligue-1,2015-2016,F1,09/03/16,Ajaccio GFCO,Marseille,1.0,1.0,D,0.0,0.0,17.0,6.0,6.0,5.0
ligue-1,2015-2016,F1,09/03/16,Bastia,Nantes,0.0,0.0,D,0.0,0.0,5.0,8.0,1.0,2.0
ligue-1,2015-2016,F1,11/03/16,Monaco,Reims,2.0,2.0,D,2.0,1.0,12.0,9.0,7.0,4.0
ligue-1,2015-2016,F1,12/03/16,Ajaccio GFCO,Caen,1.0,0.0,H,0.0,0.0,19.0,9.0,4.0,4.0
ligue-1,2015-2016,F1,12/03/16,Bastia,Lille,1.0,2.0,A,0.0,1.0,10.0,9.0,1.0,4.0
ligue-1,2015-2016,F1,12/03/16,Guingamp,St Etienne,2.0,0.0,H,2.0,0.0,8.0,13.0,3.0,2.0
ligue-1,2015-2016,F1,12/03/16,Lorient,Marseille,1.0,1.0,D,1.0,0.0,15.0,10.0,10.0,2.0
ligue-1,2015-2016,F1,12/03/16,Montpellier,Nice,0.0,2.0,A,0.0,0.0,11.0,10.0,6.0,3.0
ligue-1,2015-2016,F1,12/03/16,Toulouse,Bordeaux,4.0,0.0,H,1.0,0.0,20.0,13.0,11.0,2.0
ligue-1,2015-2016,F1,13/03/16,Nantes,Angers,2.0,0.0,H,0.0,0.0,11.0,6.0,7.0,0.0
ligue-1,2015-2016,F1,13/03/16,Rennes,Lyon,2.0,2.0,D,0.0,1.0,13.0,17.0,4.0,7.0
ligue-1,2015-2016,F1,13/03/16,Troyes,Paris SG,0.0,9.0,A,0.0,3.0,16.0,22.0,3.0,15.0
ligue-1,2015-2016,F1,18/03/16,Marseille,Rennes,2.0,5.0,A,1.0,3.0,14.0,12.0,5.0,8.0
ligue-1,2015-2016,F1,19/03/16,Angers,Lorient,5.0,1.0,H,3.0,1.0,23.0,6.0,10.0,2.0
ligue-1,2015-2016,F1,19/03/16,Caen,Troyes,2.0,1.0,H,1.0,1.0,23.0,4.0,6.0,2.0
ligue-1,2015-2016,F1,19/03/16,Lille,Toulouse,1.0,0.0,H,1.0,0.0,6.0,10.0,2.0,3.0
ligue-1,2015-2016,F1,19/03/16,Lyon,Nantes,2.0,0.0,H,0.0,0.0,8.0,7.0,4.0,1.0
ligue-1,2015-2016,F1,19/03/16,Reims,Guingamp,0.0,1.0,A,0.0,1.0,19.0,2.0,3.0,2.0
ligue-1,2015-2016,F1,19/03/16,St Etienne,Montpellier,3.0,0.0,H,0.0,0.0,9.0,7.0,4.0,1.0
ligue-1,2015-2016,F1,20/03/16,Bordeaux,Bastia,1.0,1.0,D,0.0,0.0,12.0,8.0,4.0,4.0
ligue-1,2015-2016,F1,20/03/16,Nice,Ajaccio GFCO,3.0,0.0,H,1.0,0.0,10.0,12.0,5.0,2.0
ligue-1,2015-2016,F1,20/03/16,Paris SG,Monaco,0.0,2.0,A,0.0,0.0,23.0,12.0,4.0,5.0
ligue-1,2015-2016,F1,01/04/16,Monaco,Bordeaux,1.0,2.0,A,0.0,1.0,15.0,10.0,5.0,4.0
ligue-1,2015-2016,F1,02/04/16,Ajaccio GFCO,St Etienne,0.0,2.0,A,0.0,1.0,17.0,7.0,5.0,4.0
ligue-1,2015-2016,F1,02/04/16,Guingamp,Montpellier,2.0,2.0,D,1.0,1.0,10.0,12.0,3.0,4.0
ligue-1,2015-2016,F1,02/04/16,Paris SG,Nice,4.0,1.0,H,2.0,1.0,13.0,6.0,7.0,4.0
ligue-1,2015-2016,F1,02/04/16,Rennes,Reims,3.0,1.0,H,2.0,0.0,10.0,10.0,5.0,4.0
ligue-1,2015-2016,F1,02/04/16,Toulouse,Caen,2.0,0.0,H,1.0,0.0,7.0,6.0,1.0,1.0
ligue-1,2015-2016,F1,02/04/16,Troyes,Angers,0.0,1.0,A,0.0,0.0,12.0,17.0,7.0,3.0
ligue-1,2015-2016,F1,03/04/16,Bastia,Marseille,2.0,1.0,H,0.0,0.0,6.0,7.0,1.0,2.0
ligue-1,2015-2016,F1,03/04/16,Lorient,Lyon,1.0,3.0,A,1.0,1.0,8.0,17.0,2.0,7.0
ligue-1,2015-2016,F1,03/04/16,Nantes,Lille,0.0,3.0,A,0.0,1.0,13.0,11.0,6.0,7.0
ligue-1,2015-2016,F1,08/04/16,Montpellier,Lyon,0.0,2.0,A,0.0,2.0,7.0,14.0,2.0,8.0
ligue-1,2015-2016,F1,09/04/16,Angers,Ajaccio GFCO,0.0,0.0,D,0.0,0.0,7.0,2.0,1.0,1.0
ligue-1,2015-2016,F1,09/04/16,Caen,Lorient,1.0,2.0,A,0.0,1.0,18.0,17.0,4.0,7.0
ligue-1,2015-2016,F1,09/04/16,Guingamp,Paris SG,0.0,2.0,A,0.0,0.0,8.0,13.0,2.0,6.0
ligue-1,2015-2016,F1,09/04/16,Reims,Nantes,2.0,1.0,H,1.0,0.0,10.0,14.0,4.0,5.0
ligue-1,2015-2016,F1,09/04/16,St Etienne,Troyes,1.0,0.0,H,0.0,0.0,16.0,9.0,7.0,1.0
ligue-1,2015-2016,F1,09/04/16,Toulouse,Bastia,4.0,0.0,H,0.0,0.0,11.0,4.0,7.0,1.0
ligue-1,2015-2016,F1,10/04/16,Lille,Monaco,4.0,1.0,H,1.0,0.0,8.0,7.0,4.0,4.0
ligue-1,2015-2016,F1,10/04/16,Marseille,Bordeaux,0.0,0.0,D,0.0,0.0,7.0,9.0,4.0,3.0
ligue-1,2015-2016,F1,10/04/16,Nice,Rennes,3.0,0.0,H,2.0,0.0,12.0,8.0,8.0,3.0
ligue-1,2015-2016,F1,15/04/16,Lyon,Nice,1.0,1.0,D,0.0,1.0,14.0,6.0,3.0,2.0
ligue-1,2015-2016,F1,16/04/16,Ajaccio GFCO,Lille,2.0,4.0,A,1.0,1.0,13.0,13.0,4.0,5.0
ligue-1,2015-2016,F1,16/04/16,Bastia,St Etienne,0.0,1.0,A,0.0,0.0,16.0,9.0,2.0,4.0
ligue-1,2015-2016,F1,16/04/16,Bordeaux,Angers,1.0,3.0,A,0.0,0.0,16.0,4.0,4.0,4.0
ligue-1,2015-2016,F1,16/04/16,Lorient,Toulouse,1.0,1.0,D,0.0,0.0,11.0,11.0,4.0,2.0
ligue-1,2015-2016,F1,16/04/16,Paris SG,Caen,6.0,0.0,H,2.0,0.0,22.0,15.0,10.0,8.0
ligue-1,2015-2016,F1,16/04/16,Troyes,Reims,2.0,1.0,H,0.0,0.0,21.0,15.0,12.0,4.0
ligue-1,2015-2016,F1,17/04/16,Monaco,Marseille,2.0,1.0,H,0.0,0.0,14.0,7.0,4.0,2.0
ligue-1,2015-2016,F1,17/04/16,Nantes,Montpellier,0.0,2.0,A,0.0,1.0,9.0,11.0,0.0,5.0
ligue-1,2015-2016,F1,17/04/16,Rennes,Guingamp,0.0,3.0,A,0.0,0.0,9.0,12.0,3.0,7.0
ligue-1,2015-2016,F1,22/04/16,Nice,Reims,2.0,0.0,H,1.0,0.0,10.0,10.0,5.0,4.0
ligue-1,2015-2016,F1,23/04/16,Toulouse,Lyon,2.0,3.0,A,0.0,0.0,9.0,11.0,5.0,3.0
ligue-1,2015-2016,F1,24/04/16,Ajaccio GFCO,Bastia,3.0,2.0,H,2.0,1.0,8.0,17.0,5.0,7.0
ligue-1,2015-2016,F1,24/04/16,Guingamp,Caen,1.0,1.0,D,0.0,1.0,11.0,12.0,2.0,5.0
ligue-1,2015-2016,F1,24/04/16,Marseille,Nantes,1.0,1.0,D,0.0,1.0,7.0,7.0,3.0,3.0
ligue-1,2015-2016,F1,24/04/16,Montpellier,Troyes,4.0,1.0,H,3.0,1.0,15.0,17.0,7.0,7.0
ligue-1,2015-2016,F1,24/04/16,Rennes,Monaco,1.0,1.0,D,0.0,1.0,11.0,10.0,3.0,6.0
ligue-1,2015-2016,F1,24/04/16,St Etienne,Lorient,2.0,0.0,H,0.0,0.0,12.0,9.0,5.0,1.0
ligue-1,2015-2016,F1,27/04/16,Lille,Angers,0.0,0.0,D,0.0,0.0,12.0,7.0,3.0,4.0
ligue-1,2015-2016,F1,29/04/16,Paris SG,Rennes,4.0,0.0,H,0.0,0.0,27.0,9.0,12.0,2.0
ligue-1,2015-2016,F1,30/04/16,Caen,Bastia,0.0,0.0,D,0.0,0.0,14.0,7.0,5.0,2.0
ligue-1,2015-2016,F1,30/04/16,Lorient,Lille,0.0,1.0,A,0.0,0.0,13.0,14.0,3.0,5.0
ligue-1,2015-2016,F1,30/04/16,Lyon,Ajaccio GFCO,2.0,1.0,H,2.0,0.0,6.0,5.0,2.0,2.0
ligue-1,2015-2016,F1,30/04/16,Monaco,Guingamp,3.0,2.0,H,2.0,0.0,16.0,8.0,8.0,4.0
ligue-1,2015-2016,F1,30/04/16,Nantes,Nice,1.0,0.0,H,0.0,0.0,18.0,5.0,4.0,2.0
ligue-1,2015-2016,F1,30/04/16,Reims,Montpellier,2.0,3.0,A,0.0,1.0,15.0,10.0,7.0,5.0
ligue-1,2015-2016,F1,30/04/16,St Etienne,Toulouse,0.0,0.0,D,0.0,0.0,9.0,9.0,0.0,7.0
ligue-1,2015-2016,F1,30/04/16,Troyes,Bordeaux,2.0,4.0,A,0.0,2.0,18.0,13.0,7.0,9.0
ligue-1,2015-2016,F1,01/05/16,Angers,Marseille,0.0,1.0,A,0.0,1.0,12.0,12.0,1.0,4.0
ligue-1,2015-2016,F1,07/05/16,Ajaccio GFCO,Paris SG,0.0,4.0,A,0.0,1.0,7.0,9.0,1.0,6.0
ligue-1,2015-2016,F1,07/05/16,Bastia,Angers,1.0,0.0,H,1.0,0.0,9.0,11.0,6.0,2.0
ligue-1,2015-2016,F1,07/05/16,Bordeaux,Lorient,3.0,0.0,H,2.0,0.0,11.0,10.0,7.0,2.0
ligue-1,2015-2016,F1,07/05/16,Lille,Guingamp,0.0,0.0,D,0.0,0.0,28.0,2.0,7.0,0.0
ligue-1,2015-2016,F1,07/05/16,Lyon,Monaco,6.0,1.0,H,4.0,1.0,23.0,11.0,15.0,1.0
ligue-1,2015-2016,F1,07/05/16,Marseille,Reims,1.0,0.0,H,0.0,0.0,21.0,14.0,8.0,2.0
ligue-1,2015-2016,F1,07/05/16,Montpellier,Rennes,2.0,0.0,H,0.0,0.0,17.0,10.0,5.0,2.0
ligue-1,2015-2016,F1,07/05/16,Nantes,Caen,1.0,2.0,A,0.0,2.0,15.0,9.0,5.0,3.0
ligue-1,2015-2016,F1,07/05/16,Nice,St Etienne,2.0,0.0,H,0.0,0.0,11.0,2.0,4.0,1.0
ligue-1,2015-2016,F1,07/05/16,Toulouse,Troyes,1.0,0.0,H,0.0,0.0,14.0,3.0,4.0,1.0
ligue-1,2015-2016,F1,11/05/16,Bordeaux,Paris SG,1.0,1.0,D,0.0,0.0,8.0,9.0,3.0,2.0
ligue-1,2015-2016,F1,14/05/16,Angers,Toulouse,2.0,3.0,A,1.0,0.0,6.0,14.0,2.0,7.0
ligue-1,2015-2016,F1,14/05/16,Caen,Bordeaux,1.0,0.0,H,1.0,0.0,10.0,11.0,4.0,5.0
ligue-1,2015-2016,F1,14/05/16,Guingamp,Nice,2.0,3.0,A,1.0,2.0,15.0,10.0,3.0,3.0
ligue-1,2015-2016,F1,14/05/16,Lorient,Ajaccio GFCO,1.0,0.0,H,1.0,0.0,8.0,18.0,4.0,3.0
ligue-1,2015-2016,F1,14/05/16,Monaco,Montpellier,2.0,0.0,H,2.0,0.0,15.0,10.0,7.0,4.0
ligue-1,2015-2016,F1,14/05/16,Paris SG,Nantes,4.0,0.0,H,2.0,0.0,20.0,13.0,13.0,3.0
ligue-1,2015-2016,F1,14/05/16,Reims,Lyon,4.0,1.0,H,2.0,0.0,14.0,9.0,6.0,3.0
ligue-1,2015-2016,F1,14/05/16,Rennes,Bastia,1.0,2.0,A,0.0,1.0,17.0,9.0,8.0,5.0
ligue-1,2015-2016,F1,14/05/16,St Etienne,Lille,0.0,1.0,A,0.0,1.0,12.0,12.0,3.0,6.0
ligue-1,2015-2016,F1,14/05/16,Troyes,Marseille,1.0,1.0,D,1.0,0.0,9.0,19.0,4.0,6.0
ligue-1,2016-2017,F1,12/08/16,Bastia,Paris SG,0.0,1.0,A,0.0,0.0,10.0,9.0,0.0,6.0
ligue-1,2016-2017,F1,12/08/16,Monaco,Guingamp,2.0,2.0,D,0.0,2.0,18.0,9.0,4.0,5.0
ligue-1,2016-2017,F1,13/08/16,Bordeaux,St Etienne,3.0,2.0,H,1.0,0.0,10.0,14.0,6.0,5.0
ligue-1,2016-2017,F1,13/08/16,Caen,Lorient,3.0,2.0,H,2.0,2.0,15.0,8.0,6.0,2.0
ligue-1,2016-2017,F1,13/08/16,Dijon,Nantes,0.0,1.0,A,0.0,0.0,6.0,10.0,2.0,3.0
ligue-1,2016-2017,F1,13/08/16,Metz,Lille,3.0,2.0,H,0.0,1.0,7.0,13.0,3.0,4.0
ligue-1,2016-2017,F1,13/08/16,Montpellier,Angers,1.0,0.0,H,1.0,0.0,14.0,12.0,3.0,2.0
ligue-1,2016-2017,F1,14/08/16,Marseille,Toulouse,0.0,0.0,D,0.0,0.0,10.0,6.0,2.0,2.0
ligue-1,2016-2017,F1,14/08/16,Nancy,Lyon,0.0,3.0,A,0.0,2.0,11.0,9.0,1.0,7.0
ligue-1,2016-2017,F1,14/08/16,Nice,Rennes,1.0,0.0,H,0.0,0.0,7.0,19.0,1.0,4.0
ligue-1,2016-2017,F1,19/08/16,Lyon,Caen,2.0,0.0,H,1.0,0.0,21.0,7.0,7.0,1.0
ligue-1,2016-2017,F1,20/08/16,Angers,Nice,0.0,1.0,A,0.0,1.0,21.0,14.0,6.0,8.0
ligue-1,2016-2017,F1,20/08/16,Lille,Dijon,1.0,0.0,H,0.0,0.0,10.0,7.0,3.0,2.0
ligue-1,2016-2017,F1,20/08/16,Lorient,Bastia,0.0,3.0,A,0.0,2.0,10.0,16.0,3.0,7.0
ligue-1,2016-2017,F1,20/08/16,Nantes,Monaco,0.0,1.0,A,0.0,1.0,8.0,8.0,2.0,3.0
ligue-1,2016-2017,F1,20/08/16,Rennes,Nancy,2.0,0.0,H,1.0,0.0,9.0,8.0,3.0,1.0
ligue-1,2016-2017,F1,20/08/16,Toulouse,Bordeaux,4.0,1.0,H,2.0,0.0,11.0,9.0,5.0,2.0
ligue-1,2016-2017,F1,21/08/16,Guingamp,Marseille,2.0,1.0,H,1.0,0.0,14.0,8.0,4.0,3.0
ligue-1,2016-2017,F1,21/08/16,Paris SG,Metz,3.0,0.0,H,0.0,0.0,29.0,11.0,8.0,6.0
ligue-1,2016-2017,F1,21/08/16,St Etienne,Montpellier,3.0,1.0,H,0.0,1.0,14.0,13.0,5.0,3.0
ligue-1,2016-2017,F1,26/08/16,Marseille,Lorient,2.0,0.0,H,1.0,0.0,13.0,10.0,8.0,5.0
ligue-1,2016-2017,F1,27/08/16,Caen,Bastia,2.0,0.0,H,0.0,0.0,17.0,5.0,4.0,1.0
ligue-1,2016-2017,F1,27/08/16,Dijon,Lyon,4.0,2.0,H,2.0,2.0,8.0,25.0,5.0,9.0
ligue-1,2016-2017,F1,27/08/16,Metz,Angers,2.0,0.0,H,1.0,0.0,7.0,23.0,2.0,7.0
ligue-1,2016-2017,F1,27/08/16,Montpellier,Rennes,1.0,1.0,D,1.0,0.0,11.0,12.0,5.0,2.0
ligue-1,2016-2017,F1,27/08/16,Nancy,Guingamp,0.0,2.0,A,0.0,0.0,19.0,14.0,3.0,6.0
ligue-1,2016-2017,F1,27/08/16,Nice,Lille,1.0,1.0,D,1.0,1.0,13.0,8.0,6.0,3.0
ligue-1,2016-2017,F1,28/08/16,Bordeaux,Nantes,1.0,0.0,H,1.0,0.0,9.0,16.0,7.0,6.0
ligue-1,2016-2017,F1,28/08/16,Monaco,Paris SG,3.0,1.0,H,2.0,0.0,9.0,6.0,2.0,2.0
ligue-1,2016-2017,F1,28/08/16,St Etienne,Toulouse,0.0,0.0,D,0.0,0.0,16.0,9.0,3.0,2.0
ligue-1,2016-2017,F1,09/09/16,Paris SG,St Etienne,1.0,1.0,D,0.0,0.0,15.0,5.0,4.0,2.0
ligue-1,2016-2017,F1,10/09/16,Angers,Dijon,3.0,1.0,H,1.0,1.0,13.0,7.0,7.0,2.0
ligue-1,2016-2017,F1,10/09/16,Bastia,Toulouse,2.0,1.0,H,1.0,0.0,5.0,8.0,4.0,3.0
ligue-1,2016-2017,F1,10/09/16,Guingamp,Montpellier,1.0,1.0,D,1.0,1.0,12.0,5.0,4.0,2.0
ligue-1,2016-2017,F1,10/09/16,Lille,Monaco,1.0,4.0,A,0.0,2.0,6.0,9.0,3.0,6.0
ligue-1,2016-2017,F1,10/09/16,Lorient,Nancy,0.0,2.0,A,0.0,1.0,9.0,7.0,2.0,3.0
ligue-1,2016-2017,F1,10/09/16,Lyon,Bordeaux,1.0,3.0,A,1.0,1.0,11.0,10.0,4.0,6.0
ligue-1,2016-2017,F1,11/09/16,Nantes,Metz,0.0,3.0,A,0.0,2.0,13.0,10.0,3.0,4.0
ligue-1,2016-2017,F1,11/09/16,Nice,Marseille,3.0,2.0,H,1.0,1.0,18.0,14.0,7.0,5.0
ligue-1,2016-2017,F1,11/09/16,Rennes,Caen,2.0,0.0,H,0.0,0.0,5.0,8.0,4.0,4.0
ligue-1,2016-2017,F1,16/09/16,Caen,Paris SG,0.0,6.0,A,0.0,4.0,13.0,21.0,1.0,7.0
ligue-1,2016-2017,F1,17/09/16,Bordeaux,Angers,0.0,1.0,A,0.0,1.0,10.0,5.0,4.0,5.0
ligue-1,2016-2017,F1,17/09/16,Dijon,Metz,0.0,0.0,D,0.0,0.0,16.0,7.0,6.0,3.0
ligue-1,2016-2017,F1,17/09/16,Lorient,Lille,1.0,0.0,H,0.0,0.0,9.0,10.0,4.0,0.0
ligue-1,2016-2017,F1,17/09/16,Monaco,Rennes,3.0,0.0,H,1.0,0.0,17.0,5.0,7.0,3.0
ligue-1,2016-2017,F1,17/09/16,Nancy,Nantes,1.0,1.0,D,0.0,0.0,9.0,14.0,2.0,5.0
ligue-1,2016-2017,F1,17/09/16,Toulouse,Guingamp,2.0,1.0,H,0.0,0.0,13.0,5.0,5.0,3.0
ligue-1,2016-2017,F1,18/09/16,Marseille,Lyon,0.0,0.0,D,0.0,0.0,13.0,14.0,2.0,1.0
ligue-1,2016-2017,F1,18/09/16,Montpellier,Nice,1.0,1.0,D,0.0,0.0,15.0,9.0,5.0,4.0
ligue-1,2016-2017,F1,18/09/16,St Etienne,Bastia,1.0,0.0,H,0.0,0.0,13.0,9.0,3.0,3.0
ligue-1,2016-2017,F1,20/09/16,Lille,Toulouse,1.0,2.0,A,1.0,1.0,19.0,7.0,5.0,2.0
ligue-1,2016-2017,F1,20/09/16,Paris SG,Dijon,3.0,0.0,H,2.0,0.0,8.0,8.0,4.0,4.0
ligue-1,2016-2017,F1,21/09/16,Angers,Caen,2.0,1.0,H,1.0,0.0,13.0,6.0,5.0,1.0
ligue-1,2016-2017,F1,21/09/16,Bastia,Nancy,0.0,0.0,D,0.0,0.0,10.0,4.0,5.0,2.0
ligue-1,2016-2017,F1,21/09/16,Guingamp,Lorient,1.0,0.0,H,0.0,0.0,8.0,13.0,4.0,3.0
ligue-1,2016-2017,F1,21/09/16,Lyon,Montpellier,5.0,1.0,H,2.0,1.0,16.0,8.0,8.0,2.0
ligue-1,2016-2017,F1,21/09/16,Metz,Bordeaux,0.0,3.0,A,0.0,1.0,12.0,20.0,4.0,7.0
ligue-1,2016-2017,F1,21/09/16,Nantes,St Etienne,0.0,0.0,D,0.0,0.0,17.0,6.0,6.0,0.0
ligue-1,2016-2017,F1,21/09/16,Nice,Monaco,4.0,0.0,H,2.0,0.0,9.0,17.0,7.0,7.0
ligue-1,2016-2017,F1,21/09/16,Rennes,Marseille,3.0,2.0,H,1.0,1.0,13.0,8.0,5.0,4.0
ligue-1,2016-2017,F1,23/09/16,Toulouse,Paris SG,2.0,0.0,H,0.0,0.0,11.0,12.0,3.0,3.0
ligue-1,2016-2017,F1,24/09/16,Bastia,Guingamp,1.0,0.0,H,0.0,0.0,11.0,3.0,6.0,3.0
ligue-1,2016-2017,F1,24/09/16,Bordeaux,Caen,0.0,0.0,D,0.0,0.0,12.0,13.0,2.0,4.0
ligue-1,2016-2017,F1,24/09/16,Dijon,Rennes,3.0,0.0,H,2.0,0.0,15.0,19.0,5.0,4.0
ligue-1,2016-2017,F1,24/09/16,Lorient,Lyon,1.0,0.0,H,0.0,0.0,11.0,18.0,2.0,8.0
ligue-1,2016-2017,F1,24/09/16,Monaco,Angers,2.0,1.0,H,0.0,0.0,13.0,11.0,4.0,4.0
ligue-1,2016-2017,F1,24/09/16,Montpellier,Metz,0.0,1.0,A,0.0,1.0,16.0,4.0,2.0,3.0
ligue-1,2016-2017,F1,25/09/16,Marseille,Nantes,2.0,1.0,H,1.0,1.0,14.0,13.0,5.0,4.0
ligue-1,2016-2017,F1,25/09/16,Nancy,Nice,0.0,1.0,A,0.0,0.0,15.0,13.0,0.0,4.0
ligue-1,2016-2017,F1,25/09/16,St Etienne,Lille,3.0,1.0,H,0.0,0.0,9.0,12.0,3.0,3.0
ligue-1,2016-2017,F1,30/09/16,Rennes,Guingamp,1.0,0.0,H,0.0,0.0,13.0,6.0,3.0,1.0
ligue-1,2016-2017,F1,01/10/16,Caen,Toulouse,1.0,0.0,H,0.0,0.0,12.0,9.0,3.0,1.0
ligue-1,2016-2017,F1,01/10/16,Dijon,Montpellier,3.0,3.0,D,1.0,2.0,8.0,15.0,6.0,6.0
ligue-1,2016-2017,F1,01/10/16,Lille,Nancy,1.0,0.0,H,0.0,0.0,14.0,5.0,4.0,3.0
ligue-1,2016-2017,F1,01/10/16,Metz,Monaco,0.0,7.0,A,0.0,3.0,14.0,14.0,2.0,9.0
ligue-1,2016-2017,F1,01/10/16,Nantes,Bastia,1.0,0.0,H,1.0,0.0,20.0,12.0,8.0,6.0
ligue-1,2016-2017,F1,01/10/16,Paris SG,Bordeaux,2.0,0.0,H,2.0,0.0,14.0,6.0,7.0,2.0
ligue-1,2016-2017,F1,02/10/16,Angers,Marseille,1.0,1.0,D,0.0,0.0,17.0,9.0,5.0,2.0
ligue-1,2016-2017,F1,02/10/16,Lyon,St Etienne,2.0,0.0,H,1.0,0.0,14.0,11.0,7.0,3.0
ligue-1,2016-2017,F1,02/10/16,Nice,Lorient,2.0,1.0,H,1.0,0.0,8.0,17.0,2.0,4.0
ligue-1,2016-2017,F1,14/10/16,Nice,Lyon,2.0,0.0,H,1.0,0.0,16.0,4.0,6.0,3.0
ligue-1,2016-2017,F1,14/10/16,Toulouse,Monaco,3.0,1.0,H,0.0,1.0,17.0,4.0,6.0,1.0
ligue-1,2016-2017,F1,15/10/16,Bastia,Angers,1.0,2.0,A,1.0,1.0,12.0,7.0,3.0,3.0
ligue-1,2016-2017,F1,15/10/16,Guingamp,Lille,1.0,0.0,H,1.0,0.0,13.0,12.0,4.0,3.0
ligue-1,2016-2017,F1,15/10/16,Lorient,Nantes,1.0,2.0,A,0.0,1.0,15.0,5.0,5.0,3.0
ligue-1,2016-2017,F1,15/10/16,Montpellier,Caen,3.0,2.0,H,1.0,1.0,11.0,12.0,7.0,5.0
ligue-1,2016-2017,F1,15/10/16,Nancy,Paris SG,1.0,2.0,A,0.0,2.0,6.0,7.0,3.0,3.0
ligue-1,2016-2017,F1,16/10/16,Marseille,Metz,1.0,0.0,H,1.0,0.0,16.0,11.0,6.0,1.0
ligue-1,2016-2017,F1,16/10/16,Rennes,Bordeaux,1.0,1.0,D,1.0,0.0,15.0,7.0,4.0,1.0
ligue-1,2016-2017,F1,16/10/16,St Etienne,Dijon,1.0,1.0,D,0.0,1.0,17.0,11.0,3.0,3.0
ligue-1,2016-2017,F1,21/10/16,Monaco,Montpellier,6.0,2.0,H,1.0,1.0,14.0,9.0,9.0,3.0
ligue-1,2016-2017,F1,22/10/16,Angers,Toulouse,0.0,0.0,D,0.0,0.0,11.0,6.0,3.0,2.0
ligue-1,2016-2017,F1,22/10/16,Bordeaux,Nancy,1.0,1.0,D,0.0,0.0,12.0,11.0,2.0,3.0
ligue-1,2016-2017,F1,22/10/16,Dijon,Lorient,1.0,0.0,H,0.0,0.0,13.0,15.0,3.0,5.0
ligue-1,2016-2017,F1,22/10/16,Lille,Bastia,2.0,1.0,H,0.0,0.0,17.0,5.0,8.0,1.0
ligue-1,2016-2017,F1,22/10/16,Lyon,Guingamp,1.0,3.0,A,1.0,0.0,18.0,6.0,6.0,5.0
ligue-1,2016-2017,F1,22/10/16,Nantes,Rennes,1.0,2.0,A,1.0,0.0,9.0,7.0,4.0,3.0
ligue-1,2016-2017,F1,23/10/16,Caen,St Etienne,0.0,2.0,A,0.0,0.0,9.0,13.0,1.0,6.0
ligue-1,2016-2017,F1,23/10/16,Metz,Nice,2.0,4.0,A,1.0,2.0,9.0,17.0,5.0,8.0
ligue-1,2016-2017,F1,23/10/16,Paris SG,Marseille,0.0,0.0,D,0.0,0.0,17.0,0.0,3.0,0.0
ligue-1,2016-2017,F1,28/10/16,Lille,Paris SG,0.0,1.0,A,0.0,0.0,10.0,17.0,1.0,7.0
ligue-1,2016-2017,F1,29/10/16,Bastia,Dijon,0.0,0.0,D,0.0,0.0,19.0,8.0,11.0,2.0
ligue-1,2016-2017,F1,29/10/16,Guingamp,Angers,1.0,0.0,H,0.0,0.0,13.0,15.0,5.0,3.0
ligue-1,2016-2017,F1,29/10/16,Lorient,Montpellier,2.0,2.0,D,2.0,1.0,17.0,8.0,3.0,4.0
ligue-1,2016-2017,F1,29/10/16,Nancy,Caen,2.0,0.0,H,2.0,0.0,11.0,14.0,3.0,5.0
ligue-1,2016-2017,F1,29/10/16,St Etienne,Monaco,1.0,1.0,D,1.0,1.0,8.0,13.0,2.0,6.0
ligue-1,2016-2017,F1,29/10/16,Toulouse,Lyon,1.0,2.0,A,1.0,1.0,12.0,7.0,1.0,3.0
ligue-1,2016-2017,F1,30/10/16,Marseille,Bordeaux,0.0,0.0,D,0.0,0.0,10.0,5.0,3.0,1.0
ligue-1,2016-2017,F1,30/10/16,Nice,Nantes,4.0,1.0,H,2.0,0.0,12.0,16.0,7.0,4.0
ligue-1,2016-2017,F1,30/10/16,Rennes,Metz,1.0,0.0,H,0.0,0.0,10.0,8.0,4.0,2.0
ligue-1,2016-2017,F1,04/11/16,Montpellier,Marseille,3.0,1.0,H,2.0,0.0,13.0,10.0,4.0,2.0
ligue-1,2016-2017,F1,05/11/16,Angers,Lille,1.0,0.0,H,0.0,0.0,9.0,6.0,1.0,1.0
ligue-1,2016-2017,F1,05/11/16,Bordeaux,Lorient,2.0,1.0,H,1.0,0.0,12.0,9.0,6.0,1.0
ligue-1,2016-2017,F1,05/11/16,Dijon,Guingamp,3.0,3.0,D,3.0,1.0,13.0,14.0,7.0,6.0
ligue-1,2016-2017,F1,05/11/16,Lyon,Bastia,2.0,1.0,H,1.0,0.0,23.0,10.0,7.0,4.0
ligue-1,2016-2017,F1,05/11/16,Monaco,Nancy,6.0,0.0,H,2.0,0.0,16.0,8.0,8.0,1.0
ligue-1,2016-2017,F1,05/11/16,Nantes,Toulouse,1.0,1.0,D,0.0,1.0,13.0,4.0,2.0,4.0
ligue-1,2016-2017,F1,06/11/16,Caen,Nice,1.0,0.0,H,1.0,0.0,12.0,4.0,7.0,1.0
ligue-1,2016-2017,F1,06/11/16,Metz,St Etienne,0.0,0.0,D,0.0,0.0,14.0,8.0,2.0,2.0
ligue-1,2016-2017,F1,06/11/16,Paris SG,Rennes,4.0,0.0,H,2.0,0.0,18.0,4.0,6.0,1.0
ligue-1,2016-2017,F1,18/11/16,Lille,Lyon,0.0,1.0,A,0.0,1.0,14.0,17.0,3.0,3.0
ligue-1,2016-2017,F1,18/11/16,Lorient,Monaco,0.0,3.0,A,0.0,0.0,15.0,11.0,3.0,6.0
ligue-1,2016-2017,F1,19/11/16,Bastia,Montpellier,1.0,1.0,D,1.0,0.0,16.0,11.0,3.0,4.0
ligue-1,2016-2017,F1,19/11/16,Nancy,Dijon,1.0,0.0,H,0.0,0.0,13.0,12.0,4.0,5.0
ligue-1,2016-2017,F1,19/11/16,Paris SG,Nantes,2.0,0.0,H,1.0,0.0,10.0,12.0,5.0,1.0
ligue-1,2016-2017,F1,19/11/16,Rennes,Angers,1.0,1.0,D,1.0,0.0,11.0,7.0,2.0,4.0
ligue-1,2016-2017,F1,19/11/16,Toulouse,Metz,1.0,2.0,A,0.0,1.0,15.0,4.0,4.0,2.0
ligue-1,2016-2017,F1,20/11/16,Guingamp,Bordeaux,1.0,1.0,D,0.0,1.0,15.0,8.0,4.0,3.0
ligue-1,2016-2017,F1,20/11/16,Marseille,Caen,1.0,0.0,H,0.0,0.0,14.0,3.0,1.0,0.0
ligue-1,2016-2017,F1,20/11/16,St Etienne,Nice,0.0,1.0,A,0.0,0.0,8.0,15.0,1.0,5.0
ligue-1,2016-2017,F1,25/11/16,Rennes,Toulouse,1.0,0.0,H,1.0,0.0,11.0,12.0,3.0,3.0
ligue-1,2016-2017,F1,26/11/16,Bordeaux,Dijon,3.0,2.0,H,0.0,1.0,14.0,9.0,6.0,6.0
ligue-1,2016-2017,F1,26/11/16,Caen,Guingamp,1.0,1.0,D,0.0,0.0,18.0,11.0,4.0,4.0
ligue-1,2016-2017,F1,26/11/16,Metz,Lorient,3.0,3.0,D,1.0,1.0,11.0,10.0,6.0,6.0
ligue-1,2016-2017,F1,26/11/16,Monaco,Marseille,4.0,0.0,H,3.0,0.0,15.0,9.0,9.0,3.0
ligue-1,2016-2017,F1,26/11/16,Montpellier,Nancy,0.0,0.0,D,0.0,0.0,12.0,5.0,4.0,2.0
ligue-1,2016-2017,F1,26/11/16,Nantes,Lille,0.0,0.0,D,0.0,0.0,8.0,9.0,1.0,3.0
ligue-1,2016-2017,F1,27/11/16,Angers,St Etienne,1.0,2.0,A,1.0,0.0,14.0,8.0,6.0,5.0
ligue-1,2016-2017,F1,27/11/16,Lyon,Paris SG,1.0,2.0,A,0.0,1.0,14.0,11.0,3.0,5.0
ligue-1,2016-2017,F1,27/11/16,Nice,Bastia,1.0,1.0,D,1.0,0.0,12.0,11.0,7.0,2.0
ligue-1,2016-2017,F1,29/11/16,Dijon,Monaco,1.0,1.0,D,0.0,1.0,12.0,9.0,2.0,4.0
ligue-1,2016-2017,F1,29/11/16,Lille,Caen,4.0,2.0,H,2.0,1.0,19.0,13.0,8.0,2.0
ligue-1,2016-2017,F1,29/11/16,Lorient,Rennes,2.0,1.0,H,1.0,1.0,10.0,15.0,3.0,8.0
ligue-1,2016-2017,F1,30/11/16,Bastia,Bordeaux,1.0,1.0,D,0.0,0.0,13.0,8.0,6.0,3.0
ligue-1,2016-2017,F1,30/11/16,Guingamp,Nice,0.0,1.0,A,0.0,1.0,11.0,12.0,5.0,4.0
ligue-1,2016-2017,F1,30/11/16,Nancy,Metz,4.0,0.0,H,1.0,0.0,17.0,8.0,7.0,4.0
ligue-1,2016-2017,F1,30/11/16,Nantes,Lyon,0.0,6.0,A,0.0,3.0,12.0,20.0,1.0,9.0
ligue-1,2016-2017,F1,30/11/16,Paris SG,Angers,2.0,0.0,H,1.0,0.0,15.0,14.0,4.0,3.0
ligue-1,2016-2017,F1,30/11/16,St Etienne,Marseille,0.0,0.0,D,0.0,0.0,7.0,13.0,3.0,7.0
ligue-1,2016-2017,F1,30/11/16,Toulouse,Montpellier,1.0,0.0,H,1.0,0.0,5.0,12.0,3.0,2.0
ligue-1,2016-2017,F1,02/12/16,Caen,Dijon,3.0,3.0,D,3.0,1.0,16.0,13.0,9.0,4.0
ligue-1,2016-2017,F1,03/12/16,Angers,Lorient,2.0,2.0,D,1.0,1.0,19.0,13.0,5.0,5.0
ligue-1,2016-2017,F1,03/12/16,Bordeaux,Lille,0.0,1.0,A,0.0,1.0,8.0,16.0,1.0,9.0
ligue-1,2016-2017,F1,03/12/16,Guingamp,Nantes,2.0,0.0,H,1.0,0.0,15.0,8.0,6.0,2.0
ligue-1,2016-2017,F1,03/12/16,Monaco,Bastia,5.0,0.0,H,1.0,0.0,12.0,7.0,7.0,0.0
ligue-1,2016-2017,F1,03/12/16,Montpellier,Paris SG,3.0,0.0,H,1.0,0.0,6.0,10.0,3.0,3.0
ligue-1,2016-2017,F1,04/12/16,Marseille,Nancy,3.0,0.0,H,0.0,0.0,19.0,7.0,9.0,2.0
ligue-1,2016-2017,F1,04/12/16,Nice,Toulouse,3.0,0.0,H,2.0,0.0,11.0,12.0,6.0,0.0
ligue-1,2016-2017,F1,04/12/16,Rennes,St Etienne,2.0,0.0,H,0.0,0.0,14.0,4.0,5.0,0.0
ligue-1,2016-2017,F1,10/12/16,Bastia,Metz,2.0,0.0,H,1.0,0.0,16.0,8.0,6.0,1.0
ligue-1,2016-2017,F1,10/12/16,Bordeaux,Monaco,0.0,4.0,A,0.0,2.0,9.0,16.0,2.0,6.0
ligue-1,2016-2017,F1,10/12/16,Dijon,Marseille,1.0,2.0,A,0.0,1.0,14.0,12.0,5.0,7.0
ligue-1,2016-2017,F1,10/12/16,Lille,Montpellier,2.0,1.0,H,2.0,0.0,12.0,17.0,4.0,6.0
ligue-1,2016-2017,F1,10/12/16,Nancy,Angers,2.0,0.0,H,1.0,0.0,12.0,10.0,6.0,2.0
ligue-1,2016-2017,F1,10/12/16,Toulouse,Lorient,3.0,2.0,H,2.0,1.0,10.0,17.0,5.0,8.0
ligue-1,2016-2017,F1,11/12/16,Lyon,Rennes,1.0,0.0,H,1.0,0.0,5.0,13.0,4.0,5.0
ligue-1,2016-2017,F1,11/12/16,Paris SG,Nice,2.0,2.0,D,0.0,2.0,22.0,5.0,10.0,3.0
ligue-1,2016-2017,F1,11/12/16,St Etienne,Guingamp,1.0,0.0,H,1.0,0.0,7.0,18.0,2.0,8.0
ligue-1,2016-2017,F1,16/12/16,Angers,Nantes,0.0,2.0,A,0.0,1.0,15.0,11.0,2.0,4.0
ligue-1,2016-2017,F1,17/12/16,Guingamp,Paris SG,2.0,1.0,H,0.0,0.0,11.0,15.0,2.0,7.0
ligue-1,2016-2017,F1,17/12/16,Lorient,St Etienne,2.0,1.0,H,1.0,0.0,21.0,9.0,9.0,3.0
ligue-1,2016-2017,F1,17/12/16,Montpellier,Bordeaux,4.0,0.0,H,2.0,0.0,22.0,12.0,8.0,3.0
ligue-1,2016-2017,F1,17/12/16,Rennes,Bastia,1.0,2.0,A,0.0,0.0,12.0,14.0,4.0,4.0
ligue-1,2016-2017,F1,17/12/16,Toulouse,Nancy,1.0,1.0,D,0.0,1.0,5.0,10.0,2.0,3.0
ligue-1,2016-2017,F1,18/12/16,Caen,Metz,3.0,0.0,H,1.0,0.0,17.0,16.0,8.0,3.0
ligue-1,2016-2017,F1,18/12/16,Marseille,Lille,2.0,0.0,H,0.0,0.0,13.0,13.0,5.0,4.0
ligue-1,2016-2017,F1,18/12/16,Monaco,Lyon,1.0,3.0,A,0.0,1.0,13.0,17.0,4.0,10.0
ligue-1,2016-2017,F1,18/12/16,Nice,Dijon,2.0,1.0,H,1.0,1.0,8.0,11.0,3.0,4.0
ligue-1,2016-2017,F1,21/12/16,Bastia,Marseille,1.0,2.0,A,0.0,1.0,17.0,7.0,4.0,3.0
ligue-1,2016-2017,F1,21/12/16,Bordeaux,Nice,0.0,0.0,D,0.0,0.0,15.0,15.0,3.0,4.0
ligue-1,2016-2017,F1,21/12/16,Dijon,Toulouse,2.0,0.0,H,0.0,0.0,11.0,6.0,6.0,3.0
ligue-1,2016-2017,F1,21/12/16,Lille,Rennes,1.0,1.0,D,0.0,1.0,18.0,10.0,6.0,4.0
ligue-1,2016-2017,F1,21/12/16,Lyon,Angers,2.0,0.0,H,1.0,0.0,14.0,11.0,3.0,3.0
ligue-1,2016-2017,F1,21/12/16,Metz,Guingamp,2.0,2.0,D,1.0,0.0,9.0,9.0,4.0,4.0
ligue-1,2016-2017,F1,21/12/16,Monaco,Caen,2.0,1.0,H,0.0,0.0,21.0,16.0,6.0,5.0
ligue-1,2016-2017,F1,21/12/16,Nantes,Montpellier,1.0,0.0,H,1.0,0.0,5.0,18.0,2.0,4.0
ligue-1,2016-2017,F1,21/12/16,Paris SG,Lorient,5.0,0.0,H,2.0,0.0,19.0,4.0,7.0,1.0
ligue-1,2016-2017,F1,21/12/16,St Etienne,Nancy,0.0,0.0,D,0.0,0.0,18.0,5.0,3.0,3.0
ligue-1,2016-2017,F1,13/01/17,Lille,St Etienne,1.0,1.0,D,0.0,1.0,22.0,8.0,8.0,3.0
ligue-1,2016-2017,F1,14/01/17,Angers,Bordeaux,1.0,1.0,D,1.0,1.0,7.0,9.0,3.0,0.0
ligue-1,2016-2017,F1,14/01/17,Lorient,Guingamp,3.0,1.0,H,0.0,1.0,16.0,12.0,5.0,7.0
ligue-1,2016-2017,F1,14/01/17,Montpellier,Dijon,1.0,1.0,D,0.0,1.0,24.0,6.0,3.0,2.0
ligue-1,2016-2017,F1,14/01/17,Nancy,Bastia,1.0,0.0,H,0.0,0.0,15.0,11.0,4.0,2.0
ligue-1,2016-2017,F1,14/01/17,Rennes,Paris SG,0.0,1.0,A,0.0,1.0,12.0,9.0,1.0,4.0
ligue-1,2016-2017,F1,14/01/17,Toulouse,Nantes,0.0,1.0,A,0.0,1.0,15.0,8.0,4.0,1.0
ligue-1,2016-2017,F1,15/01/17,Caen,Lyon,3.0,2.0,H,2.0,2.0,12.0,16.0,5.0,5.0
ligue-1,2016-2017,F1,15/01/17,Marseille,Monaco,1.0,4.0,A,1.0,3.0,8.0,14.0,3.0,9.0
ligue-1,2016-2017,F1,15/01/17,Nice,Metz,0.0,0.0,D,0.0,0.0,12.0,15.0,2.0,3.0
ligue-1,2016-2017,F1,18/01/17,Nantes,Caen,1.0,0.0,H,0.0,0.0,16.0,9.0,6.0,3.0
ligue-1,2016-2017,F1,20/01/17,Bastia,Nice,1.0,1.0,D,1.0,1.0,11.0,17.0,2.0,5.0
ligue-1,2016-2017,F1,21/01/17,Bordeaux,Toulouse,1.0,0.0,H,1.0,0.0,22.0,8.0,10.0,6.0
ligue-1,2016-2017,F1,21/01/17,Dijon,Lille,0.0,0.0,D,0.0,0.0,19.0,11.0,4.0,3.0
ligue-1,2016-2017,F1,21/01/17,Guingamp,Rennes,1.0,1.0,D,1.0,0.0,15.0,7.0,4.0,3.0
ligue-1,2016-2017,F1,21/01/17,Metz,Montpellier,2.0,0.0,H,2.0,0.0,6.0,15.0,4.0,4.0
ligue-1,2016-2017,F1,21/01/17,Nantes,Paris SG,0.0,2.0,A,0.0,1.0,7.0,15.0,0.0,5.0
ligue-1,2016-2017,F1,22/01/17,Lyon,Marseille,3.0,1.0,H,1.0,0.0,19.0,11.0,8.0,4.0
ligue-1,2016-2017,F1,22/01/17,Monaco,Lorient,4.0,0.0,H,3.0,0.0,16.0,6.0,7.0,3.0
ligue-1,2016-2017,F1,22/01/17,St Etienne,Angers,2.0,1.0,H,0.0,1.0,12.0,16.0,4.0,5.0
ligue-1,2016-2017,F1,27/01/17,Marseille,Montpellier,5.0,1.0,H,3.0,0.0,17.0,19.0,9.0,9.0
ligue-1,2016-2017,F1,28/01/17,Angers,Metz,2.0,1.0,H,2.0,1.0,19.0,3.0,10.0,0.0
ligue-1,2016-2017,F1,28/01/17,Bastia,Caen,1.0,1.0,D,1.0,1.0,11.0,18.0,3.0,5.0
ligue-1,2016-2017,F1,28/01/17,Lorient,Dijon,2.0,3.0,A,0.0,1.0,15.0,5.0,6.0,4.0
ligue-1,2016-2017,F1,28/01/17,Lyon,Lille,1.0,2.0,A,0.0,1.0,13.0,9.0,6.0,4.0
ligue-1,2016-2017,F1,28/01/17,Nancy,Bordeaux,0.0,2.0,A,0.0,0.0,11.0,9.0,1.0,3.0
ligue-1,2016-2017,F1,28/01/17,Rennes,Nantes,1.0,1.0,D,0.0,1.0,7.0,10.0,1.0,3.0
ligue-1,2016-2017,F1,29/01/17,Nice,Guingamp,3.0,1.0,H,2.0,0.0,9.0,13.0,4.0,4.0
ligue-1,2016-2017,F1,29/01/17,Paris SG,Monaco,1.0,1.0,D,0.0,0.0,11.0,14.0,4.0,7.0
ligue-1,2016-2017,F1,29/01/17,Toulouse,St Etienne,0.0,3.0,A,0.0,1.0,13.0,20.0,3.0,6.0
ligue-1,2016-2017,F1,03/02/17,Metz,Marseille,1.0,0.0,H,0.0,0.0,9.0,11.0,3.0,2.0
ligue-1,2016-2017,F1,04/02/17,Bordeaux,Rennes,1.0,1.0,D,0.0,0.0,9.0,17.0,2.0,5.0
ligue-1,2016-2017,F1,04/02/17,Dijon,Paris SG,1.0,3.0,A,1.0,1.0,7.0,21.0,1.0,8.0
ligue-1,2016-2017,F1,04/02/17,Guingamp,Caen,0.0,1.0,A,0.0,0.0,13.0,10.0,4.0,2.0
ligue-1,2016-2017,F1,04/02/17,Lille,Lorient,0.0,1.0,A,0.0,0.0,15.0,12.0,3.0,5.0
ligue-1,2016-2017,F1,04/02/17,Monaco,Nice,3.0,0.0,H,0.0,0.0,14.0,11.0,7.0,1.0
ligue-1,2016-2017,F1,04/02/17,Montpellier,Bastia,2.0,1.0,H,1.0,1.0,13.0,15.0,5.0,2.0
ligue-1,2016-2017,F1,05/02/17,Nantes,Nancy,0.0,2.0,A,0.0,0.0,14.0,8.0,3.0,3.0
ligue-1,2016-2017,F1,05/02/17,St Etienne,Lyon,2.0,0.0,H,2.0,0.0,13.0,12.0,6.0,4.0
ligue-1,2016-2017,F1,05/02/17,Toulouse,Angers,4.0,0.0,H,0.0,0.0,15.0,12.0,8.0,3.0
ligue-1,2016-2017,F1,07/02/17,Caen,Bordeaux,0.0,4.0,A,0.0,2.0,4.0,13.0,1.0,4.0
ligue-1,2016-2017,F1,07/02/17,Montpellier,Monaco,1.0,2.0,A,0.0,2.0,11.0,11.0,2.0,5.0
ligue-1,2016-2017,F1,07/02/17,Paris SG,Lille,2.0,1.0,H,0.0,0.0,20.0,4.0,7.0,3.0
ligue-1,2016-2017,F1,08/02/17,Angers,Rennes,0.0,0.0,D,0.0,0.0,12.0,9.0,2.0,3.0
ligue-1,2016-2017,F1,08/02/17,Lorient,Toulouse,1.0,1.0,D,0.0,1.0,10.0,12.0,5.0,4.0
ligue-1,2016-2017,F1,08/02/17,Lyon,Nancy,4.0,0.0,H,2.0,0.0,18.0,7.0,6.0,2.0
ligue-1,2016-2017,F1,08/02/17,Marseille,Guingamp,2.0,0.0,H,1.0,0.0,20.0,6.0,5.0,1.0
ligue-1,2016-2017,F1,08/02/17,Metz,Dijon,2.0,1.0,H,0.0,0.0,13.0,12.0,3.0,5.0
ligue-1,2016-2017,F1,08/02/17,Nice,St Etienne,1.0,0.0,H,1.0,0.0,14.0,10.0,5.0,2.0
ligue-1,2016-2017,F1,10/02/17,Bordeaux,Paris SG,0.0,3.0,A,0.0,2.0,14.0,8.0,4.0,5.0
ligue-1,2016-2017,F1,11/02/17,Dijon,Caen,2.0,0.0,H,1.0,0.0,8.0,11.0,3.0,5.0
ligue-1,2016-2017,F1,11/02/17,Guingamp,Lyon,2.0,1.0,H,2.0,1.0,7.0,14.0,2.0,5.0
ligue-1,2016-2017,F1,11/02/17,Lille,Angers,1.0,2.0,A,1.0,1.0,16.0,14.0,3.0,5.0
ligue-1,2016-2017,F1,11/02/17,Monaco,Metz,5.0,0.0,H,3.0,0.0,26.0,5.0,13.0,1.0
ligue-1,2016-2017,F1,11/02/17,Nancy,Montpellier,0.0,3.0,A,0.0,2.0,14.0,10.0,3.0,5.0
ligue-1,2016-2017,F1,11/02/17,Toulouse,Bastia,4.0,1.0,H,2.0,0.0,18.0,12.0,7.0,4.0
ligue-1,2016-2017,F1,12/02/17,Nantes,Marseille,3.0,2.0,H,2.0,0.0,15.0,11.0,7.0,3.0
ligue-1,2016-2017,F1,12/02/17,Rennes,Nice,2.0,2.0,D,2.0,0.0,14.0,6.0,6.0,3.0
ligue-1,2016-2017,F1,12/02/17,St Etienne,Lorient,4.0,0.0,H,2.0,0.0,11.0,5.0,5.0,2.0
ligue-1,2016-2017,F1,17/02/17,Bastia,Monaco,1.0,1.0,D,1.0,0.0,9.0,16.0,3.0,4.0
ligue-1,2016-2017,F1,18/02/17,Angers,Nancy,1.0,0.0,H,1.0,0.0,14.0,8.0,5.0,1.0
ligue-1,2016-2017,F1,18/02/17,Caen,Lille,0.0,1.0,A,0.0,0.0,15.0,7.0,3.0,3.0
ligue-1,2016-2017,F1,18/02/17,Lorient,Nice,0.0,1.0,A,0.0,1.0,16.0,5.0,5.0,4.0
ligue-1,2016-2017,F1,18/02/17,Marseille,Rennes,2.0,0.0,H,0.0,0.0,11.0,8.0,5.0,1.0
ligue-1,2016-2017,F1,18/02/17,Metz,Nantes,1.0,1.0,D,0.0,0.0,10.0,9.0,1.0,4.0
ligue-1,2016-2017,F1,19/02/17,Bordeaux,Guingamp,3.0,0.0,H,2.0,0.0,21.0,14.0,7.0,4.0
ligue-1,2016-2017,F1,19/02/17,Lyon,Dijon,4.0,2.0,H,1.0,1.0,33.0,8.0,13.0,3.0
ligue-1,2016-2017,F1,19/02/17,Montpellier,St Etienne,2.0,1.0,H,0.0,1.0,17.0,7.0,4.0,4.0
ligue-1,2016-2017,F1,19/02/17,Paris SG,Toulouse,0.0,0.0,D,0.0,0.0,14.0,3.0,3.0,1.0
ligue-1,2016-2017,F1,21/02/17,Caen,Nancy,1.0,0.0,H,1.0,0.0,15.0,6.0,6.0,2.0
ligue-1,2016-2017,F1,24/02/17,Nantes,Dijon,3.0,1.0,H,1.0,1.0,20.0,9.0,6.0,3.0
ligue-1,2016-2017,F1,24/02/17,Nice,Montpellier,2.0,1.0,H,0.0,1.0,12.0,11.0,4.0,1.0
ligue-1,2016-2017,F1,25/02/17,Angers,Bastia,3.0,0.0,H,1.0,0.0,24.0,12.0,15.0,3.0
ligue-1,2016-2017,F1,25/02/17,Guingamp,Monaco,1.0,2.0,A,0.0,1.0,5.0,14.0,2.0,5.0
ligue-1,2016-2017,F1,25/02/17,Lille,Bordeaux,2.0,3.0,A,0.0,1.0,7.0,14.0,2.0,9.0
ligue-1,2016-2017,F1,25/02/17,Nancy,Toulouse,0.0,0.0,D,0.0,0.0,9.0,10.0,2.0,4.0
ligue-1,2016-2017,F1,25/02/17,Rennes,Lorient,1.0,0.0,H,1.0,0.0,14.0,6.0,9.0,2.0
ligue-1,2016-2017,F1,26/02/17,Lyon,Metz,5.0,0.0,H,1.0,0.0,27.0,9.0,7.0,2.0
ligue-1,2016-2017,F1,26/02/17,Marseille,Paris SG,1.0,5.0,A,0.0,2.0,9.0,17.0,0.0,11.0
ligue-1,2016-2017,F1,26/02/17,St Etienne,Caen,0.0,1.0,A,0.0,1.0,11.0,10.0,1.0,3.0
ligue-1,2016-2017,F1,01/03/17,Bastia,Nantes,2.0,2.0,D,0.0,0.0,6.0,13.0,2.0,3.0
ligue-1,2016-2017,F1,03/03/17,Bordeaux,Lyon,1.0,1.0,D,1.0,0.0,16.0,13.0,4.0,2.0
ligue-1,2016-2017,F1,04/03/17,Bastia,St Etienne,0.0,0.0,D,0.0,0.0,5.0,11.0,1.0,2.0
ligue-1,2016-2017,F1,04/03/17,Caen,Angers,2.0,3.0,A,1.0,2.0,16.0,9.0,3.0,4.0
ligue-1,2016-2017,F1,04/03/17,Dijon,Nice,0.0,1.0,A,0.0,0.0,13.0,11.0,2.0,5.0
ligue-1,2016-2017,F1,04/03/17,Metz,Rennes,1.0,1.0,D,1.0,0.0,10.0,17.0,4.0,8.0
ligue-1,2016-2017,F1,04/03/17,Montpellier,Guingamp,1.0,1.0,D,0.0,0.0,11.0,6.0,2.0,3.0
ligue-1,2016-2017,F1,04/03/17,Paris SG,Nancy,1.0,0.0,H,0.0,0.0,23.0,10.0,7.0,3.0
ligue-1,2016-2017,F1,05/03/17,Lorient,Marseille,1.0,4.0,A,0.0,2.0,11.0,15.0,4.0,7.0
ligue-1,2016-2017,F1,05/03/17,Monaco,Nantes,4.0,0.0,H,3.0,0.0,13.0,10.0,7.0,3.0
ligue-1,2016-2017,F1,05/03/17,Toulouse,Lille,1.0,1.0,D,1.0,0.0,10.0,14.0,5.0,5.0
ligue-1,2016-2017,F1,10/03/17,Marseille,Angers,3.0,0.0,H,2.0,0.0,11.0,14.0,4.0,7.0
ligue-1,2016-2017,F1,10/03/17,Nice,Caen,2.0,2.0,D,0.0,1.0,14.0,6.0,4.0,2.0
ligue-1,2016-2017,F1,11/03/17,Guingamp,Bastia,5.0,0.0,H,0.0,0.0,21.0,2.0,8.0,1.0
ligue-1,2016-2017,F1,11/03/17,Monaco,Bordeaux,2.0,1.0,H,0.0,0.0,11.0,9.0,6.0,2.0
ligue-1,2016-2017,F1,11/03/17,Montpellier,Nantes,2.0,3.0,A,1.0,1.0,14.0,14.0,8.0,7.0
ligue-1,2016-2017,F1,11/03/17,Nancy,Lille,1.0,2.0,A,1.0,0.0,16.0,10.0,3.0,6.0
ligue-1,2016-2017,F1,11/03/17,Rennes,Dijon,1.0,1.0,D,0.0,1.0,14.0,11.0,4.0,8.0
ligue-1,2016-2017,F1,12/03/17,Lorient,Paris SG,1.0,2.0,A,0.0,1.0,6.0,12.0,2.0,6.0
ligue-1,2016-2017,F1,12/03/17,Lyon,Toulouse,4.0,0.0,H,1.0,0.0,12.0,10.0,7.0,4.0
ligue-1,2016-2017,F1,12/03/17,St Etienne,Metz,2.0,2.0,D,0.0,1.0,14.0,12.0,7.0,6.0
ligue-1,2016-2017,F1,17/03/17,Lille,Marseille,0.0,0.0,D,0.0,0.0,9.0,7.0,2.0,4.0
ligue-1,2016-2017,F1,17/03/17,Metz,Bastia,1.0,0.0,H,0.0,0.0,9.0,6.0,2.0,0.0
ligue-1,2016-2017,F1,18/03/17,Angers,Guingamp,3.0,0.0,H,0.0,0.0,15.0,10.0,5.0,1.0
ligue-1,2016-2017,F1,18/03/17,Bordeaux,Montpellier,5.0,1.0,H,3.0,0.0,13.0,13.0,7.0,4.0
ligue-1,2016-2017,F1,18/03/17,Nancy,Lorient,2.0,3.0,A,2.0,0.0,14.0,7.0,7.0,5.0
ligue-1,2016-2017,F1,18/03/17,Nantes,Nice,1.0,1.0,D,1.0,1.0,18.0,5.0,5.0,2.0
ligue-1,2016-2017,F1,18/03/17,Toulouse,Rennes,0.0,0.0,D,0.0,0.0,6.0,17.0,0.0,3.0
ligue-1,2016-2017,F1,19/03/17,Caen,Monaco,0.0,3.0,A,0.0,1.0,5.0,16.0,1.0,7.0
ligue-1,2016-2017,F1,19/03/17,Dijon,St Etienne,0.0,1.0,A,0.0,0.0,17.0,16.0,0.0,4.0
ligue-1,2016-2017,F1,19/03/17,Paris SG,Lyon,2.0,1.0,H,2.0,1.0,12.0,11.0,4.0,2.0
ligue-1,2016-2017,F1,31/03/17,Guingamp,Nancy,1.0,0.0,H,0.0,0.0,17.0,4.0,3.0,1.0
ligue-1,2016-2017,F1,01/04/17,Bastia,Lille,0.0,1.0,A,0.0,0.0,14.0,9.0,2.0,3.0
ligue-1,2016-2017,F1,01/04/17,Marseille,Dijon,1.0,1.0,D,0.0,1.0,19.0,8.0,5.0,5.0
ligue-1,2016-2017,F1,02/04/17,Lorient,Caen,1.0,0.0,H,1.0,0.0,13.0,16.0,2.0,3.0
ligue-1,2016-2017,F1,02/04/17,Montpellier,Toulouse,0.0,1.0,A,0.0,1.0,18.0,9.0,2.0,4.0
ligue-1,2016-2017,F1,02/04/17,Nantes,Angers,2.0,1.0,H,0.0,0.0,13.0,18.0,3.0,3.0
ligue-1,2016-2017,F1,02/04/17,Nice,Bordeaux,2.0,1.0,H,2.0,1.0,10.0,18.0,4.0,4.0
ligue-1,2016-2017,F1,02/04/17,Rennes,Lyon,1.0,1.0,D,0.0,0.0,7.0,20.0,2.0,6.0
ligue-1,2016-2017,F1,05/04/17,Metz,Lyon,0.0,3.0,A,0.0,0.0,15.0,18.0,3.0,6.0
ligue-1,2016-2017,F1,07/04/17,Lille,Nice,1.0,2.0,A,1.0,2.0,11.0,12.0,3.0,7.0
ligue-1,2016-2017,F1,08/04/17,Angers,Monaco,0.0,1.0,A,0.0,0.0,16.0,11.0,4.0,6.0
ligue-1,2016-2017,F1,08/04/17,Bordeaux,Metz,3.0,0.0,H,1.0,0.0,17.0,9.0,6.0,5.0
ligue-1,2016-2017,F1,08/04/17,Caen,Montpellier,0.0,2.0,A,0.0,0.0,14.0,15.0,4.0,6.0
ligue-1,2016-2017,F1,08/04/17,Dijon,Bastia,1.0,2.0,A,1.0,1.0,14.0,13.0,6.0,7.0
ligue-1,2016-2017,F1,08/04/17,Lyon,Lorient,1.0,4.0,A,1.0,1.0,16.0,14.0,5.0,6.0
ligue-1,2016-2017,F1,08/04/17,Nancy,Rennes,3.0,0.0,H,1.0,0.0,14.0,9.0,5.0,5.0
ligue-1,2016-2017,F1,09/04/17,Paris SG,Guingamp,4.0,0.0,H,0.0,0.0,17.0,12.0,7.0,4.0
ligue-1,2016-2017,F1,09/04/17,St Etienne,Nantes,1.0,1.0,D,0.0,1.0,11.0,10.0,4.0,3.0
ligue-1,2016-2017,F1,09/04/17,Toulouse,Marseille,0.0,0.0,D,0.0,0.0,11.0,15.0,4.0,3.0
ligue-1,2016-2017,F1,14/04/17,Angers,Paris SG,0.0,2.0,A,0.0,1.0,17.0,10.0,4.0,2.0
ligue-1,2016-2017,F1,15/04/17,Guingamp,Toulouse,2.0,1.0,H,0.0,0.0,20.0,9.0,8.0,2.0
ligue-1,2016-2017,F1,15/04/17,Metz,Caen,2.0,2.0,D,0.0,0.0,8.0,13.0,2.0,3.0
ligue-1,2016-2017,F1,15/04/17,Monaco,Dijon,2.0,1.0,H,0.0,1.0,20.0,8.0,7.0,4.0
ligue-1,2016-2017,F1,15/04/17,Montpellier,Lorient,2.0,0.0,H,2.0,0.0,10.0,11.0,5.0,3.0
ligue-1,2016-2017,F1,15/04/17,Nice,Nancy,3.0,1.0,H,1.0,1.0,14.0,8.0,4.0,3.0
ligue-1,2016-2017,F1,15/04/17,Rennes,Lille,2.0,0.0,H,2.0,0.0,10.0,22.0,3.0,5.0
ligue-1,2016-2017,F1,16/04/17,Bastia,Lyon,0.0,3.0,A,,,,,,
ligue-1,2016-2017,F1,16/04/17,Marseille,St Etienne,4.0,0.0,H,2.0,0.0,12.0,7.0,7.0,3.0
ligue-1,2016-2017,F1,16/04/17,Nantes,Bordeaux,0.0,1.0,A,0.0,0.0,10.0,12.0,0.0,5.0
ligue-1,2016-2017,F1,18/04/17,Metz,Paris SG,2.0,3.0,A,0.0,2.0,6.0,18.0,2.0,6.0
ligue-1,2016-2017,F1,21/04/17,Nancy,Marseille,0.0,0.0,D,0.0,0.0,9.0,18.0,2.0,3.0
ligue-1,2016-2017,F1,22/04/17,Bordeaux,Bastia,2.0,0.0,H,0.0,0.0,14.0,13.0,6.0,1.0
ligue-1,2016-2017,F1,22/04/17,Caen,Nantes,0.0,2.0,A,0.0,2.0,13.0,16.0,2.0,8.0
ligue-1,2016-2017,F1,22/04/17,Dijon,Angers,3.0,2.0,H,3.0,0.0,15.0,9.0,6.0,5.0
ligue-1,2016-2017,F1,22/04/17,Lille,Guingamp,3.0,0.0,H,2.0,0.0,25.0,10.0,9.0,7.0
ligue-1,2016-2017,F1,22/04/17,Lorient,Metz,5.0,1.0,H,1.0,1.0,19.0,7.0,9.0,3.0
ligue-1,2016-2017,F1,22/04/17,Paris SG,Montpellier,2.0,0.0,H,1.0,0.0,19.0,15.0,9.0,4.0
ligue-1,2016-2017,F1,23/04/17,Lyon,Monaco,1.0,2.0,A,0.0,2.0,8.0,14.0,3.0,6.0
ligue-1,2016-2017,F1,23/04/17,St Etienne,Rennes,1.0,1.0,D,1.0,1.0,7.0,7.0,2.0,2.0
ligue-1,2016-2017,F1,23/04/17,Toulouse,Nice,1.0,1.0,D,0.0,0.0,4.0,14.0,3.0,3.0
ligue-1,2016-2017,F1,28/04/17,Angers,Lyon,1.0,2.0,A,0.0,2.0,23.0,8.0,7.0,3.0
ligue-1,2016-2017,F1,29/04/17,Bastia,Rennes,1.0,0.0,H,0.0,0.0,4.0,12.0,3.0,4.0
ligue-1,2016-2017,F1,29/04/17,Guingamp,St Etienne,0.0,2.0,A,0.0,0.0,12.0,11.0,4.0,8.0
ligue-1,2016-2017,F1,29/04/17,Metz,Nancy,2.0,1.0,H,1.0,1.0,12.0,8.0,7.0,4.0
ligue-1,2016-2017,F1,29/04/17,Monaco,Toulouse,3.0,1.0,H,0.0,0.0,28.0,7.0,11.0,3.0
ligue-1,2016-2017,F1,29/04/17,Montpellier,Lille,0.0,3.0,A,0.0,1.0,18.0,11.0,7.0,5.0
ligue-1,2016-2017,F1,29/04/17,Nantes,Lorient,1.0,0.0,H,0.0,0.0,15.0,4.0,7.0,0.0
ligue-1,2016-2017,F1,30/04/17,Caen,Marseille,1.0,5.0,A,1.0,3.0,14.0,13.0,5.0,8.0
ligue-1,2016-2017,F1,30/04/17,Dijon,Bordeaux,0.0,0.0,D,0.0,0.0,16.0,13.0,6.0,1.0
ligue-1,2016-2017,F1,30/04/17,Nice,Paris SG,3.0,1.0,H,1.0,0.0,6.0,16.0,3.0,5.0
ligue-1,2016-2017,F1,05/05/17,St Etienne,Bordeaux,2.0,2.0,D,1.0,1.0,15.0,11.0,5.0,5.0
ligue-1,2016-2017,F1,06/05/17,Guingamp,Dijon,4.0,0.0,H,1.0,0.0,14.0,20.0,8.0,5.0
ligue-1,2016-2017,F1,06/05/17,Lille,Metz,0.0,2.0,A,0.0,1.0,12.0,7.0,0.0,3.0
ligue-1,2016-2017,F1,06/05/17,Lorient,Angers,1.0,1.0,D,0.0,0.0,6.0,9.0,3.0,4.0
ligue-1,2016-2017,F1,06/05/17,Nancy,Monaco,0.0,3.0,A,0.0,2.0,6.0,18.0,2.0,8.0
ligue-1,2016-2017,F1,06/05/17,Paris SG,Bastia,5.0,0.0,H,2.0,0.0,27.0,6.0,12.0,0.0
ligue-1,2016-2017,F1,06/05/17,Toulouse,Caen,0.0,1.0,A,0.0,0.0,9.0,11.0,5.0,4.0
ligue-1,2016-2017,F1,07/05/17,Lyon,Nantes,3.0,2.0,H,0.0,1.0,16.0,5.0,7.0,2.0
ligue-1,2016-2017,F1,07/05/17,Marseille,Nice,2.0,1.0,H,1.0,0.0,18.0,17.0,7.0,5.0
ligue-1,2016-2017,F1,07/05/17,Rennes,Montpellier,1.0,0.0,H,0.0,0.0,10.0,6.0,4.0,1.0
ligue-1,2016-2017,F1,14/05/17,Bastia,Lorient,2.0,0.0,H,0.0,0.0,11.0,9.0,6.0,1.0
ligue-1,2016-2017,F1,14/05/17,Bordeaux,Marseille,1.0,1.0,D,1.0,0.0,11.0,14.0,5.0,3.0
ligue-1,2016-2017,F1,14/05/17,Caen,Rennes,0.0,1.0,A,0.0,0.0,10.0,10.0,2.0,7.0
ligue-1,2016-2017,F1,14/05/17,Dijon,Nancy,2.0,0.0,H,0.0,0.0,20.0,9.0,5.0,2.0
ligue-1,2016-2017,F1,14/05/17,Metz,Toulouse,1.0,1.0,D,0.0,1.0,14.0,17.0,6.0,6.0
ligue-1,2016-2017,F1,14/05/17,Monaco,Lille,4.0,0.0,H,2.0,0.0,11.0,14.0,3.0,4.0
ligue-1,2016-2017,F1,14/05/17,Montpellier,Lyon,1.0,3.0,A,1.0,2.0,15.0,14.0,4.0,6.0
ligue-1,2016-2017,F1,14/05/17,Nantes,Guingamp,4.0,1.0,H,1.0,0.0,14.0,8.0,5.0,2.0
ligue-1,2016-2017,F1,14/05/17,Nice,Angers,0.0,2.0,A,0.0,1.0,12.0,14.0,5.0,6.0
ligue-1,2016-2017,F1,14/05/17,St Etienne,Paris SG,0.0,5.0,A,0.0,2.0,9.0,21.0,2.0,11.0
ligue-1,2016-2017,F1,17/05/17,Monaco,St Etienne,2.0,0.0,H,1.0,0.0,14.0,5.0,5.0,3.0
ligue-1,2016-2017,F1,20/05/17,Angers,Montpellier,2.0,0.0,H,0.0,0.0,18.0,12.0,5.0,5.0
ligue-1,2016-2017,F1,20/05/17,Guingamp,Metz,1.0,0.0,H,1.0,0.0,21.0,8.0,6.0,0.0
ligue-1,2016-2017,F1,20/05/17,Lille,Nantes,3.0,0.0,H,1.0,0.0,17.0,9.0,6.0,2.0
ligue-1,2016-2017,F1,20/05/17,Lorient,Bordeaux,1.0,1.0,D,0.0,1.0,9.0,10.0,4.0,4.0
ligue-1,2016-2017,F1,20/05/17,Lyon,Nice,3.0,3.0,D,1.0,1.0,15.0,14.0,4.0,7.0
ligue-1,2016-2017,F1,20/05/17,Marseille,Bastia,1.0,0.0,H,0.0,0.0,12.0,4.0,3.0,0.0
ligue-1,2016-2017,F1,20/05/17,Nancy,St Etienne,3.0,1.0,H,1.0,0.0,14.0,8.0,5.0,2.0
ligue-1,2016-2017,F1,20/05/17,Paris SG,Caen,1.0,1.0,D,1.0,0.0,18.0,16.0,5.0,6.0
ligue-1,2016-2017,F1,20/05/17,Rennes,Monaco,2.0,3.0,A,0.0,1.0,18.0,23.0,5.0,12.0
ligue-1,2016-2017,F1,20/05/17,Toulouse,Dijon,0.0,0.0,D,0.0,0.0,16.0,8.0,2.0,5.0
ligue-1,2017-2018,F1,04/08/17,Monaco,Toulouse,3.0,2.0,H,1.0,1.0,17.0,6.0,7.0,3.0
ligue-1,2017-2018,F1,05/08/17,Lyon,Strasbourg,4.0,0.0,H,1.0,0.0,12.0,7.0,7.0,1.0
ligue-1,2017-2018,F1,05/08/17,Metz,Guingamp,1.0,3.0,A,1.0,1.0,6.0,13.0,4.0,5.0
ligue-1,2017-2018,F1,05/08/17,Montpellier,Caen,1.0,0.0,H,0.0,0.0,10.0,8.0,2.0,1.0
ligue-1,2017-2018,F1,05/08/17,Paris SG,Amiens,2.0,0.0,H,1.0,0.0,16.0,7.0,5.0,1.0
ligue-1,2017-2018,F1,05/08/17,St Etienne,Nice,1.0,0.0,H,1.0,0.0,8.0,6.0,3.0,2.0
ligue-1,2017-2018,F1,05/08/17,Troyes,Rennes,1.0,1.0,D,0.0,0.0,11.0,16.0,4.0,4.0
ligue-1,2017-2018,F1,06/08/17,Angers,Bordeaux,2.0,2.0,D,1.0,1.0,9.0,7.0,5.0,4.0
ligue-1,2017-2018,F1,06/08/17,Lille,Nantes,3.0,0.0,H,0.0,0.0,14.0,9.0,5.0,4.0
ligue-1,2017-2018,F1,06/08/17,Marseille,Dijon,3.0,0.0,H,0.0,0.0,18.0,12.0,5.0,1.0
ligue-1,2017-2018,F1,11/08/17,Nice,Troyes,1.0,2.0,A,0.0,0.0,20.0,10.0,6.0,4.0
ligue-1,2017-2018,F1,11/08/17,Rennes,Lyon,1.0,2.0,A,0.0,0.0,17.0,17.0,5.0,8.0
ligue-1,2017-2018,F1,12/08/17,Amiens,Angers,0.0,2.0,A,0.0,1.0,10.0,12.0,1.0,6.0
ligue-1,2017-2018,F1,12/08/17,Bordeaux,Metz,2.0,0.0,H,1.0,0.0,12.0,6.0,5.0,1.0
ligue-1,2017-2018,F1,12/08/17,Caen,St Etienne,0.0,1.0,A,0.0,0.0,10.0,6.0,4.0,4.0
ligue-1,2017-2018,F1,12/08/17,Nantes,Marseille,0.0,1.0,A,0.0,0.0,14.0,13.0,3.0,10.0
ligue-1,2017-2018,F1,12/08/17,Toulouse,Montpellier,1.0,0.0,H,1.0,0.0,8.0,14.0,4.0,1.0
ligue-1,2017-2018,F1,13/08/17,Dijon,Monaco,1.0,4.0,A,1.0,3.0,15.0,16.0,3.0,6.0
ligue-1,2017-2018,F1,13/08/17,Guingamp,Paris SG,0.0,3.0,A,0.0,0.0,4.0,21.0,0.0,8.0
ligue-1,2017-2018,F1,13/08/17,Strasbourg,Lille,3.0,0.0,H,0.0,0.0,22.0,12.0,9.0,2.0
ligue-1,2017-2018,F1,18/08/17,Metz,Monaco,0.0,1.0,A,0.0,0.0,9.0,22.0,5.0,5.0
ligue-1,2017-2018,F1,19/08/17,Lyon,Bordeaux,3.0,3.0,D,2.0,1.0,8.0,16.0,5.0,6.0
ligue-1,2017-2018,F1,19/08/17,Montpellier,Strasbourg,1.0,1.0,D,0.0,1.0,16.0,7.0,5.0,1.0
ligue-1,2017-2018,F1,19/08/17,Nice,Guingamp,2.0,0.0,H,1.0,0.0,14.0,13.0,8.0,1.0
ligue-1,2017-2018,F1,19/08/17,Rennes,Dijon,2.0,2.0,D,1.0,0.0,14.0,12.0,7.0,4.0
ligue-1,2017-2018,F1,19/08/17,St Etienne,Amiens,3.0,0.0,H,2.0,0.0,13.0,16.0,5.0,1.0
ligue-1,2017-2018,F1,19/08/17,Troyes,Nantes,0.0,1.0,A,0.0,0.0,8.0,11.0,1.0,4.0
ligue-1,2017-2018,F1,20/08/17,Lille,Caen,0.0,2.0,A,0.0,1.0,15.0,11.0,4.0,3.0
ligue-1,2017-2018,F1,20/08/17,Marseille,Angers,1.0,1.0,D,1.0,0.0,12.0,11.0,2.0,4.0
ligue-1,2017-2018,F1,20/08/17,Paris SG,Toulouse,6.0,2.0,H,2.0,1.0,24.0,7.0,15.0,1.0
ligue-1,2017-2018,F1,25/08/17,Paris SG,St Etienne,3.0,0.0,H,1.0,0.0,14.0,12.0,4.0,2.0
ligue-1,2017-2018,F1,26/08/17,Amiens,Nice,3.0,0.0,H,2.0,0.0,12.0,12.0,4.0,3.0
ligue-1,2017-2018,F1,26/08/17,Bordeaux,Troyes,2.0,1.0,H,1.0,0.0,12.0,5.0,8.0,2.0
ligue-1,2017-2018,F1,26/08/17,Caen,Metz,1.0,0.0,H,0.0,0.0,16.0,9.0,4.0,2.0
ligue-1,2017-2018,F1,26/08/17,Dijon,Montpellier,2.0,1.0,H,1.0,0.0,7.0,11.0,2.0,2.0
ligue-1,2017-2018,F1,26/08/17,Nantes,Lyon,0.0,0.0,D,0.0,0.0,6.0,16.0,2.0,3.0
ligue-1,2017-2018,F1,26/08/17,Toulouse,Rennes,3.0,2.0,H,1.0,1.0,11.0,14.0,7.0,3.0
ligue-1,2017-2018,F1,27/08/17,Angers,Lille,1.0,1.0,D,0.0,0.0,11.0,13.0,2.0,3.0
ligue-1,2017-2018,F1,27/08/17,Guingamp,Strasbourg,2.0,0.0,H,0.0,0.0,14.0,15.0,6.0,3.0
ligue-1,2017-2018,F1,27/08/17,Monaco,Marseille,6.0,1.0,H,4.0,0.0,14.0,10.0,8.0,3.0
ligue-1,2017-2018,F1,08/09/17,Lille,Bordeaux,0.0,0.0,D,0.0,0.0,8.0,17.0,2.0,1.0
ligue-1,2017-2018,F1,08/09/17,Metz,Paris SG,1.0,5.0,A,1.0,1.0,8.0,23.0,1.0,12.0
ligue-1,2017-2018,F1,09/09/17,Caen,Dijon,2.0,1.0,H,1.0,1.0,12.0,9.0,3.0,4.0
ligue-1,2017-2018,F1,09/09/17,Montpellier,Nantes,0.0,1.0,A,0.0,0.0,11.0,12.0,3.0,4.0
ligue-1,2017-2018,F1,09/09/17,Nice,Monaco,4.0,0.0,H,2.0,0.0,9.0,11.0,5.0,1.0
ligue-1,2017-2018,F1,09/09/17,Strasbourg,Amiens,0.0,1.0,A,0.0,1.0,10.0,8.0,3.0,3.0
ligue-1,2017-2018,F1,09/09/17,Troyes,Toulouse,0.0,0.0,D,0.0,0.0,11.0,7.0,3.0,0.0
ligue-1,2017-2018,F1,10/09/17,Lyon,Guingamp,2.0,1.0,H,1.0,0.0,12.0,13.0,4.0,6.0
ligue-1,2017-2018,F1,10/09/17,Marseille,Rennes,1.0,3.0,A,0.0,2.0,10.0,17.0,4.0,4.0
ligue-1,2017-2018,F1,10/09/17,St Etienne,Angers,1.0,1.0,D,1.0,1.0,8.0,15.0,4.0,6.0
ligue-1,2017-2018,F1,15/09/17,Toulouse,Bordeaux,0.0,1.0,A,0.0,0.0,16.0,14.0,5.0,4.0
ligue-1,2017-2018,F1,16/09/17,Dijon,St Etienne,0.0,1.0,A,0.0,0.0,18.0,16.0,7.0,6.0
ligue-1,2017-2018,F1,16/09/17,Guingamp,Lille,1.0,0.0,H,0.0,0.0,20.0,10.0,4.0,5.0
ligue-1,2017-2018,F1,16/09/17,Monaco,Strasbourg,3.0,0.0,H,1.0,0.0,14.0,10.0,5.0,1.0
ligue-1,2017-2018,F1,16/09/17,Nantes,Caen,1.0,0.0,H,0.0,0.0,8.0,8.0,4.0,1.0
ligue-1,2017-2018,F1,16/09/17,Troyes,Montpellier,0.0,1.0,A,0.0,1.0,7.0,9.0,0.0,3.0
ligue-1,2017-2018,F1,17/09/17,Amiens,Marseille,0.0,2.0,A,0.0,0.0,8.0,22.0,3.0,6.0
ligue-1,2017-2018,F1,17/09/17,Angers,Metz,0.0,1.0,A,0.0,0.0,18.0,10.0,5.0,5.0
ligue-1,2017-2018,F1,17/09/17,Paris SG,Lyon,2.0,0.0,H,0.0,0.0,14.0,12.0,5.0,5.0
ligue-1,2017-2018,F1,17/09/17,Rennes,Nice,0.0,1.0,A,0.0,0.0,17.0,6.0,4.0,3.0
ligue-1,2017-2018,F1,22/09/17,Lille,Monaco,0.0,4.0,A,0.0,2.0,11.0,12.0,2.0,7.0
ligue-1,2017-2018,F1,22/09/17,Nice,Angers,2.0,2.0,D,1.0,2.0,17.0,15.0,3.0,6.0
ligue-1,2017-2018,F1,23/09/17,Bordeaux,Guingamp,3.0,1.0,H,1.0,0.0,21.0,10.0,8.0,4.0
ligue-1,2017-2018,F1,23/09/17,Caen,Amiens,1.0,0.0,H,0.0,0.0,17.0,2.0,4.0,0.0
ligue-1,2017-2018,F1,23/09/17,Lyon,Dijon,3.0,3.0,D,1.0,1.0,20.0,11.0,6.0,6.0
ligue-1,2017-2018,F1,23/09/17,Metz,Troyes,0.0,1.0,A,0.0,0.0,15.0,9.0,7.0,2.0
ligue-1,2017-2018,F1,23/09/17,Montpellier,Paris SG,0.0,0.0,D,0.0,0.0,5.0,10.0,2.0,1.0
ligue-1,2017-2018,F1,24/09/17,Marseille,Toulouse,2.0,0.0,H,1.0,0.0,22.0,8.0,6.0,1.0
ligue-1,2017-2018,F1,24/09/17,St Etienne,Rennes,2.0,2.0,D,1.0,1.0,9.0,9.0,4.0,4.0
ligue-1,2017-2018,F1,24/09/17,Strasbourg,Nantes,1.0,2.0,A,1.0,2.0,21.0,12.0,6.0,5.0
ligue-1,2017-2018,F1,29/09/17,Monaco,Montpellier,1.0,1.0,D,1.0,0.0,8.0,15.0,1.0,3.0
ligue-1,2017-2018,F1,30/09/17,Dijon,Strasbourg,1.0,1.0,D,0.0,0.0,13.0,7.0,6.0,1.0
ligue-1,2017-2018,F1,30/09/17,Guingamp,Toulouse,1.0,1.0,D,1.0,1.0,6.0,11.0,4.0,2.0
ligue-1,2017-2018,F1,30/09/17,Nantes,Metz,1.0,0.0,H,1.0,0.0,15.0,9.0,6.0,1.0
ligue-1,2017-2018,F1,30/09/17,Paris SG,Bordeaux,6.0,2.0,H,5.0,1.0,11.0,17.0,9.0,6.0
ligue-1,2017-2018,F1,30/09/17,Rennes,Caen,0.0,1.0,A,0.0,1.0,9.0,10.0,2.0,3.0
ligue-1,2017-2018,F1,01/10/17,Angers,Lyon,3.0,3.0,D,1.0,3.0,15.0,13.0,4.0,6.0
ligue-1,2017-2018,F1,01/10/17,Nice,Marseille,2.0,4.0,A,2.0,3.0,19.0,17.0,10.0,9.0
ligue-1,2017-2018,F1,01/10/17,Troyes,St Etienne,2.0,1.0,H,1.0,0.0,11.0,14.0,7.0,4.0
ligue-1,2017-2018,F1,13/10/17,Lyon,Monaco,3.0,2.0,H,2.0,2.0,22.0,14.0,7.0,7.0
ligue-1,2017-2018,F1,14/10/17,Caen,Angers,0.0,2.0,A,0.0,0.0,22.0,12.0,5.0,4.0
ligue-1,2017-2018,F1,14/10/17,Dijon,Paris SG,1.0,2.0,A,0.0,0.0,15.0,18.0,5.0,8.0
ligue-1,2017-2018,F1,14/10/17,Guingamp,Rennes,2.0,0.0,H,0.0,0.0,16.0,11.0,9.0,0.0
ligue-1,2017-2018,F1,14/10/17,Lille,Troyes,2.0,2.0,D,1.0,1.0,16.0,10.0,6.0,2.0
ligue-1,2017-2018,F1,14/10/17,St Etienne,Metz,3.0,1.0,H,0.0,1.0,20.0,10.0,5.0,2.0
ligue-1,2017-2018,F1,14/10/17,Toulouse,Amiens,1.0,0.0,H,1.0,0.0,16.0,7.0,6.0,2.0
ligue-1,2017-2018,F1,15/10/17,Bordeaux,Nantes,1.0,1.0,D,0.0,1.0,18.0,14.0,3.0,4.0
ligue-1,2017-2018,F1,15/10/17,Montpellier,Nice,2.0,0.0,H,0.0,0.0,14.0,15.0,4.0,8.0
ligue-1,2017-2018,F1,15/10/17,Strasbourg,Marseille,3.0,3.0,D,1.0,1.0,19.0,20.0,9.0,7.0
ligue-1,2017-2018,F1,20/10/17,St Etienne,Montpellier,0.0,1.0,A,0.0,1.0,21.0,15.0,4.0,4.0
ligue-1,2017-2018,F1,21/10/17,Amiens,Bordeaux,1.0,0.0,H,0.0,0.0,13.0,14.0,4.0,4.0
ligue-1,2017-2018,F1,21/10/17,Angers,Toulouse,0.0,1.0,A,0.0,1.0,14.0,3.0,4.0,1.0
ligue-1,2017-2018,F1,21/10/17,Metz,Dijon,1.0,2.0,A,1.0,1.0,15.0,8.0,5.0,6.0
ligue-1,2017-2018,F1,21/10/17,Monaco,Caen,2.0,0.0,H,1.0,0.0,15.0,8.0,6.0,1.0
ligue-1,2017-2018,F1,21/10/17,Nantes,Guingamp,2.0,1.0,H,1.0,0.0,9.0,10.0,3.0,4.0
ligue-1,2017-2018,F1,21/10/17,Rennes,Lille,1.0,0.0,H,1.0,0.0,9.0,7.0,6.0,1.0
ligue-1,2017-2018,F1,22/10/17,Marseille,Paris SG,2.0,2.0,D,1.0,1.0,11.0,7.0,3.0,3.0
ligue-1,2017-2018,F1,22/10/17,Nice,Strasbourg,1.0,2.0,A,0.0,1.0,14.0,15.0,9.0,6.0
ligue-1,2017-2018,F1,22/10/17,Troyes,Lyon,0.0,5.0,A,0.0,1.0,9.0,14.0,3.0,10.0
ligue-1,2017-2018,F1,27/10/17,Paris SG,Nice,3.0,0.0,H,2.0,0.0,16.0,8.0,8.0,1.0
ligue-1,2017-2018,F1,28/10/17,Bordeaux,Monaco,0.0,2.0,A,0.0,0.0,12.0,12.0,4.0,5.0
ligue-1,2017-2018,F1,28/10/17,Caen,Troyes,1.0,0.0,H,1.0,0.0,16.0,8.0,3.0,3.0
ligue-1,2017-2018,F1,28/10/17,Dijon,Nantes,1.0,0.0,H,1.0,0.0,6.0,10.0,1.0,0.0
ligue-1,2017-2018,F1,28/10/17,Guingamp,Amiens,1.0,1.0,D,1.0,1.0,12.0,7.0,4.0,2.0
ligue-1,2017-2018,F1,28/10/17,Montpellier,Rennes,0.0,1.0,A,0.0,0.0,9.0,7.0,4.0,2.0
ligue-1,2017-2018,F1,28/10/17,Strasbourg,Angers,2.0,2.0,D,1.0,0.0,14.0,5.0,6.0,2.0
ligue-1,2017-2018,F1,29/10/17,Lille,Marseille,0.0,1.0,A,0.0,1.0,18.0,10.0,7.0,3.0
ligue-1,2017-2018,F1,29/10/17,Lyon,Metz,2.0,0.0,H,2.0,0.0,12.0,7.0,4.0,4.0
ligue-1,2017-2018,F1,29/10/17,Toulouse,St Etienne,0.0,0.0,D,0.0,0.0,11.0,4.0,4.0,2.0
ligue-1,2017-2018,F1,03/11/17,Rennes,Bordeaux,1.0,0.0,H,1.0,0.0,6.0,6.0,2.0,0.0
ligue-1,2017-2018,F1,04/11/17,Angers,Paris SG,0.0,5.0,A,0.0,3.0,9.0,15.0,3.0,7.0
ligue-1,2017-2018,F1,04/11/17,Monaco,Guingamp,6.0,0.0,H,4.0,0.0,18.0,12.0,9.0,3.0
ligue-1,2017-2018,F1,04/11/17,Montpellier,Amiens,1.0,1.0,D,0.0,0.0,10.0,12.0,3.0,1.0
ligue-1,2017-2018,F1,04/11/17,Nantes,Toulouse,2.0,1.0,H,1.0,0.0,11.0,10.0,6.0,3.0
ligue-1,2017-2018,F1,04/11/17,Troyes,Strasbourg,3.0,0.0,H,0.0,0.0,13.0,10.0,6.0,2.0
ligue-1,2017-2018,F1,05/11/17,Marseille,Caen,5.0,0.0,H,1.0,0.0,28.0,11.0,11.0,3.0
ligue-1,2017-2018,F1,05/11/17,Metz,Lille,0.0,3.0,A,0.0,1.0,19.0,14.0,5.0,7.0
ligue-1,2017-2018,F1,05/11/17,Nice,Dijon,1.0,0.0,H,1.0,0.0,11.0,13.0,4.0,4.0
ligue-1,2017-2018,F1,05/11/17,St Etienne,Lyon,0.0,5.0,A,0.0,2.0,13.0,13.0,2.0,10.0
ligue-1,2017-2018,F1,17/11/17,Amiens,Monaco,1.0,1.0,D,1.0,0.0,10.0,15.0,2.0,4.0
ligue-1,2017-2018,F1,17/11/17,Lille,St Etienne,3.0,1.0,H,1.0,1.0,12.0,8.0,5.0,3.0
ligue-1,2017-2018,F1,18/11/17,Dijon,Troyes,3.0,1.0,H,1.0,1.0,15.0,11.0,8.0,4.0
ligue-1,2017-2018,F1,18/11/17,Guingamp,Angers,1.0,1.0,D,1.0,1.0,9.0,10.0,2.0,2.0
ligue-1,2017-2018,F1,18/11/17,Paris SG,Nantes,4.0,1.0,H,2.0,0.0,23.0,8.0,10.0,1.0
ligue-1,2017-2018,F1,18/11/17,Strasbourg,Rennes,2.0,1.0,H,1.0,0.0,11.0,13.0,5.0,4.0
ligue-1,2017-2018,F1,18/11/17,Toulouse,Metz,0.0,0.0,D,0.0,0.0,21.0,12.0,3.0,5.0
ligue-1,2017-2018,F1,19/11/17,Bordeaux,Marseille,1.0,1.0,D,1.0,0.0,9.0,14.0,3.0,3.0
ligue-1,2017-2018,F1,19/11/17,Caen,Nice,1.0,1.0,D,0.0,1.0,18.0,12.0,4.0,7.0
ligue-1,2017-2018,F1,19/11/17,Lyon,Montpellier,0.0,0.0,D,0.0,0.0,15.0,15.0,3.0,2.0
ligue-1,2017-2018,F1,20/11/17,Amiens,Lille,3.0,0.0,H,1.0,0.0,8.0,12.0,4.0,1.0
ligue-1,2017-2018,F1,24/11/17,St Etienne,Strasbourg,2.0,2.0,D,1.0,1.0,12.0,10.0,6.0,4.0
ligue-1,2017-2018,F1,25/11/17,Caen,Bordeaux,1.0,0.0,H,1.0,0.0,12.0,10.0,2.0,2.0
ligue-1,2017-2018,F1,25/11/17,Dijon,Toulouse,3.0,1.0,H,1.0,0.0,13.0,12.0,5.0,4.0
ligue-1,2017-2018,F1,25/11/17,Metz,Amiens,0.0,2.0,A,0.0,1.0,21.0,11.0,6.0,2.0
ligue-1,2017-2018,F1,25/11/17,Montpellier,Lille,3.0,0.0,H,3.0,0.0,18.0,10.0,6.0,4.0
ligue-1,2017-2018,F1,25/11/17,Rennes,Nantes,2.0,1.0,H,0.0,0.0,15.0,10.0,5.0,1.0
ligue-1,2017-2018,F1,25/11/17,Troyes,Angers,3.0,0.0,H,2.0,0.0,9.0,7.0,3.0,3.0
ligue-1,2017-2018,F1,26/11/17,Marseille,Guingamp,1.0,0.0,H,1.0,0.0,21.0,4.0,7.0,1.0
ligue-1,2017-2018,F1,26/11/17,Monaco,Paris SG,1.0,2.0,A,0.0,1.0,8.0,18.0,2.0,5.0
ligue-1,2017-2018,F1,26/11/17,Nice,Lyon,0.0,5.0,A,0.0,4.0,10.0,11.0,3.0,7.0
ligue-1,2017-2018,F1,28/11/17,Amiens,Dijon,2.0,1.0,H,1.0,1.0,8.0,16.0,5.0,6.0
ligue-1,2017-2018,F1,28/11/17,Bordeaux,St Etienne,3.0,0.0,H,2.0,0.0,12.0,11.0,6.0,5.0
ligue-1,2017-2018,F1,28/11/17,Strasbourg,Caen,0.0,0.0,D,0.0,0.0,6.0,15.0,3.0,1.0
ligue-1,2017-2018,F1,29/11/17,Angers,Rennes,1.0,2.0,A,1.0,0.0,10.0,8.0,4.0,3.0
ligue-1,2017-2018,F1,29/11/17,Guingamp,Montpellier,0.0,0.0,D,0.0,0.0,10.0,6.0,1.0,4.0
ligue-1,2017-2018,F1,29/11/17,Lyon,Lille,1.0,2.0,A,1.0,2.0,21.0,7.0,5.0,3.0
ligue-1,2017-2018,F1,29/11/17,Metz,Marseille,0.0,3.0,A,0.0,2.0,9.0,21.0,4.0,8.0
ligue-1,2017-2018,F1,29/11/17,Nantes,Monaco,1.0,0.0,H,0.0,0.0,16.0,9.0,5.0,1.0
ligue-1,2017-2018,F1,29/11/17,Paris SG,Troyes,2.0,0.0,H,0.0,0.0,19.0,6.0,6.0,3.0
ligue-1,2017-2018,F1,29/11/17,Toulouse,Nice,1.0,2.0,A,1.0,0.0,14.0,8.0,3.0,4.0
ligue-1,2017-2018,F1,01/12/17,Dijon,Bordeaux,3.0,2.0,H,1.0,2.0,17.0,14.0,5.0,6.0
ligue-1,2017-2018,F1,02/12/17,Lille,Toulouse,1.0,0.0,H,0.0,0.0,10.0,10.0,3.0,3.0
ligue-1,2017-2018,F1,02/12/17,Monaco,Angers,1.0,0.0,H,1.0,0.0,5.0,8.0,3.0,3.0
ligue-1,2017-2018,F1,02/12/17,Nice,Metz,3.0,1.0,H,1.0,1.0,15.0,13.0,7.0,5.0
ligue-1,2017-2018,F1,02/12/17,Rennes,Amiens,2.0,0.0,H,0.0,0.0,25.0,6.0,5.0,2.0
ligue-1,2017-2018,F1,02/12/17,Strasbourg,Paris SG,2.0,1.0,H,1.0,1.0,5.0,29.0,2.0,5.0
ligue-1,2017-2018,F1,02/12/17,Troyes,Guingamp,0.0,1.0,A,0.0,1.0,14.0,11.0,3.0,5.0
ligue-1,2017-2018,F1,03/12/17,Caen,Lyon,1.0,2.0,A,0.0,1.0,19.0,11.0,4.0,4.0
ligue-1,2017-2018,F1,03/12/17,Montpellier,Marseille,1.0,1.0,D,1.0,1.0,13.0,6.0,4.0,2.0
ligue-1,2017-2018,F1,03/12/17,St Etienne,Nantes,1.0,1.0,D,1.0,0.0,13.0,22.0,4.0,6.0
ligue-1,2017-2018,F1,08/12/17,Bordeaux,Strasbourg,0.0,3.0,A,0.0,2.0,12.0,10.0,2.0,4.0
ligue-1,2017-2018,F1,09/12/17,Angers,Montpellier,1.0,1.0,D,0.0,0.0,13.0,10.0,4.0,6.0
ligue-1,2017-2018,F1,09/12/17,Guingamp,Dijon,4.0,0.0,H,2.0,0.0,17.0,8.0,9.0,1.0
ligue-1,2017-2018,F1,09/12/17,Metz,Rennes,1.0,1.0,D,1.0,0.0,13.0,5.0,6.0,4.0
ligue-1,2017-2018,F1,09/12/17,Monaco,Troyes,3.0,2.0,H,0.0,1.0,19.0,5.0,6.0,3.0
ligue-1,2017-2018,F1,09/12/17,Paris SG,Lille,3.0,1.0,H,1.0,0.0,14.0,7.0,5.0,2.0
ligue-1,2017-2018,F1,09/12/17,Toulouse,Caen,2.0,0.0,H,0.0,0.0,10.0,11.0,3.0,3.0
ligue-1,2017-2018,F1,10/12/17,Amiens,Lyon,1.0,2.0,A,1.0,0.0,14.0,12.0,6.0,3.0
ligue-1,2017-2018,F1,10/12/17,Marseille,St Etienne,3.0,0.0,H,1.0,0.0,18.0,5.0,7.0,1.0
ligue-1,2017-2018,F1,10/12/17,Nantes,Nice,1.0,2.0,A,1.0,1.0,22.0,12.0,4.0,5.0
ligue-1,2017-2018,F1,15/12/17,St Etienne,Monaco,0.0,4.0,A,0.0,2.0,5.0,22.0,3.0,9.0
ligue-1,2017-2018,F1,16/12/17,Caen,Guingamp,0.0,0.0,D,0.0,0.0,11.0,8.0,2.0,5.0
ligue-1,2017-2018,F1,16/12/17,Dijon,Lille,3.0,0.0,H,3.0,0.0,13.0,9.0,8.0,5.0
ligue-1,2017-2018,F1,16/12/17,Montpellier,Metz,1.0,3.0,A,1.0,1.0,9.0,6.0,3.0,4.0
ligue-1,2017-2018,F1,16/12/17,Rennes,Paris SG,1.0,4.0,A,0.0,2.0,14.0,21.0,2.0,10.0
ligue-1,2017-2018,F1,16/12/17,Strasbourg,Toulouse,2.0,1.0,H,1.0,1.0,9.0,11.0,5.0,3.0
ligue-1,2017-2018,F1,16/12/17,Troyes,Amiens,1.0,0.0,H,0.0,0.0,19.0,11.0,7.0,3.0
ligue-1,2017-2018,F1,17/12/17,Lyon,Marseille,2.0,0.0,H,1.0,0.0,8.0,19.0,5.0,5.0
ligue-1,2017-2018,F1,17/12/17,Nantes,Angers,1.0,0.0,H,1.0,0.0,10.0,7.0,4.0,0.0
ligue-1,2017-2018,F1,17/12/17,Nice,Bordeaux,1.0,0.0,H,1.0,0.0,11.0,10.0,3.0,1.0
ligue-1,2017-2018,F1,20/12/17,Amiens,Nantes,0.0,1.0,A,0.0,0.0,12.0,14.0,5.0,5.0
ligue-1,2017-2018,F1,20/12/17,Angers,Dijon,2.0,1.0,H,1.0,1.0,24.0,16.0,11.0,3.0
ligue-1,2017-2018,F1,20/12/17,Bordeaux,Montpellier,0.0,2.0,A,0.0,0.0,8.0,14.0,1.0,6.0
ligue-1,2017-2018,F1,20/12/17,Guingamp,St Etienne,2.0,1.0,H,0.0,0.0,27.0,3.0,6.0,3.0
ligue-1,2017-2018,F1,20/12/17,Lille,Nice,1.0,1.0,D,0.0,1.0,5.0,8.0,1.0,3.0
ligue-1,2017-2018,F1,20/12/17,Marseille,Troyes,3.0,1.0,H,1.0,1.0,20.0,8.0,8.0,3.0
ligue-1,2017-2018,F1,20/12/17,Metz,Strasbourg,3.0,0.0,H,0.0,0.0,26.0,7.0,9.0,2.0
ligue-1,2017-2018,F1,20/12/17,Monaco,Rennes,2.0,1.0,H,1.0,0.0,14.0,8.0,4.0,2.0
ligue-1,2017-2018,F1,20/12/17,Paris SG,Caen,3.0,1.0,H,1.0,0.0,21.0,9.0,7.0,4.0
ligue-1,2017-2018,F1,20/12/17,Toulouse,Lyon,1.0,2.0,A,0.0,1.0,17.0,14.0,5.0,10.0
ligue-1,2017-2018,F1,12/01/18,Strasbourg,Guingamp,0.0,2.0,A,0.0,2.0,14.0,10.0,3.0,5.0
ligue-1,2017-2018,F1,13/01/18,Caen,Lille,0.0,1.0,A,0.0,1.0,15.0,12.0,7.0,5.0
ligue-1,2017-2018,F1,13/01/18,Dijon,Metz,1.0,1.0,D,1.0,0.0,12.0,12.0,7.0,6.0
ligue-1,2017-2018,F1,13/01/18,Montpellier,Monaco,0.0,0.0,D,0.0,0.0,16.0,13.0,4.0,6.0
ligue-1,2017-2018,F1,13/01/18,Nice,Amiens,1.0,0.0,H,0.0,0.0,20.0,9.0,7.0,3.0
ligue-1,2017-2018,F1,13/01/18,Rennes,Marseille,0.0,3.0,A,0.0,2.0,13.0,18.0,3.0,5.0
ligue-1,2017-2018,F1,13/01/18,Troyes,Bordeaux,0.0,1.0,A,0.0,1.0,8.0,10.0,3.0,4.0
ligue-1,2017-2018,F1,14/01/18,Lyon,Angers,1.0,1.0,D,0.0,1.0,19.0,9.0,7.0,2.0
ligue-1,2017-2018,F1,14/01/18,Nantes,Paris SG,0.0,1.0,A,0.0,1.0,13.0,20.0,3.0,3.0
ligue-1,2017-2018,F1,14/01/18,St Etienne,Toulouse,2.0,0.0,H,1.0,0.0,11.0,19.0,5.0,8.0
ligue-1,2017-2018,F1,16/01/18,Bordeaux,Caen,0.0,2.0,A,0.0,0.0,13.0,10.0,5.0,3.0
ligue-1,2017-2018,F1,16/01/18,Marseille,Strasbourg,2.0,0.0,H,0.0,0.0,15.0,4.0,7.0,2.0
ligue-1,2017-2018,F1,16/01/18,Monaco,Nice,2.0,2.0,D,1.0,0.0,6.0,9.0,3.0,5.0
ligue-1,2017-2018,F1,17/01/18,Amiens,Montpellier,1.0,1.0,D,0.0,1.0,13.0,16.0,3.0,5.0
ligue-1,2017-2018,F1,17/01/18,Angers,Troyes,3.0,1.0,H,1.0,0.0,12.0,8.0,5.0,2.0
ligue-1,2017-2018,F1,17/01/18,Guingamp,Lyon,0.0,2.0,A,0.0,1.0,8.0,21.0,3.0,13.0
ligue-1,2017-2018,F1,17/01/18,Lille,Rennes,1.0,2.0,A,1.0,0.0,11.0,22.0,3.0,12.0
ligue-1,2017-2018,F1,17/01/18,Metz,St Etienne,3.0,0.0,H,2.0,0.0,19.0,7.0,12.0,4.0
ligue-1,2017-2018,F1,17/01/18,Paris SG,Dijon,8.0,0.0,H,4.0,0.0,23.0,6.0,14.0,1.0
ligue-1,2017-2018,F1,17/01/18,Toulouse,Nantes,1.0,1.0,D,0.0,1.0,15.0,11.0,3.0,2.0
ligue-1,2017-2018,F1,19/01/18,Caen,Marseille,0.0,2.0,A,0.0,0.0,5.0,12.0,2.0,4.0
ligue-1,2017-2018,F1,20/01/18,Amiens,Guingamp,3.0,1.0,H,1.0,1.0,13.0,6.0,6.0,1.0
ligue-1,2017-2018,F1,20/01/18,Montpellier,Toulouse,2.0,1.0,H,1.0,1.0,22.0,9.0,5.0,3.0
ligue-1,2017-2018,F1,20/01/18,Nantes,Bordeaux,0.0,1.0,A,0.0,1.0,14.0,9.0,4.0,3.0
ligue-1,2017-2018,F1,20/01/18,Rennes,Angers,1.0,0.0,H,0.0,0.0,9.0,9.0,2.0,3.0
ligue-1,2017-2018,F1,20/01/18,Strasbourg,Dijon,3.0,2.0,H,2.0,2.0,16.0,12.0,9.0,5.0
ligue-1,2017-2018,F1,20/01/18,Troyes,Lille,1.0,0.0,H,1.0,0.0,7.0,9.0,2.0,1.0
ligue-1,2017-2018,F1,21/01/18,Lyon,Paris SG,2.0,1.0,H,1.0,1.0,11.0,11.0,6.0,3.0
ligue-1,2017-2018,F1,21/01/18,Monaco,Metz,3.0,1.0,H,1.0,0.0,13.0,3.0,6.0,2.0
ligue-1,2017-2018,F1,21/01/18,Nice,St Etienne,1.0,0.0,H,1.0,0.0,7.0,9.0,2.0,2.0
ligue-1,2017-2018,F1,26/01/18,Dijon,Rennes,2.0,1.0,H,1.0,1.0,14.0,13.0,4.0,4.0
ligue-1,2017-2018,F1,27/01/18,Angers,Amiens,1.0,0.0,H,1.0,0.0,16.0,3.0,7.0,0.0
ligue-1,2017-2018,F1,27/01/18,Guingamp,Nantes,0.0,3.0,A,0.0,0.0,6.0,13.0,0.0,5.0
ligue-1,2017-2018,F1,27/01/18,Metz,Nice,2.0,1.0,H,0.0,0.0,15.0,13.0,5.0,5.0
ligue-1,2017-2018,F1,27/01/18,Paris SG,Montpellier,4.0,0.0,H,2.0,0.0,11.0,16.0,7.0,3.0
ligue-1,2017-2018,F1,27/01/18,St Etienne,Caen,2.0,1.0,H,1.0,1.0,12.0,14.0,4.0,3.0
ligue-1,2017-2018,F1,27/01/18,Toulouse,Troyes,1.0,0.0,H,1.0,0.0,20.0,1.0,7.0,0.0
ligue-1,2017-2018,F1,28/01/18,Bordeaux,Lyon,3.0,1.0,H,3.0,1.0,9.0,9.0,4.0,4.0
ligue-1,2017-2018,F1,28/01/18,Lille,Strasbourg,2.0,1.0,H,0.0,0.0,8.0,11.0,5.0,2.0
ligue-1,2017-2018,F1,28/01/18,Marseille,Monaco,2.0,2.0,D,1.0,1.0,17.0,9.0,6.0,3.0
ligue-1,2017-2018,F1,02/02/18,Marseille,Metz,6.0,3.0,H,3.0,0.0,18.0,18.0,10.0,8.0
ligue-1,2017-2018,F1,03/02/18,Amiens,St Etienne,0.0,2.0,A,0.0,0.0,8.0,16.0,0.0,8.0
ligue-1,2017-2018,F1,03/02/18,Lille,Paris SG,0.0,3.0,A,0.0,1.0,10.0,19.0,3.0,9.0
ligue-1,2017-2018,F1,03/02/18,Montpellier,Angers,2.0,1.0,H,1.0,1.0,8.0,8.0,3.0,2.0
ligue-1,2017-2018,F1,03/02/18,Nice,Toulouse,0.0,1.0,A,0.0,0.0,14.0,6.0,2.0,1.0
ligue-1,2017-2018,F1,03/02/18,Strasbourg,Bordeaux,0.0,2.0,A,0.0,1.0,9.0,7.0,0.0,4.0
ligue-1,2017-2018,F1,04/02/18,Caen,Nantes,3.0,2.0,H,1.0,1.0,16.0,14.0,7.0,4.0
ligue-1,2017-2018,F1,04/02/18,Monaco,Lyon,3.0,2.0,H,2.0,2.0,12.0,13.0,7.0,4.0
ligue-1,2017-2018,F1,04/02/18,Rennes,Guingamp,0.0,1.0,A,0.0,0.0,13.0,11.0,5.0,4.0
ligue-1,2017-2018,F1,09/02/18,St Etienne,Marseille,2.0,2.0,D,1.0,2.0,7.0,12.0,3.0,4.0
ligue-1,2017-2018,F1,10/02/18,Angers,Monaco,0.0,4.0,A,0.0,2.0,11.0,10.0,1.0,6.0
ligue-1,2017-2018,F1,10/02/18,Bordeaux,Amiens,3.0,2.0,H,2.0,0.0,14.0,19.0,4.0,6.0
ligue-1,2017-2018,F1,10/02/18,Dijon,Nice,3.0,2.0,H,0.0,0.0,11.0,14.0,3.0,5.0
ligue-1,2017-2018,F1,10/02/18,Guingamp,Caen,0.0,0.0,D,0.0,0.0,6.0,12.0,1.0,2.0
ligue-1,2017-2018,F1,10/02/18,Metz,Montpellier,0.0,1.0,A,0.0,1.0,12.0,16.0,5.0,8.0
ligue-1,2017-2018,F1,10/02/18,Toulouse,Paris SG,0.0,1.0,A,0.0,0.0,3.0,21.0,1.0,6.0
ligue-1,2017-2018,F1,11/02/18,Lyon,Rennes,0.0,2.0,A,0.0,1.0,19.0,6.0,6.0,3.0
ligue-1,2017-2018,F1,11/02/18,Nantes,Lille,2.0,2.0,D,1.0,0.0,20.0,7.0,6.0,4.0
ligue-1,2017-2018,F1,11/02/18,Strasbourg,Troyes,2.0,1.0,H,0.0,0.0,12.0,12.0,2.0,4.0
ligue-1,2017-2018,F1,16/02/18,Monaco,Dijon,4.0,0.0,H,1.0,0.0,14.0,7.0,5.0,4.0
ligue-1,2017-2018,F1,17/02/18,Amiens,Toulouse,0.0,0.0,D,0.0,0.0,6.0,12.0,1.0,5.0
ligue-1,2017-2018,F1,17/02/18,Angers,St Etienne,0.0,1.0,A,0.0,0.0,19.0,10.0,4.0,3.0
ligue-1,2017-2018,F1,17/02/18,Caen,Rennes,2.0,2.0,D,1.0,2.0,18.0,11.0,6.0,5.0
ligue-1,2017-2018,F1,17/02/18,Montpellier,Guingamp,1.0,1.0,D,0.0,1.0,19.0,4.0,5.0,1.0
ligue-1,2017-2018,F1,17/02/18,Paris SG,Strasbourg,5.0,2.0,H,3.0,1.0,20.0,12.0,11.0,2.0
ligue-1,2017-2018,F1,17/02/18,Troyes,Metz,1.0,0.0,H,0.0,0.0,18.0,10.0,9.0,4.0
ligue-1,2017-2018,F1,18/02/18,Lille,Lyon,2.0,2.0,D,0.0,2.0,14.0,13.0,5.0,5.0
ligue-1,2017-2018,F1,18/02/18,Marseille,Bordeaux,1.0,0.0,H,1.0,0.0,12.0,5.0,8.0,1.0
ligue-1,2017-2018,F1,18/02/18,Nice,Nantes,1.0,1.0,D,1.0,1.0,12.0,9.0,4.0,3.0
ligue-1,2017-2018,F1,20/02/18,Troyes,Dijon,0.0,0.0,D,0.0,0.0,9.0,7.0,3.0,1.0
ligue-1,2017-2018,F1,23/02/18,Strasbourg,Montpellier,0.0,0.0,D,0.0,0.0,11.0,8.0,3.0,2.0
ligue-1,2017-2018,F1,24/02/18,Dijon,Caen,2.0,0.0,H,1.0,0.0,13.0,13.0,3.0,2.0
ligue-1,2017-2018,F1,24/02/18,Guingamp,Metz,2.0,2.0,D,1.0,1.0,17.0,5.0,8.0,2.0
ligue-1,2017-2018,F1,24/02/18,Lille,Angers,1.0,2.0,A,0.0,0.0,14.0,14.0,3.0,9.0
ligue-1,2017-2018,F1,24/02/18,Nantes,Amiens,0.0,1.0,A,0.0,1.0,27.0,8.0,4.0,1.0
ligue-1,2017-2018,F1,24/02/18,Rennes,Troyes,2.0,0.0,H,0.0,0.0,11.0,8.0,6.0,0.0
ligue-1,2017-2018,F1,24/02/18,Toulouse,Monaco,3.0,3.0,D,1.0,1.0,9.0,9.0,6.0,5.0
ligue-1,2017-2018,F1,25/02/18,Bordeaux,Nice,0.0,0.0,D,0.0,0.0,23.0,3.0,6.0,0.0
ligue-1,2017-2018,F1,25/02/18,Lyon,St Etienne,1.0,1.0,D,1.0,0.0,9.0,8.0,5.0,2.0
ligue-1,2017-2018,F1,25/02/18,Paris SG,Marseille,3.0,0.0,H,2.0,0.0,10.0,15.0,3.0,6.0
ligue-1,2017-2018,F1,02/03/18,Monaco,Bordeaux,2.0,1.0,H,1.0,1.0,18.0,6.0,5.0,1.0
ligue-1,2017-2018,F1,02/03/18,Nice,Lille,2.0,1.0,H,1.0,0.0,23.0,12.0,10.0,5.0
ligue-1,2017-2018,F1,03/03/18,Amiens,Rennes,0.0,2.0,A,0.0,1.0,14.0,18.0,3.0,5.0
ligue-1,2017-2018,F1,03/03/18,Angers,Guingamp,3.0,0.0,H,1.0,0.0,15.0,12.0,6.0,3.0
ligue-1,2017-2018,F1,03/03/18,Metz,Toulouse,1.0,1.0,D,1.0,0.0,12.0,18.0,1.0,4.0
ligue-1,2017-2018,F1,03/03/18,St Etienne,Dijon,2.0,2.0,D,1.0,1.0,13.0,9.0,7.0,5.0
ligue-1,2017-2018,F1,03/03/18,Troyes,Paris SG,0.0,2.0,A,0.0,0.0,10.0,20.0,2.0,13.0
ligue-1,2017-2018,F1,04/03/18,Caen,Strasbourg,2.0,0.0,H,1.0,0.0,7.0,11.0,4.0,2.0
ligue-1,2017-2018,F1,04/03/18,Marseille,Nantes,1.0,1.0,D,0.0,1.0,22.0,9.0,5.0,3.0
ligue-1,2017-2018,F1,04/03/18,Montpellier,Lyon,1.0,1.0,D,1.0,0.0,10.0,19.0,5.0,4.0
ligue-1,2017-2018,F1,09/03/18,Strasbourg,Monaco,1.0,3.0,A,1.0,3.0,29.0,10.0,5.0,4.0
ligue-1,2017-2018,F1,10/03/18,Bordeaux,Angers,0.0,0.0,D,0.0,0.0,12.0,9.0,2.0,0.0
ligue-1,2017-2018,F1,10/03/18,Dijon,Amiens,1.0,1.0,D,0.0,1.0,10.0,10.0,3.0,4.0
ligue-1,2017-2018,F1,10/03/18,Lille,Montpellier,1.0,1.0,D,1.0,0.0,5.0,13.0,2.0,4.0
ligue-1,2017-2018,F1,10/03/18,Nantes,Troyes,1.0,0.0,H,0.0,0.0,19.0,8.0,3.0,0.0
ligue-1,2017-2018,F1,10/03/18,Paris SG,Metz,5.0,0.0,H,4.0,0.0,18.0,6.0,10.0,3.0
ligue-1,2017-2018,F1,10/03/18,Rennes,St Etienne,1.0,1.0,D,0.0,1.0,18.0,9.0,7.0,3.0
ligue-1,2017-2018,F1,11/03/18,Guingamp,Nice,2.0,5.0,A,1.0,1.0,12.0,17.0,6.0,5.0
ligue-1,2017-2018,F1,11/03/18,Lyon,Caen,1.0,0.0,H,0.0,0.0,20.0,6.0,4.0,1.0
ligue-1,2017-2018,F1,11/03/18,Toulouse,Marseille,1.0,2.0,A,1.0,1.0,9.0,23.0,4.0,9.0
ligue-1,2017-2018,F1,14/03/18,Paris SG,Angers,2.0,1.0,H,2.0,0.0,14.0,20.0,7.0,8.0
ligue-1,2017-2018,F1,16/03/18,Monaco,Lille,2.0,1.0,H,1.0,1.0,10.0,14.0,4.0,5.0
ligue-1,2017-2018,F1,17/03/18,Amiens,Troyes,1.0,1.0,D,1.0,0.0,8.0,11.0,1.0,5.0
ligue-1,2017-2018,F1,17/03/18,Angers,Caen,3.0,0.0,H,2.0,0.0,13.0,8.0,6.0,2.0
ligue-1,2017-2018,F1,17/03/18,Bordeaux,Rennes,0.0,2.0,A,0.0,0.0,9.0,6.0,2.0,3.0
ligue-1,2017-2018,F1,17/03/18,Montpellier,Dijon,2.0,2.0,D,0.0,1.0,18.0,10.0,11.0,7.0
ligue-1,2017-2018,F1,17/03/18,Toulouse,Strasbourg,2.0,2.0,D,0.0,0.0,11.0,12.0,6.0,4.0
ligue-1,2017-2018,F1,18/03/18,Marseille,Lyon,2.0,3.0,A,1.0,1.0,10.0,11.0,5.0,6.0
ligue-1,2017-2018,F1,18/03/18,Metz,Nantes,1.0,1.0,D,1.0,1.0,8.0,15.0,4.0,4.0
ligue-1,2017-2018,F1,18/03/18,Nice,Paris SG,1.0,2.0,A,1.0,1.0,14.0,19.0,4.0,7.0
ligue-1,2017-2018,F1,18/03/18,St Etienne,Guingamp,2.0,0.0,H,1.0,0.0,16.0,9.0,6.0,3.0
ligue-1,2017-2018,F1,31/03/18,Dijon,Marseille,1.0,3.0,A,0.0,1.0,12.0,11.0,2.0,5.0
ligue-1,2017-2018,F1,01/04/18,Caen,Montpellier,1.0,3.0,A,0.0,2.0,8.0,9.0,5.0,6.0
ligue-1,2017-2018,F1,01/04/18,Guingamp,Bordeaux,2.0,1.0,H,0.0,0.0,14.0,15.0,6.0,6.0
ligue-1,2017-2018,F1,01/04/18,Lille,Amiens,0.0,1.0,A,0.0,0.0,15.0,10.0,3.0,2.0
ligue-1,2017-2018,F1,01/04/18,Lyon,Toulouse,2.0,0.0,H,2.0,0.0,20.0,10.0,5.0,6.0
ligue-1,2017-2018,F1,01/04/18,Nantes,St Etienne,0.0,3.0,A,0.0,1.0,20.0,15.0,4.0,8.0
ligue-1,2017-2018,F1,01/04/18,Strasbourg,Metz,2.0,2.0,D,1.0,1.0,18.0,11.0,5.0,5.0
ligue-1,2017-2018,F1,01/04/18,Troyes,Nice,0.0,2.0,A,0.0,1.0,11.0,15.0,3.0,6.0
ligue-1,2017-2018,F1,04/04/18,Rennes,Monaco,1.0,1.0,D,1.0,1.0,20.0,8.0,7.0,2.0
ligue-1,2017-2018,F1,06/04/18,St Etienne,Paris SG,1.0,1.0,D,1.0,0.0,16.0,8.0,5.0,2.0
ligue-1,2017-2018,F1,07/04/18,Amiens,Caen,3.0,0.0,H,2.0,0.0,11.0,14.0,4.0,7.0
ligue-1,2017-2018,F1,07/04/18,Angers,Strasbourg,1.0,1.0,D,1.0,0.0,3.0,11.0,2.0,5.0
ligue-1,2017-2018,F1,07/04/18,Bordeaux,Lille,2.0,1.0,H,2.0,1.0,15.0,7.0,6.0,1.0
ligue-1,2017-2018,F1,07/04/18,Guingamp,Troyes,4.0,0.0,H,1.0,0.0,15.0,8.0,10.0,4.0
ligue-1,2017-2018,F1,07/04/18,Monaco,Nantes,2.0,1.0,H,2.0,1.0,6.0,10.0,3.0,4.0
ligue-1,2017-2018,F1,07/04/18,Toulouse,Dijon,0.0,1.0,A,0.0,1.0,20.0,8.0,5.0,3.0
ligue-1,2017-2018,F1,08/04/18,Marseille,Montpellier,0.0,0.0,D,0.0,0.0,12.0,6.0,3.0,2.0
ligue-1,2017-2018,F1,08/04/18,Metz,Lyon,0.0,5.0,A,0.0,2.0,10.0,14.0,5.0,6.0
ligue-1,2017-2018,F1,08/04/18,Nice,Rennes,1.0,1.0,D,1.0,1.0,10.0,9.0,2.0,3.0
ligue-1,2017-2018,F1,13/04/18,Angers,Nice,1.0,1.0,D,0.0,0.0,12.0,15.0,3.0,7.0
ligue-1,2017-2018,F1,14/04/18,Lille,Guingamp,2.0,2.0,D,0.0,0.0,10.0,6.0,3.0,3.0
ligue-1,2017-2018,F1,14/04/18,Lyon,Amiens,3.0,0.0,H,1.0,0.0,25.0,5.0,8.0,2.0
ligue-1,2017-2018,F1,14/04/18,Nantes,Dijon,1.0,1.0,D,1.0,0.0,15.0,12.0,2.0,4.0
ligue-1,2017-2018,F1,14/04/18,Rennes,Metz,1.0,2.0,A,1.0,0.0,14.0,7.0,3.0,6.0
ligue-1,2017-2018,F1,14/04/18,Strasbourg,St Etienne,0.0,1.0,A,0.0,0.0,16.0,5.0,6.0,1.0
ligue-1,2017-2018,F1,15/04/18,Montpellier,Bordeaux,1.0,3.0,A,0.0,1.0,19.0,9.0,5.0,4.0
ligue-1,2017-2018,F1,15/04/18,Paris SG,Monaco,7.0,1.0,H,4.0,1.0,12.0,11.0,7.0,2.0
ligue-1,2017-2018,F1,15/04/18,Troyes,Marseille,2.0,3.0,A,1.0,1.0,12.0,21.0,7.0,9.0
ligue-1,2017-2018,F1,20/04/18,Dijon,Lyon,2.0,5.0,A,1.0,1.0,17.0,17.0,5.0,11.0
ligue-1,2017-2018,F1,20/04/18,Nantes,Rennes,1.0,1.0,D,1.0,0.0,13.0,18.0,7.0,9.0
ligue-1,2017-2018,F1,21/04/18,Amiens,Strasbourg,3.0,1.0,H,1.0,0.0,7.0,15.0,5.0,2.0
ligue-1,2017-2018,F1,21/04/18,Guingamp,Monaco,3.0,1.0,H,2.0,0.0,24.0,4.0,12.0,1.0
ligue-1,2017-2018,F1,21/04/18,Marseille,Lille,5.0,1.0,H,4.0,0.0,19.0,14.0,8.0,3.0
ligue-1,2017-2018,F1,21/04/18,Metz,Caen,1.0,1.0,D,0.0,0.0,15.0,5.0,3.0,4.0
ligue-1,2017-2018,F1,21/04/18,Toulouse,Angers,2.0,0.0,H,1.0,0.0,14.0,7.0,8.0,0.0
ligue-1,2017-2018,F1,22/04/18,Bordeaux,Paris SG,0.0,1.0,A,0.0,0.0,21.0,10.0,8.0,2.0
ligue-1,2017-2018,F1,22/04/18,Nice,Montpellier,1.0,0.0,H,0.0,0.0,16.0,5.0,4.0,2.0
ligue-1,2017-2018,F1,22/04/18,St Etienne,Troyes,2.0,1.0,H,0.0,1.0,18.0,6.0,6.0,3.0
ligue-1,2017-2018,F1,25/04/18,Caen,Toulouse,0.0,0.0,D,0.0,0.0,9.0,5.0,0.0,2.0
ligue-1,2017-2018,F1,27/04/18,Montpellier,St Etienne,0.0,1.0,A,0.0,1.0,25.0,7.0,5.0,5.0
ligue-1,2017-2018,F1,28/04/18,Bordeaux,Dijon,3.0,1.0,H,1.0,0.0,10.0,10.0,4.0,3.0
ligue-1,2017-2018,F1,28/04/18,Lille,Metz,3.0,1.0,H,2.0,0.0,15.0,14.0,9.0,4.0
ligue-1,2017-2018,F1,28/04/18,Lyon,Nantes,2.0,0.0,H,1.0,0.0,25.0,12.0,11.0,4.0
ligue-1,2017-2018,F1,28/04/18,Monaco,Amiens,0.0,0.0,D,0.0,0.0,16.0,7.0,1.0,1.0
ligue-1,2017-2018,F1,28/04/18,Strasbourg,Nice,1.0,1.0,D,1.0,0.0,9.0,11.0,2.0,7.0
ligue-1,2017-2018,F1,28/04/18,Troyes,Caen,3.0,1.0,H,2.0,1.0,5.0,13.0,3.0,2.0
ligue-1,2017-2018,F1,29/04/18,Angers,Marseille,1.0,1.0,D,0.0,1.0,14.0,13.0,6.0,5.0
ligue-1,2017-2018,F1,29/04/18,Paris SG,Guingamp,2.0,2.0,D,0.0,1.0,14.0,22.0,3.0,5.0
ligue-1,2017-2018,F1,29/04/18,Rennes,Toulouse,2.0,1.0,H,1.0,1.0,6.0,12.0,3.0,2.0
ligue-1,2017-2018,F1,04/05/18,Amiens,Paris SG,2.0,2.0,D,0.0,1.0,12.0,23.0,5.0,8.0
ligue-1,2017-2018,F1,06/05/18,Caen,Monaco,1.0,2.0,A,1.0,1.0,16.0,17.0,5.0,4.0
ligue-1,2017-2018,F1,06/05/18,Dijon,Guingamp,3.0,1.0,H,1.0,0.0,19.0,4.0,9.0,1.0
ligue-1,2017-2018,F1,06/05/18,Lyon,Troyes,3.0,0.0,H,2.0,0.0,17.0,13.0,5.0,4.0
ligue-1,2017-2018,F1,06/05/18,Marseille,Nice,2.0,1.0,H,1.0,1.0,18.0,11.0,8.0,2.0
ligue-1,2017-2018,F1,06/05/18,Metz,Angers,1.0,2.0,A,1.0,0.0,8.0,17.0,4.0,4.0
ligue-1,2017-2018,F1,06/05/18,Nantes,Montpellier,0.0,2.0,A,0.0,0.0,11.0,12.0,2.0,7.0
ligue-1,2017-2018,F1,06/05/18,Rennes,Strasbourg,2.0,1.0,H,1.0,0.0,14.0,7.0,2.0,3.0
ligue-1,2017-2018,F1,06/05/18,St Etienne,Bordeaux,1.0,3.0,A,1.0,2.0,16.0,11.0,3.0,5.0
ligue-1,2017-2018,F1,06/05/18,Toulouse,Lille,2.0,3.0,A,2.0,1.0,6.0,17.0,4.0,8.0
ligue-1,2017-2018,F1,11/05/18,Guingamp,Marseille,3.0,3.0,D,1.0,2.0,22.0,16.0,7.0,5.0
ligue-1,2017-2018,F1,12/05/18,Amiens,Metz,2.0,0.0,H,1.0,0.0,9.0,13.0,2.0,1.0
ligue-1,2017-2018,F1,12/05/18,Angers,Nantes,0.0,2.0,A,0.0,0.0,14.0,12.0,2.0,2.0
ligue-1,2017-2018,F1,12/05/18,Bordeaux,Toulouse,4.0,2.0,H,1.0,1.0,15.0,10.0,6.0,4.0
ligue-1,2017-2018,F1,12/05/18,Lille,Dijon,2.0,1.0,H,2.0,1.0,13.0,12.0,3.0,7.0
ligue-1,2017-2018,F1,12/05/18,Monaco,St Etienne,1.0,0.0,H,0.0,0.0,18.0,11.0,5.0,3.0
ligue-1,2017-2018,F1,12/05/18,Montpellier,Troyes,1.0,1.0,D,0.0,1.0,22.0,9.0,3.0,2.0
ligue-1,2017-2018,F1,12/05/18,Nice,Caen,4.0,1.0,H,3.0,0.0,21.0,12.0,8.0,5.0
ligue-1,2017-2018,F1,12/05/18,Paris SG,Rennes,0.0,2.0,A,0.0,0.0,14.0,10.0,5.0,2.0
ligue-1,2017-2018,F1,12/05/18,Strasbourg,Lyon,3.0,2.0,H,1.0,0.0,9.0,8.0,4.0,3.0
ligue-1,2017-2018,F1,19/05/18,Caen,Paris SG,0.0,0.0,D,0.0,0.0,11.0,7.0,6.0,2.0
ligue-1,2017-2018,F1,19/05/18,Dijon,Angers,2.0,1.0,H,1.0,0.0,7.0,16.0,1.0,8.0
ligue-1,2017-2018,F1,19/05/18,Lyon,Nice,3.0,2.0,H,0.0,1.0,23.0,11.0,8.0,4.0
ligue-1,2017-2018,F1,19/05/18,Marseille,Amiens,2.0,1.0,H,2.0,1.0,27.0,5.0,11.0,2.0
ligue-1,2017-2018,F1,19/05/18,Metz,Bordeaux,0.0,4.0,A,0.0,3.0,7.0,15.0,0.0,7.0
ligue-1,2017-2018,F1,19/05/18,Nantes,Strasbourg,1.0,0.0,H,1.0,0.0,9.0,10.0,2.0,2.0
ligue-1,2017-2018,F1,19/05/18,Rennes,Montpellier,1.0,1.0,D,1.0,1.0,9.0,9.0,1.0,6.0
ligue-1,2017-2018,F1,19/05/18,St Etienne,Lille,5.0,0.0,H,3.0,0.0,14.0,11.0,7.0,3.0
ligue-1,2017-2018,F1,19/05/18,Toulouse,Guingamp,2.0,1.0,H,0.0,0.0,17.0,13.0,7.0,6.0
ligue-1,2017-2018,F1,19/05/18,Troyes,Monaco,0.0,3.0,A,0.0,1.0,12.0,21.0,4.0,14.0
ligue-1,2018-2019,F1,10/08/2018,Marseille,Toulouse,4.0,0.0,H,1.0,0.0,23.0,5.0,10.0,1.0
ligue-1,2018-2019,F1,11/08/2018,Angers,Nimes,3.0,4.0,A,1.0,1.0,21.0,14.0,7.0,5.0
ligue-1,2018-2019,F1,11/08/2018,Lille,Rennes,3.0,1.0,H,1.0,1.0,15.0,8.0,6.0,2.0
ligue-1,2018-2019,F1,11/08/2018,Montpellier,Dijon,1.0,2.0,A,1.0,0.0,16.0,9.0,7.0,4.0
ligue-1,2018-2019,F1,11/08/2018,Nantes,Monaco,1.0,3.0,A,0.0,0.0,16.0,11.0,4.0,6.0
ligue-1,2018-2019,F1,11/08/2018,Nice,Reims,0.0,1.0,A,0.0,1.0,19.0,5.0,1.0,3.0
ligue-1,2018-2019,F1,11/08/2018,St Etienne,Guingamp,2.0,1.0,H,1.0,0.0,11.0,11.0,6.0,5.0
ligue-1,2018-2019,F1,12/08/2018,Bordeaux,Strasbourg,0.0,2.0,A,0.0,0.0,5.0,17.0,2.0,6.0
ligue-1,2018-2019,F1,12/08/2018,Lyon,Amiens,2.0,0.0,H,1.0,0.0,15.0,10.0,7.0,1.0
ligue-1,2018-2019,F1,12/08/2018,Paris SG,Caen,3.0,0.0,H,2.0,0.0,11.0,5.0,8.0,1.0
ligue-1,2018-2019,F1,17/08/2018,Reims,Lyon,1.0,0.0,H,1.0,0.0,7.0,19.0,2.0,5.0
ligue-1,2018-2019,F1,18/08/2018,Amiens,Montpellier,1.0,2.0,A,0.0,0.0,11.0,7.0,2.0,3.0
ligue-1,2018-2019,F1,18/08/2018,Caen,Nice,1.0,1.0,D,0.0,0.0,13.0,16.0,4.0,5.0
ligue-1,2018-2019,F1,18/08/2018,Dijon,Nantes,2.0,0.0,H,1.0,0.0,14.0,7.0,7.0,0.0
ligue-1,2018-2019,F1,18/08/2018,Guingamp,Paris SG,1.0,3.0,A,1.0,0.0,11.0,17.0,3.0,7.0
ligue-1,2018-2019,F1,18/08/2018,Monaco,Lille,0.0,0.0,D,0.0,0.0,10.0,13.0,1.0,4.0
ligue-1,2018-2019,F1,18/08/2018,Rennes,Angers,1.0,0.0,H,0.0,0.0,5.0,7.0,2.0,0.0
ligue-1,2018-2019,F1,19/08/2018,Nimes,Marseille,3.0,1.0,H,1.0,0.0,14.0,10.0,7.0,5.0
ligue-1,2018-2019,F1,19/08/2018,Strasbourg,St Etienne,1.0,1.0,D,0.0,0.0,11.0,9.0,5.0,2.0
ligue-1,2018-2019,F1,19/08/2018,Toulouse,Bordeaux,2.0,1.0,H,1.0,0.0,13.0,15.0,5.0,8.0
ligue-1,2018-2019,F1,24/08/2018,Lyon,Strasbourg,2.0,0.0,H,1.0,0.0,22.0,9.0,10.0,1.0
ligue-1,2018-2019,F1,25/08/2018,Amiens,Reims,4.0,1.0,H,1.0,0.0,14.0,7.0,8.0,3.0
ligue-1,2018-2019,F1,25/08/2018,Montpellier,St Etienne,0.0,0.0,D,0.0,0.0,14.0,9.0,1.0,2.0
ligue-1,2018-2019,F1,25/08/2018,Nantes,Caen,1.0,1.0,D,0.0,1.0,16.0,3.0,3.0,2.0
ligue-1,2018-2019,F1,25/08/2018,Nice,Dijon,0.0,4.0,A,0.0,0.0,16.0,9.0,3.0,5.0
ligue-1,2018-2019,F1,25/08/2018,Paris SG,Angers,3.0,1.0,H,1.0,1.0,13.0,11.0,5.0,6.0
ligue-1,2018-2019,F1,25/08/2018,Toulouse,Nimes,1.0,0.0,H,0.0,0.0,10.0,9.0,5.0,0.0
ligue-1,2018-2019,F1,26/08/2018,Bordeaux,Monaco,2.0,1.0,H,0.0,0.0,14.0,15.0,6.0,5.0
ligue-1,2018-2019,F1,26/08/2018,Lille,Guingamp,3.0,0.0,H,2.0,0.0,13.0,13.0,7.0,4.0
ligue-1,2018-2019,F1,26/08/2018,Marseille,Rennes,2.0,2.0,D,0.0,2.0,8.0,7.0,3.0,2.0
ligue-1,2018-2019,F1,31/08/2018,Lyon,Nice,0.0,1.0,A,0.0,0.0,29.0,8.0,9.0,1.0
ligue-1,2018-2019,F1,01/09/2018,Angers,Lille,1.0,0.0,H,0.0,0.0,6.0,17.0,3.0,4.0
ligue-1,2018-2019,F1,01/09/2018,Dijon,Caen,0.0,2.0,A,0.0,1.0,15.0,9.0,2.0,4.0
ligue-1,2018-2019,F1,01/09/2018,Guingamp,Toulouse,1.0,2.0,A,1.0,2.0,23.0,5.0,5.0,4.0
ligue-1,2018-2019,F1,01/09/2018,Nimes,Paris SG,2.0,4.0,A,0.0,2.0,14.0,7.0,6.0,5.0
ligue-1,2018-2019,F1,01/09/2018,Reims,Montpellier,0.0,1.0,A,0.0,0.0,21.0,9.0,6.0,3.0
ligue-1,2018-2019,F1,01/09/2018,Strasbourg,Nantes,2.0,3.0,A,1.0,2.0,10.0,14.0,5.0,5.0
ligue-1,2018-2019,F1,02/09/2018,Monaco,Marseille,2.0,3.0,A,0.0,1.0,8.0,15.0,4.0,5.0
ligue-1,2018-2019,F1,02/09/2018,Rennes,Bordeaux,2.0,0.0,H,2.0,0.0,16.0,8.0,8.0,1.0
ligue-1,2018-2019,F1,02/09/2018,St Etienne,Amiens,0.0,0.0,D,0.0,0.0,19.0,9.0,5.0,2.0
ligue-1,2018-2019,F1,14/09/2018,Nice,Rennes,2.0,1.0,H,0.0,0.0,13.0,10.0,4.0,3.0
ligue-1,2018-2019,F1,14/09/2018,Paris SG,St Etienne,4.0,0.0,H,1.0,0.0,16.0,11.0,9.0,2.0
ligue-1,2018-2019,F1,15/09/2018,Amiens,Lille,2.0,3.0,A,0.0,1.0,8.0,18.0,4.0,9.0
ligue-1,2018-2019,F1,15/09/2018,Caen,Lyon,2.0,2.0,D,0.0,1.0,18.0,17.0,4.0,6.0
ligue-1,2018-2019,F1,15/09/2018,Dijon,Angers,1.0,3.0,A,1.0,3.0,11.0,13.0,3.0,6.0
ligue-1,2018-2019,F1,15/09/2018,Montpellier,Strasbourg,1.0,1.0,D,0.0,0.0,10.0,7.0,3.0,1.0
ligue-1,2018-2019,F1,15/09/2018,Toulouse,Monaco,1.0,1.0,D,0.0,0.0,13.0,12.0,6.0,2.0
ligue-1,2018-2019,F1,16/09/2018,Bordeaux,Nimes,3.0,3.0,D,1.0,2.0,15.0,14.0,4.0,5.0
ligue-1,2018-2019,F1,16/09/2018,Marseille,Guingamp,4.0,0.0,H,0.0,0.0,17.0,2.0,6.0,0.0
ligue-1,2018-2019,F1,16/09/2018,Nantes,Reims,0.0,0.0,D,0.0,0.0,12.0,7.0,6.0,0.0
ligue-1,2018-2019,F1,21/09/2018,Monaco,Nimes,1.0,1.0,D,1.0,1.0,15.0,9.0,4.0,2.0
ligue-1,2018-2019,F1,22/09/2018,Angers,Toulouse,0.0,0.0,D,0.0,0.0,16.0,7.0,4.0,0.0
ligue-1,2018-2019,F1,22/09/2018,Lille,Nantes,2.0,1.0,H,1.0,0.0,11.0,11.0,8.0,4.0
ligue-1,2018-2019,F1,22/09/2018,Montpellier,Nice,1.0,0.0,H,1.0,0.0,12.0,9.0,5.0,2.0
ligue-1,2018-2019,F1,22/09/2018,Reims,Dijon,0.0,0.0,D,0.0,0.0,11.0,6.0,2.0,0.0
ligue-1,2018-2019,F1,22/09/2018,St Etienne,Caen,2.0,1.0,H,0.0,1.0,23.0,9.0,7.0,2.0
ligue-1,2018-2019,F1,22/09/2018,Strasbourg,Amiens,3.0,1.0,H,0.0,1.0,13.0,8.0,6.0,3.0
ligue-1,2018-2019,F1,23/09/2018,Guingamp,Bordeaux,1.0,3.0,A,0.0,0.0,18.0,11.0,5.0,6.0
ligue-1,2018-2019,F1,23/09/2018,Lyon,Marseille,4.0,2.0,H,1.0,1.0,17.0,9.0,5.0,3.0
ligue-1,2018-2019,F1,23/09/2018,Rennes,Paris SG,1.0,3.0,A,1.0,1.0,14.0,15.0,4.0,6.0
ligue-1,2018-2019,F1,25/09/2018,Monaco,Angers,0.0,1.0,A,0.0,1.0,7.0,6.0,0.0,3.0
ligue-1,2018-2019,F1,25/09/2018,Nantes,Nice,1.0,2.0,A,0.0,1.0,10.0,12.0,3.0,5.0
ligue-1,2018-2019,F1,25/09/2018,Toulouse,St Etienne,2.0,3.0,A,0.0,1.0,20.0,14.0,6.0,8.0
ligue-1,2018-2019,F1,26/09/2018,Amiens,Rennes,2.0,1.0,H,0.0,0.0,12.0,15.0,3.0,2.0
ligue-1,2018-2019,F1,26/09/2018,Bordeaux,Lille,1.0,0.0,H,1.0,0.0,7.0,15.0,3.0,6.0
ligue-1,2018-2019,F1,26/09/2018,Caen,Montpellier,2.0,2.0,D,1.0,1.0,11.0,16.0,3.0,6.0
ligue-1,2018-2019,F1,26/09/2018,Dijon,Lyon,0.0,3.0,A,0.0,3.0,30.0,16.0,6.0,5.0
ligue-1,2018-2019,F1,26/09/2018,Marseille,Strasbourg,3.0,2.0,H,2.0,1.0,13.0,9.0,5.0,5.0
ligue-1,2018-2019,F1,26/09/2018,Nimes,Guingamp,0.0,0.0,D,0.0,0.0,7.0,9.0,2.0,3.0
ligue-1,2018-2019,F1,26/09/2018,Paris SG,Reims,4.0,1.0,H,3.0,1.0,15.0,9.0,7.0,3.0
ligue-1,2018-2019,F1,28/09/2018,St Etienne,Monaco,2.0,0.0,H,1.0,0.0,16.0,20.0,5.0,7.0
ligue-1,2018-2019,F1,29/09/2018,Angers,Guingamp,0.0,1.0,A,0.0,1.0,11.0,11.0,4.0,5.0
ligue-1,2018-2019,F1,29/09/2018,Caen,Amiens,1.0,0.0,H,1.0,0.0,12.0,7.0,4.0,2.0
ligue-1,2018-2019,F1,29/09/2018,Lyon,Nantes,1.0,1.0,D,1.0,0.0,20.0,19.0,7.0,4.0
ligue-1,2018-2019,F1,29/09/2018,Nice,Paris SG,0.0,3.0,A,0.0,1.0,9.0,21.0,1.0,8.0
ligue-1,2018-2019,F1,29/09/2018,Reims,Bordeaux,0.0,0.0,D,0.0,0.0,9.0,7.0,0.0,3.0
ligue-1,2018-2019,F1,29/09/2018,Strasbourg,Dijon,3.0,0.0,H,1.0,0.0,7.0,14.0,5.0,1.0
ligue-1,2018-2019,F1,30/09/2018,Lille,Marseille,3.0,0.0,H,0.0,0.0,16.0,8.0,4.0,3.0
ligue-1,2018-2019,F1,30/09/2018,Montpellier,Nimes,3.0,0.0,H,2.0,0.0,19.0,11.0,6.0,3.0
ligue-1,2018-2019,F1,30/09/2018,Rennes,Toulouse,1.0,1.0,D,0.0,0.0,22.0,5.0,7.0,2.0
ligue-1,2018-2019,F1,05/10/2018,Toulouse,Nice,1.0,1.0,D,0.0,1.0,13.0,11.0,2.0,2.0
ligue-1,2018-2019,F1,06/10/2018,Amiens,Dijon,1.0,0.0,H,1.0,0.0,8.0,10.0,2.0,3.0
ligue-1,2018-2019,F1,06/10/2018,Angers,Strasbourg,2.0,2.0,D,0.0,2.0,24.0,9.0,6.0,4.0
ligue-1,2018-2019,F1,06/10/2018,Guingamp,Montpellier,1.0,1.0,D,0.0,1.0,7.0,11.0,2.0,5.0
ligue-1,2018-2019,F1,06/10/2018,Lille,St Etienne,3.0,1.0,H,1.0,1.0,12.0,6.0,5.0,2.0
ligue-1,2018-2019,F1,06/10/2018,Nimes,Reims,0.0,0.0,D,0.0,0.0,17.0,9.0,5.0,2.0
ligue-1,2018-2019,F1,07/10/2018,Bordeaux,Nantes,3.0,0.0,H,3.0,0.0,16.0,12.0,7.0,2.0
ligue-1,2018-2019,F1,07/10/2018,Marseille,Caen,2.0,0.0,H,2.0,0.0,17.0,7.0,6.0,2.0
ligue-1,2018-2019,F1,07/10/2018,Monaco,Rennes,1.0,2.0,A,0.0,1.0,8.0,11.0,2.0,4.0
ligue-1,2018-2019,F1,07/10/2018,Paris SG,Lyon,5.0,0.0,H,1.0,0.0,14.0,16.0,8.0,6.0
ligue-1,2018-2019,F1,19/10/2018,Lyon,Nimes,2.0,0.0,H,1.0,0.0,13.0,23.0,5.0,6.0
ligue-1,2018-2019,F1,20/10/2018,Caen,Guingamp,0.0,0.0,D,0.0,0.0,4.0,7.0,2.0,2.0
ligue-1,2018-2019,F1,20/10/2018,Dijon,Lille,1.0,2.0,A,0.0,2.0,17.0,8.0,7.0,3.0
ligue-1,2018-2019,F1,20/10/2018,Nantes,Toulouse,4.0,0.0,H,2.0,0.0,18.0,5.0,9.0,2.0
ligue-1,2018-2019,F1,20/10/2018,Paris SG,Amiens,5.0,0.0,H,2.0,0.0,16.0,8.0,8.0,2.0
ligue-1,2018-2019,F1,20/10/2018,Reims,Angers,1.0,1.0,D,0.0,1.0,12.0,16.0,5.0,6.0
ligue-1,2018-2019,F1,20/10/2018,Strasbourg,Monaco,2.0,1.0,H,1.0,0.0,8.0,12.0,5.0,5.0
ligue-1,2018-2019,F1,21/10/2018,Montpellier,Bordeaux,2.0,0.0,H,1.0,0.0,13.0,12.0,4.0,3.0
ligue-1,2018-2019,F1,21/10/2018,Nice,Marseille,0.0,1.0,A,0.0,1.0,14.0,9.0,3.0,1.0
ligue-1,2018-2019,F1,21/10/2018,St Etienne,Rennes,1.0,1.0,D,1.0,1.0,8.0,15.0,2.0,5.0
ligue-1,2018-2019,F1,26/10/2018,Nimes,St Etienne,1.0,1.0,D,0.0,1.0,13.0,13.0,6.0,5.0
ligue-1,2018-2019,F1,27/10/2018,Amiens,Nantes,1.0,2.0,A,0.0,1.0,18.0,12.0,8.0,5.0
ligue-1,2018-2019,F1,27/10/2018,Angers,Lyon,1.0,2.0,A,0.0,0.0,14.0,9.0,4.0,5.0
ligue-1,2018-2019,F1,27/10/2018,Guingamp,Strasbourg,1.0,1.0,D,1.0,0.0,10.0,12.0,4.0,5.0
ligue-1,2018-2019,F1,27/10/2018,Lille,Caen,1.0,0.0,H,0.0,0.0,11.0,5.0,4.0,1.0
ligue-1,2018-2019,F1,27/10/2018,Monaco,Dijon,2.0,2.0,D,1.0,1.0,12.0,11.0,5.0,3.0
ligue-1,2018-2019,F1,27/10/2018,Toulouse,Montpellier,0.0,3.0,A,0.0,2.0,15.0,22.0,4.0,8.0
ligue-1,2018-2019,F1,28/10/2018,Bordeaux,Nice,0.0,1.0,A,0.0,0.0,23.0,13.0,7.0,2.0
ligue-1,2018-2019,F1,28/10/2018,Marseille,Paris SG,0.0,2.0,A,0.0,0.0,12.0,11.0,2.0,5.0
ligue-1,2018-2019,F1,28/10/2018,Rennes,Reims,0.0,2.0,A,0.0,1.0,11.0,6.0,5.0,3.0
ligue-1,2018-2019,F1,02/11/2018,Paris SG,Lille,2.0,1.0,H,0.0,0.0,19.0,6.0,5.0,2.0
ligue-1,2018-2019,F1,03/11/2018,Caen,Rennes,1.0,2.0,A,0.0,0.0,12.0,22.0,3.0,10.0
ligue-1,2018-2019,F1,03/11/2018,Dijon,Nimes,0.0,4.0,A,0.0,2.0,23.0,11.0,7.0,6.0
ligue-1,2018-2019,F1,03/11/2018,Lyon,Bordeaux,1.0,1.0,D,1.0,0.0,6.0,17.0,2.0,3.0
ligue-1,2018-2019,F1,03/11/2018,Nice,Amiens,1.0,0.0,H,1.0,0.0,7.0,13.0,4.0,7.0
ligue-1,2018-2019,F1,03/11/2018,Reims,Monaco,1.0,0.0,H,1.0,0.0,8.0,5.0,4.0,1.0
ligue-1,2018-2019,F1,03/11/2018,Strasbourg,Toulouse,1.0,1.0,D,0.0,0.0,18.0,5.0,2.0,2.0
ligue-1,2018-2019,F1,04/11/2018,Montpellier,Marseille,3.0,0.0,H,0.0,0.0,14.0,11.0,6.0,2.0
ligue-1,2018-2019,F1,04/11/2018,Nantes,Guingamp,5.0,0.0,H,1.0,0.0,19.0,4.0,10.0,0.0
ligue-1,2018-2019,F1,04/11/2018,St Etienne,Angers,4.0,3.0,H,2.0,2.0,18.0,10.0,9.0,6.0
ligue-1,2018-2019,F1,09/11/2018,Lille,Strasbourg,0.0,0.0,D,0.0,0.0,22.0,4.0,8.0,1.0
ligue-1,2018-2019,F1,10/11/2018,Angers,Montpellier,1.0,0.0,H,0.0,0.0,10.0,10.0,3.0,3.0
ligue-1,2018-2019,F1,10/11/2018,Guingamp,Lyon,2.0,4.0,A,1.0,0.0,9.0,19.0,2.0,6.0
ligue-1,2018-2019,F1,10/11/2018,Nimes,Nice,0.0,1.0,A,0.0,0.0,8.0,13.0,3.0,8.0
ligue-1,2018-2019,F1,10/11/2018,St Etienne,Reims,2.0,0.0,H,2.0,0.0,14.0,14.0,5.0,3.0
ligue-1,2018-2019,F1,10/11/2018,Toulouse,Amiens,0.0,1.0,A,0.0,1.0,23.0,7.0,6.0,2.0
ligue-1,2018-2019,F1,11/11/2018,Bordeaux,Caen,0.0,0.0,D,0.0,0.0,16.0,9.0,6.0,1.0
ligue-1,2018-2019,F1,11/11/2018,Marseille,Dijon,2.0,0.0,H,1.0,0.0,16.0,9.0,3.0,3.0
ligue-1,2018-2019,F1,11/11/2018,Monaco,Paris SG,0.0,4.0,A,0.0,2.0,15.0,14.0,2.0,9.0
ligue-1,2018-2019,F1,11/11/2018,Rennes,Nantes,1.0,1.0,D,1.0,1.0,14.0,7.0,4.0,3.0
ligue-1,2018-2019,F1,23/11/2018,Lyon,St Etienne,1.0,0.0,H,0.0,0.0,13.0,16.0,1.0,3.0
ligue-1,2018-2019,F1,24/11/2018,Caen,Monaco,0.0,1.0,A,0.0,0.0,9.0,10.0,1.0,4.0
ligue-1,2018-2019,F1,24/11/2018,Dijon,Bordeaux,0.0,0.0,D,0.0,0.0,14.0,11.0,4.0,0.0
ligue-1,2018-2019,F1,24/11/2018,Nantes,Angers,1.0,1.0,D,0.0,1.0,24.0,7.0,8.0,1.0
ligue-1,2018-2019,F1,24/11/2018,Paris SG,Toulouse,1.0,0.0,H,1.0,0.0,9.0,11.0,2.0,3.0
ligue-1,2018-2019,F1,24/11/2018,Reims,Guingamp,2.0,1.0,H,1.0,0.0,10.0,6.0,3.0,4.0
ligue-1,2018-2019,F1,24/11/2018,Strasbourg,Nimes,0.0,1.0,A,0.0,0.0,12.0,14.0,4.0,3.0
ligue-1,2018-2019,F1,25/11/2018,Amiens,Marseille,1.0,3.0,A,1.0,1.0,9.0,21.0,3.0,9.0
ligue-1,2018-2019,F1,25/11/2018,Montpellier,Rennes,2.0,2.0,D,1.0,1.0,15.0,16.0,4.0,7.0
ligue-1,2018-2019,F1,25/11/2018,Nice,Lille,2.0,0.0,H,1.0,0.0,11.0,9.0,4.0,2.0
ligue-1,2018-2019,F1,30/11/2018,St Etienne,Nantes,3.0,0.0,H,0.0,0.0,16.0,7.0,4.0,1.0
ligue-1,2018-2019,F1,01/12/2018,Angers,Caen,1.0,1.0,D,0.0,0.0,11.0,8.0,4.0,3.0
ligue-1,2018-2019,F1,01/12/2018,Guingamp,Nice,0.0,0.0,D,0.0,0.0,12.0,10.0,2.0,1.0
ligue-1,2018-2019,F1,01/12/2018,Lille,Lyon,2.0,2.0,D,2.0,0.0,13.0,18.0,6.0,5.0
ligue-1,2018-2019,F1,01/12/2018,Monaco,Montpellier,1.0,2.0,A,1.0,0.0,13.0,15.0,2.0,3.0
ligue-1,2018-2019,F1,01/12/2018,Nimes,Amiens,3.0,0.0,H,1.0,0.0,13.0,9.0,7.0,2.0
ligue-1,2018-2019,F1,02/12/2018,Bordeaux,Paris SG,2.0,2.0,D,0.0,1.0,18.0,9.0,4.0,2.0
ligue-1,2018-2019,F1,02/12/2018,Marseille,Reims,0.0,0.0,D,0.0,0.0,16.0,12.0,5.0,4.0
ligue-1,2018-2019,F1,02/12/2018,Rennes,Strasbourg,1.0,4.0,A,1.0,2.0,12.0,14.0,2.0,8.0
ligue-1,2018-2019,F1,02/12/2018,Toulouse,Dijon,2.0,2.0,D,0.0,1.0,12.0,14.0,3.0,5.0
ligue-1,2018-2019,F1,04/12/2018,Amiens,Monaco,0.0,2.0,A,0.0,1.0,15.0,6.0,2.0,4.0
ligue-1,2018-2019,F1,04/12/2018,Montpellier,Lille,0.0,1.0,A,0.0,1.0,16.0,13.0,4.0,6.0
ligue-1,2018-2019,F1,04/12/2018,Nice,Angers,0.0,0.0,D,0.0,0.0,16.0,8.0,5.0,2.0
ligue-1,2018-2019,F1,05/12/2018,Bordeaux,St Etienne,3.0,2.0,H,1.0,1.0,13.0,14.0,5.0,4.0
ligue-1,2018-2019,F1,05/12/2018,Caen,Nimes,1.0,2.0,A,0.0,1.0,11.0,23.0,3.0,7.0
ligue-1,2018-2019,F1,05/12/2018,Dijon,Guingamp,2.0,1.0,H,1.0,0.0,9.0,21.0,3.0,9.0
ligue-1,2018-2019,F1,05/12/2018,Lyon,Rennes,0.0,2.0,A,0.0,2.0,15.0,10.0,8.0,2.0
ligue-1,2018-2019,F1,05/12/2018,Nantes,Marseille,3.0,2.0,H,2.0,2.0,11.0,8.0,4.0,3.0
ligue-1,2018-2019,F1,05/12/2018,Reims,Toulouse,0.0,1.0,A,0.0,1.0,22.0,7.0,7.0,3.0
ligue-1,2018-2019,F1,05/12/2018,Strasbourg,Paris SG,1.0,1.0,D,1.0,0.0,4.0,20.0,2.0,5.0
ligue-1,2018-2019,F1,08/12/2018,Guingamp,Amiens,1.0,2.0,A,0.0,0.0,16.0,11.0,2.0,3.0
ligue-1,2018-2019,F1,08/12/2018,Rennes,Dijon,2.0,0.0,H,0.0,0.0,21.0,7.0,10.0,3.0
ligue-1,2018-2019,F1,09/12/2018,Lille,Reims,1.0,1.0,D,0.0,0.0,12.0,8.0,3.0,3.0
ligue-1,2018-2019,F1,09/12/2018,Strasbourg,Caen,2.0,2.0,D,2.0,1.0,10.0,5.0,4.0,3.0
ligue-1,2018-2019,F1,15/12/2018,Reims,Strasbourg,2.0,1.0,H,1.0,0.0,12.0,5.0,5.0,3.0
ligue-1,2018-2019,F1,16/12/2018,Lyon,Monaco,3.0,0.0,H,2.0,0.0,21.0,4.0,11.0,1.0
ligue-1,2018-2019,F1,16/12/2018,Nice,St Etienne,1.0,1.0,D,0.0,0.0,23.0,11.0,7.0,4.0
ligue-1,2018-2019,F1,16/12/2018,Nimes,Lille,2.0,3.0,A,0.0,2.0,17.0,7.0,6.0,6.0
ligue-1,2018-2019,F1,18/12/2018,Caen,Toulouse,2.0,1.0,H,1.0,1.0,13.0,7.0,7.0,2.0
ligue-1,2018-2019,F1,22/12/2018,Angers,Marseille,1.0,1.0,D,1.0,0.0,15.0,14.0,4.0,2.0
ligue-1,2018-2019,F1,22/12/2018,Lille,Toulouse,1.0,2.0,A,1.0,0.0,17.0,6.0,5.0,3.0
ligue-1,2018-2019,F1,22/12/2018,Monaco,Guingamp,0.0,2.0,A,0.0,0.0,5.0,9.0,2.0,3.0
ligue-1,2018-2019,F1,22/12/2018,Montpellier,Lyon,1.0,1.0,D,0.0,0.0,13.0,10.0,4.0,3.0
ligue-1,2018-2019,F1,22/12/2018,Paris SG,Nantes,1.0,0.0,H,0.0,0.0,23.0,11.0,3.0,2.0
ligue-1,2018-2019,F1,22/12/2018,Reims,Caen,2.0,2.0,D,1.0,2.0,19.0,7.0,11.0,2.0
ligue-1,2018-2019,F1,22/12/2018,Rennes,Nimes,4.0,0.0,H,2.0,0.0,13.0,18.0,7.0,6.0
ligue-1,2018-2019,F1,22/12/2018,St Etienne,Dijon,3.0,0.0,H,1.0,0.0,18.0,7.0,9.0,2.0
ligue-1,2018-2019,F1,22/12/2018,Strasbourg,Nice,2.0,0.0,H,2.0,0.0,11.0,9.0,5.0,4.0
ligue-1,2018-2019,F1,23/12/2018,Bordeaux,Amiens,1.0,1.0,D,1.0,0.0,9.0,8.0,4.0,4.0
ligue-1,2018-2019,F1,08/01/2019,Amiens,Angers,0.0,0.0,D,0.0,0.0,21.0,7.0,5.0,2.0
ligue-1,2018-2019,F1,08/01/2019,Nantes,Montpellier,2.0,0.0,H,0.0,0.0,16.0,9.0,5.0,2.0
ligue-1,2018-2019,F1,11/01/2019,Caen,Lille,1.0,3.0,A,0.0,2.0,9.0,12.0,3.0,7.0
ligue-1,2018-2019,F1,11/01/2019,Lyon,Reims,1.0,1.0,D,0.0,1.0,15.0,9.0,5.0,5.0
ligue-1,2018-2019,F1,12/01/2019,Amiens,Paris SG,0.0,3.0,A,0.0,0.0,4.0,20.0,1.0,9.0
ligue-1,2018-2019,F1,12/01/2019,Guingamp,St Etienne,0.0,1.0,A,0.0,1.0,11.0,4.0,2.0,2.0
ligue-1,2018-2019,F1,12/01/2019,Nice,Bordeaux,1.0,0.0,H,1.0,0.0,9.0,18.0,3.0,4.0
ligue-1,2018-2019,F1,13/01/2019,Dijon,Montpellier,1.0,1.0,D,0.0,0.0,13.0,13.0,7.0,6.0
ligue-1,2018-2019,F1,13/01/2019,Marseille,Monaco,1.0,1.0,D,1.0,1.0,14.0,8.0,3.0,3.0
ligue-1,2018-2019,F1,13/01/2019,Nantes,Rennes,0.0,1.0,A,0.0,1.0,24.0,6.0,3.0,1.0
ligue-1,2018-2019,F1,13/01/2019,Toulouse,Strasbourg,1.0,2.0,A,1.0,1.0,17.0,12.0,4.0,5.0
ligue-1,2018-2019,F1,15/01/2019,Angers,Bordeaux,1.0,2.0,A,0.0,1.0,19.0,9.0,8.0,4.0
ligue-1,2018-2019,F1,16/01/2019,Guingamp,Rennes,2.0,1.0,H,1.0,0.0,7.0,17.0,2.0,3.0
ligue-1,2018-2019,F1,16/01/2019,Monaco,Nice,1.0,1.0,D,0.0,1.0,13.0,6.0,5.0,2.0
ligue-1,2018-2019,F1,16/01/2019,Nimes,Nantes,1.0,0.0,H,0.0,0.0,10.0,11.0,2.0,3.0
ligue-1,2018-2019,F1,16/01/2019,St Etienne,Marseille,2.0,1.0,H,0.0,1.0,11.0,15.0,5.0,4.0
ligue-1,2018-2019,F1,16/01/2019,Toulouse,Lyon,2.0,2.0,D,1.0,0.0,6.0,22.0,4.0,5.0
ligue-1,2018-2019,F1,18/01/2019,Lille,Amiens,2.0,1.0,H,1.0,1.0,17.0,2.0,3.0,1.0
ligue-1,2018-2019,F1,19/01/2019,Monaco,Strasbourg,1.0,5.0,A,1.0,2.0,9.0,16.0,5.0,6.0
ligue-1,2018-2019,F1,19/01/2019,Nimes,Toulouse,0.0,1.0,A,0.0,1.0,18.0,11.0,6.0,4.0
ligue-1,2018-2019,F1,19/01/2019,Paris SG,Guingamp,9.0,0.0,H,3.0,0.0,26.0,2.0,12.0,0.0
ligue-1,2018-2019,F1,19/01/2019,Reims,Nice,1.0,1.0,D,1.0,0.0,10.0,9.0,2.0,5.0
ligue-1,2018-2019,F1,20/01/2019,Angers,Nantes,1.0,0.0,H,0.0,0.0,4.0,13.0,3.0,4.0
ligue-1,2018-2019,F1,20/01/2019,Bordeaux,Dijon,1.0,0.0,H,0.0,0.0,13.0,10.0,5.0,3.0
ligue-1,2018-2019,F1,20/01/2019,Caen,Marseille,0.0,1.0,A,0.0,0.0,9.0,9.0,4.0,1.0
ligue-1,2018-2019,F1,20/01/2019,Rennes,Montpellier,0.0,0.0,D,0.0,0.0,16.0,13.0,1.0,3.0
ligue-1,2018-2019,F1,20/01/2019,St Etienne,Lyon,1.0,2.0,A,1.0,0.0,15.0,23.0,9.0,7.0
ligue-1,2018-2019,F1,23/01/2019,Nimes,Angers,3.0,1.0,H,2.0,0.0,15.0,11.0,6.0,4.0
ligue-1,2018-2019,F1,25/01/2019,Marseille,Lille,1.0,2.0,A,0.0,1.0,15.0,9.0,5.0,3.0
ligue-1,2018-2019,F1,26/01/2019,Dijon,Monaco,2.0,0.0,H,1.0,0.0,13.0,18.0,7.0,5.0
ligue-1,2018-2019,F1,26/01/2019,Guingamp,Reims,0.0,1.0,A,0.0,1.0,6.0,7.0,2.0,3.0
ligue-1,2018-2019,F1,26/01/2019,Nice,Nimes,2.0,0.0,H,1.0,0.0,15.0,14.0,7.0,7.0
ligue-1,2018-2019,F1,26/01/2019,Strasbourg,Bordeaux,1.0,0.0,H,0.0,0.0,10.0,11.0,5.0,1.0
ligue-1,2018-2019,F1,27/01/2019,Amiens,Lyon,0.0,1.0,A,0.0,0.0,12.0,18.0,2.0,11.0
ligue-1,2018-2019,F1,27/01/2019,Montpellier,Caen,2.0,0.0,H,0.0,0.0,11.0,9.0,6.0,1.0
ligue-1,2018-2019,F1,27/01/2019,Paris SG,Rennes,4.0,1.0,H,1.0,1.0,16.0,10.0,7.0,3.0
ligue-1,2018-2019,F1,27/01/2019,Toulouse,Angers,0.0,0.0,D,0.0,0.0,14.0,13.0,4.0,3.0
ligue-1,2018-2019,F1,30/01/2019,Nantes,St Etienne,1.0,1.0,D,0.0,0.0,13.0,10.0,3.0,4.0
ligue-1,2018-2019,F1,01/02/2019,Lille,Nice,4.0,0.0,H,2.0,0.0,15.0,5.0,7.0,2.0
ligue-1,2018-2019,F1,02/02/2019,Angers,Dijon,1.0,0.0,H,1.0,0.0,12.0,7.0,5.0,2.0
ligue-1,2018-2019,F1,02/02/2019,Monaco,Toulouse,2.0,1.0,H,1.0,1.0,13.0,10.0,3.0,3.0
ligue-1,2018-2019,F1,02/02/2019,Reims,Marseille,2.0,1.0,H,1.0,0.0,9.0,13.0,4.0,5.0
ligue-1,2018-2019,F1,02/02/2019,Rennes,Amiens,1.0,0.0,H,0.0,0.0,15.0,8.0,4.0,1.0
ligue-1,2018-2019,F1,03/02/2019,Lyon,Paris SG,2.0,1.0,H,1.0,1.0,14.0,16.0,10.0,9.0
ligue-1,2018-2019,F1,03/02/2019,Nimes,Montpellier,1.0,1.0,D,1.0,0.0,12.0,11.0,5.0,4.0
ligue-1,2018-2019,F1,05/02/2019,Marseille,Bordeaux,1.0,0.0,H,1.0,0.0,24.0,6.0,7.0,1.0
ligue-1,2018-2019,F1,08/02/2019,Dijon,Marseille,1.0,2.0,A,1.0,0.0,10.0,18.0,4.0,8.0
ligue-1,2018-2019,F1,09/02/2019,Amiens,Caen,1.0,0.0,H,0.0,0.0,10.0,11.0,1.0,4.0
ligue-1,2018-2019,F1,09/02/2019,Paris SG,Bordeaux,1.0,0.0,H,1.0,0.0,10.0,8.0,3.0,3.0
ligue-1,2018-2019,F1,09/02/2019,Strasbourg,Angers,1.0,2.0,A,0.0,1.0,16.0,8.0,7.0,3.0
ligue-1,2018-2019,F1,10/02/2019,Guingamp,Lille,0.0,2.0,A,0.0,0.0,7.0,9.0,1.0,3.0
ligue-1,2018-2019,F1,10/02/2019,Montpellier,Monaco,2.0,2.0,D,0.0,1.0,12.0,10.0,3.0,5.0
ligue-1,2018-2019,F1,10/02/2019,Nantes,Nimes,2.0,4.0,A,2.0,0.0,15.0,13.0,4.0,4.0
ligue-1,2018-2019,F1,10/02/2019,Nice,Lyon,1.0,0.0,H,0.0,0.0,11.0,23.0,4.0,5.0
ligue-1,2018-2019,F1,10/02/2019,Rennes,St Etienne,3.0,0.0,H,1.0,0.0,15.0,15.0,5.0,3.0
ligue-1,2018-2019,F1,10/02/2019,Toulouse,Reims,1.0,1.0,D,0.0,0.0,9.0,9.0,3.0,3.0
ligue-1,2018-2019,F1,13/02/2019,Caen,Nantes,0.0,1.0,A,0.0,0.0,14.0,13.0,1.0,4.0
ligue-1,2018-2019,F1,13/02/2019,St Etienne,Strasbourg,2.0,1.0,H,2.0,0.0,11.0,9.0,6.0,2.0
ligue-1,2018-2019,F1,15/02/2019,Lyon,Guingamp,2.0,1.0,H,2.0,1.0,18.0,14.0,9.0,3.0
ligue-1,2018-2019,F1,15/02/2019,Nimes,Dijon,2.0,0.0,H,1.0,0.0,14.0,12.0,6.0,2.0
ligue-1,2018-2019,F1,16/02/2019,Angers,Nice,3.0,0.0,H,1.0,0.0,12.0,13.0,4.0,4.0
ligue-1,2018-2019,F1,16/02/2019,Marseille,Amiens,2.0,0.0,H,2.0,0.0,16.0,10.0,5.0,2.0
ligue-1,2018-2019,F1,16/02/2019,Monaco,Nantes,1.0,0.0,H,1.0,0.0,11.0,6.0,6.0,2.0
ligue-1,2018-2019,F1,17/02/2019,Bordeaux,Toulouse,2.0,1.0,H,1.0,0.0,8.0,20.0,4.0,5.0
ligue-1,2018-2019,F1,17/02/2019,Caen,Strasbourg,0.0,0.0,D,0.0,0.0,11.0,15.0,2.0,3.0
ligue-1,2018-2019,F1,17/02/2019,Lille,Montpellier,0.0,0.0,D,0.0,0.0,12.0,8.0,3.0,2.0
ligue-1,2018-2019,F1,17/02/2019,Reims,Rennes,2.0,0.0,H,1.0,0.0,7.0,10.0,4.0,1.0
ligue-1,2018-2019,F1,17/02/2019,St Etienne,Paris SG,0.0,1.0,A,0.0,0.0,11.0,11.0,2.0,3.0
ligue-1,2018-2019,F1,20/02/2019,Bordeaux,Guingamp,0.0,0.0,D,0.0,0.0,11.0,13.0,4.0,1.0
ligue-1,2018-2019,F1,20/02/2019,Paris SG,Montpellier,5.0,1.0,H,2.0,1.0,18.0,15.0,9.0,7.0
ligue-1,2018-2019,F1,22/02/2019,Dijon,St Etienne,0.0,1.0,A,0.0,0.0,11.0,16.0,2.0,6.0
ligue-1,2018-2019,F1,22/02/2019,Strasbourg,Lille,1.0,1.0,D,0.0,1.0,9.0,15.0,2.0,5.0
ligue-1,2018-2019,F1,23/02/2019,Amiens,Nice,1.0,0.0,H,1.0,0.0,11.0,7.0,4.0,0.0
ligue-1,2018-2019,F1,23/02/2019,Guingamp,Angers,1.0,0.0,H,0.0,0.0,8.0,8.0,3.0,1.0
ligue-1,2018-2019,F1,23/02/2019,Paris SG,Nimes,3.0,0.0,H,1.0,0.0,21.0,8.0,7.0,3.0
ligue-1,2018-2019,F1,24/02/2019,Monaco,Lyon,2.0,0.0,H,2.0,0.0,11.0,9.0,5.0,3.0
ligue-1,2018-2019,F1,24/02/2019,Montpellier,Reims,2.0,4.0,A,1.0,1.0,19.0,15.0,4.0,8.0
ligue-1,2018-2019,F1,24/02/2019,Nantes,Bordeaux,1.0,0.0,H,0.0,0.0,19.0,7.0,8.0,2.0
ligue-1,2018-2019,F1,24/02/2019,Rennes,Marseille,1.0,1.0,D,1.0,0.0,16.0,9.0,3.0,2.0
ligue-1,2018-2019,F1,24/02/2019,Toulouse,Caen,1.0,1.0,D,0.0,1.0,12.0,13.0,8.0,4.0
ligue-1,2018-2019,F1,02/03/2019,Angers,Monaco,2.0,2.0,D,2.0,0.0,13.0,12.0,4.0,5.0
ligue-1,2018-2019,F1,02/03/2019,Caen,Paris SG,1.0,2.0,A,0.0,0.0,7.0,25.0,2.0,7.0
ligue-1,2018-2019,F1,02/03/2019,Reims,Amiens,2.0,2.0,D,0.0,2.0,10.0,8.0,4.0,2.0
ligue-1,2018-2019,F1,03/03/2019,Guingamp,Nantes,0.0,0.0,D,0.0,0.0,7.0,9.0,1.0,3.0
ligue-1,2018-2019,F1,03/03/2019,Lille,Dijon,1.0,0.0,H,0.0,0.0,14.0,6.0,1.0,1.0
ligue-1,2018-2019,F1,03/03/2019,Lyon,Toulouse,5.0,1.0,H,3.0,1.0,21.0,5.0,10.0,2.0
ligue-1,2018-2019,F1,03/03/2019,Marseille,St Etienne,2.0,0.0,H,2.0,0.0,12.0,7.0,7.0,2.0
ligue-1,2018-2019,F1,03/03/2019,Nice,Strasbourg,1.0,0.0,H,1.0,0.0,9.0,10.0,2.0,1.0
ligue-1,2018-2019,F1,05/03/2019,Bordeaux,Montpellier,1.0,2.0,A,1.0,1.0,15.0,8.0,4.0,5.0
ligue-1,2018-2019,F1,09/03/2019,Amiens,Nimes,2.0,1.0,H,0.0,0.0,21.0,14.0,6.0,2.0
ligue-1,2018-2019,F1,09/03/2019,Dijon,Reims,1.0,1.0,D,1.0,1.0,5.0,26.0,1.0,5.0
ligue-1,2018-2019,F1,09/03/2019,Monaco,Bordeaux,1.0,1.0,D,0.0,0.0,16.0,9.0,9.0,3.0
ligue-1,2018-2019,F1,09/03/2019,Strasbourg,Lyon,2.0,2.0,D,0.0,1.0,17.0,21.0,7.0,8.0
ligue-1,2018-2019,F1,10/03/2019,Marseille,Nice,1.0,0.0,H,0.0,0.0,12.0,6.0,6.0,1.0
ligue-1,2018-2019,F1,10/03/2019,Montpellier,Angers,2.0,2.0,D,2.0,0.0,8.0,12.0,4.0,6.0
ligue-1,2018-2019,F1,10/03/2019,Rennes,Caen,3.0,1.0,H,1.0,1.0,11.0,6.0,6.0,1.0
ligue-1,2018-2019,F1,10/03/2019,St Etienne,Lille,0.0,1.0,A,0.0,0.0,7.0,14.0,1.0,8.0
ligue-1,2018-2019,F1,10/03/2019,Toulouse,Guingamp,1.0,0.0,H,1.0,0.0,19.0,4.0,4.0,0.0
ligue-1,2018-2019,F1,12/03/2019,Dijon,Paris SG,0.0,4.0,A,0.0,2.0,9.0,16.0,2.0,7.0
ligue-1,2018-2019,F1,15/03/2019,Lille,Monaco,0.0,1.0,A,0.0,0.0,12.0,12.0,3.0,8.0
ligue-1,2018-2019,F1,15/03/2019,Nice,Toulouse,1.0,1.0,D,1.0,0.0,10.0,18.0,2.0,3.0
ligue-1,2018-2019,F1,16/03/2019,Angers,Amiens,0.0,0.0,D,0.0,0.0,11.0,8.0,3.0,4.0
ligue-1,2018-2019,F1,16/03/2019,Caen,St Etienne,0.0,5.0,A,0.0,3.0,2.0,13.0,1.0,7.0
ligue-1,2018-2019,F1,16/03/2019,Guingamp,Dijon,1.0,0.0,H,0.0,0.0,14.0,12.0,2.0,4.0
ligue-1,2018-2019,F1,16/03/2019,Nimes,Strasbourg,2.0,2.0,D,0.0,1.0,15.0,6.0,4.0,2.0
ligue-1,2018-2019,F1,17/03/2019,Bordeaux,Rennes,1.0,1.0,D,0.0,0.0,14.0,10.0,4.0,3.0
ligue-1,2018-2019,F1,17/03/2019,Lyon,Montpellier,3.0,2.0,H,1.0,1.0,23.0,10.0,13.0,4.0
ligue-1,2018-2019,F1,17/03/2019,Paris SG,Marseille,3.0,1.0,H,1.0,0.0,8.0,3.0,6.0,2.0
ligue-1,2018-2019,F1,17/03/2019,Reims,Nantes,1.0,0.0,H,0.0,0.0,10.0,7.0,2.0,1.0
ligue-1,2018-2019,F1,29/03/2019,Rennes,Lyon,0.0,1.0,A,0.0,0.0,12.0,18.0,2.0,5.0
ligue-1,2018-2019,F1,30/03/2019,Marseille,Angers,2.0,2.0,D,2.0,1.0,11.0,14.0,5.0,4.0
ligue-1,2018-2019,F1,31/03/2019,Amiens,Bordeaux,0.0,0.0,D,0.0,0.0,12.0,5.0,3.0,0.0
ligue-1,2018-2019,F1,31/03/2019,Dijon,Nice,0.0,1.0,A,0.0,0.0,14.0,12.0,1.0,6.0
ligue-1,2018-2019,F1,31/03/2019,Monaco,Caen,0.0,1.0,A,0.0,1.0,24.0,7.0,6.0,2.0
ligue-1,2018-2019,F1,31/03/2019,Nantes,Lille,2.0,3.0,A,0.0,0.0,8.0,10.0,2.0,3.0
ligue-1,2018-2019,F1,31/03/2019,Toulouse,Paris SG,0.0,1.0,A,0.0,0.0,9.0,10.0,3.0,4.0
ligue-1,2018-2019,F1,01/04/2019,St Etienne,Nimes,2.0,1.0,H,1.0,1.0,14.0,15.0,9.0,6.0
ligue-1,2018-2019,F1,03/04/2019,Montpellier,Guingamp,2.0,0.0,H,1.0,0.0,17.0,8.0,7.0,3.0
ligue-1,2018-2019,F1,03/04/2019,Strasbourg,Reims,4.0,0.0,H,1.0,0.0,13.0,10.0,9.0,3.0
ligue-1,2018-2019,F1,05/04/2019,Bordeaux,Marseille,2.0,0.0,H,1.0,0.0,7.0,20.0,7.0,5.0
ligue-1,2018-2019,F1,06/04/2019,Amiens,St Etienne,2.0,2.0,D,1.0,1.0,5.0,26.0,4.0,6.0
ligue-1,2018-2019,F1,06/04/2019,Angers,Rennes,3.0,3.0,D,0.0,1.0,17.0,7.0,9.0,5.0
ligue-1,2018-2019,F1,06/04/2019,Guingamp,Monaco,1.0,1.0,D,1.0,0.0,11.0,18.0,2.0,5.0
ligue-1,2018-2019,F1,06/04/2019,Lyon,Dijon,1.0,3.0,A,1.0,2.0,27.0,8.0,6.0,4.0
ligue-1,2018-2019,F1,06/04/2019,Nimes,Caen,2.0,0.0,H,0.0,0.0,12.0,5.0,7.0,1.0
ligue-1,2018-2019,F1,07/04/2019,Nice,Montpellier,1.0,0.0,H,1.0,0.0,15.0,16.0,5.0,4.0
ligue-1,2018-2019,F1,07/04/2019,Paris SG,Strasbourg,2.0,2.0,D,1.0,2.0,21.0,9.0,6.0,4.0
ligue-1,2018-2019,F1,07/04/2019,Reims,Lille,1.0,1.0,D,0.0,0.0,10.0,11.0,3.0,4.0
ligue-1,2018-2019,F1,07/04/2019,Toulouse,Nantes,1.0,0.0,H,0.0,0.0,14.0,19.0,5.0,1.0
ligue-1,2018-2019,F1,09/04/2019,Nimes,Rennes,3.0,1.0,H,1.0,1.0,19.0,8.0,8.0,3.0
ligue-1,2018-2019,F1,12/04/2019,Dijon,Amiens,0.0,0.0,D,0.0,0.0,18.0,4.0,5.0,1.0
ligue-1,2018-2019,F1,12/04/2019,Nantes,Lyon,2.0,1.0,H,1.0,1.0,14.0,11.0,5.0,4.0
ligue-1,2018-2019,F1,13/04/2019,Caen,Angers,0.0,1.0,A,0.0,0.0,8.0,13.0,2.0,5.0
ligue-1,2018-2019,F1,13/04/2019,Marseille,Nimes,2.0,1.0,H,0.0,0.0,14.0,8.0,4.0,3.0
ligue-1,2018-2019,F1,13/04/2019,Monaco,Reims,0.0,0.0,D,0.0,0.0,27.0,10.0,6.0,3.0
ligue-1,2018-2019,F1,13/04/2019,Strasbourg,Guingamp,3.0,3.0,D,1.0,1.0,11.0,15.0,6.0,5.0
ligue-1,2018-2019,F1,14/04/2019,Lille,Paris SG,5.0,1.0,H,1.0,1.0,15.0,10.0,6.0,5.0
ligue-1,2018-2019,F1,14/04/2019,Montpellier,Toulouse,2.0,1.0,H,0.0,0.0,16.0,6.0,5.0,2.0
ligue-1,2018-2019,F1,14/04/2019,Rennes,Nice,0.0,0.0,D,0.0,0.0,14.0,7.0,7.0,2.0
ligue-1,2018-2019,F1,14/04/2019,St Etienne,Bordeaux,3.0,0.0,H,0.0,0.0,14.0,5.0,6.0,1.0
ligue-1,2018-2019,F1,17/04/2019,Nantes,Paris SG,3.0,2.0,H,2.0,1.0,15.0,9.0,8.0,6.0
ligue-1,2018-2019,F1,19/04/2019,Dijon,Rennes,3.0,2.0,H,1.0,0.0,12.0,10.0,10.0,4.0
ligue-1,2018-2019,F1,19/04/2019,Lyon,Angers,2.0,1.0,H,2.0,0.0,24.0,11.0,11.0,3.0
ligue-1,2018-2019,F1,20/04/2019,Guingamp,Marseille,1.0,3.0,A,0.0,2.0,9.0,15.0,3.0,6.0
ligue-1,2018-2019,F1,20/04/2019,Nice,Caen,0.0,1.0,A,0.0,0.0,21.0,7.0,8.0,2.0
ligue-1,2018-2019,F1,20/04/2019,Nimes,Bordeaux,2.0,1.0,H,1.0,1.0,8.0,11.0,2.0,2.0
ligue-1,2018-2019,F1,20/04/2019,Strasbourg,Montpellier,1.0,3.0,A,1.0,2.0,6.0,20.0,1.0,7.0
ligue-1,2018-2019,F1,21/04/2019,Nantes,Amiens,3.0,2.0,H,0.0,0.0,10.0,8.0,4.0,4.0
ligue-1,2018-2019,F1,21/04/2019,Paris SG,Monaco,3.0,1.0,H,2.0,0.0,10.0,15.0,5.0,4.0
ligue-1,2018-2019,F1,21/04/2019,Reims,St Etienne,0.0,2.0,A,0.0,1.0,8.0,14.0,1.0,3.0
ligue-1,2018-2019,F1,21/04/2019,Toulouse,Lille,0.0,0.0,D,0.0,0.0,10.0,16.0,2.0,4.0
ligue-1,2018-2019,F1,26/04/2019,Bordeaux,Lyon,2.0,3.0,A,2.0,1.0,10.0,18.0,2.0,5.0
ligue-1,2018-2019,F1,28/04/2019,Amiens,Strasbourg,0.0,0.0,D,0.0,0.0,8.0,7.0,1.0,1.0
ligue-1,2018-2019,F1,28/04/2019,Angers,Reims,1.0,1.0,D,0.0,0.0,10.0,5.0,5.0,4.0
ligue-1,2018-2019,F1,28/04/2019,Caen,Dijon,1.0,0.0,H,0.0,0.0,14.0,12.0,2.0,3.0
ligue-1,2018-2019,F1,28/04/2019,Lille,Nimes,5.0,0.0,H,0.0,0.0,14.0,8.0,8.0,3.0
ligue-1,2018-2019,F1,28/04/2019,Marseille,Nantes,1.0,2.0,A,1.0,1.0,17.0,14.0,2.0,6.0
ligue-1,2018-2019,F1,28/04/2019,Nice,Guingamp,3.0,0.0,H,1.0,0.0,15.0,14.0,5.0,3.0
ligue-1,2018-2019,F1,28/04/2019,St Etienne,Toulouse,2.0,0.0,H,2.0,0.0,14.0,12.0,7.0,3.0
ligue-1,2018-2019,F1,30/04/2019,Montpellier,Paris SG,3.0,2.0,H,1.0,1.0,15.0,8.0,9.0,3.0
ligue-1,2018-2019,F1,01/05/2019,Rennes,Monaco,2.0,2.0,D,2.0,0.0,10.0,16.0,4.0,5.0
ligue-1,2018-2019,F1,03/05/2019,Strasbourg,Marseille,1.0,1.0,D,0.0,0.0,7.0,13.0,4.0,2.0
ligue-1,2018-2019,F1,04/05/2019,Bordeaux,Angers,0.0,1.0,A,0.0,1.0,10.0,9.0,2.0,1.0
ligue-1,2018-2019,F1,04/05/2019,Guingamp,Caen,0.0,0.0,D,0.0,0.0,10.0,1.0,1.0,0.0
ligue-1,2018-2019,F1,04/05/2019,Paris SG,Nice,1.0,1.0,D,0.0,0.0,17.0,8.0,5.0,2.0
ligue-1,2018-2019,F1,04/05/2019,Reims,Nimes,0.0,3.0,A,0.0,2.0,8.0,15.0,2.0,5.0
ligue-1,2018-2019,F1,05/05/2019,Lyon,Lille,2.0,2.0,D,1.0,0.0,20.0,13.0,8.0,6.0
ligue-1,2018-2019,F1,05/05/2019,Monaco,St Etienne,2.0,3.0,A,1.0,0.0,13.0,8.0,5.0,3.0
ligue-1,2018-2019,F1,05/05/2019,Montpellier,Amiens,1.0,1.0,D,0.0,0.0,13.0,4.0,4.0,1.0
ligue-1,2018-2019,F1,05/05/2019,Nantes,Dijon,3.0,0.0,H,0.0,0.0,22.0,8.0,5.0,3.0
ligue-1,2018-2019,F1,05/05/2019,Toulouse,Rennes,2.0,2.0,D,1.0,1.0,19.0,11.0,4.0,3.0
ligue-1,2018-2019,F1,10/05/2019,St Etienne,Montpellier,0.0,1.0,A,0.0,0.0,16.0,11.0,5.0,4.0
ligue-1,2018-2019,F1,11/05/2019,Amiens,Toulouse,0.0,0.0,D,0.0,0.0,19.0,7.0,3.0,2.0
ligue-1,2018-2019,F1,11/05/2019,Angers,Paris SG,1.0,2.0,A,0.0,1.0,14.0,9.0,4.0,4.0
ligue-1,2018-2019,F1,11/05/2019,Caen,Reims,3.0,2.0,H,3.0,1.0,14.0,15.0,10.0,4.0
ligue-1,2018-2019,F1,11/05/2019,Dijon,Strasbourg,2.0,1.0,H,1.0,0.0,13.0,17.0,6.0,8.0
ligue-1,2018-2019,F1,11/05/2019,Nice,Nantes,1.0,1.0,D,0.0,1.0,8.0,13.0,2.0,3.0
ligue-1,2018-2019,F1,11/05/2019,Nimes,Monaco,1.0,0.0,H,1.0,0.0,12.0,12.0,4.0,5.0
ligue-1,2018-2019,F1,12/05/2019,Lille,Bordeaux,1.0,0.0,H,1.0,0.0,6.0,5.0,4.0,1.0
ligue-1,2018-2019,F1,12/05/2019,Marseille,Lyon,0.0,3.0,A,0.0,1.0,17.0,15.0,6.0,5.0
ligue-1,2018-2019,F1,12/05/2019,Rennes,Guingamp,1.0,1.0,D,1.0,0.0,7.0,23.0,4.0,9.0
ligue-1,2018-2019,F1,18/05/2019,Bordeaux,Reims,0.0,1.0,A,0.0,1.0,13.0,9.0,4.0,2.0
ligue-1,2018-2019,F1,18/05/2019,Guingamp,Nimes,2.0,2.0,D,2.0,0.0,18.0,21.0,9.0,4.0
ligue-1,2018-2019,F1,18/05/2019,Lille,Angers,5.0,0.0,H,2.0,0.0,18.0,13.0,12.0,3.0
ligue-1,2018-2019,F1,18/05/2019,Lyon,Caen,4.0,0.0,H,0.0,0.0,16.0,7.0,8.0,2.0
ligue-1,2018-2019,F1,18/05/2019,Monaco,Amiens,2.0,0.0,H,1.0,0.0,10.0,9.0,3.0,3.0
ligue-1,2018-2019,F1,18/05/2019,Montpellier,Nantes,1.0,1.0,D,0.0,1.0,16.0,10.0,2.0,2.0
ligue-1,2018-2019,F1,18/05/2019,Paris SG,Dijon,4.0,0.0,H,3.0,0.0,17.0,13.0,7.0,3.0
ligue-1,2018-2019,F1,18/05/2019,St Etienne,Nice,3.0,0.0,H,1.0,0.0,11.0,19.0,5.0,5.0
ligue-1,2018-2019,F1,18/05/2019,Strasbourg,Rennes,0.0,2.0,A,0.0,1.0,19.0,11.0,6.0,6.0
ligue-1,2018-2019,F1,18/05/2019,Toulouse,Marseille,2.0,5.0,A,1.0,1.0,19.0,21.0,5.0,8.0
ligue-1,2018-2019,F1,24/05/2019,Amiens,Guingamp,2.0,1.0,H,1.0,0.0,19.0,16.0,9.0,4.0
ligue-1,2018-2019,F1,24/05/2019,Angers,St Etienne,1.0,1.0,D,0.0,0.0,14.0,15.0,5.0,4.0
ligue-1,2018-2019,F1,24/05/2019,Caen,Bordeaux,0.0,1.0,A,0.0,1.0,14.0,12.0,1.0,5.0
ligue-1,2018-2019,F1,24/05/2019,Dijon,Toulouse,2.0,1.0,H,0.0,1.0,12.0,13.0,6.0,3.0
ligue-1,2018-2019,F1,24/05/2019,Marseille,Montpellier,1.0,0.0,H,0.0,0.0,10.0,14.0,3.0,4.0
ligue-1,2018-2019,F1,24/05/2019,Nantes,Strasbourg,0.0,1.0,A,0.0,0.0,21.0,5.0,1.0,1.0
ligue-1,2018-2019,F1,24/05/2019,Nice,Monaco,2.0,0.0,H,1.0,0.0,8.0,11.0,2.0,4.0
ligue-1,2018-2019,F1,24/05/2019,Nimes,Lyon,2.0,3.0,A,2.0,1.0,17.0,19.0,8.0,8.0
ligue-1,2018-2019,F1,24/05/2019,Reims,Paris SG,3.0,1.0,H,1.0,0.0,10.0,13.0,6.0,2.0
ligue-1,2018-2019,F1,24/05/2019,Rennes,Lille,3.0,1.0,H,1.0,1.0,13.0,14.0,8.0,7.0
ligue-1,2019-2020,F1,09/08/2019,Monaco,Lyon,0.0,3.0,A,0.0,2.0,7.0,13.0,1.0,3.0
ligue-1,2019-2020,F1,10/08/2019,Marseille,Reims,0.0,2.0,A,0.0,0.0,10.0,8.0,2.0,5.0
ligue-1,2019-2020,F1,10/08/2019,Angers,Bordeaux,3.0,1.0,H,3.0,1.0,14.0,8.0,4.0,3.0
ligue-1,2019-2020,F1,10/08/2019,Brest,Toulouse,1.0,1.0,D,1.0,0.0,16.0,13.0,5.0,3.0
ligue-1,2019-2020,F1,10/08/2019,Dijon,St Etienne,1.0,2.0,A,1.0,2.0,15.0,12.0,7.0,4.0
ligue-1,2019-2020,F1,10/08/2019,Montpellier,Rennes,0.0,1.0,A,0.0,1.0,24.0,9.0,5.0,3.0
ligue-1,2019-2020,F1,10/08/2019,Nice,Amiens,2.0,1.0,H,1.0,0.0,17.0,8.0,6.0,2.0
ligue-1,2019-2020,F1,11/08/2019,Lille,Nantes,2.0,1.0,H,1.0,0.0,13.0,13.0,3.0,3.0
ligue-1,2019-2020,F1,11/08/2019,Strasbourg,Metz,1.0,1.0,D,1.0,0.0,13.0,7.0,2.0,3.0
ligue-1,2019-2020,F1,11/08/2019,Paris SG,Nimes,3.0,0.0,H,1.0,0.0,12.0,5.0,5.0,1.0
ligue-1,2019-2020,F1,16/08/2019,Lyon,Angers,6.0,0.0,H,3.0,0.0,11.0,10.0,9.0,3.0
ligue-1,2019-2020,F1,17/08/2019,Nantes,Marseille,0.0,0.0,D,0.0,0.0,13.0,9.0,6.0,2.0
ligue-1,2019-2020,F1,17/08/2019,Amiens,Lille,1.0,0.0,H,0.0,0.0,8.0,10.0,3.0,1.0
ligue-1,2019-2020,F1,17/08/2019,Bordeaux,Montpellier,1.0,1.0,D,0.0,1.0,13.0,10.0,4.0,4.0
ligue-1,2019-2020,F1,17/08/2019,Metz,Monaco,3.0,0.0,H,1.0,0.0,18.0,12.0,10.0,6.0
ligue-1,2019-2020,F1,17/08/2019,Nimes,Nice,1.0,2.0,A,1.0,2.0,18.0,6.0,5.0,3.0
ligue-1,2019-2020,F1,17/08/2019,Toulouse,Dijon,1.0,0.0,H,0.0,0.0,18.0,18.0,7.0,5.0
ligue-1,2019-2020,F1,18/08/2019,St Etienne,Brest,1.0,1.0,D,0.0,1.0,19.0,9.0,5.0,4.0
ligue-1,2019-2020,F1,18/08/2019,Reims,Strasbourg,0.0,0.0,D,0.0,0.0,11.0,4.0,1.0,1.0
ligue-1,2019-2020,F1,18/08/2019,Rennes,Paris SG,2.0,1.0,H,1.0,1.0,11.0,9.0,4.0,2.0
ligue-1,2019-2020,F1,24/08/2019,Amiens,Nantes,1.0,2.0,A,0.0,0.0,3.0,25.0,1.0,6.0
ligue-1,2019-2020,F1,24/08/2019,Angers,Metz,3.0,0.0,H,2.0,0.0,15.0,4.0,5.0,2.0
ligue-1,2019-2020,F1,24/08/2019,Brest,Reims,1.0,0.0,H,0.0,0.0,8.0,10.0,4.0,2.0
ligue-1,2019-2020,F1,24/08/2019,Dijon,Bordeaux,0.0,2.0,A,0.0,1.0,10.0,10.0,1.0,3.0
ligue-1,2019-2020,F1,25/08/2019,Monaco,Nimes,2.0,2.0,D,2.0,0.0,16.0,14.0,6.0,4.0
ligue-1,2019-2020,F1,25/08/2019,Strasbourg,Rennes,0.0,2.0,A,0.0,1.0,19.0,7.0,3.0,4.0
ligue-1,2019-2020,F1,25/08/2019,Paris SG,Toulouse,4.0,0.0,H,0.0,0.0,21.0,3.0,11.0,0.0
ligue-1,2019-2020,F1,27/08/2019,Montpellier,Lyon,1.0,0.0,H,1.0,0.0,19.0,14.0,5.0,4.0
ligue-1,2019-2020,F1,28/08/2019,Lille,St Etienne,3.0,0.0,H,1.0,0.0,16.0,9.0,7.0,4.0
ligue-1,2019-2020,F1,28/08/2019,Nice,Marseille,1.0,2.0,A,0.0,1.0,12.0,12.0,3.0,5.0
ligue-1,2019-2020,F1,30/08/2019,Metz,Paris SG,0.0,2.0,A,0.0,2.0,7.0,10.0,2.0,4.0
ligue-1,2019-2020,F1,31/08/2019,Lyon,Bordeaux,1.0,1.0,D,1.0,0.0,10.0,18.0,3.0,6.0
ligue-1,2019-2020,F1,31/08/2019,Angers,Dijon,2.0,0.0,H,0.0,0.0,12.0,5.0,3.0,2.0
ligue-1,2019-2020,F1,31/08/2019,Nantes,Montpellier,1.0,0.0,H,0.0,0.0,14.0,8.0,7.0,1.0
ligue-1,2019-2020,F1,31/08/2019,Nimes,Brest,3.0,0.0,H,2.0,0.0,21.0,7.0,8.0,3.0
ligue-1,2019-2020,F1,31/08/2019,Toulouse,Amiens,2.0,0.0,H,0.0,0.0,13.0,10.0,4.0,1.0
ligue-1,2019-2020,F1,01/09/2019,Reims,Lille,2.0,0.0,H,0.0,0.0,12.0,11.0,5.0,3.0
ligue-1,2019-2020,F1,01/09/2019,Rennes,Nice,1.0,2.0,A,1.0,0.0,11.0,11.0,3.0,7.0
ligue-1,2019-2020,F1,01/09/2019,Strasbourg,Monaco,2.0,2.0,D,1.0,2.0,14.0,16.0,5.0,6.0
ligue-1,2019-2020,F1,01/09/2019,Marseille,St Etienne,1.0,0.0,H,1.0,0.0,9.0,12.0,2.0,3.0
ligue-1,2019-2020,F1,13/09/2019,Lille,Angers,2.0,1.0,H,1.0,0.0,13.0,8.0,4.0,4.0
ligue-1,2019-2020,F1,13/09/2019,Amiens,Lyon,2.0,2.0,D,1.0,2.0,11.0,12.0,2.0,6.0
ligue-1,2019-2020,F1,14/09/2019,Paris SG,Strasbourg,1.0,0.0,H,0.0,0.0,16.0,6.0,7.0,3.0
ligue-1,2019-2020,F1,14/09/2019,Bordeaux,Metz,2.0,0.0,H,2.0,0.0,15.0,15.0,6.0,3.0
ligue-1,2019-2020,F1,14/09/2019,Brest,Rennes,0.0,0.0,D,0.0,0.0,10.0,9.0,2.0,2.0
ligue-1,2019-2020,F1,14/09/2019,Dijon,Nimes,0.0,0.0,D,0.0,0.0,16.0,7.0,2.0,3.0
ligue-1,2019-2020,F1,14/09/2019,Montpellier,Nice,2.0,1.0,H,1.0,1.0,17.0,13.0,8.0,5.0
ligue-1,2019-2020,F1,15/09/2019,Nantes,Reims,1.0,0.0,H,0.0,0.0,8.0,9.0,4.0,1.0
ligue-1,2019-2020,F1,15/09/2019,St Etienne,Toulouse,2.0,2.0,D,1.0,2.0,14.0,10.0,4.0,7.0
ligue-1,2019-2020,F1,15/09/2019,Monaco,Marseille,3.0,4.0,A,2.0,2.0,12.0,13.0,8.0,6.0
ligue-1,2019-2020,F1,20/09/2019,Strasbourg,Nantes,2.0,1.0,H,0.0,1.0,17.0,10.0,5.0,3.0
ligue-1,2019-2020,F1,21/09/2019,Marseille,Montpellier,1.0,1.0,D,0.0,1.0,24.0,3.0,5.0,2.0
ligue-1,2019-2020,F1,21/09/2019,Bordeaux,Brest,2.0,2.0,D,1.0,2.0,18.0,13.0,5.0,3.0
ligue-1,2019-2020,F1,21/09/2019,Metz,Amiens,1.0,2.0,A,0.0,1.0,13.0,9.0,4.0,5.0
ligue-1,2019-2020,F1,21/09/2019,Nice,Dijon,2.0,1.0,H,1.0,1.0,16.0,13.0,6.0,7.0
ligue-1,2019-2020,F1,21/09/2019,Nimes,Toulouse,1.0,0.0,H,1.0,0.0,19.0,9.0,4.0,2.0
ligue-1,2019-2020,F1,21/09/2019,Reims,Monaco,0.0,0.0,D,0.0,0.0,16.0,12.0,4.0,4.0
ligue-1,2019-2020,F1,22/09/2019,Rennes,Lille,1.0,1.0,D,0.0,0.0,11.0,15.0,3.0,6.0
ligue-1,2019-2020,F1,22/09/2019,Angers,St Etienne,4.0,1.0,H,0.0,1.0,14.0,6.0,5.0,2.0
ligue-1,2019-2020,F1,22/09/2019,Lyon,Paris SG,0.0,1.0,A,0.0,0.0,12.0,21.0,0.0,7.0
ligue-1,2019-2020,F1,24/09/2019,Dijon,Marseille,0.0,0.0,D,0.0,0.0,18.0,9.0,6.0,2.0
ligue-1,2019-2020,F1,24/09/2019,Monaco,Nice,3.0,1.0,H,1.0,0.0,17.0,10.0,5.0,3.0
ligue-1,2019-2020,F1,25/09/2019,Amiens,Bordeaux,1.0,3.0,A,1.0,2.0,11.0,15.0,3.0,6.0
ligue-1,2019-2020,F1,25/09/2019,Brest,Lyon,2.0,2.0,D,1.0,1.0,13.0,11.0,5.0,5.0
ligue-1,2019-2020,F1,25/09/2019,Lille,Strasbourg,2.0,0.0,H,1.0,0.0,12.0,5.0,5.0,1.0
ligue-1,2019-2020,F1,25/09/2019,Montpellier,Nimes,1.0,0.0,H,1.0,0.0,12.0,15.0,4.0,3.0
ligue-1,2019-2020,F1,25/09/2019,Nantes,Rennes,1.0,0.0,H,0.0,0.0,8.0,6.0,2.0,2.0
ligue-1,2019-2020,F1,25/09/2019,St Etienne,Metz,0.0,1.0,A,0.0,1.0,15.0,12.0,3.0,1.0
ligue-1,2019-2020,F1,25/09/2019,Toulouse,Angers,0.0,2.0,A,0.0,0.0,6.0,22.0,1.0,6.0
ligue-1,2019-2020,F1,25/09/2019,Paris SG,Reims,0.0,2.0,A,0.0,1.0,12.0,13.0,3.0,2.0
ligue-1,2019-2020,F1,28/09/2019,Lyon,Nantes,0.0,1.0,A,0.0,0.0,14.0,11.0,7.0,2.0
ligue-1,2019-2020,F1,28/09/2019,Bordeaux,Paris SG,0.0,1.0,A,0.0,0.0,4.0,21.0,1.0,7.0
ligue-1,2019-2020,F1,28/09/2019,Angers,Amiens,1.0,1.0,D,0.0,1.0,23.0,8.0,6.0,4.0
ligue-1,2019-2020,F1,28/09/2019,Metz,Toulouse,2.0,2.0,D,1.0,0.0,13.0,15.0,3.0,6.0
ligue-1,2019-2020,F1,28/09/2019,Monaco,Brest,4.0,1.0,H,1.0,0.0,21.0,5.0,13.0,1.0
ligue-1,2019-2020,F1,28/09/2019,Nice,Lille,1.0,1.0,D,1.0,1.0,12.0,11.0,5.0,6.0
ligue-1,2019-2020,F1,28/09/2019,Reims,Dijon,1.0,2.0,A,1.0,1.0,18.0,11.0,2.0,4.0
ligue-1,2019-2020,F1,29/09/2019,Strasbourg,Montpellier,1.0,0.0,H,1.0,0.0,8.0,11.0,3.0,3.0
ligue-1,2019-2020,F1,29/09/2019,Nimes,St Etienne,0.0,1.0,A,0.0,0.0,22.0,6.0,8.0,4.0
ligue-1,2019-2020,F1,29/09/2019,Marseille,Rennes,1.0,1.0,D,0.0,1.0,17.0,12.0,5.0,2.0
ligue-1,2019-2020,F1,04/10/2019,Amiens,Marseille,3.0,1.0,H,2.0,1.0,11.0,13.0,5.0,4.0
ligue-1,2019-2020,F1,05/10/2019,Paris SG,Angers,4.0,0.0,H,2.0,0.0,15.0,10.0,8.0,2.0
ligue-1,2019-2020,F1,05/10/2019,Brest,Metz,2.0,0.0,H,2.0,0.0,7.0,12.0,3.0,4.0
ligue-1,2019-2020,F1,05/10/2019,Dijon,Strasbourg,1.0,0.0,H,1.0,0.0,8.0,15.0,3.0,2.0
ligue-1,2019-2020,F1,05/10/2019,Montpellier,Monaco,3.0,1.0,H,2.0,0.0,17.0,14.0,10.0,4.0
ligue-1,2019-2020,F1,05/10/2019,Nantes,Nice,1.0,0.0,H,0.0,0.0,14.0,6.0,5.0,2.0
ligue-1,2019-2020,F1,05/10/2019,Toulouse,Bordeaux,1.0,3.0,A,0.0,2.0,15.0,10.0,4.0,4.0
ligue-1,2019-2020,F1,06/10/2019,Lille,Nimes,2.0,2.0,D,1.0,1.0,18.0,14.0,7.0,4.0
ligue-1,2019-2020,F1,06/10/2019,Rennes,Reims,0.0,1.0,A,0.0,0.0,18.0,13.0,3.0,7.0
ligue-1,2019-2020,F1,06/10/2019,St Etienne,Lyon,1.0,0.0,H,0.0,0.0,6.0,6.0,4.0,2.0
ligue-1,2019-2020,F1,18/10/2019,Nice,Paris SG,1.0,4.0,A,0.0,2.0,10.0,24.0,2.0,10.0
ligue-1,2019-2020,F1,19/10/2019,Lyon,Dijon,0.0,0.0,D,0.0,0.0,24.0,6.0,10.0,1.0
ligue-1,2019-2020,F1,19/10/2019,Angers,Brest,0.0,1.0,A,0.0,0.0,29.0,6.0,6.0,1.0
ligue-1,2019-2020,F1,19/10/2019,Metz,Nantes,1.0,0.0,H,0.0,0.0,10.0,9.0,2.0,2.0
ligue-1,2019-2020,F1,19/10/2019,Nimes,Amiens,1.0,1.0,D,1.0,0.0,11.0,13.0,3.0,5.0
ligue-1,2019-2020,F1,19/10/2019,Reims,Montpellier,1.0,0.0,H,1.0,0.0,12.0,9.0,5.0,0.0
ligue-1,2019-2020,F1,19/10/2019,Toulouse,Lille,2.0,1.0,H,0.0,0.0,17.0,9.0,6.0,2.0
ligue-1,2019-2020,F1,20/10/2019,Bordeaux,St Etienne,0.0,1.0,A,0.0,0.0,12.0,6.0,6.0,3.0
ligue-1,2019-2020,F1,20/10/2019,Monaco,Rennes,3.0,2.0,H,1.0,1.0,14.0,10.0,5.0,3.0
ligue-1,2019-2020,F1,20/10/2019,Marseille,Strasbourg,2.0,0.0,H,1.0,0.0,11.0,10.0,6.0,2.0
ligue-1,2019-2020,F1,25/10/2019,Nantes,Monaco,0.0,1.0,A,0.0,1.0,15.0,7.0,4.0,2.0
ligue-1,2019-2020,F1,26/10/2019,Lille,Bordeaux,3.0,0.0,H,1.0,0.0,11.0,5.0,3.0,1.0
ligue-1,2019-2020,F1,26/10/2019,Brest,Dijon,2.0,0.0,H,0.0,0.0,15.0,14.0,7.0,5.0
ligue-1,2019-2020,F1,26/10/2019,Lyon,Metz,2.0,0.0,H,2.0,0.0,18.0,16.0,7.0,3.0
ligue-1,2019-2020,F1,26/10/2019,Montpellier,Angers,0.0,0.0,D,0.0,0.0,14.0,13.0,3.0,6.0
ligue-1,2019-2020,F1,26/10/2019,Reims,Nimes,0.0,0.0,D,0.0,0.0,10.0,7.0,3.0,1.0
ligue-1,2019-2020,F1,26/10/2019,Strasbourg,Nice,1.0,0.0,H,1.0,0.0,20.0,9.0,6.0,5.0
ligue-1,2019-2020,F1,27/10/2019,Rennes,Toulouse,3.0,2.0,H,2.0,1.0,14.0,15.0,6.0,5.0
ligue-1,2019-2020,F1,27/10/2019,St Etienne,Amiens,2.0,2.0,D,1.0,0.0,15.0,11.0,1.0,5.0
ligue-1,2019-2020,F1,27/10/2019,Paris SG,Marseille,4.0,0.0,H,4.0,0.0,11.0,5.0,7.0,1.0
ligue-1,2019-2020,F1,01/11/2019,Dijon,Paris SG,2.0,1.0,H,1.0,1.0,10.0,20.0,6.0,4.0
ligue-1,2019-2020,F1,02/11/2019,Marseille,Lille,2.0,1.0,H,0.0,0.0,11.0,6.0,1.0,2.0
ligue-1,2019-2020,F1,02/11/2019,Amiens,Brest,1.0,0.0,H,1.0,0.0,6.0,14.0,2.0,3.0
ligue-1,2019-2020,F1,02/11/2019,Angers,Strasbourg,1.0,0.0,H,1.0,0.0,9.0,8.0,5.0,3.0
ligue-1,2019-2020,F1,02/11/2019,Metz,Montpellier,2.0,2.0,D,1.0,0.0,11.0,12.0,4.0,4.0
ligue-1,2019-2020,F1,02/11/2019,Toulouse,Lyon,2.0,3.0,A,1.0,1.0,12.0,21.0,5.0,8.0
ligue-1,2019-2020,F1,03/11/2019,Bordeaux,Nantes,2.0,0.0,H,1.0,0.0,10.0,9.0,7.0,2.0
ligue-1,2019-2020,F1,03/11/2019,Nice,Reims,2.0,0.0,H,2.0,0.0,12.0,11.0,6.0,3.0
ligue-1,2019-2020,F1,03/11/2019,St Etienne,Monaco,1.0,0.0,H,0.0,0.0,12.0,11.0,5.0,2.0
ligue-1,2019-2020,F1,08/11/2019,Nice,Bordeaux,1.0,1.0,D,1.0,0.0,10.0,10.0,5.0,4.0
ligue-1,2019-2020,F1,09/11/2019,Brest,Paris SG,1.0,2.0,A,0.0,1.0,17.0,18.0,4.0,8.0
ligue-1,2019-2020,F1,09/11/2019,Lille,Metz,0.0,0.0,D,0.0,0.0,13.0,4.0,5.0,1.0
ligue-1,2019-2020,F1,09/11/2019,Monaco,Dijon,1.0,0.0,H,1.0,0.0,18.0,15.0,7.0,3.0
ligue-1,2019-2020,F1,09/11/2019,Reims,Angers,0.0,0.0,D,0.0,0.0,9.0,13.0,2.0,2.0
ligue-1,2019-2020,F1,09/11/2019,Strasbourg,Nimes,4.0,1.0,H,2.0,0.0,20.0,10.0,10.0,4.0
ligue-1,2019-2020,F1,10/11/2019,Rennes,Amiens,3.0,1.0,H,1.0,1.0,22.0,13.0,11.0,6.0
ligue-1,2019-2020,F1,10/11/2019,Montpellier,Toulouse,3.0,0.0,H,1.0,0.0,8.0,6.0,3.0,2.0
ligue-1,2019-2020,F1,10/11/2019,Nantes,St Etienne,2.0,3.0,A,2.0,2.0,9.0,11.0,6.0,4.0
ligue-1,2019-2020,F1,10/11/2019,Marseille,Lyon,2.0,1.0,H,2.0,0.0,10.0,11.0,4.0,4.0
ligue-1,2019-2020,F1,22/11/2019,Paris SG,Lille,2.0,0.0,H,2.0,0.0,11.0,13.0,4.0,8.0
ligue-1,2019-2020,F1,23/11/2019,Lyon,Nice,2.0,1.0,H,2.0,0.0,9.0,17.0,4.0,7.0
ligue-1,2019-2020,F1,23/11/2019,Amiens,Strasbourg,0.0,4.0,A,0.0,1.0,5.0,17.0,0.0,9.0
ligue-1,2019-2020,F1,23/11/2019,Angers,Nimes,1.0,0.0,H,0.0,0.0,21.0,10.0,7.0,2.0
ligue-1,2019-2020,F1,23/11/2019,Brest,Nantes,1.0,1.0,D,0.0,1.0,13.0,11.0,4.0,4.0
ligue-1,2019-2020,F1,23/11/2019,Dijon,Rennes,2.0,1.0,H,0.0,0.0,16.0,11.0,6.0,4.0
ligue-1,2019-2020,F1,23/11/2019,Metz,Reims,1.0,1.0,D,0.0,1.0,9.0,18.0,2.0,6.0
ligue-1,2019-2020,F1,24/11/2019,Bordeaux,Monaco,2.0,1.0,H,1.0,1.0,17.0,11.0,6.0,3.0
ligue-1,2019-2020,F1,24/11/2019,St Etienne,Montpellier,0.0,0.0,D,0.0,0.0,9.0,8.0,2.0,2.0
ligue-1,2019-2020,F1,24/11/2019,Toulouse,Marseille,0.0,2.0,A,0.0,0.0,10.0,14.0,3.0,7.0
ligue-1,2019-2020,F1,29/11/2019,Marseille,Brest,2.0,1.0,H,0.0,0.0,34.0,4.0,10.0,1.0
ligue-1,2019-2020,F1,30/11/2019,Strasbourg,Lyon,1.0,2.0,A,1.0,1.0,9.0,8.0,2.0,4.0
ligue-1,2019-2020,F1,30/11/2019,Lille,Dijon,1.0,0.0,H,1.0,0.0,19.0,8.0,5.0,0.0
ligue-1,2019-2020,F1,30/11/2019,Montpellier,Amiens,4.0,2.0,H,1.0,1.0,20.0,6.0,10.0,2.0
ligue-1,2019-2020,F1,30/11/2019,Nice,Angers,3.0,1.0,H,1.0,1.0,10.0,10.0,7.0,4.0
ligue-1,2019-2020,F1,30/11/2019,Nimes,Metz,1.0,1.0,D,0.0,1.0,14.0,10.0,3.0,4.0
ligue-1,2019-2020,F1,30/11/2019,Reims,Bordeaux,1.0,1.0,D,0.0,1.0,19.0,5.0,6.0,1.0
ligue-1,2019-2020,F1,01/12/2019,Nantes,Toulouse,2.0,1.0,H,1.0,0.0,21.0,7.0,8.0,3.0
ligue-1,2019-2020,F1,01/12/2019,Rennes,St Etienne,2.0,1.0,H,1.0,1.0,14.0,5.0,5.0,1.0
ligue-1,2019-2020,F1,03/12/2019,Angers,Marseille,0.0,2.0,A,0.0,2.0,9.0,10.0,2.0,4.0
ligue-1,2019-2020,F1,03/12/2019,Bordeaux,Nimes,6.0,0.0,H,2.0,0.0,12.0,7.0,8.0,1.0
ligue-1,2019-2020,F1,03/12/2019,Brest,Strasbourg,5.0,0.0,H,2.0,0.0,11.0,9.0,8.0,3.0
ligue-1,2019-2020,F1,03/12/2019,Lyon,Lille,0.0,1.0,A,0.0,0.0,11.0,8.0,3.0,2.0
ligue-1,2019-2020,F1,04/12/2019,Dijon,Montpellier,2.0,2.0,D,1.0,2.0,18.0,18.0,2.0,6.0
ligue-1,2019-2020,F1,04/12/2019,Metz,Rennes,0.0,1.0,A,0.0,1.0,20.0,12.0,4.0,2.0
ligue-1,2019-2020,F1,04/12/2019,St Etienne,Nice,4.0,1.0,H,3.0,1.0,15.0,16.0,7.0,4.0
ligue-1,2019-2020,F1,04/12/2019,Toulouse,Monaco,1.0,2.0,A,1.0,1.0,14.0,18.0,3.0,7.0
ligue-1,2019-2020,F1,04/12/2019,Paris SG,Nantes,2.0,0.0,H,0.0,0.0,10.0,11.0,6.0,4.0
ligue-1,2019-2020,F1,06/12/2019,Lille,Brest,1.0,0.0,H,1.0,0.0,16.0,6.0,10.0,0.0
ligue-1,2019-2020,F1,06/12/2019,Nimes,Lyon,0.0,4.0,A,0.0,1.0,6.0,22.0,2.0,8.0
ligue-1,2019-2020,F1,07/12/2019,Montpellier,Paris SG,1.0,3.0,A,1.0,0.0,6.0,14.0,1.0,5.0
ligue-1,2019-2020,F1,07/12/2019,Monaco,Amiens,3.0,0.0,H,0.0,0.0,20.0,5.0,8.0,2.0
ligue-1,2019-2020,F1,07/12/2019,Nice,Metz,4.0,1.0,H,2.0,0.0,14.0,18.0,5.0,3.0
ligue-1,2019-2020,F1,07/12/2019,Rennes,Angers,2.0,1.0,H,1.0,0.0,8.0,12.0,3.0,1.0
ligue-1,2019-2020,F1,07/12/2019,Strasbourg,Toulouse,4.0,2.0,H,2.0,1.0,18.0,14.0,7.0,9.0
ligue-1,2019-2020,F1,08/12/2019,Reims,St Etienne,3.0,1.0,H,1.0,0.0,10.0,11.0,3.0,4.0
ligue-1,2019-2020,F1,08/12/2019,Nantes,Dijon,1.0,0.0,H,0.0,0.0,17.0,5.0,6.0,1.0
ligue-1,2019-2020,F1,08/12/2019,Marseille,Bordeaux,3.0,1.0,H,0.0,1.0,25.0,3.0,6.0,2.0
ligue-1,2019-2020,F1,13/12/2019,Lille,Montpellier,2.0,1.0,H,1.0,0.0,14.0,10.0,9.0,4.0
ligue-1,2019-2020,F1,14/12/2019,Metz,Marseille,1.0,1.0,D,1.0,0.0,6.0,16.0,3.0,5.0
ligue-1,2019-2020,F1,14/12/2019,Amiens,Dijon,1.0,1.0,D,1.0,1.0,6.0,10.0,2.0,5.0
ligue-1,2019-2020,F1,14/12/2019,Angers,Monaco,0.0,0.0,D,0.0,0.0,10.0,7.0,5.0,2.0
ligue-1,2019-2020,F1,14/12/2019,Brest,Nice,0.0,0.0,D,0.0,0.0,16.0,15.0,4.0,7.0
ligue-1,2019-2020,F1,14/12/2019,Nimes,Nantes,0.0,1.0,A,0.0,1.0,16.0,10.0,4.0,5.0
ligue-1,2019-2020,F1,14/12/2019,Toulouse,Reims,0.0,1.0,A,0.0,1.0,9.0,10.0,5.0,4.0
ligue-1,2019-2020,F1,15/12/2019,Bordeaux,Strasbourg,0.0,1.0,A,0.0,1.0,13.0,7.0,3.0,4.0
ligue-1,2019-2020,F1,15/12/2019,Lyon,Rennes,0.0,1.0,A,0.0,0.0,10.0,12.0,3.0,6.0
ligue-1,2019-2020,F1,15/12/2019,St Etienne,Paris SG,0.0,4.0,A,0.0,2.0,11.0,21.0,2.0,13.0
ligue-1,2019-2020,F1,21/12/2019,Dijon,Metz,2.0,2.0,D,2.0,1.0,19.0,9.0,5.0,3.0
ligue-1,2019-2020,F1,21/12/2019,Marseille,Nimes,3.0,1.0,H,0.0,0.0,19.0,12.0,9.0,5.0
ligue-1,2019-2020,F1,21/12/2019,Monaco,Lille,5.0,1.0,H,2.0,1.0,15.0,9.0,6.0,4.0
ligue-1,2019-2020,F1,21/12/2019,Montpellier,Brest,4.0,0.0,H,2.0,0.0,17.0,17.0,6.0,4.0
ligue-1,2019-2020,F1,21/12/2019,Nantes,Angers,1.0,2.0,A,1.0,0.0,9.0,13.0,1.0,7.0
ligue-1,2019-2020,F1,21/12/2019,Nice,Toulouse,3.0,0.0,H,3.0,0.0,15.0,8.0,5.0,0.0
ligue-1,2019-2020,F1,21/12/2019,Paris SG,Amiens,4.0,1.0,H,1.0,0.0,22.0,8.0,10.0,3.0
ligue-1,2019-2020,F1,21/12/2019,Reims,Lyon,1.0,1.0,D,1.0,1.0,12.0,15.0,3.0,4.0
ligue-1,2019-2020,F1,21/12/2019,Rennes,Bordeaux,1.0,0.0,H,0.0,0.0,12.0,13.0,5.0,2.0
ligue-1,2019-2020,F1,21/12/2019,Strasbourg,St Etienne,2.0,1.0,H,1.0,0.0,5.0,6.0,3.0,1.0
ligue-1,2019-2020,F1,10/01/2020,Rennes,Marseille,0.0,1.0,A,0.0,0.0,9.0,10.0,2.0,4.0
ligue-1,2019-2020,F1,11/01/2020,Bordeaux,Lyon,1.0,2.0,A,1.0,0.0,5.0,22.0,2.0,6.0
ligue-1,2019-2020,F1,11/01/2020,Amiens,Montpellier,1.0,2.0,A,1.0,0.0,7.0,11.0,3.0,4.0
ligue-1,2019-2020,F1,11/01/2020,Angers,Nice,1.0,1.0,D,1.0,1.0,16.0,8.0,9.0,2.0
ligue-1,2019-2020,F1,11/01/2020,Metz,Strasbourg,1.0,0.0,H,0.0,0.0,9.0,14.0,4.0,3.0
ligue-1,2019-2020,F1,11/01/2020,Nimes,Reims,2.0,0.0,H,1.0,0.0,13.0,6.0,4.0,2.0
ligue-1,2019-2020,F1,11/01/2020,Toulouse,Brest,2.0,5.0,A,2.0,1.0,12.0,15.0,5.0,9.0
ligue-1,2019-2020,F1,12/01/2020,St Etienne,Nantes,0.0,2.0,A,0.0,1.0,10.0,11.0,1.0,4.0
ligue-1,2019-2020,F1,12/01/2020,Dijon,Lille,1.0,0.0,H,0.0,0.0,15.0,12.0,7.0,6.0
ligue-1,2019-2020,F1,12/01/2020,Paris SG,Monaco,3.0,3.0,D,3.0,2.0,13.0,16.0,6.0,6.0
ligue-1,2019-2020,F1,15/01/2020,Amiens,Reims,1.0,1.0,D,0.0,1.0,6.0,6.0,3.0,1.0
ligue-1,2019-2020,F1,15/01/2020,Nimes,Rennes,0.0,1.0,A,0.0,0.0,6.0,8.0,1.0,2.0
ligue-1,2019-2020,F1,15/01/2020,Monaco,Paris SG,1.0,4.0,A,0.0,2.0,13.0,17.0,4.0,12.0
ligue-1,2019-2020,F1,24/01/2020,Nice,Rennes,1.0,1.0,D,0.0,0.0,23.0,21.0,4.0,5.0
ligue-1,2019-2020,F1,25/01/2020,Marseille,Angers,0.0,0.0,D,0.0,0.0,9.0,4.0,2.0,0.0
ligue-1,2019-2020,F1,25/01/2020,Brest,Amiens,2.0,1.0,H,0.0,0.0,10.0,8.0,3.0,3.0
ligue-1,2019-2020,F1,25/01/2020,Monaco,Strasbourg,1.0,3.0,A,0.0,1.0,12.0,11.0,3.0,7.0
ligue-1,2019-2020,F1,25/01/2020,Montpellier,Dijon,2.0,1.0,H,0.0,0.0,16.0,6.0,5.0,2.0
ligue-1,2019-2020,F1,25/01/2020,Reims,Metz,0.0,1.0,A,0.0,1.0,16.0,7.0,2.0,4.0
ligue-1,2019-2020,F1,25/01/2020,St Etienne,Nimes,2.0,1.0,H,2.0,1.0,13.0,12.0,6.0,4.0
ligue-1,2019-2020,F1,26/01/2020,Lyon,Toulouse,3.0,0.0,H,1.0,0.0,13.0,10.0,5.0,4.0
ligue-1,2019-2020,F1,26/01/2020,Nantes,Bordeaux,0.0,1.0,A,0.0,0.0,7.0,11.0,0.0,2.0
ligue-1,2019-2020,F1,26/01/2020,Lille,Paris SG,0.0,2.0,A,0.0,1.0,9.0,12.0,2.0,5.0
ligue-1,2019-2020,F1,31/01/2020,Rennes,Nantes,3.0,2.0,H,0.0,0.0,13.0,8.0,9.0,5.0
ligue-1,2019-2020,F1,01/02/2020,Paris SG,Montpellier,5.0,0.0,H,3.0,0.0,20.0,6.0,9.0,2.0
ligue-1,2019-2020,F1,01/02/2020,Amiens,Toulouse,0.0,0.0,D,0.0,0.0,9.0,12.0,4.0,1.0
ligue-1,2019-2020,F1,01/02/2020,Angers,Reims,1.0,4.0,A,1.0,1.0,15.0,12.0,4.0,4.0
ligue-1,2019-2020,F1,01/02/2020,Dijon,Brest,3.0,0.0,H,2.0,0.0,12.0,19.0,5.0,4.0
ligue-1,2019-2020,F1,01/02/2020,Nimes,Monaco,3.0,1.0,H,1.0,1.0,22.0,6.0,8.0,4.0
ligue-1,2019-2020,F1,01/02/2020,Strasbourg,Lille,1.0,2.0,A,1.0,0.0,13.0,9.0,3.0,4.0
ligue-1,2019-2020,F1,02/02/2020,Nice,Lyon,2.0,1.0,H,1.0,1.0,12.0,14.0,7.0,7.0
ligue-1,2019-2020,F1,02/02/2020,Metz,St Etienne,3.0,1.0,H,1.0,0.0,10.0,17.0,6.0,7.0
ligue-1,2019-2020,F1,02/02/2020,Bordeaux,Marseille,0.0,0.0,D,0.0,0.0,12.0,16.0,3.0,4.0
ligue-1,2019-2020,F1,04/02/2020,Lille,Rennes,1.0,0.0,H,1.0,0.0,14.0,11.0,3.0,4.0
ligue-1,2019-2020,F1,04/02/2020,Monaco,Angers,1.0,0.0,H,1.0,0.0,6.0,16.0,3.0,4.0
ligue-1,2019-2020,F1,04/02/2020,Nantes,Paris SG,1.0,2.0,A,0.0,1.0,15.0,19.0,5.0,7.0
ligue-1,2019-2020,F1,05/02/2020,Brest,Bordeaux,1.0,1.0,D,0.0,1.0,17.0,13.0,3.0,5.0
ligue-1,2019-2020,F1,05/02/2020,Lyon,Amiens,0.0,0.0,D,0.0,0.0,10.0,7.0,3.0,2.0
ligue-1,2019-2020,F1,05/02/2020,Montpellier,Metz,1.0,1.0,D,1.0,0.0,12.0,18.0,7.0,8.0
ligue-1,2019-2020,F1,05/02/2020,Nimes,Dijon,2.0,0.0,H,2.0,0.0,11.0,10.0,5.0,3.0
ligue-1,2019-2020,F1,05/02/2020,Reims,Nice,1.0,1.0,D,0.0,0.0,15.0,5.0,4.0,4.0
ligue-1,2019-2020,F1,05/02/2020,Toulouse,Strasbourg,0.0,1.0,A,0.0,0.0,12.0,15.0,1.0,6.0
ligue-1,2019-2020,F1,05/02/2020,St Etienne,Marseille,0.0,2.0,A,0.0,1.0,11.0,5.0,3.0,3.0
ligue-1,2019-2020,F1,07/02/2020,Angers,Lille,0.0,2.0,A,0.0,1.0,9.0,12.0,1.0,4.0
ligue-1,2019-2020,F1,08/02/2020,Marseille,Toulouse,1.0,0.0,H,0.0,0.0,12.0,10.0,3.0,3.0
ligue-1,2019-2020,F1,08/02/2020,Amiens,Monaco,1.0,2.0,A,1.0,0.0,8.0,12.0,1.0,6.0
ligue-1,2019-2020,F1,08/02/2020,Dijon,Nantes,3.0,3.0,D,2.0,2.0,17.0,8.0,4.0,2.0
ligue-1,2019-2020,F1,08/02/2020,Metz,Bordeaux,1.0,2.0,A,1.0,0.0,11.0,15.0,4.0,5.0
ligue-1,2019-2020,F1,08/02/2020,Nice,Nimes,1.0,3.0,A,1.0,1.0,6.0,10.0,3.0,5.0
ligue-1,2019-2020,F1,08/02/2020,Rennes,Brest,0.0,0.0,D,0.0,0.0,17.0,8.0,2.0,3.0
ligue-1,2019-2020,F1,09/02/2020,Montpellier,St Etienne,1.0,0.0,H,1.0,0.0,8.0,17.0,3.0,5.0
ligue-1,2019-2020,F1,09/02/2020,Strasbourg,Reims,3.0,0.0,H,0.0,0.0,12.0,5.0,5.0,0.0
ligue-1,2019-2020,F1,09/02/2020,Paris SG,Lyon,4.0,2.0,H,2.0,0.0,16.0,7.0,5.0,2.0
ligue-1,2019-2020,F1,14/02/2020,Monaco,Montpellier,1.0,0.0,H,0.0,0.0,16.0,13.0,2.0,2.0
ligue-1,2019-2020,F1,15/02/2020,Amiens,Paris SG,4.0,4.0,D,3.0,1.0,11.0,15.0,5.0,10.0
ligue-1,2019-2020,F1,15/02/2020,Bordeaux,Dijon,2.0,2.0,D,1.0,1.0,11.0,6.0,2.0,3.0
ligue-1,2019-2020,F1,15/02/2020,Nantes,Metz,0.0,0.0,D,0.0,0.0,18.0,7.0,7.0,2.0
ligue-1,2019-2020,F1,15/02/2020,Nimes,Angers,1.0,0.0,H,0.0,0.0,11.0,10.0,2.0,0.0
ligue-1,2019-2020,F1,15/02/2020,Toulouse,Nice,0.0,2.0,A,0.0,1.0,19.0,14.0,5.0,4.0
ligue-1,2019-2020,F1,16/02/2020,Lyon,Strasbourg,1.0,1.0,D,1.0,1.0,5.0,7.0,2.0,1.0
ligue-1,2019-2020,F1,16/02/2020,Brest,St Etienne,3.0,2.0,H,3.0,0.0,10.0,11.0,3.0,4.0
ligue-1,2019-2020,F1,16/02/2020,Reims,Rennes,1.0,0.0,H,0.0,0.0,11.0,4.0,3.0,2.0
ligue-1,2019-2020,F1,16/02/2020,Lille,Marseille,1.0,2.0,A,0.0,0.0,13.0,5.0,3.0,2.0
ligue-1,2019-2020,F1,21/02/2020,Nice,Brest,2.0,2.0,D,2.0,1.0,19.0,9.0,6.0,3.0
ligue-1,2019-2020,F1,21/02/2020,Metz,Lyon,0.0,2.0,A,0.0,1.0,7.0,12.0,0.0,6.0
ligue-1,2019-2020,F1,22/02/2020,Marseille,Nantes,1.0,3.0,A,1.0,1.0,16.0,8.0,5.0,4.0
ligue-1,2019-2020,F1,22/02/2020,Angers,Montpellier,1.0,0.0,H,0.0,0.0,12.0,10.0,8.0,2.0
ligue-1,2019-2020,F1,22/02/2020,Dijon,Monaco,1.0,1.0,D,0.0,0.0,12.0,17.0,2.0,6.0
ligue-1,2019-2020,F1,22/02/2020,Lille,Toulouse,3.0,0.0,H,2.0,0.0,18.0,7.0,9.0,1.0
ligue-1,2019-2020,F1,22/02/2020,Strasbourg,Amiens,0.0,0.0,D,0.0,0.0,15.0,3.0,3.0,1.0
ligue-1,2019-2020,F1,23/02/2020,St Etienne,Reims,1.0,1.0,D,0.0,0.0,7.0,12.0,4.0,2.0
ligue-1,2019-2020,F1,23/02/2020,Rennes,Nimes,2.0,1.0,H,1.0,1.0,26.0,9.0,8.0,2.0
ligue-1,2019-2020,F1,23/02/2020,Paris SG,Bordeaux,4.0,3.0,H,2.0,2.0,23.0,12.0,9.0,7.0
ligue-1,2019-2020,F1,28/02/2020,Nimes,Marseille,2.0,3.0,A,1.0,2.0,16.0,13.0,6.0,4.0
ligue-1,2019-2020,F1,29/02/2020,Paris SG,Dijon,4.0,0.0,H,1.0,0.0,23.0,9.0,11.0,3.0
ligue-1,2019-2020,F1,29/02/2020,Amiens,Metz,0.0,1.0,A,0.0,1.0,12.0,13.0,5.0,6.0
ligue-1,2019-2020,F1,29/02/2020,Brest,Angers,0.0,1.0,A,0.0,1.0,16.0,6.0,4.0,2.0
ligue-1,2019-2020,F1,29/02/2020,Monaco,Reims,1.0,1.0,D,1.0,0.0,19.0,16.0,7.0,8.0
ligue-1,2019-2020,F1,29/02/2020,Montpellier,Strasbourg,3.0,0.0,H,0.0,0.0,23.0,15.0,11.0,7.0
ligue-1,2019-2020,F1,29/02/2020,Toulouse,Rennes,0.0,2.0,A,0.0,1.0,15.0,11.0,2.0,4.0
ligue-1,2019-2020,F1,01/03/2020,Nantes,Lille,0.0,1.0,A,0.0,0.0,6.0,15.0,3.0,5.0
ligue-1,2019-2020,F1,01/03/2020,Bordeaux,Nice,1.0,1.0,D,1.0,0.0,12.0,9.0,4.0,4.0
ligue-1,2019-2020,F1,01/03/2020,Lyon,St Etienne,2.0,0.0,H,1.0,0.0,16.0,8.0,9.0,4.0
ligue-1,2019-2020,F1,06/03/2020,Marseille,Amiens,2.0,2.0,D,1.0,0.0,13.0,12.0,6.0,3.0
ligue-1,2019-2020,F1,07/03/2020,Angers,Nantes,2.0,0.0,H,0.0,0.0,7.0,15.0,3.0,4.0
ligue-1,2019-2020,F1,07/03/2020,Dijon,Toulouse,2.0,1.0,H,1.0,1.0,15.0,6.0,3.0,2.0
ligue-1,2019-2020,F1,07/03/2020,Metz,Nimes,2.0,1.0,H,1.0,0.0,14.0,16.0,5.0,7.0
ligue-1,2019-2020,F1,07/03/2020,Nice,Monaco,2.0,1.0,H,0.0,1.0,12.0,14.0,5.0,4.0
ligue-1,2019-2020,F1,07/03/2020,Reims,Brest,1.0,0.0,H,1.0,0.0,12.0,12.0,3.0,4.0
ligue-1,2019-2020,F1,08/03/2020,St Etienne,Bordeaux,1.0,1.0,D,0.0,0.0,11.0,9.0,4.0,2.0
ligue-1,2019-2020,F1,08/03/2020,Rennes,Montpellier,5.0,0.0,H,2.0,0.0,16.0,11.0,9.0,1.0
ligue-1,2019-2020,F1,08/03/2020,Lille,Lyon,1.0,0.0,H,1.0,0.0,13.0,9.0,3.0,2.0
ligue-1,2020-2021,F1,21/08/2020,Bordeaux,Nantes,0.0,0.0,D,0.0,0.0,5.0,6.0,1.0,1.0
ligue-1,2020-2021,F1,22/08/2020,Dijon,Angers,0.0,1.0,A,0.0,1.0,9.0,12.0,1.0,4.0
ligue-1,2020-2021,F1,22/08/2020,Lille,Rennes,1.0,1.0,D,1.0,0.0,5.0,16.0,1.0,3.0
ligue-1,2020-2021,F1,23/08/2020,Monaco,Reims,2.0,2.0,D,1.0,2.0,22.0,9.0,5.0,3.0
ligue-1,2020-2021,F1,23/08/2020,Lorient,Strasbourg,3.0,1.0,H,0.0,1.0,10.0,7.0,7.0,1.0
ligue-1,2020-2021,F1,23/08/2020,Nimes,Brest,4.0,0.0,H,2.0,0.0,12.0,10.0,5.0,3.0
ligue-1,2020-2021,F1,23/08/2020,Nice,Lens,2.0,1.0,H,1.0,1.0,4.0,17.0,2.0,4.0
ligue-1,2020-2021,F1,28/08/2020,Lyon,Dijon,4.0,1.0,H,3.0,1.0,27.0,6.0,12.0,2.0
ligue-1,2020-2021,F1,29/08/2020,Rennes,Montpellier,2.0,1.0,H,1.0,0.0,16.0,11.0,7.0,3.0
ligue-1,2020-2021,F1,29/08/2020,Strasbourg,Nice,0.0,2.0,A,0.0,1.0,6.0,3.0,0.0,2.0
ligue-1,2020-2021,F1,30/08/2020,Reims,Lille,0.0,1.0,A,0.0,1.0,4.0,10.0,0.0,3.0
ligue-1,2020-2021,F1,30/08/2020,Angers,Bordeaux,0.0,2.0,A,0.0,2.0,12.0,7.0,2.0,7.0
ligue-1,2020-2021,F1,30/08/2020,Metz,Monaco,0.0,1.0,A,0.0,1.0,14.0,3.0,4.0,2.0
ligue-1,2020-2021,F1,30/08/2020,Nantes,Nimes,2.0,1.0,H,2.0,0.0,8.0,17.0,5.0,9.0
ligue-1,2020-2021,F1,30/08/2020,St Etienne,Lorient,2.0,0.0,H,1.0,0.0,13.0,6.0,5.0,1.0
ligue-1,2020-2021,F1,30/08/2020,Brest,Marseille,2.0,3.0,A,1.0,2.0,19.0,7.0,4.0,4.0
ligue-1,2020-2021,F1,10/09/2020,Lens,Paris SG,1.0,0.0,H,0.0,0.0,7.0,8.0,3.0,1.0
ligue-1,2020-2021,F1,11/09/2020,Bordeaux,Lyon,0.0,0.0,D,0.0,0.0,5.0,20.0,0.0,3.0
ligue-1,2020-2021,F1,12/09/2020,Montpellier,Nice,3.0,1.0,H,1.0,0.0,20.0,9.0,13.0,1.0
ligue-1,2020-2021,F1,12/09/2020,St Etienne,Strasbourg,2.0,0.0,H,0.0,0.0,10.0,14.0,4.0,7.0
ligue-1,2020-2021,F1,13/09/2020,Lille,Metz,1.0,0.0,H,0.0,0.0,16.0,5.0,6.0,1.0
ligue-1,2020-2021,F1,13/09/2020,Angers,Reims,1.0,0.0,H,0.0,0.0,20.0,7.0,7.0,2.0
ligue-1,2020-2021,F1,13/09/2020,Dijon,Brest,0.0,2.0,A,0.0,1.0,7.0,19.0,3.0,5.0
ligue-1,2020-2021,F1,13/09/2020,Lorient,Lens,2.0,3.0,A,1.0,2.0,6.0,12.0,3.0,6.0
ligue-1,2020-2021,F1,13/09/2020,Nimes,Rennes,2.0,4.0,A,1.0,2.0,17.0,10.0,9.0,6.0
ligue-1,2020-2021,F1,13/09/2020,Monaco,Nantes,2.0,1.0,H,1.0,0.0,18.0,7.0,5.0,2.0
ligue-1,2020-2021,F1,13/09/2020,Paris SG,Marseille,0.0,1.0,A,0.0,1.0,14.0,5.0,4.0,2.0
ligue-1,2020-2021,F1,15/09/2020,Montpellier,Lyon,2.0,1.0,H,1.0,0.0,10.0,19.0,3.0,7.0
ligue-1,2020-2021,F1,16/09/2020,Paris SG,Metz,1.0,0.0,H,0.0,0.0,20.0,7.0,8.0,1.0
ligue-1,2020-2021,F1,17/09/2020,Marseille,St Etienne,0.0,2.0,A,0.0,1.0,13.0,12.0,2.0,5.0
ligue-1,2020-2021,F1,18/09/2020,Lyon,Nimes,0.0,0.0,D,0.0,0.0,16.0,10.0,3.0,3.0
ligue-1,2020-2021,F1,19/09/2020,Lens,Bordeaux,2.0,1.0,H,0.0,0.0,19.0,7.0,5.0,3.0
ligue-1,2020-2021,F1,19/09/2020,Rennes,Monaco,2.0,1.0,H,0.0,1.0,14.0,14.0,3.0,2.0
ligue-1,2020-2021,F1,20/09/2020,Nice,Paris SG,0.0,3.0,A,0.0,2.0,14.0,14.0,5.0,6.0
ligue-1,2020-2021,F1,20/09/2020,Brest,Lorient,3.0,2.0,H,2.0,1.0,14.0,9.0,6.0,4.0
ligue-1,2020-2021,F1,20/09/2020,Metz,Reims,2.0,1.0,H,1.0,1.0,14.0,10.0,4.0,4.0
ligue-1,2020-2021,F1,20/09/2020,Montpellier,Angers,4.0,1.0,H,2.0,1.0,14.0,14.0,9.0,3.0
ligue-1,2020-2021,F1,20/09/2020,Strasbourg,Dijon,1.0,0.0,H,0.0,0.0,17.0,6.0,6.0,2.0
ligue-1,2020-2021,F1,20/09/2020,Nantes,St Etienne,2.0,2.0,D,0.0,1.0,15.0,6.0,3.0,4.0
ligue-1,2020-2021,F1,20/09/2020,Marseille,Lille,1.0,1.0,D,0.0,0.0,11.0,14.0,2.0,7.0
ligue-1,2020-2021,F1,25/09/2020,Lille,Nantes,2.0,0.0,H,1.0,0.0,12.0,12.0,4.0,6.0
ligue-1,2020-2021,F1,26/09/2020,St Etienne,Rennes,0.0,3.0,A,0.0,1.0,6.0,10.0,4.0,6.0
ligue-1,2020-2021,F1,26/09/2020,Marseille,Metz,1.0,1.0,D,0.0,0.0,17.0,14.0,3.0,3.0
ligue-1,2020-2021,F1,27/09/2020,Bordeaux,Nice,0.0,0.0,D,0.0,0.0,18.0,13.0,5.0,2.0
ligue-1,2020-2021,F1,27/09/2020,Angers,Brest,3.0,2.0,H,1.0,2.0,12.0,14.0,5.0,6.0
ligue-1,2020-2021,F1,27/09/2020,Dijon,Montpellier,2.0,2.0,D,1.0,0.0,15.0,14.0,6.0,5.0
ligue-1,2020-2021,F1,27/09/2020,Monaco,Strasbourg,3.0,2.0,H,2.0,0.0,11.0,11.0,5.0,5.0
ligue-1,2020-2021,F1,27/09/2020,Nimes,Lens,1.0,1.0,D,0.0,1.0,13.0,15.0,4.0,6.0
ligue-1,2020-2021,F1,27/09/2020,Lorient,Lyon,1.0,1.0,D,0.0,0.0,4.0,19.0,2.0,6.0
ligue-1,2020-2021,F1,27/09/2020,Reims,Paris SG,0.0,2.0,A,0.0,1.0,8.0,21.0,3.0,7.0
ligue-1,2020-2021,F1,02/10/2020,Paris SG,Angers,6.0,1.0,H,2.0,0.0,18.0,8.0,12.0,2.0
ligue-1,2020-2021,F1,03/10/2020,Lens,St Etienne,2.0,0.0,H,1.0,0.0,13.0,2.0,5.0,1.0
ligue-1,2020-2021,F1,03/10/2020,Nice,Nantes,2.0,1.0,H,1.0,1.0,18.0,11.0,7.0,1.0
ligue-1,2020-2021,F1,04/10/2020,Montpellier,Nimes,0.0,1.0,A,0.0,0.0,12.0,8.0,2.0,1.0
ligue-1,2020-2021,F1,04/10/2020,Bordeaux,Dijon,3.0,0.0,H,2.0,0.0,17.0,5.0,7.0,1.0
ligue-1,2020-2021,F1,04/10/2020,Brest,Monaco,1.0,0.0,H,1.0,0.0,7.0,21.0,5.0,2.0
ligue-1,2020-2021,F1,04/10/2020,Metz,Lorient,3.0,1.0,H,1.0,1.0,16.0,10.0,8.0,4.0
ligue-1,2020-2021,F1,04/10/2020,Strasbourg,Lille,0.0,3.0,A,0.0,1.0,14.0,12.0,3.0,6.0
ligue-1,2020-2021,F1,04/10/2020,Rennes,Reims,2.0,2.0,D,2.0,1.0,18.0,9.0,3.0,4.0
ligue-1,2020-2021,F1,04/10/2020,Lyon,Marseille,1.0,1.0,D,1.0,1.0,24.0,4.0,3.0,1.0
ligue-1,2020-2021,F1,16/10/2020,Dijon,Rennes,1.0,1.0,D,0.0,1.0,12.0,12.0,4.0,3.0
ligue-1,2020-2021,F1,16/10/2020,Nimes,Paris SG,0.0,4.0,A,0.0,1.0,5.0,30.0,2.0,11.0
ligue-1,2020-2021,F1,17/10/2020,Reims,Lorient,1.0,3.0,A,1.0,0.0,6.0,14.0,3.0,4.0
ligue-1,2020-2021,F1,17/10/2020,Marseille,Bordeaux,3.0,1.0,H,1.0,0.0,6.0,8.0,4.0,4.0
ligue-1,2020-2021,F1,18/10/2020,Strasbourg,Lyon,2.0,3.0,A,1.0,3.0,20.0,14.0,9.0,8.0
ligue-1,2020-2021,F1,18/10/2020,Angers,Metz,1.0,1.0,D,1.0,1.0,7.0,7.0,2.0,3.0
ligue-1,2020-2021,F1,18/10/2020,Monaco,Montpellier,1.0,1.0,D,0.0,0.0,21.0,3.0,7.0,2.0
ligue-1,2020-2021,F1,18/10/2020,Nantes,Brest,3.0,1.0,H,2.0,0.0,12.0,14.0,8.0,5.0
ligue-1,2020-2021,F1,18/10/2020,St Etienne,Nice,1.0,3.0,A,0.0,2.0,11.0,11.0,4.0,5.0
ligue-1,2020-2021,F1,18/10/2020,Lille,Lens,4.0,0.0,H,1.0,0.0,17.0,7.0,6.0,2.0
ligue-1,2020-2021,F1,23/10/2020,Rennes,Angers,1.0,2.0,A,1.0,1.0,11.0,10.0,1.0,4.0
ligue-1,2020-2021,F1,24/10/2020,Lorient,Marseille,0.0,1.0,A,0.0,0.0,13.0,15.0,3.0,3.0
ligue-1,2020-2021,F1,24/10/2020,Paris SG,Dijon,4.0,0.0,H,2.0,0.0,20.0,16.0,9.0,3.0
ligue-1,2020-2021,F1,25/10/2020,Bordeaux,Nimes,2.0,0.0,H,0.0,0.0,20.0,8.0,6.0,4.0
ligue-1,2020-2021,F1,25/10/2020,Brest,Strasbourg,0.0,3.0,A,0.0,2.0,14.0,7.0,4.0,5.0
ligue-1,2020-2021,F1,25/10/2020,Metz,St Etienne,2.0,0.0,H,1.0,0.0,6.0,10.0,3.0,0.0
ligue-1,2020-2021,F1,25/10/2020,Montpellier,Reims,0.0,4.0,A,0.0,3.0,5.0,24.0,1.0,9.0
ligue-1,2020-2021,F1,25/10/2020,Nice,Lille,1.0,1.0,D,0.0,0.0,8.0,12.0,3.0,4.0
ligue-1,2020-2021,F1,25/10/2020,Lyon,Monaco,4.0,1.0,H,4.0,0.0,15.0,18.0,6.0,5.0
ligue-1,2020-2021,F1,31/10/2020,Rennes,Brest,2.0,1.0,H,0.0,0.0,24.0,9.0,8.0,4.0
ligue-1,2020-2021,F1,31/10/2020,Nantes,Paris SG,0.0,3.0,A,0.0,0.0,6.0,13.0,1.0,4.0
ligue-1,2020-2021,F1,01/11/2020,St Etienne,Montpellier,0.0,1.0,A,0.0,1.0,8.0,10.0,0.0,2.0
ligue-1,2020-2021,F1,01/11/2020,Angers,Nice,0.0,3.0,A,0.0,2.0,11.0,12.0,5.0,5.0
ligue-1,2020-2021,F1,01/11/2020,Dijon,Lorient,0.0,0.0,D,0.0,0.0,11.0,9.0,2.0,1.0
ligue-1,2020-2021,F1,01/11/2020,Nimes,Metz,0.0,1.0,A,0.0,1.0,16.0,8.0,2.0,5.0
ligue-1,2020-2021,F1,01/11/2020,Reims,Strasbourg,2.0,1.0,H,2.0,1.0,12.0,9.0,4.0,3.0
ligue-1,2020-2021,F1,01/11/2020,Monaco,Bordeaux,4.0,0.0,H,3.0,0.0,17.0,5.0,6.0,0.0
ligue-1,2020-2021,F1,01/11/2020,Lille,Lyon,1.0,1.0,D,1.0,1.0,15.0,8.0,6.0,1.0
ligue-1,2020-2021,F1,06/11/2020,Strasbourg,Marseille,0.0,1.0,A,0.0,0.0,9.0,1.0,2.0,1.0
ligue-1,2020-2021,F1,07/11/2020,Bordeaux,Montpellier,0.0,2.0,A,0.0,0.0,9.0,9.0,1.0,3.0
ligue-1,2020-2021,F1,07/11/2020,Paris SG,Rennes,3.0,0.0,H,2.0,0.0,9.0,16.0,6.0,3.0
ligue-1,2020-2021,F1,08/11/2020,Brest,Lille,3.0,2.0,H,3.0,1.0,12.0,22.0,8.0,7.0
ligue-1,2020-2021,F1,08/11/2020,Lens,Reims,4.0,4.0,D,1.0,0.0,14.0,8.0,5.0,6.0
ligue-1,2020-2021,F1,08/11/2020,Lorient,Nantes,0.0,2.0,A,0.0,0.0,18.0,16.0,4.0,4.0
ligue-1,2020-2021,F1,08/11/2020,Metz,Dijon,1.0,1.0,D,1.0,1.0,14.0,14.0,4.0,6.0
ligue-1,2020-2021,F1,08/11/2020,Nimes,Angers,1.0,5.0,A,0.0,2.0,11.0,15.0,4.0,8.0
ligue-1,2020-2021,F1,08/11/2020,Nice,Monaco,1.0,2.0,A,0.0,1.0,8.0,15.0,4.0,8.0
ligue-1,2020-2021,F1,08/11/2020,Lyon,St Etienne,2.0,1.0,H,0.0,1.0,18.0,16.0,6.0,4.0
ligue-1,2020-2021,F1,20/11/2020,Rennes,Bordeaux,0.0,1.0,A,0.0,1.0,14.0,6.0,2.0,3.0
ligue-1,2020-2021,F1,20/11/2020,Monaco,Paris SG,3.0,2.0,H,0.0,2.0,15.0,9.0,5.0,4.0
ligue-1,2020-2021,F1,21/11/2020,Brest,St Etienne,4.0,1.0,H,4.0,1.0,10.0,17.0,5.0,1.0
ligue-1,2020-2021,F1,22/11/2020,Nantes,Metz,1.0,1.0,D,1.0,1.0,17.0,10.0,5.0,4.0
ligue-1,2020-2021,F1,22/11/2020,Dijon,Lens,0.0,1.0,A,0.0,1.0,10.0,6.0,2.0,2.0
ligue-1,2020-2021,F1,22/11/2020,Montpellier,Strasbourg,4.0,3.0,H,3.0,3.0,21.0,9.0,9.0,5.0
ligue-1,2020-2021,F1,22/11/2020,Reims,Nimes,0.0,1.0,A,0.0,0.0,16.0,6.0,6.0,5.0
ligue-1,2020-2021,F1,22/11/2020,Angers,Lyon,0.0,1.0,A,0.0,0.0,20.0,5.0,8.0,2.0
ligue-1,2020-2021,F1,22/11/2020,Lille,Lorient,4.0,0.0,H,1.0,0.0,31.0,7.0,13.0,2.0
ligue-1,2020-2021,F1,25/11/2020,Lens,Nantes,1.0,1.0,D,1.0,0.0,7.0,11.0,1.0,3.0
ligue-1,2020-2021,F1,27/11/2020,Strasbourg,Rennes,1.0,1.0,D,1.0,0.0,6.0,21.0,3.0,7.0
ligue-1,2020-2021,F1,28/11/2020,Marseille,Nantes,3.0,1.0,H,2.0,0.0,15.0,6.0,9.0,2.0
ligue-1,2020-2021,F1,28/11/2020,Paris SG,Bordeaux,2.0,2.0,D,2.0,1.0,16.0,18.0,9.0,4.0
ligue-1,2020-2021,F1,29/11/2020,Lyon,Reims,3.0,0.0,H,1.0,0.0,14.0,10.0,4.0,2.0
ligue-1,2020-2021,F1,29/11/2020,Lens,Angers,1.0,3.0,A,1.0,1.0,13.0,18.0,5.0,7.0
ligue-1,2020-2021,F1,29/11/2020,Lorient,Montpellier,0.0,1.0,A,0.0,0.0,8.0,16.0,2.0,3.0
ligue-1,2020-2021,F1,29/11/2020,Metz,Brest,0.0,2.0,A,0.0,1.0,15.0,10.0,6.0,3.0
ligue-1,2020-2021,F1,29/11/2020,Monaco,Nimes,3.0,0.0,H,1.0,0.0,18.0,6.0,5.0,2.0
ligue-1,2020-2021,F1,29/11/2020,Nice,Dijon,1.0,3.0,A,0.0,2.0,24.0,9.0,7.0,4.0
ligue-1,2020-2021,F1,29/11/2020,St Etienne,Lille,1.0,1.0,D,1.0,0.0,7.0,9.0,5.0,2.0
ligue-1,2020-2021,F1,04/12/2020,Nimes,Marseille,0.0,2.0,A,0.0,0.0,7.0,17.0,0.0,4.0
ligue-1,2020-2021,F1,05/12/2020,Rennes,Lens,0.0,2.0,A,0.0,1.0,10.0,6.0,4.0,4.0
ligue-1,2020-2021,F1,05/12/2020,Montpellier,Paris SG,1.0,3.0,A,1.0,1.0,17.0,13.0,2.0,6.0
ligue-1,2020-2021,F1,06/12/2020,Lille,Monaco,2.0,1.0,H,0.0,0.0,10.0,8.0,5.0,3.0
ligue-1,2020-2021,F1,06/12/2020,Angers,Lorient,2.0,0.0,H,1.0,0.0,10.0,12.0,3.0,3.0
ligue-1,2020-2021,F1,06/12/2020,Bordeaux,Brest,1.0,0.0,H,0.0,0.0,21.0,8.0,6.0,3.0
ligue-1,2020-2021,F1,06/12/2020,Dijon,St Etienne,0.0,0.0,D,0.0,0.0,6.0,7.0,1.0,2.0
ligue-1,2020-2021,F1,06/12/2020,Nantes,Strasbourg,0.0,4.0,A,0.0,2.0,14.0,13.0,2.0,9.0
ligue-1,2020-2021,F1,06/12/2020,Reims,Nice,0.0,0.0,D,0.0,0.0,11.0,12.0,2.0,4.0
ligue-1,2020-2021,F1,06/12/2020,Metz,Lyon,1.0,3.0,A,0.0,1.0,12.0,18.0,5.0,5.0
ligue-1,2020-2021,F1,11/12/2020,St Etienne,Angers,0.0,0.0,D,0.0,0.0,14.0,8.0,3.0,3.0
ligue-1,2020-2021,F1,12/12/2020,Marseille,Monaco,2.0,1.0,H,2.0,0.0,5.0,9.0,2.0,4.0
ligue-1,2020-2021,F1,12/12/2020,Lens,Montpellier,2.0,3.0,A,1.0,2.0,14.0,10.0,4.0,7.0
ligue-1,2020-2021,F1,13/12/2020,Nice,Rennes,0.0,1.0,A,0.0,1.0,11.0,16.0,3.0,6.0
ligue-1,2020-2021,F1,13/12/2020,Brest,Reims,2.0,1.0,H,1.0,0.0,10.0,10.0,6.0,4.0
ligue-1,2020-2021,F1,13/12/2020,Lorient,Nimes,3.0,0.0,H,2.0,0.0,13.0,6.0,5.0,2.0
ligue-1,2020-2021,F1,13/12/2020,Nantes,Dijon,1.0,1.0,D,1.0,0.0,17.0,13.0,6.0,4.0
ligue-1,2020-2021,F1,13/12/2020,Strasbourg,Metz,2.0,2.0,D,0.0,1.0,18.0,6.0,4.0,3.0
ligue-1,2020-2021,F1,13/12/2020,Lille,Bordeaux,2.0,1.0,H,2.0,1.0,15.0,4.0,5.0,3.0
ligue-1,2020-2021,F1,13/12/2020,Paris SG,Lyon,0.0,1.0,A,0.0,1.0,7.0,8.0,1.0,5.0
ligue-1,2020-2021,F1,16/12/2020,Angers,Strasbourg,0.0,2.0,A,0.0,0.0,8.0,7.0,2.0,3.0
ligue-1,2020-2021,F1,16/12/2020,Dijon,Lille,0.0,2.0,A,0.0,1.0,6.0,10.0,1.0,5.0
ligue-1,2020-2021,F1,16/12/2020,Montpellier,Metz,0.0,2.0,A,0.0,0.0,14.0,9.0,3.0,5.0
ligue-1,2020-2021,F1,16/12/2020,Nimes,Nice,0.0,2.0,A,0.0,0.0,15.0,14.0,4.0,6.0
ligue-1,2020-2021,F1,16/12/2020,Reims,Nantes,3.0,2.0,H,0.0,1.0,13.0,18.0,4.0,7.0
ligue-1,2020-2021,F1,16/12/2020,Bordeaux,St Etienne,1.0,2.0,A,1.0,1.0,11.0,19.0,3.0,8.0
ligue-1,2020-2021,F1,16/12/2020,Lyon,Brest,2.0,2.0,D,0.0,1.0,28.0,8.0,11.0,2.0
ligue-1,2020-2021,F1,16/12/2020,Monaco,Lens,0.0,3.0,A,0.0,3.0,7.0,8.0,1.0,4.0
ligue-1,2020-2021,F1,16/12/2020,Paris SG,Lorient,2.0,0.0,H,0.0,0.0,24.0,8.0,8.0,3.0
ligue-1,2020-2021,F1,16/12/2020,Rennes,Marseille,2.0,1.0,H,0.0,1.0,15.0,8.0,5.0,1.0
ligue-1,2020-2021,F1,19/12/2020,Metz,Lens,2.0,0.0,H,1.0,0.0,12.0,17.0,4.0,3.0
ligue-1,2020-2021,F1,19/12/2020,Marseille,Reims,1.0,1.0,D,1.0,1.0,12.0,2.0,6.0,1.0
ligue-1,2020-2021,F1,19/12/2020,Nice,Lyon,1.0,4.0,A,1.0,2.0,8.0,13.0,1.0,9.0
ligue-1,2020-2021,F1,20/12/2020,Brest,Montpellier,2.0,2.0,D,0.0,1.0,17.0,10.0,7.0,4.0
ligue-1,2020-2021,F1,20/12/2020,Dijon,Monaco,0.0,1.0,A,0.0,1.0,11.0,13.0,1.0,6.0
ligue-1,2020-2021,F1,20/12/2020,Nantes,Angers,1.0,1.0,D,0.0,1.0,9.0,12.0,2.0,6.0
ligue-1,2020-2021,F1,20/12/2020,St Etienne,Nimes,2.0,2.0,D,1.0,1.0,18.0,9.0,9.0,4.0
ligue-1,2020-2021,F1,20/12/2020,Strasbourg,Bordeaux,0.0,2.0,A,0.0,1.0,10.0,11.0,3.0,6.0
ligue-1,2020-2021,F1,20/12/2020,Lorient,Rennes,0.0,3.0,A,0.0,1.0,11.0,15.0,2.0,4.0
ligue-1,2020-2021,F1,20/12/2020,Lille,Paris SG,0.0,0.0,D,0.0,0.0,8.0,8.0,3.0,1.0
ligue-1,2020-2021,F1,23/12/2020,Bordeaux,Reims,1.0,3.0,A,0.0,2.0,9.0,10.0,3.0,5.0
ligue-1,2020-2021,F1,23/12/2020,Lens,Brest,2.0,1.0,H,2.0,0.0,11.0,10.0,4.0,3.0
ligue-1,2020-2021,F1,23/12/2020,Nice,Lorient,2.0,2.0,D,2.0,0.0,3.0,24.0,3.0,6.0
ligue-1,2020-2021,F1,23/12/2020,Nimes,Dijon,1.0,3.0,A,1.0,0.0,8.0,14.0,1.0,4.0
ligue-1,2020-2021,F1,23/12/2020,Rennes,Metz,1.0,0.0,H,0.0,0.0,11.0,9.0,6.0,4.0
ligue-1,2020-2021,F1,23/12/2020,Angers,Marseille,2.0,1.0,H,2.0,0.0,9.0,9.0,2.0,3.0
ligue-1,2020-2021,F1,23/12/2020,Lyon,Nantes,3.0,0.0,H,3.0,0.0,22.0,18.0,11.0,4.0
ligue-1,2020-2021,F1,23/12/2020,Monaco,St Etienne,2.0,2.0,D,1.0,2.0,2.0,18.0,2.0,6.0
ligue-1,2020-2021,F1,23/12/2020,Montpellier,Lille,2.0,3.0,A,0.0,1.0,17.0,9.0,6.0,7.0
ligue-1,2020-2021,F1,23/12/2020,Paris SG,Strasbourg,4.0,0.0,H,1.0,0.0,17.0,8.0,8.0,2.0
ligue-1,2020-2021,F1,06/01/2021,Brest,Nice,2.0,0.0,H,2.0,0.0,10.0,12.0,6.0,6.0
ligue-1,2020-2021,F1,06/01/2021,Lorient,Monaco,2.0,5.0,A,1.0,1.0,11.0,16.0,5.0,9.0
ligue-1,2020-2021,F1,06/01/2021,Metz,Bordeaux,0.0,0.0,D,0.0,0.0,9.0,12.0,3.0,3.0
ligue-1,2020-2021,F1,06/01/2021,Nantes,Rennes,0.0,0.0,D,0.0,0.0,7.0,8.0,2.0,0.0
ligue-1,2020-2021,F1,06/01/2021,Strasbourg,Nimes,5.0,0.0,H,3.0,0.0,21.0,6.0,12.0,2.0
ligue-1,2020-2021,F1,06/01/2021,Lille,Angers,1.0,2.0,A,1.0,2.0,7.0,7.0,2.0,3.0
ligue-1,2020-2021,F1,06/01/2021,Lyon,Lens,3.0,2.0,H,1.0,0.0,11.0,10.0,6.0,2.0
ligue-1,2020-2021,F1,06/01/2021,Marseille,Montpellier,3.0,1.0,H,1.0,0.0,18.0,13.0,8.0,5.0
ligue-1,2020-2021,F1,06/01/2021,Reims,Dijon,0.0,0.0,D,0.0,0.0,9.0,8.0,3.0,0.0
ligue-1,2020-2021,F1,06/01/2021,St Etienne,Paris SG,1.0,1.0,D,1.0,1.0,11.0,10.0,5.0,4.0
ligue-1,2020-2021,F1,09/01/2021,Bordeaux,Lorient,2.0,1.0,H,2.0,1.0,16.0,12.0,6.0,4.0
ligue-1,2020-2021,F1,09/01/2021,Dijon,Marseille,0.0,0.0,D,0.0,0.0,5.0,11.0,0.0,4.0
ligue-1,2020-2021,F1,09/01/2021,Lens,Strasbourg,0.0,1.0,A,0.0,1.0,11.0,10.0,2.0,4.0
ligue-1,2020-2021,F1,09/01/2021,Metz,Nice,1.0,1.0,D,0.0,1.0,16.0,11.0,5.0,4.0
ligue-1,2020-2021,F1,09/01/2021,Monaco,Angers,3.0,0.0,H,1.0,0.0,14.0,6.0,5.0,2.0
ligue-1,2020-2021,F1,09/01/2021,Montpellier,Nantes,1.0,1.0,D,1.0,0.0,8.0,12.0,6.0,3.0
ligue-1,2020-2021,F1,09/01/2021,Nimes,Lille,0.0,1.0,A,0.0,1.0,7.0,10.0,0.0,2.0
ligue-1,2020-2021,F1,09/01/2021,Paris SG,Brest,3.0,0.0,H,1.0,0.0,22.0,12.0,11.0,2.0
ligue-1,2020-2021,F1,09/01/2021,Reims,St Etienne,3.0,1.0,H,2.0,0.0,7.0,14.0,3.0,6.0
ligue-1,2020-2021,F1,09/01/2021,Rennes,Lyon,2.0,2.0,D,1.0,0.0,14.0,13.0,6.0,4.0
ligue-1,2020-2021,F1,15/01/2021,Montpellier,Monaco,2.0,3.0,A,0.0,2.0,9.0,16.0,3.0,5.0
ligue-1,2020-2021,F1,16/01/2021,Marseille,Nimes,1.0,2.0,A,0.0,0.0,14.0,8.0,6.0,5.0
ligue-1,2020-2021,F1,16/01/2021,Angers,Paris SG,0.0,1.0,A,0.0,0.0,11.0,12.0,4.0,3.0
ligue-1,2020-2021,F1,17/01/2021,Brest,Rennes,1.0,2.0,A,1.0,1.0,14.0,7.0,4.0,4.0
ligue-1,2020-2021,F1,17/01/2021,Nantes,Lens,1.0,1.0,D,1.0,0.0,10.0,8.0,2.0,1.0
ligue-1,2020-2021,F1,17/01/2021,Nice,Bordeaux,0.0,3.0,A,0.0,0.0,10.0,17.0,1.0,9.0
ligue-1,2020-2021,F1,17/01/2021,Strasbourg,St Etienne,1.0,0.0,H,1.0,0.0,15.0,8.0,3.0,3.0
ligue-1,2020-2021,F1,17/01/2021,Lille,Reims,2.0,1.0,H,0.0,1.0,16.0,8.0,8.0,4.0
ligue-1,2020-2021,F1,17/01/2021,Lyon,Metz,0.0,1.0,A,0.0,0.0,23.0,17.0,5.0,3.0
ligue-1,2020-2021,F1,20/01/2021,Marseille,Lens,0.0,1.0,A,0.0,0.0,4.0,13.0,1.0,4.0
ligue-1,2020-2021,F1,22/01/2021,Paris SG,Montpellier,4.0,0.0,H,1.0,0.0,26.0,5.0,8.0,1.0
ligue-1,2020-2021,F1,23/01/2021,Lens,Nice,0.0,1.0,A,0.0,0.0,13.0,7.0,3.0,2.0
ligue-1,2020-2021,F1,23/01/2021,Monaco,Marseille,3.0,1.0,H,0.0,1.0,8.0,5.0,6.0,1.0
ligue-1,2020-2021,F1,24/01/2021,Bordeaux,Angers,2.0,1.0,H,2.0,1.0,7.0,15.0,3.0,7.0
ligue-1,2020-2021,F1,24/01/2021,Dijon,Strasbourg,1.0,1.0,D,0.0,0.0,5.0,15.0,3.0,2.0
ligue-1,2020-2021,F1,24/01/2021,Metz,Nantes,2.0,0.0,H,1.0,0.0,14.0,8.0,4.0,0.0
ligue-1,2020-2021,F1,24/01/2021,Reims,Brest,1.0,0.0,H,1.0,0.0,12.0,17.0,2.0,1.0
ligue-1,2020-2021,F1,24/01/2021,Rennes,Lille,0.0,1.0,A,0.0,1.0,11.0,9.0,2.0,4.0
ligue-1,2020-2021,F1,24/01/2021,St Etienne,Lyon,0.0,5.0,A,0.0,2.0,3.0,19.0,0.0,12.0
ligue-1,2020-2021,F1,27/01/2021,Lorient,Dijon,3.0,2.0,H,1.0,2.0,14.0,7.0,5.0,2.0
ligue-1,2020-2021,F1,29/01/2021,Lyon,Bordeaux,2.0,1.0,H,1.0,0.0,10.0,12.0,4.0,2.0
ligue-1,2020-2021,F1,30/01/2021,Montpellier,Lens,1.0,2.0,A,0.0,1.0,17.0,11.0,7.0,2.0
ligue-1,2020-2021,F1,31/01/2021,Nice,St Etienne,0.0,1.0,A,0.0,0.0,7.0,10.0,2.0,1.0
ligue-1,2020-2021,F1,31/01/2021,Angers,Nimes,3.0,1.0,H,2.0,1.0,12.0,8.0,5.0,4.0
ligue-1,2020-2021,F1,31/01/2021,Brest,Metz,2.0,4.0,A,1.0,1.0,10.0,15.0,5.0,6.0
ligue-1,2020-2021,F1,31/01/2021,Lorient,Paris SG,3.0,2.0,H,1.0,1.0,16.0,14.0,5.0,3.0
ligue-1,2020-2021,F1,31/01/2021,Strasbourg,Reims,0.0,1.0,A,0.0,0.0,12.0,10.0,2.0,5.0
ligue-1,2020-2021,F1,31/01/2021,Lille,Dijon,1.0,0.0,H,1.0,0.0,14.0,11.0,2.0,3.0
ligue-1,2020-2021,F1,31/01/2021,Nantes,Monaco,1.0,2.0,A,0.0,1.0,9.0,14.0,3.0,5.0
ligue-1,2020-2021,F1,03/02/2021,Bordeaux,Lille,0.0,3.0,A,0.0,0.0,10.0,11.0,4.0,6.0
ligue-1,2020-2021,F1,03/02/2021,Metz,Montpellier,1.0,1.0,D,0.0,0.0,17.0,15.0,6.0,4.0
ligue-1,2020-2021,F1,03/02/2021,Reims,Angers,0.0,0.0,D,0.0,0.0,10.0,6.0,2.0,2.0
ligue-1,2020-2021,F1,03/02/2021,Rennes,Lorient,1.0,1.0,D,1.0,0.0,10.0,12.0,6.0,3.0
ligue-1,2020-2021,F1,03/02/2021,Strasbourg,Brest,2.0,2.0,D,1.0,0.0,9.0,3.0,4.0,2.0
ligue-1,2020-2021,F1,03/02/2021,Dijon,Lyon,0.0,1.0,A,0.0,1.0,14.0,16.0,2.0,8.0
ligue-1,2020-2021,F1,03/02/2021,Lens,Marseille,2.0,2.0,D,0.0,2.0,21.0,11.0,3.0,4.0
ligue-1,2020-2021,F1,03/02/2021,Monaco,Nice,2.0,1.0,H,1.0,0.0,15.0,5.0,6.0,2.0
ligue-1,2020-2021,F1,03/02/2021,Paris SG,Nimes,3.0,0.0,H,2.0,0.0,14.0,19.0,6.0,6.0
ligue-1,2020-2021,F1,03/02/2021,St Etienne,Nantes,1.0,1.0,D,0.0,1.0,14.0,13.0,8.0,6.0
ligue-1,2020-2021,F1,06/02/2021,Lorient,Reims,1.0,0.0,H,0.0,0.0,10.0,13.0,4.0,3.0
ligue-1,2020-2021,F1,06/02/2021,Lyon,Strasbourg,3.0,0.0,H,2.0,0.0,16.0,8.0,8.0,1.0
ligue-1,2020-2021,F1,06/02/2021,Lens,Rennes,0.0,0.0,D,0.0,0.0,10.0,10.0,3.0,1.0
ligue-1,2020-2021,F1,07/02/2021,Brest,Bordeaux,2.0,1.0,H,0.0,0.0,24.0,8.0,6.0,4.0
ligue-1,2020-2021,F1,07/02/2021,Montpellier,Dijon,4.0,2.0,H,0.0,1.0,25.0,13.0,11.0,5.0
ligue-1,2020-2021,F1,07/02/2021,Nice,Angers,3.0,0.0,H,2.0,0.0,11.0,10.0,2.0,3.0
ligue-1,2020-2021,F1,07/02/2021,Nimes,Monaco,3.0,4.0,A,2.0,2.0,9.0,11.0,4.0,5.0
ligue-1,2020-2021,F1,07/02/2021,St Etienne,Metz,1.0,0.0,H,1.0,0.0,12.0,10.0,3.0,0.0
ligue-1,2020-2021,F1,07/02/2021,Nantes,Lille,0.0,2.0,A,0.0,1.0,6.0,14.0,1.0,3.0
ligue-1,2020-2021,F1,07/02/2021,Marseille,Paris SG,0.0,2.0,A,0.0,2.0,12.0,9.0,4.0,2.0
ligue-1,2020-2021,F1,13/02/2021,Paris SG,Nice,2.0,1.0,H,1.0,0.0,17.0,13.0,4.0,5.0
ligue-1,2020-2021,F1,13/02/2021,Reims,Lens,1.0,1.0,D,1.0,0.0,9.0,17.0,6.0,6.0
ligue-1,2020-2021,F1,13/02/2021,Lyon,Montpellier,1.0,2.0,A,1.0,1.0,24.0,12.0,8.0,5.0
ligue-1,2020-2021,F1,14/02/2021,Monaco,Lorient,2.0,2.0,D,0.0,1.0,12.0,5.0,4.0,2.0
ligue-1,2020-2021,F1,14/02/2021,Angers,Nantes,1.0,3.0,A,1.0,2.0,8.0,7.0,3.0,3.0
ligue-1,2020-2021,F1,14/02/2021,Dijon,Nimes,0.0,2.0,A,0.0,0.0,10.0,8.0,3.0,4.0
ligue-1,2020-2021,F1,14/02/2021,Metz,Strasbourg,1.0,2.0,A,1.0,1.0,14.0,12.0,3.0,2.0
ligue-1,2020-2021,F1,14/02/2021,Rennes,St Etienne,0.0,2.0,A,0.0,1.0,13.0,6.0,2.0,3.0
ligue-1,2020-2021,F1,14/02/2021,Lille,Brest,0.0,0.0,D,0.0,0.0,14.0,3.0,0.0,1.0
ligue-1,2020-2021,F1,14/02/2021,Bordeaux,Marseille,0.0,0.0,D,0.0,0.0,18.0,5.0,1.0,1.0
ligue-1,2020-2021,F1,17/02/2021,Marseille,Nice,3.0,2.0,H,2.0,0.0,8.0,10.0,4.0,4.0
ligue-1,2020-2021,F1,19/02/2021,Brest,Lyon,2.0,3.0,A,0.0,3.0,19.0,17.0,7.0,7.0
ligue-1,2020-2021,F1,20/02/2021,St Etienne,Reims,1.0,1.0,D,0.0,0.0,18.0,4.0,8.0,2.0
ligue-1,2020-2021,F1,20/02/2021,Nantes,Marseille,1.0,1.0,D,0.0,0.0,6.0,7.0,1.0,3.0
ligue-1,2020-2021,F1,21/02/2021,Montpellier,Rennes,2.0,1.0,H,2.0,0.0,12.0,14.0,7.0,5.0
ligue-1,2020-2021,F1,21/02/2021,Lens,Dijon,2.0,1.0,H,1.0,0.0,11.0,12.0,4.0,4.0
ligue-1,2020-2021,F1,21/02/2021,Nice,Metz,1.0,2.0,A,0.0,2.0,12.0,11.0,3.0,4.0
ligue-1,2020-2021,F1,21/02/2021,Nimes,Bordeaux,2.0,0.0,H,1.0,0.0,8.0,11.0,3.0,4.0
ligue-1,2020-2021,F1,21/02/2021,Strasbourg,Angers,0.0,0.0,D,0.0,0.0,16.0,7.0,2.0,3.0
ligue-1,2020-2021,F1,21/02/2021,Lorient,Lille,1.0,4.0,A,1.0,2.0,8.0,16.0,3.0,7.0
ligue-1,2020-2021,F1,21/02/2021,Paris SG,Monaco,0.0,2.0,A,0.0,1.0,10.0,5.0,1.0,3.0
ligue-1,2020-2021,F1,24/02/2021,Nimes,Lorient,1.0,0.0,H,0.0,0.0,7.0,11.0,2.0,3.0
ligue-1,2020-2021,F1,26/02/2021,Rennes,Nice,1.0,2.0,A,1.0,1.0,17.0,14.0,5.0,7.0
ligue-1,2020-2021,F1,27/02/2021,Bordeaux,Metz,1.0,2.0,A,1.0,0.0,8.0,15.0,1.0,5.0
ligue-1,2020-2021,F1,27/02/2021,Dijon,Paris SG,0.0,4.0,A,0.0,2.0,5.0,7.0,1.0,5.0
ligue-1,2020-2021,F1,28/02/2021,Monaco,Brest,2.0,0.0,H,0.0,0.0,15.0,7.0,9.0,1.0
ligue-1,2020-2021,F1,28/02/2021,Angers,Lens,2.0,2.0,D,2.0,1.0,6.0,14.0,3.0,4.0
ligue-1,2020-2021,F1,28/02/2021,Lorient,St Etienne,2.0,1.0,H,0.0,1.0,11.0,9.0,3.0,2.0
ligue-1,2020-2021,F1,28/02/2021,Nimes,Nantes,1.0,1.0,D,0.0,1.0,8.0,8.0,4.0,1.0
ligue-1,2020-2021,F1,28/02/2021,Reims,Montpellier,0.0,0.0,D,0.0,0.0,9.0,9.0,2.0,3.0
ligue-1,2020-2021,F1,28/02/2021,Lille,Strasbourg,1.0,1.0,D,0.0,1.0,14.0,10.0,5.0,3.0
ligue-1,2020-2021,F1,28/02/2021,Marseille,Lyon,1.0,1.0,D,1.0,1.0,12.0,11.0,2.0,1.0
ligue-1,2020-2021,F1,03/03/2021,Brest,Dijon,3.0,1.0,H,3.0,1.0,10.0,10.0,3.0,2.0
ligue-1,2020-2021,F1,03/03/2021,Lyon,Rennes,1.0,0.0,H,0.0,0.0,15.0,12.0,7.0,1.0
ligue-1,2020-2021,F1,03/03/2021,Metz,Angers,0.0,1.0,A,0.0,1.0,15.0,8.0,1.0,4.0
ligue-1,2020-2021,F1,03/03/2021,Nice,Nimes,2.0,1.0,H,1.0,0.0,10.0,22.0,4.0,7.0
ligue-1,2020-2021,F1,03/03/2021,St Etienne,Lens,2.0,3.0,A,1.0,2.0,19.0,9.0,4.0,5.0
ligue-1,2020-2021,F1,03/03/2021,Bordeaux,Paris SG,0.0,1.0,A,0.0,1.0,11.0,12.0,2.0,3.0
ligue-1,2020-2021,F1,03/03/2021,Lille,Marseille,2.0,0.0,H,0.0,0.0,23.0,3.0,8.0,1.0
ligue-1,2020-2021,F1,03/03/2021,Montpellier,Lorient,1.0,1.0,D,1.0,1.0,10.0,14.0,4.0,6.0
ligue-1,2020-2021,F1,03/03/2021,Nantes,Reims,1.0,2.0,A,1.0,1.0,12.0,4.0,5.0,2.0
ligue-1,2020-2021,F1,03/03/2021,Strasbourg,Monaco,1.0,0.0,H,0.0,0.0,17.0,5.0,2.0,1.0
ligue-1,2020-2021,F1,10/03/2021,Marseille,Rennes,1.0,0.0,H,0.0,0.0,9.0,10.0,2.0,2.0
ligue-1,2020-2021,F1,12/03/2021,Reims,Lyon,1.0,1.0,D,1.0,0.0,14.0,17.0,5.0,6.0
ligue-1,2020-2021,F1,13/03/2021,Angers,St Etienne,0.0,1.0,A,0.0,0.0,4.0,7.0,1.0,3.0
ligue-1,2020-2021,F1,13/03/2021,Marseille,Brest,3.0,1.0,H,1.0,0.0,12.0,6.0,6.0,1.0
ligue-1,2020-2021,F1,14/03/2021,Nimes,Montpellier,1.0,1.0,D,0.0,0.0,12.0,12.0,7.0,5.0
ligue-1,2020-2021,F1,14/03/2021,Dijon,Bordeaux,1.0,3.0,A,0.0,2.0,13.0,10.0,3.0,6.0
ligue-1,2020-2021,F1,14/03/2021,Lens,Metz,2.0,2.0,D,2.0,1.0,16.0,7.0,6.0,4.0
ligue-1,2020-2021,F1,14/03/2021,Lorient,Nice,1.0,1.0,D,0.0,0.0,17.0,6.0,7.0,2.0
ligue-1,2020-2021,F1,14/03/2021,Rennes,Strasbourg,1.0,0.0,H,1.0,0.0,11.0,6.0,2.0,1.0
ligue-1,2020-2021,F1,14/03/2021,Monaco,Lille,0.0,0.0,D,0.0,0.0,8.0,5.0,4.0,2.0
ligue-1,2020-2021,F1,14/03/2021,Paris SG,Nantes,1.0,2.0,A,1.0,0.0,11.0,8.0,5.0,5.0
ligue-1,2020-2021,F1,19/03/2021,St Etienne,Monaco,0.0,4.0,A,0.0,1.0,9.0,15.0,3.0,4.0
ligue-1,2020-2021,F1,20/03/2021,Metz,Rennes,1.0,3.0,A,0.0,2.0,14.0,9.0,2.0,5.0
ligue-1,2020-2021,F1,20/03/2021,Nice,Marseille,3.0,0.0,H,1.0,0.0,17.0,7.0,7.0,2.0
ligue-1,2020-2021,F1,21/03/2021,Strasbourg,Lens,1.0,2.0,A,1.0,2.0,17.0,12.0,5.0,4.0
ligue-1,2020-2021,F1,21/03/2021,Brest,Angers,0.0,0.0,D,0.0,0.0,11.0,15.0,2.0,5.0
ligue-1,2020-2021,F1,21/03/2021,Dijon,Reims,0.0,1.0,A,0.0,0.0,10.0,9.0,4.0,2.0
ligue-1,2020-2021,F1,21/03/2021,Montpellier,Bordeaux,3.0,1.0,H,1.0,1.0,23.0,13.0,9.0,3.0
ligue-1,2020-2021,F1,21/03/2021,Nantes,Lorient,1.0,1.0,D,1.0,0.0,8.0,15.0,3.0,3.0
ligue-1,2020-2021,F1,21/03/2021,Lille,Nimes,1.0,2.0,A,1.0,2.0,15.0,10.0,4.0,4.0
ligue-1,2020-2021,F1,21/03/2021,Lyon,Paris SG,2.0,4.0,A,0.0,2.0,8.0,14.0,7.0,9.0
ligue-1,2020-2021,F1,03/04/2021,Monaco,Metz,4.0,0.0,H,0.0,0.0,15.0,6.0,6.0,1.0
ligue-1,2020-2021,F1,03/04/2021,Paris SG,Lille,0.0,1.0,A,0.0,1.0,16.0,3.0,3.0,3.0
ligue-1,2020-2021,F1,03/04/2021,Lens,Lyon,1.0,1.0,D,0.0,0.0,10.0,15.0,4.0,6.0
ligue-1,2020-2021,F1,04/04/2021,Angers,Montpellier,1.0,1.0,D,0.0,0.0,14.0,8.0,4.0,3.0
ligue-1,2020-2021,F1,04/04/2021,Bordeaux,Strasbourg,2.0,3.0,A,2.0,3.0,14.0,12.0,6.0,5.0
ligue-1,2020-2021,F1,04/04/2021,Lorient,Brest,1.0,0.0,H,1.0,0.0,13.0,5.0,4.0,1.0
ligue-1,2020-2021,F1,04/04/2021,Nantes,Nice,1.0,2.0,A,1.0,2.0,18.0,17.0,6.0,8.0
ligue-1,2020-2021,F1,04/04/2021,Reims,Rennes,2.0,2.0,D,0.0,0.0,9.0,19.0,4.0,8.0
ligue-1,2020-2021,F1,04/04/2021,Nimes,St Etienne,0.0,2.0,A,0.0,1.0,14.0,15.0,3.0,5.0
ligue-1,2020-2021,F1,04/04/2021,Marseille,Dijon,2.0,0.0,H,1.0,0.0,16.0,4.0,3.0,1.0
ligue-1,2020-2021,F1,09/04/2021,Metz,Lille,0.0,2.0,A,0.0,0.0,18.0,9.0,7.0,6.0
ligue-1,2020-2021,F1,10/04/2021,Strasbourg,Paris SG,1.0,4.0,A,0.0,3.0,9.0,16.0,3.0,7.0
ligue-1,2020-2021,F1,10/04/2021,Montpellier,Marseille,3.0,3.0,D,1.0,2.0,20.0,13.0,7.0,8.0
ligue-1,2020-2021,F1,11/04/2021,Rennes,Nantes,1.0,0.0,H,0.0,0.0,14.0,4.0,4.0,2.0
ligue-1,2020-2021,F1,11/04/2021,Brest,Nimes,1.0,1.0,D,1.0,1.0,22.0,5.0,4.0,3.0
ligue-1,2020-2021,F1,11/04/2021,Lens,Lorient,4.0,1.0,H,2.0,1.0,14.0,17.0,6.0,6.0
ligue-1,2020-2021,F1,11/04/2021,Nice,Reims,0.0,0.0,D,0.0,0.0,13.0,10.0,2.0,1.0
ligue-1,2020-2021,F1,11/04/2021,St Etienne,Bordeaux,4.0,1.0,H,2.0,1.0,17.0,10.0,7.0,2.0
ligue-1,2020-2021,F1,11/04/2021,Monaco,Dijon,3.0,0.0,H,0.0,0.0,16.0,6.0,10.0,1.0
ligue-1,2020-2021,F1,11/04/2021,Lyon,Angers,3.0,0.0,H,2.0,0.0,16.0,11.0,6.0,3.0
ligue-1,2020-2021,F1,16/04/2021,Lille,Montpellier,1.0,1.0,D,0.0,1.0,20.0,10.0,9.0,4.0
ligue-1,2020-2021,F1,17/04/2021,Angers,Rennes,0.0,3.0,A,0.0,1.0,10.0,9.0,3.0,3.0
ligue-1,2020-2021,F1,17/04/2021,Marseille,Lorient,3.0,2.0,H,0.0,1.0,13.0,12.0,5.0,6.0
ligue-1,2020-2021,F1,18/04/2021,Paris SG,St Etienne,3.0,2.0,H,0.0,0.0,17.0,7.0,5.0,5.0
ligue-1,2020-2021,F1,18/04/2021,Brest,Lens,1.0,1.0,D,1.0,0.0,7.0,8.0,5.0,2.0
ligue-1,2020-2021,F1,18/04/2021,Dijon,Nice,2.0,0.0,H,0.0,0.0,9.0,10.0,3.0,2.0
ligue-1,2020-2021,F1,18/04/2021,Nimes,Strasbourg,1.0,1.0,D,0.0,0.0,5.0,7.0,1.0,3.0
ligue-1,2020-2021,F1,18/04/2021,Reims,Metz,0.0,0.0,D,0.0,0.0,15.0,11.0,6.0,2.0
ligue-1,2020-2021,F1,18/04/2021,Bordeaux,Monaco,0.0,3.0,A,0.0,1.0,7.0,13.0,2.0,6.0
ligue-1,2020-2021,F1,18/04/2021,Nantes,Lyon,1.0,2.0,A,0.0,2.0,12.0,11.0,3.0,4.0
ligue-1,2020-2021,F1,23/04/2021,Reims,Marseille,1.0,3.0,A,1.0,2.0,10.0,11.0,1.0,6.0
ligue-1,2020-2021,F1,24/04/2021,St Etienne,Brest,1.0,2.0,A,1.0,0.0,6.0,12.0,3.0,7.0
ligue-1,2020-2021,F1,24/04/2021,Metz,Paris SG,1.0,3.0,A,0.0,1.0,8.0,19.0,3.0,8.0
ligue-1,2020-2021,F1,25/04/2021,Nice,Montpellier,3.0,1.0,H,3.0,1.0,18.0,14.0,8.0,3.0
ligue-1,2020-2021,F1,25/04/2021,Lens,Nimes,2.0,1.0,H,1.0,0.0,7.0,16.0,4.0,2.0
ligue-1,2020-2021,F1,25/04/2021,Lorient,Bordeaux,4.0,1.0,H,3.0,0.0,13.0,13.0,7.0,7.0
ligue-1,2020-2021,F1,25/04/2021,Rennes,Dijon,5.0,1.0,H,1.0,1.0,25.0,4.0,12.0,1.0
ligue-1,2020-2021,F1,25/04/2021,Strasbourg,Nantes,1.0,2.0,A,1.0,0.0,12.0,7.0,4.0,5.0
ligue-1,2020-2021,F1,25/04/2021,Angers,Monaco,0.0,1.0,A,0.0,0.0,4.0,10.0,0.0,3.0
ligue-1,2020-2021,F1,25/04/2021,Lyon,Lille,2.0,3.0,A,2.0,1.0,7.0,16.0,2.0,7.0
ligue-1,2020-2021,F1,30/04/2021,Marseille,Strasbourg,1.0,1.0,D,0.0,0.0,8.0,8.0,4.0,5.0
ligue-1,2020-2021,F1,01/05/2021,Paris SG,Lens,2.0,1.0,H,1.0,0.0,14.0,15.0,6.0,3.0
ligue-1,2020-2021,F1,01/05/2021,Lille,Nice,2.0,0.0,H,1.0,0.0,12.0,0.0,4.0,0.0
ligue-1,2020-2021,F1,02/05/2021,Bordeaux,Rennes,1.0,0.0,H,1.0,0.0,9.0,9.0,4.0,2.0
ligue-1,2020-2021,F1,02/05/2021,Brest,Nantes,1.0,4.0,A,0.0,2.0,16.0,12.0,7.0,6.0
ligue-1,2020-2021,F1,02/05/2021,Dijon,Metz,1.0,5.0,A,0.0,2.0,10.0,14.0,4.0,6.0
ligue-1,2020-2021,F1,02/05/2021,Lorient,Angers,2.0,0.0,H,1.0,0.0,13.0,9.0,4.0,2.0
ligue-1,2020-2021,F1,02/05/2021,Nimes,Reims,2.0,2.0,D,0.0,1.0,18.0,12.0,7.0,7.0
ligue-1,2020-2021,F1,02/05/2021,Montpellier,St Etienne,1.0,2.0,A,1.0,1.0,13.0,19.0,2.0,7.0
ligue-1,2020-2021,F1,02/05/2021,Monaco,Lyon,2.0,3.0,A,1.0,0.0,12.0,17.0,4.0,5.0
ligue-1,2020-2021,F1,07/05/2021,Lens,Lille,0.0,3.0,A,0.0,2.0,11.0,11.0,5.0,6.0
ligue-1,2020-2021,F1,08/05/2021,Nantes,Bordeaux,3.0,0.0,H,1.0,0.0,11.0,10.0,3.0,2.0
ligue-1,2020-2021,F1,08/05/2021,Lyon,Lorient,4.0,1.0,H,0.0,0.0,25.0,8.0,11.0,2.0
ligue-1,2020-2021,F1,09/05/2021,St Etienne,Marseille,1.0,0.0,H,1.0,0.0,18.0,15.0,5.0,4.0
ligue-1,2020-2021,F1,09/05/2021,Angers,Dijon,3.0,0.0,H,1.0,0.0,11.0,5.0,4.0,1.0
ligue-1,2020-2021,F1,09/05/2021,Metz,Nimes,0.0,3.0,A,0.0,0.0,11.0,10.0,2.0,5.0
ligue-1,2020-2021,F1,09/05/2021,Nice,Brest,3.0,2.0,H,1.0,2.0,14.0,9.0,5.0,2.0
ligue-1,2020-2021,F1,09/05/2021,Strasbourg,Montpellier,2.0,3.0,A,0.0,1.0,18.0,6.0,7.0,3.0
ligue-1,2020-2021,F1,09/05/2021,Reims,Monaco,0.0,1.0,A,0.0,1.0,8.0,7.0,2.0,2.0
ligue-1,2020-2021,F1,09/05/2021,Rennes,Paris SG,1.0,1.0,D,0.0,1.0,19.0,12.0,10.0,4.0
ligue-1,2020-2021,F1,16/05/2021,Bordeaux,Lens,3.0,0.0,H,1.0,0.0,11.0,14.0,4.0,4.0
ligue-1,2020-2021,F1,16/05/2021,Dijon,Nantes,0.0,4.0,A,0.0,2.0,10.0,16.0,1.0,4.0
ligue-1,2020-2021,F1,16/05/2021,Lille,St Etienne,0.0,0.0,D,0.0,0.0,14.0,8.0,3.0,1.0
ligue-1,2020-2021,F1,16/05/2021,Lorient,Metz,2.0,1.0,H,1.0,0.0,6.0,3.0,2.0,1.0
ligue-1,2020-2021,F1,16/05/2021,Marseille,Angers,3.0,2.0,H,1.0,0.0,16.0,11.0,11.0,5.0
ligue-1,2020-2021,F1,16/05/2021,Monaco,Rennes,2.0,1.0,H,2.0,0.0,11.0,9.0,3.0,2.0
ligue-1,2020-2021,F1,16/05/2021,Montpellier,Brest,0.0,0.0,D,0.0,0.0,4.0,22.0,2.0,9.0
ligue-1,2020-2021,F1,16/05/2021,Nice,Strasbourg,0.0,2.0,A,0.0,1.0,7.0,11.0,3.0,5.0
ligue-1,2020-2021,F1,16/05/2021,Nimes,Lyon,2.0,5.0,A,1.0,3.0,8.0,21.0,4.0,13.0
ligue-1,2020-2021,F1,16/05/2021,Paris SG,Reims,4.0,0.0,H,2.0,0.0,28.0,2.0,10.0,0.0
ligue-1,2020-2021,F1,23/05/2021,Angers,Lille,1.0,2.0,A,0.0,2.0,10.0,5.0,4.0,2.0
ligue-1,2020-2021,F1,23/05/2021,Brest,Paris SG,0.0,2.0,A,0.0,1.0,6.0,9.0,5.0,4.0
ligue-1,2020-2021,F1,23/05/2021,Lens,Monaco,0.0,0.0,D,0.0,0.0,4.0,19.0,1.0,3.0
ligue-1,2020-2021,F1,23/05/2021,Lyon,Nice,2.0,3.0,A,2.0,1.0,12.0,14.0,6.0,6.0
ligue-1,2020-2021,F1,23/05/2021,Metz,Marseille,1.0,1.0,D,0.0,0.0,10.0,9.0,3.0,2.0
ligue-1,2020-2021,F1,23/05/2021,Nantes,Montpellier,1.0,2.0,A,1.0,1.0,15.0,8.0,5.0,5.0
ligue-1,2020-2021,F1,23/05/2021,Reims,Bordeaux,1.0,2.0,A,1.0,1.0,10.0,12.0,3.0,5.0
ligue-1,2020-2021,F1,23/05/2021,Rennes,Nimes,2.0,0.0,H,1.0,0.0,13.0,9.0,6.0,2.0
ligue-1,2020-2021,F1,23/05/2021,St Etienne,Dijon,0.0,1.0,A,0.0,1.0,19.0,10.0,5.0,2.0
ligue-1,2020-2021,F1,23/05/2021,Strasbourg,Lorient,1.0,1.0,D,1.0,0.0,6.0,7.0,2.0,1.0
ligue-1,2021-2022,F1,06/08/2021,Monaco,Nantes,1.0,1.0,D,1.0,1.0,15.0,5.0,3.0,1.0
ligue-1,2021-2022,F1,07/08/2021,Lyon,Brest,1.0,1.0,D,0.0,1.0,17.0,13.0,4.0,8.0
ligue-1,2021-2022,F1,07/08/2021,Troyes,Paris SG,1.0,2.0,A,1.0,2.0,15.0,12.0,7.0,3.0
ligue-1,2021-2022,F1,08/08/2021,Rennes,Lens,1.0,1.0,D,1.0,1.0,10.0,11.0,2.0,6.0
ligue-1,2021-2022,F1,08/08/2021,Bordeaux,Clermont,0.0,2.0,A,0.0,0.0,10.0,19.0,6.0,10.0
ligue-1,2021-2022,F1,08/08/2021,Nice,Reims,0.0,0.0,D,0.0,0.0,12.0,5.0,2.0,0.0
ligue-1,2021-2022,F1,08/08/2021,St Etienne,Lorient,1.0,1.0,D,0.0,0.0,20.0,12.0,3.0,3.0
ligue-1,2021-2022,F1,08/08/2021,Strasbourg,Angers,0.0,2.0,A,0.0,0.0,7.0,9.0,1.0,2.0
ligue-1,2021-2022,F1,08/08/2021,Metz,Lille,3.0,3.0,D,2.0,1.0,12.0,18.0,5.0,7.0
ligue-1,2021-2022,F1,08/08/2021,Montpellier,Marseille,2.0,3.0,A,2.0,0.0,8.0,21.0,1.0,7.0
ligue-1,2021-2022,F1,13/08/2021,Lorient,Monaco,1.0,0.0,H,1.0,0.0,2.0,12.0,2.0,3.0
ligue-1,2021-2022,F1,14/08/2021,Lille,Nice,0.0,4.0,A,0.0,3.0,11.0,11.0,2.0,7.0
ligue-1,2021-2022,F1,14/08/2021,Paris SG,Strasbourg,4.0,2.0,H,3.0,0.0,11.0,8.0,6.0,2.0
ligue-1,2021-2022,F1,15/08/2021,Angers,Lyon,3.0,0.0,H,1.0,0.0,13.0,8.0,6.0,3.0
ligue-1,2021-2022,F1,15/08/2021,Brest,Rennes,1.0,1.0,D,0.0,0.0,10.0,6.0,5.0,2.0
ligue-1,2021-2022,F1,15/08/2021,Clermont,Troyes,2.0,0.0,H,0.0,0.0,18.0,6.0,8.0,1.0
ligue-1,2021-2022,F1,15/08/2021,Nantes,Metz,2.0,0.0,H,1.0,0.0,11.0,10.0,7.0,5.0
ligue-1,2021-2022,F1,15/08/2021,Reims,Montpellier,3.0,3.0,D,2.0,3.0,19.0,15.0,9.0,5.0
ligue-1,2021-2022,F1,15/08/2021,Lens,St Etienne,2.0,2.0,D,1.0,1.0,22.0,12.0,7.0,7.0
ligue-1,2021-2022,F1,15/08/2021,Marseille,Bordeaux,2.0,2.0,D,2.0,0.0,10.0,8.0,2.0,2.0
ligue-1,2021-2022,F1,20/08/2021,Brest,Paris SG,2.0,4.0,A,1.0,2.0,11.0,16.0,3.0,8.0
ligue-1,2021-2022,F1,21/08/2021,Monaco,Lens,0.0,2.0,A,0.0,0.0,9.0,4.0,2.0,2.0
ligue-1,2021-2022,F1,21/08/2021,St Etienne,Lille,1.0,1.0,D,0.0,1.0,10.0,8.0,2.0,6.0
ligue-1,2021-2022,F1,22/08/2021,Lyon,Clermont,3.0,3.0,D,3.0,1.0,21.0,17.0,9.0,5.0
ligue-1,2021-2022,F1,22/08/2021,Bordeaux,Angers,1.0,1.0,D,1.0,1.0,14.0,6.0,5.0,3.0
ligue-1,2021-2022,F1,22/08/2021,Metz,Reims,1.0,1.0,D,1.0,1.0,10.0,12.0,4.0,3.0
ligue-1,2021-2022,F1,22/08/2021,Montpellier,Lorient,3.0,1.0,H,0.0,1.0,32.0,5.0,11.0,4.0
ligue-1,2021-2022,F1,22/08/2021,Strasbourg,Troyes,1.0,1.0,D,0.0,1.0,14.0,10.0,4.0,6.0
ligue-1,2021-2022,F1,22/08/2021,Rennes,Nantes,1.0,0.0,H,0.0,0.0,14.0,4.0,5.0,1.0
ligue-1,2021-2022,F1,27/08/2021,Nantes,Lyon,0.0,1.0,A,0.0,1.0,18.0,12.0,5.0,5.0
ligue-1,2021-2022,F1,28/08/2021,Nice,Bordeaux,4.0,0.0,H,3.0,0.0,11.0,13.0,5.0,4.0
ligue-1,2021-2022,F1,28/08/2021,Marseille,St Etienne,3.0,1.0,H,1.0,1.0,19.0,11.0,5.0,7.0
ligue-1,2021-2022,F1,29/08/2021,Troyes,Monaco,1.0,2.0,A,0.0,1.0,12.0,7.0,3.0,4.0
ligue-1,2021-2022,F1,29/08/2021,Angers,Rennes,2.0,0.0,H,0.0,0.0,16.0,7.0,4.0,2.0
ligue-1,2021-2022,F1,29/08/2021,Clermont,Metz,2.0,2.0,D,1.0,2.0,16.0,12.0,4.0,4.0
ligue-1,2021-2022,F1,29/08/2021,Lens,Lorient,2.0,2.0,D,1.0,2.0,19.0,15.0,9.0,7.0
ligue-1,2021-2022,F1,29/08/2021,Strasbourg,Brest,3.0,1.0,H,2.0,1.0,11.0,11.0,5.0,5.0
ligue-1,2021-2022,F1,29/08/2021,Lille,Montpellier,2.0,1.0,H,1.0,1.0,15.0,6.0,4.0,3.0
ligue-1,2021-2022,F1,29/08/2021,Reims,Paris SG,0.0,2.0,A,0.0,1.0,11.0,12.0,4.0,3.0
ligue-1,2021-2022,F1,10/09/2021,Lorient,Lille,2.0,1.0,H,1.0,1.0,14.0,9.0,7.0,3.0
ligue-1,2021-2022,F1,11/09/2021,Paris SG,Clermont,4.0,0.0,H,2.0,0.0,13.0,14.0,7.0,2.0
ligue-1,2021-2022,F1,11/09/2021,Monaco,Marseille,0.0,2.0,A,0.0,1.0,7.0,13.0,0.0,5.0
ligue-1,2021-2022,F1,12/09/2021,Montpellier,St Etienne,2.0,0.0,H,1.0,0.0,11.0,14.0,4.0,2.0
ligue-1,2021-2022,F1,12/09/2021,Bordeaux,Lens,2.0,3.0,A,0.0,2.0,11.0,12.0,3.0,5.0
ligue-1,2021-2022,F1,12/09/2021,Brest,Angers,1.0,1.0,D,0.0,0.0,12.0,8.0,6.0,2.0
ligue-1,2021-2022,F1,12/09/2021,Metz,Troyes,0.0,2.0,A,0.0,0.0,16.0,10.0,2.0,5.0
ligue-1,2021-2022,F1,12/09/2021,Rennes,Reims,0.0,2.0,A,0.0,1.0,9.0,7.0,1.0,3.0
ligue-1,2021-2022,F1,12/09/2021,Nantes,Nice,0.0,2.0,A,0.0,0.0,19.0,9.0,7.0,3.0
ligue-1,2021-2022,F1,12/09/2021,Lyon,Strasbourg,3.0,1.0,H,1.0,0.0,14.0,12.0,7.0,4.0
ligue-1,2021-2022,F1,17/09/2021,Strasbourg,Metz,3.0,0.0,H,3.0,0.0,10.0,15.0,6.0,5.0
ligue-1,2021-2022,F1,18/09/2021,Lens,Lille,1.0,0.0,H,0.0,0.0,13.0,6.0,4.0,2.0
ligue-1,2021-2022,F1,18/09/2021,St Etienne,Bordeaux,1.0,2.0,A,0.0,1.0,12.0,13.0,5.0,3.0
ligue-1,2021-2022,F1,19/09/2021,Nice,Monaco,2.0,2.0,D,0.0,1.0,12.0,8.0,3.0,3.0
ligue-1,2021-2022,F1,19/09/2021,Angers,Nantes,1.0,4.0,A,1.0,3.0,10.0,8.0,5.0,4.0
ligue-1,2021-2022,F1,19/09/2021,Clermont,Brest,1.0,1.0,D,0.0,0.0,7.0,5.0,4.0,1.0
ligue-1,2021-2022,F1,19/09/2021,Reims,Lorient,0.0,0.0,D,0.0,0.0,10.0,6.0,2.0,3.0
ligue-1,2021-2022,F1,19/09/2021,Troyes,Montpellier,1.0,1.0,D,1.0,0.0,8.0,6.0,3.0,2.0
ligue-1,2021-2022,F1,19/09/2021,Marseille,Rennes,2.0,0.0,H,0.0,0.0,17.0,13.0,6.0,2.0
ligue-1,2021-2022,F1,19/09/2021,Paris SG,Lyon,2.0,1.0,H,0.0,0.0,14.0,12.0,5.0,5.0
ligue-1,2021-2022,F1,22/09/2021,Lille,Reims,2.0,1.0,H,2.0,0.0,7.0,11.0,4.0,5.0
ligue-1,2021-2022,F1,22/09/2021,Monaco,St Etienne,3.0,1.0,H,1.0,1.0,14.0,9.0,6.0,3.0
ligue-1,2021-2022,F1,22/09/2021,Montpellier,Bordeaux,3.0,3.0,D,1.0,2.0,15.0,15.0,6.0,7.0
ligue-1,2021-2022,F1,22/09/2021,Nantes,Brest,3.0,1.0,H,1.0,0.0,14.0,10.0,6.0,2.0
ligue-1,2021-2022,F1,22/09/2021,Rennes,Clermont,6.0,0.0,H,2.0,0.0,21.0,4.0,10.0,1.0
ligue-1,2021-2022,F1,22/09/2021,Angers,Marseille,0.0,0.0,D,0.0,0.0,9.0,6.0,1.0,1.0
ligue-1,2021-2022,F1,22/09/2021,Lens,Strasbourg,0.0,1.0,A,0.0,0.0,17.0,6.0,4.0,1.0
ligue-1,2021-2022,F1,22/09/2021,Lorient,Nice,1.0,0.0,H,1.0,0.0,8.0,13.0,1.0,1.0
ligue-1,2021-2022,F1,22/09/2021,Lyon,Troyes,3.0,1.0,H,0.0,1.0,15.0,12.0,8.0,7.0
ligue-1,2021-2022,F1,22/09/2021,Metz,Paris SG,1.0,2.0,A,1.0,1.0,6.0,15.0,2.0,5.0
ligue-1,2021-2022,F1,25/09/2021,St Etienne,Nice,0.0,3.0,A,0.0,1.0,11.0,14.0,6.0,9.0
ligue-1,2021-2022,F1,25/09/2021,Strasbourg,Lille,1.0,2.0,A,0.0,1.0,10.0,16.0,3.0,7.0
ligue-1,2021-2022,F1,25/09/2021,Lyon,Lorient,1.0,1.0,D,0.0,1.0,12.0,12.0,2.0,5.0
ligue-1,2021-2022,F1,25/09/2021,Paris SG,Montpellier,2.0,0.0,H,1.0,0.0,16.0,10.0,5.0,4.0
ligue-1,2021-2022,F1,26/09/2021,Bordeaux,Rennes,1.0,1.0,D,0.0,0.0,10.0,18.0,3.0,8.0
ligue-1,2021-2022,F1,26/09/2021,Brest,Metz,1.0,2.0,A,0.0,1.0,11.0,6.0,2.0,4.0
ligue-1,2021-2022,F1,26/09/2021,Reims,Nantes,3.0,1.0,H,0.0,0.0,9.0,11.0,5.0,2.0
ligue-1,2021-2022,F1,26/09/2021,Troyes,Angers,1.0,1.0,D,1.0,0.0,6.0,17.0,3.0,6.0
ligue-1,2021-2022,F1,26/09/2021,Clermont,Monaco,1.0,3.0,A,1.0,1.0,12.0,6.0,4.0,3.0
ligue-1,2021-2022,F1,26/09/2021,Marseille,Lens,2.0,3.0,A,2.0,2.0,14.0,14.0,4.0,5.0
ligue-1,2021-2022,F1,01/10/2021,Lens,Reims,2.0,0.0,H,1.0,0.0,13.0,3.0,7.0,0.0
ligue-1,2021-2022,F1,02/10/2021,Montpellier,Strasbourg,1.0,1.0,D,1.0,1.0,12.0,6.0,4.0,3.0
ligue-1,2021-2022,F1,02/10/2021,Nice,Brest,2.0,1.0,H,1.0,0.0,20.0,6.0,9.0,2.0
ligue-1,2021-2022,F1,03/10/2021,Rennes,Paris SG,2.0,0.0,H,1.0,0.0,12.0,13.0,4.0,0.0
ligue-1,2021-2022,F1,03/10/2021,Angers,Metz,3.0,2.0,H,0.0,1.0,18.0,2.0,5.0,2.0
ligue-1,2021-2022,F1,03/10/2021,Lorient,Clermont,1.0,1.0,D,0.0,1.0,6.0,8.0,1.0,4.0
ligue-1,2021-2022,F1,03/10/2021,Monaco,Bordeaux,3.0,0.0,H,1.0,0.0,12.0,4.0,4.0,1.0
ligue-1,2021-2022,F1,03/10/2021,Nantes,Troyes,2.0,0.0,H,0.0,0.0,8.0,15.0,4.0,4.0
ligue-1,2021-2022,F1,03/10/2021,Lille,Marseille,2.0,0.0,H,1.0,0.0,12.0,10.0,5.0,3.0
ligue-1,2021-2022,F1,03/10/2021,St Etienne,Lyon,1.0,1.0,D,0.0,1.0,18.0,15.0,6.0,5.0
ligue-1,2021-2022,F1,15/10/2021,Paris SG,Angers,2.0,1.0,H,0.0,1.0,13.0,7.0,2.0,2.0
ligue-1,2021-2022,F1,16/10/2021,Clermont,Lille,1.0,0.0,H,1.0,0.0,9.0,9.0,3.0,2.0
ligue-1,2021-2022,F1,16/10/2021,Lyon,Monaco,2.0,0.0,H,0.0,0.0,14.0,9.0,8.0,3.0
ligue-1,2021-2022,F1,17/10/2021,Troyes,Nice,1.0,0.0,H,1.0,0.0,8.0,11.0,3.0,3.0
ligue-1,2021-2022,F1,17/10/2021,Bordeaux,Nantes,1.0,1.0,D,0.0,0.0,8.0,13.0,1.0,7.0
ligue-1,2021-2022,F1,17/10/2021,Brest,Reims,1.0,1.0,D,0.0,1.0,9.0,13.0,4.0,2.0
ligue-1,2021-2022,F1,17/10/2021,Metz,Rennes,0.0,3.0,A,0.0,3.0,9.0,21.0,2.0,8.0
ligue-1,2021-2022,F1,17/10/2021,Strasbourg,St Etienne,5.0,1.0,H,2.0,1.0,12.0,4.0,6.0,2.0
ligue-1,2021-2022,F1,17/10/2021,Montpellier,Lens,1.0,0.0,H,0.0,0.0,15.0,19.0,6.0,5.0
ligue-1,2021-2022,F1,17/10/2021,Marseille,Lorient,4.0,1.0,H,1.0,1.0,16.0,15.0,6.0,7.0
ligue-1,2021-2022,F1,22/10/2021,St Etienne,Angers,2.0,2.0,D,0.0,1.0,17.0,4.0,6.0,2.0
ligue-1,2021-2022,F1,23/10/2021,Nantes,Clermont,2.0,1.0,H,1.0,0.0,8.0,4.0,4.0,1.0
ligue-1,2021-2022,F1,23/10/2021,Lille,Brest,1.0,1.0,D,1.0,1.0,13.0,13.0,3.0,5.0
ligue-1,2021-2022,F1,24/10/2021,Nice,Lyon,3.0,2.0,H,0.0,1.0,17.0,13.0,7.0,8.0
ligue-1,2021-2022,F1,24/10/2021,Lens,Metz,4.0,1.0,H,2.0,1.0,11.0,9.0,5.0,4.0
ligue-1,2021-2022,F1,24/10/2021,Lorient,Bordeaux,1.0,1.0,D,0.0,0.0,14.0,11.0,4.0,5.0
ligue-1,2021-2022,F1,24/10/2021,Reims,Troyes,1.0,2.0,A,1.0,1.0,18.0,7.0,5.0,4.0
ligue-1,2021-2022,F1,24/10/2021,Rennes,Strasbourg,1.0,0.0,H,0.0,0.0,17.0,8.0,3.0,2.0
ligue-1,2021-2022,F1,24/10/2021,Monaco,Montpellier,3.0,1.0,H,2.0,0.0,14.0,12.0,4.0,3.0
ligue-1,2021-2022,F1,24/10/2021,Marseille,Paris SG,0.0,0.0,D,0.0,0.0,15.0,10.0,1.0,4.0
ligue-1,2021-2022,F1,27/10/2021,Nice,Marseille,1.0,1.0,D,1.0,1.0,11.0,7.0,3.0,1.0
ligue-1,2021-2022,F1,29/10/2021,Paris SG,Lille,2.0,1.0,H,0.0,1.0,17.0,11.0,6.0,3.0
ligue-1,2021-2022,F1,30/10/2021,Metz,St Etienne,1.0,1.0,D,1.0,1.0,9.0,10.0,4.0,3.0
ligue-1,2021-2022,F1,30/10/2021,Lyon,Lens,2.0,1.0,H,2.0,0.0,13.0,18.0,4.0,10.0
ligue-1,2021-2022,F1,31/10/2021,Angers,Nice,1.0,2.0,A,1.0,0.0,3.0,14.0,2.0,5.0
ligue-1,2021-2022,F1,31/10/2021,Bordeaux,Reims,3.0,2.0,H,0.0,1.0,17.0,12.0,7.0,8.0
ligue-1,2021-2022,F1,31/10/2021,Montpellier,Nantes,2.0,0.0,H,0.0,0.0,19.0,12.0,10.0,1.0
ligue-1,2021-2022,F1,31/10/2021,Strasbourg,Lorient,4.0,0.0,H,3.0,0.0,15.0,5.0,6.0,0.0
ligue-1,2021-2022,F1,31/10/2021,Troyes,Rennes,2.0,2.0,D,2.0,1.0,14.0,13.0,5.0,5.0
ligue-1,2021-2022,F1,31/10/2021,Brest,Monaco,2.0,0.0,H,1.0,0.0,7.0,5.0,3.0,2.0
ligue-1,2021-2022,F1,31/10/2021,Clermont,Marseille,0.0,1.0,A,0.0,1.0,12.0,9.0,1.0,4.0
ligue-1,2021-2022,F1,05/11/2021,Lens,Troyes,4.0,0.0,H,3.0,0.0,28.0,14.0,12.0,6.0
ligue-1,2021-2022,F1,06/11/2021,Lille,Angers,1.0,1.0,D,1.0,0.0,11.0,9.0,6.0,5.0
ligue-1,2021-2022,F1,06/11/2021,Bordeaux,Paris SG,2.0,3.0,A,0.0,2.0,18.0,9.0,6.0,5.0
ligue-1,2021-2022,F1,07/11/2021,Marseille,Metz,0.0,0.0,D,0.0,0.0,15.0,12.0,3.0,4.0
ligue-1,2021-2022,F1,07/11/2021,Lorient,Brest,1.0,2.0,A,1.0,0.0,9.0,16.0,3.0,5.0
ligue-1,2021-2022,F1,07/11/2021,Nantes,Strasbourg,2.0,2.0,D,1.0,1.0,20.0,17.0,6.0,6.0
ligue-1,2021-2022,F1,07/11/2021,Reims,Monaco,0.0,0.0,D,0.0,0.0,11.0,12.0,4.0,3.0
ligue-1,2021-2022,F1,07/11/2021,St Etienne,Clermont,3.0,2.0,H,0.0,0.0,18.0,9.0,4.0,4.0
ligue-1,2021-2022,F1,07/11/2021,Nice,Montpellier,0.0,1.0,A,0.0,0.0,22.0,8.0,6.0,2.0
ligue-1,2021-2022,F1,07/11/2021,Rennes,Lyon,4.0,1.0,H,1.0,0.0,25.0,6.0,12.0,4.0
ligue-1,2021-2022,F1,19/11/2021,Monaco,Lille,2.0,2.0,D,1.0,2.0,17.0,15.0,8.0,8.0
ligue-1,2021-2022,F1,20/11/2021,Paris SG,Nantes,3.0,1.0,H,1.0,0.0,14.0,12.0,7.0,6.0
ligue-1,2021-2022,F1,20/11/2021,Rennes,Montpellier,2.0,0.0,H,2.0,0.0,30.0,4.0,7.0,2.0
ligue-1,2021-2022,F1,21/11/2021,Brest,Lens,4.0,0.0,H,3.0,0.0,13.0,14.0,5.0,5.0
ligue-1,2021-2022,F1,21/11/2021,Angers,Lorient,1.0,0.0,H,0.0,0.0,8.0,10.0,4.0,3.0
ligue-1,2021-2022,F1,21/11/2021,Metz,Bordeaux,3.0,3.0,D,1.0,2.0,20.0,19.0,9.0,5.0
ligue-1,2021-2022,F1,21/11/2021,Strasbourg,Reims,1.0,1.0,D,0.0,1.0,21.0,10.0,3.0,3.0
ligue-1,2021-2022,F1,21/11/2021,Troyes,St Etienne,0.0,1.0,A,0.0,0.0,15.0,14.0,3.0,4.0
ligue-1,2021-2022,F1,21/11/2021,Clermont,Nice,1.0,2.0,A,1.0,0.0,18.0,9.0,6.0,4.0
ligue-1,2021-2022,F1,26/11/2021,Lens,Angers,2.0,2.0,D,0.0,1.0,9.0,12.0,4.0,5.0
ligue-1,2021-2022,F1,27/11/2021,Lille,Nantes,1.0,1.0,D,1.0,1.0,10.0,7.0,3.0,3.0
ligue-1,2021-2022,F1,27/11/2021,Nice,Metz,0.0,1.0,A,0.0,1.0,20.0,4.0,2.0,1.0
ligue-1,2021-2022,F1,28/11/2021,St Etienne,Paris SG,1.0,3.0,A,1.0,1.0,8.0,15.0,4.0,8.0
ligue-1,2021-2022,F1,28/11/2021,Bordeaux,Brest,1.0,2.0,A,1.0,0.0,16.0,14.0,4.0,4.0
ligue-1,2021-2022,F1,28/11/2021,Lorient,Rennes,0.0,2.0,A,0.0,0.0,6.0,11.0,0.0,5.0
ligue-1,2021-2022,F1,28/11/2021,Monaco,Strasbourg,1.0,1.0,D,1.0,0.0,8.0,7.0,3.0,4.0
ligue-1,2021-2022,F1,28/11/2021,Reims,Clermont,1.0,0.0,H,0.0,0.0,12.0,4.0,3.0,0.0
ligue-1,2021-2022,F1,28/11/2021,Montpellier,Lyon,0.0,1.0,A,0.0,1.0,15.0,11.0,6.0,3.0
ligue-1,2021-2022,F1,28/11/2021,Marseille,Troyes,1.0,0.0,H,0.0,0.0,14.0,5.0,4.0,2.0
ligue-1,2021-2022,F1,01/12/2021,Angers,Monaco,1.0,3.0,A,0.0,2.0,9.0,14.0,3.0,8.0
ligue-1,2021-2022,F1,01/12/2021,Brest,St Etienne,1.0,0.0,H,0.0,0.0,8.0,13.0,3.0,3.0
ligue-1,2021-2022,F1,01/12/2021,Metz,Montpellier,1.0,3.0,A,0.0,2.0,20.0,10.0,7.0,7.0
ligue-1,2021-2022,F1,01/12/2021,Strasbourg,Bordeaux,5.0,2.0,H,3.0,1.0,19.0,13.0,6.0,2.0
ligue-1,2021-2022,F1,01/12/2021,Troyes,Lorient,2.0,0.0,H,2.0,0.0,10.0,9.0,3.0,3.0
ligue-1,2021-2022,F1,01/12/2021,Clermont,Lens,2.0,2.0,D,1.0,1.0,19.0,9.0,7.0,2.0
ligue-1,2021-2022,F1,01/12/2021,Lyon,Reims,1.0,2.0,A,0.0,0.0,14.0,8.0,6.0,4.0
ligue-1,2021-2022,F1,01/12/2021,Nantes,Marseille,0.0,1.0,A,0.0,1.0,3.0,15.0,1.0,5.0
ligue-1,2021-2022,F1,01/12/2021,Paris SG,Nice,0.0,0.0,D,0.0,0.0,22.0,4.0,5.0,2.0
ligue-1,2021-2022,F1,01/12/2021,Rennes,Lille,1.0,2.0,A,0.0,2.0,10.0,6.0,2.0,2.0
ligue-1,2021-2022,F1,04/12/2021,Marseille,Brest,1.0,2.0,A,1.0,0.0,16.0,9.0,4.0,4.0
ligue-1,2021-2022,F1,04/12/2021,Lille,Troyes,2.0,1.0,H,0.0,1.0,13.0,7.0,4.0,3.0
ligue-1,2021-2022,F1,04/12/2021,Lens,Paris SG,1.0,1.0,D,0.0,0.0,18.0,13.0,7.0,6.0
ligue-1,2021-2022,F1,05/12/2021,St Etienne,Rennes,0.0,5.0,A,0.0,3.0,12.0,18.0,2.0,10.0
ligue-1,2021-2022,F1,05/12/2021,Lorient,Nantes,0.0,1.0,A,0.0,0.0,17.0,5.0,2.0,1.0
ligue-1,2021-2022,F1,05/12/2021,Monaco,Metz,4.0,0.0,H,2.0,0.0,8.0,6.0,5.0,0.0
ligue-1,2021-2022,F1,05/12/2021,Montpellier,Clermont,1.0,0.0,H,1.0,0.0,8.0,10.0,2.0,3.0
ligue-1,2021-2022,F1,05/12/2021,Reims,Angers,1.0,2.0,A,0.0,0.0,5.0,13.0,2.0,4.0
ligue-1,2021-2022,F1,05/12/2021,Nice,Strasbourg,0.0,3.0,A,0.0,1.0,12.0,15.0,5.0,5.0
ligue-1,2021-2022,F1,05/12/2021,Bordeaux,Lyon,2.0,2.0,D,1.0,2.0,12.0,19.0,5.0,5.0
ligue-1,2021-2022,F1,10/12/2021,Nantes,Lens,3.0,2.0,H,0.0,2.0,15.0,4.0,5.0,2.0
ligue-1,2021-2022,F1,11/12/2021,Brest,Montpellier,0.0,4.0,A,0.0,1.0,17.0,9.0,6.0,4.0
ligue-1,2021-2022,F1,11/12/2021,Reims,St Etienne,2.0,0.0,H,1.0,0.0,17.0,4.0,6.0,0.0
ligue-1,2021-2022,F1,12/12/2021,Lille,Lyon,0.0,0.0,D,0.0,0.0,14.0,13.0,2.0,2.0
ligue-1,2021-2022,F1,12/12/2021,Angers,Clermont,0.0,1.0,A,0.0,0.0,12.0,17.0,3.0,3.0
ligue-1,2021-2022,F1,12/12/2021,Metz,Lorient,4.0,1.0,H,3.0,0.0,5.0,17.0,3.0,6.0
ligue-1,2021-2022,F1,12/12/2021,Rennes,Nice,1.0,2.0,A,0.0,1.0,20.0,7.0,8.0,3.0
ligue-1,2021-2022,F1,12/12/2021,Troyes,Bordeaux,1.0,2.0,A,1.0,1.0,21.0,8.0,3.0,4.0
ligue-1,2021-2022,F1,12/12/2021,Strasbourg,Marseille,0.0,2.0,A,0.0,0.0,11.0,8.0,3.0,3.0
ligue-1,2021-2022,F1,12/12/2021,Paris SG,Monaco,2.0,0.0,H,2.0,0.0,9.0,13.0,2.0,3.0
ligue-1,2021-2022,F1,22/12/2021,Bordeaux,Lille,2.0,3.0,A,2.0,1.0,12.0,12.0,3.0,3.0
ligue-1,2021-2022,F1,22/12/2021,Lorient,Paris SG,1.0,1.0,D,1.0,0.0,17.0,17.0,5.0,4.0
ligue-1,2021-2022,F1,22/12/2021,Lyon,Metz,1.0,1.0,D,0.0,0.0,18.0,6.0,6.0,2.0
ligue-1,2021-2022,F1,22/12/2021,Marseille,Reims,1.0,1.0,D,0.0,0.0,14.0,7.0,5.0,2.0
ligue-1,2021-2022,F1,22/12/2021,Monaco,Rennes,2.0,1.0,H,1.0,1.0,11.0,16.0,3.0,6.0
ligue-1,2021-2022,F1,22/12/2021,Montpellier,Angers,4.0,1.0,H,2.0,1.0,9.0,13.0,6.0,6.0
ligue-1,2021-2022,F1,22/12/2021,Nice,Lens,2.0,1.0,H,0.0,1.0,9.0,8.0,3.0,4.0
ligue-1,2021-2022,F1,22/12/2021,St Etienne,Nantes,0.0,1.0,A,0.0,0.0,13.0,8.0,6.0,3.0
ligue-1,2021-2022,F1,22/12/2021,Troyes,Brest,1.0,1.0,D,0.0,1.0,15.0,8.0,4.0,2.0
ligue-1,2021-2022,F1,07/01/2022,Bordeaux,Marseille,0.0,1.0,A,0.0,1.0,6.0,18.0,2.0,6.0
ligue-1,2021-2022,F1,08/01/2022,Lens,Rennes,1.0,0.0,H,0.0,0.0,11.0,5.0,4.0,0.0
ligue-1,2021-2022,F1,09/01/2022,Brest,Nice,0.0,3.0,A,0.0,1.0,26.0,9.0,10.0,4.0
ligue-1,2021-2022,F1,09/01/2022,Clermont,Reims,0.0,0.0,D,0.0,0.0,12.0,7.0,7.0,2.0
ligue-1,2021-2022,F1,09/01/2022,Metz,Strasbourg,0.0,2.0,A,0.0,0.0,7.0,19.0,1.0,7.0
ligue-1,2021-2022,F1,09/01/2022,Nantes,Monaco,0.0,0.0,D,0.0,0.0,8.0,9.0,4.0,1.0
ligue-1,2021-2022,F1,09/01/2022,Lyon,Paris SG,1.0,1.0,D,1.0,0.0,11.0,15.0,4.0,3.0
ligue-1,2021-2022,F1,14/01/2022,Nice,Nantes,2.0,1.0,H,1.0,1.0,13.0,11.0,5.0,3.0
ligue-1,2021-2022,F1,15/01/2022,St Etienne,Lens,1.0,2.0,A,1.0,0.0,13.0,14.0,4.0,4.0
ligue-1,2021-2022,F1,15/01/2022,Paris SG,Brest,2.0,0.0,H,1.0,0.0,20.0,6.0,9.0,3.0
ligue-1,2021-2022,F1,16/01/2022,Rennes,Bordeaux,6.0,0.0,H,2.0,0.0,19.0,5.0,11.0,1.0
ligue-1,2021-2022,F1,16/01/2022,Lorient,Angers,0.0,0.0,D,0.0,0.0,14.0,5.0,4.0,0.0
ligue-1,2021-2022,F1,16/01/2022,Monaco,Clermont,4.0,0.0,H,1.0,0.0,20.0,6.0,10.0,1.0
ligue-1,2021-2022,F1,16/01/2022,Reims,Metz,0.0,1.0,A,0.0,0.0,14.0,17.0,2.0,5.0
ligue-1,2021-2022,F1,16/01/2022,Strasbourg,Montpellier,3.0,1.0,H,0.0,1.0,19.0,9.0,8.0,5.0
ligue-1,2021-2022,F1,16/01/2022,Troyes,Lyon,0.0,1.0,A,0.0,1.0,6.0,19.0,2.0,8.0
ligue-1,2021-2022,F1,16/01/2022,Marseille,Lille,1.0,1.0,D,0.0,1.0,22.0,5.0,7.0,4.0
ligue-1,2021-2022,F1,19/01/2022,Clermont,Strasbourg,0.0,2.0,A,0.0,1.0,7.0,15.0,1.0,5.0
ligue-1,2021-2022,F1,19/01/2022,Lille,Lorient,3.0,1.0,H,3.0,0.0,13.0,18.0,5.0,5.0
ligue-1,2021-2022,F1,19/01/2022,Montpellier,Troyes,0.0,1.0,A,0.0,0.0,11.0,13.0,2.0,5.0
ligue-1,2021-2022,F1,21/01/2022,Lyon,St Etienne,1.0,0.0,H,1.0,0.0,11.0,4.0,4.0,1.0
ligue-1,2021-2022,F1,22/01/2022,Brest,Lille,2.0,0.0,H,1.0,0.0,9.0,17.0,3.0,5.0
ligue-1,2021-2022,F1,22/01/2022,Lens,Marseille,0.0,2.0,A,0.0,1.0,9.0,10.0,3.0,7.0
ligue-1,2021-2022,F1,23/01/2022,Metz,Nice,0.0,2.0,A,0.0,0.0,8.0,7.0,1.0,6.0
ligue-1,2021-2022,F1,23/01/2022,Angers,Troyes,2.0,1.0,H,2.0,1.0,10.0,11.0,3.0,6.0
ligue-1,2021-2022,F1,23/01/2022,Bordeaux,Strasbourg,4.0,3.0,H,3.0,1.0,13.0,18.0,6.0,6.0
ligue-1,2021-2022,F1,23/01/2022,Clermont,Rennes,2.0,1.0,H,0.0,1.0,12.0,13.0,4.0,4.0
ligue-1,2021-2022,F1,23/01/2022,Nantes,Lorient,4.0,2.0,H,1.0,0.0,12.0,15.0,8.0,6.0
ligue-1,2021-2022,F1,23/01/2022,Montpellier,Monaco,3.0,2.0,H,2.0,1.0,15.0,17.0,7.0,7.0
ligue-1,2021-2022,F1,23/01/2022,Paris SG,Reims,4.0,0.0,H,1.0,0.0,22.0,7.0,8.0,3.0
ligue-1,2021-2022,F1,26/01/2022,Angers,St Etienne,0.0,1.0,A,0.0,1.0,7.0,8.0,4.0,5.0
ligue-1,2021-2022,F1,01/02/2022,Lyon,Marseille,2.0,1.0,H,0.0,1.0,12.0,9.0,4.0,1.0
ligue-1,2021-2022,F1,04/02/2022,Marseille,Angers,5.0,2.0,H,2.0,2.0,18.0,4.0,8.0,2.0
ligue-1,2021-2022,F1,05/02/2022,St Etienne,Montpellier,3.0,1.0,H,0.0,1.0,27.0,3.0,8.0,2.0
ligue-1,2021-2022,F1,05/02/2022,Monaco,Lyon,2.0,0.0,H,2.0,0.0,10.0,19.0,6.0,5.0
ligue-1,2021-2022,F1,06/02/2022,Lorient,Lens,2.0,0.0,H,1.0,0.0,8.0,8.0,3.0,0.0
ligue-1,2021-2022,F1,06/02/2022,Nice,Clermont,0.0,1.0,A,0.0,0.0,7.0,14.0,3.0,5.0
ligue-1,2021-2022,F1,06/02/2022,Reims,Bordeaux,5.0,0.0,H,1.0,0.0,16.0,6.0,7.0,0.0
ligue-1,2021-2022,F1,06/02/2022,Strasbourg,Nantes,1.0,0.0,H,0.0,0.0,13.0,10.0,3.0,2.0
ligue-1,2021-2022,F1,06/02/2022,Troyes,Metz,0.0,0.0,D,0.0,0.0,9.0,6.0,2.0,0.0
ligue-1,2021-2022,F1,06/02/2022,Rennes,Brest,2.0,0.0,H,1.0,0.0,19.0,5.0,8.0,1.0
ligue-1,2021-2022,F1,06/02/2022,Lille,Paris SG,1.0,5.0,A,1.0,3.0,10.0,18.0,5.0,7.0
ligue-1,2021-2022,F1,11/02/2022,Paris SG,Rennes,1.0,0.0,H,0.0,0.0,12.0,13.0,1.0,1.0
ligue-1,2021-2022,F1,12/02/2022,Montpellier,Lille,0.0,1.0,A,0.0,0.0,16.0,16.0,5.0,7.0
ligue-1,2021-2022,F1,12/02/2022,Lyon,Nice,2.0,0.0,H,1.0,0.0,12.0,1.0,8.0,1.0
ligue-1,2021-2022,F1,13/02/2022,Monaco,Lorient,0.0,0.0,D,0.0,0.0,15.0,5.0,4.0,1.0
ligue-1,2021-2022,F1,13/02/2022,Angers,Strasbourg,0.0,1.0,A,0.0,1.0,9.0,8.0,2.0,2.0
ligue-1,2021-2022,F1,13/02/2022,Brest,Troyes,5.0,1.0,H,2.0,1.0,12.0,5.0,5.0,2.0
ligue-1,2021-2022,F1,13/02/2022,Clermont,St Etienne,1.0,2.0,A,1.0,0.0,9.0,6.0,3.0,3.0
ligue-1,2021-2022,F1,13/02/2022,Nantes,Reims,1.0,0.0,H,1.0,0.0,11.0,7.0,3.0,4.0
ligue-1,2021-2022,F1,13/02/2022,Lens,Bordeaux,3.0,2.0,H,3.0,1.0,9.0,10.0,7.0,4.0
ligue-1,2021-2022,F1,13/02/2022,Metz,Marseille,1.0,2.0,A,0.0,1.0,11.0,13.0,4.0,5.0
ligue-1,2021-2022,F1,18/02/2022,Lille,Metz,0.0,0.0,D,0.0,0.0,13.0,7.0,1.0,0.0
ligue-1,2021-2022,F1,19/02/2022,Lens,Lyon,1.0,1.0,D,1.0,1.0,12.0,10.0,6.0,2.0
ligue-1,2021-2022,F1,19/02/2022,Nantes,Paris SG,3.0,1.0,H,3.0,0.0,13.0,16.0,7.0,9.0
ligue-1,2021-2022,F1,20/02/2022,Nice,Angers,1.0,0.0,H,1.0,0.0,9.0,11.0,5.0,2.0
ligue-1,2021-2022,F1,20/02/2022,Lorient,Montpellier,0.0,1.0,A,0.0,0.0,16.0,6.0,3.0,5.0
ligue-1,2021-2022,F1,20/02/2022,Reims,Brest,1.0,1.0,D,1.0,1.0,8.0,15.0,2.0,4.0
ligue-1,2021-2022,F1,20/02/2022,Rennes,Troyes,4.0,1.0,H,2.0,1.0,17.0,4.0,8.0,1.0
ligue-1,2021-2022,F1,20/02/2022,St Etienne,Strasbourg,2.0,2.0,D,2.0,2.0,9.0,8.0,4.0,4.0
ligue-1,2021-2022,F1,20/02/2022,Bordeaux,Monaco,1.0,1.0,D,1.0,0.0,11.0,13.0,3.0,4.0
ligue-1,2021-2022,F1,20/02/2022,Marseille,Clermont,0.0,2.0,A,0.0,1.0,18.0,4.0,4.0,3.0
ligue-1,2021-2022,F1,25/02/2022,Montpellier,Rennes,2.0,4.0,A,2.0,2.0,12.0,11.0,5.0,9.0
ligue-1,2021-2022,F1,26/02/2022,Strasbourg,Nice,0.0,0.0,D,0.0,0.0,17.0,3.0,6.0,0.0
ligue-1,2021-2022,F1,26/02/2022,Paris SG,St Etienne,3.0,1.0,H,1.0,1.0,21.0,13.0,8.0,6.0
ligue-1,2021-2022,F1,27/02/2022,Monaco,Reims,1.0,2.0,A,0.0,0.0,18.0,12.0,5.0,7.0
ligue-1,2021-2022,F1,27/02/2022,Angers,Lens,1.0,2.0,A,0.0,0.0,13.0,8.0,4.0,2.0
ligue-1,2021-2022,F1,27/02/2022,Brest,Lorient,0.0,1.0,A,0.0,0.0,4.0,17.0,0.0,8.0
ligue-1,2021-2022,F1,27/02/2022,Clermont,Bordeaux,1.0,1.0,D,1.0,1.0,9.0,10.0,3.0,3.0
ligue-1,2021-2022,F1,27/02/2022,Metz,Nantes,0.0,0.0,D,0.0,0.0,8.0,12.0,0.0,3.0
ligue-1,2021-2022,F1,27/02/2022,Troyes,Marseille,1.0,1.0,D,0.0,1.0,9.0,8.0,3.0,3.0
ligue-1,2021-2022,F1,27/02/2022,Lyon,Lille,0.0,1.0,A,0.0,1.0,20.0,6.0,8.0,2.0
ligue-1,2021-2022,F1,04/03/2022,Lorient,Lyon,1.0,4.0,A,0.0,2.0,15.0,15.0,6.0,7.0
ligue-1,2021-2022,F1,05/03/2022,Lens,Brest,0.0,1.0,A,0.0,0.0,20.0,5.0,6.0,3.0
ligue-1,2021-2022,F1,05/03/2022,Nice,Paris SG,1.0,0.0,H,0.0,0.0,11.0,8.0,6.0,2.0
ligue-1,2021-2022,F1,06/03/2022,St Etienne,Metz,1.0,0.0,H,0.0,0.0,13.0,5.0,5.0,2.0
ligue-1,2021-2022,F1,06/03/2022,Bordeaux,Troyes,0.0,2.0,A,0.0,1.0,10.0,10.0,3.0,2.0
ligue-1,2021-2022,F1,06/03/2022,Nantes,Montpellier,2.0,0.0,H,0.0,0.0,16.0,6.0,5.0,1.0
ligue-1,2021-2022,F1,06/03/2022,Reims,Strasbourg,1.0,1.0,D,0.0,0.0,8.0,17.0,1.0,6.0
ligue-1,2021-2022,F1,06/03/2022,Rennes,Angers,2.0,0.0,H,1.0,0.0,15.0,7.0,4.0,2.0
ligue-1,2021-2022,F1,06/03/2022,Lille,Clermont,4.0,0.0,H,1.0,0.0,15.0,9.0,8.0,1.0
ligue-1,2021-2022,F1,06/03/2022,Marseille,Monaco,0.0,1.0,A,0.0,0.0,13.0,5.0,2.0,3.0
ligue-1,2021-2022,F1,11/03/2022,Lille,St Etienne,0.0,0.0,D,0.0,0.0,10.0,11.0,2.0,3.0
ligue-1,2021-2022,F1,12/03/2022,Montpellier,Nice,0.0,0.0,D,0.0,0.0,24.0,8.0,7.0,0.0
ligue-1,2021-2022,F1,12/03/2022,Troyes,Nantes,1.0,0.0,H,1.0,0.0,11.0,6.0,2.0,1.0
ligue-1,2021-2022,F1,13/03/2022,Paris SG,Bordeaux,3.0,0.0,H,1.0,0.0,12.0,15.0,5.0,5.0
ligue-1,2021-2022,F1,13/03/2022,Angers,Reims,0.0,1.0,A,0.0,1.0,20.0,10.0,7.0,3.0
ligue-1,2021-2022,F1,13/03/2022,Clermont,Lorient,0.0,2.0,A,0.0,0.0,10.0,9.0,1.0,6.0
ligue-1,2021-2022,F1,13/03/2022,Metz,Lens,0.0,0.0,D,0.0,0.0,6.0,11.0,3.0,0.0
ligue-1,2021-2022,F1,13/03/2022,Strasbourg,Monaco,1.0,0.0,H,1.0,0.0,11.0,5.0,3.0,0.0
ligue-1,2021-2022,F1,13/03/2022,Lyon,Rennes,2.0,4.0,A,0.0,3.0,11.0,10.0,2.0,7.0
ligue-1,2021-2022,F1,13/03/2022,Brest,Marseille,1.0,4.0,A,0.0,1.0,8.0,13.0,2.0,7.0
ligue-1,2021-2022,F1,18/03/2022,St Etienne,Troyes,1.0,1.0,D,0.0,1.0,10.0,8.0,3.0,4.0
ligue-1,2021-2022,F1,19/03/2022,Lens,Clermont,3.0,1.0,H,2.0,1.0,20.0,10.0,7.0,3.0
ligue-1,2021-2022,F1,19/03/2022,Nantes,Lille,0.0,1.0,A,0.0,1.0,11.0,12.0,3.0,4.0
ligue-1,2021-2022,F1,20/03/2022,Monaco,Paris SG,3.0,0.0,H,1.0,0.0,13.0,13.0,8.0,6.0
ligue-1,2021-2022,F1,20/03/2022,Angers,Brest,1.0,0.0,H,1.0,0.0,9.0,16.0,3.0,2.0
ligue-1,2021-2022,F1,20/03/2022,Bordeaux,Montpellier,0.0,2.0,A,0.0,2.0,32.0,7.0,10.0,2.0
ligue-1,2021-2022,F1,20/03/2022,Lorient,Strasbourg,0.0,0.0,D,0.0,0.0,9.0,13.0,2.0,4.0
ligue-1,2021-2022,F1,20/03/2022,Rennes,Metz,6.0,1.0,H,3.0,0.0,21.0,2.0,8.0,1.0
ligue-1,2021-2022,F1,20/03/2022,Reims,Lyon,0.0,0.0,D,0.0,0.0,5.0,10.0,2.0,2.0
ligue-1,2021-2022,F1,20/03/2022,Marseille,Nice,2.0,1.0,H,1.0,0.0,13.0,9.0,6.0,3.0
ligue-1,2021-2022,F1,02/04/2022,Nice,Rennes,1.0,1.0,D,0.0,0.0,10.0,13.0,3.0,4.0
ligue-1,2021-2022,F1,02/04/2022,Lille,Bordeaux,0.0,0.0,D,0.0,0.0,22.0,2.0,6.0,0.0
ligue-1,2021-2022,F1,03/04/2022,Strasbourg,Lens,1.0,0.0,H,0.0,0.0,13.0,13.0,3.0,2.0
ligue-1,2021-2022,F1,03/04/2022,Clermont,Nantes,2.0,3.0,A,0.0,1.0,12.0,9.0,4.0,4.0
ligue-1,2021-2022,F1,03/04/2022,Metz,Monaco,1.0,2.0,A,0.0,0.0,17.0,14.0,4.0,4.0
ligue-1,2021-2022,F1,03/04/2022,Montpellier,Brest,1.0,2.0,A,0.0,0.0,9.0,12.0,3.0,6.0
ligue-1,2021-2022,F1,03/04/2022,St Etienne,Marseille,2.0,4.0,A,1.0,1.0,5.0,15.0,2.0,9.0
ligue-1,2021-2022,F1,03/04/2022,Troyes,Reims,1.0,0.0,H,0.0,0.0,19.0,10.0,5.0,4.0
ligue-1,2021-2022,F1,03/04/2022,Lyon,Angers,3.0,2.0,H,1.0,0.0,15.0,7.0,5.0,4.0
ligue-1,2021-2022,F1,03/04/2022,Paris SG,Lorient,5.0,1.0,H,2.0,0.0,15.0,11.0,7.0,4.0
ligue-1,2021-2022,F1,08/04/2022,Lorient,St Etienne,6.0,2.0,H,2.0,2.0,18.0,13.0,12.0,4.0
ligue-1,2021-2022,F1,09/04/2022,Reims,Rennes,2.0,3.0,A,0.0,2.0,15.0,14.0,7.0,8.0
ligue-1,2021-2022,F1,09/04/2022,Clermont,Paris SG,1.0,6.0,A,1.0,2.0,10.0,17.0,4.0,10.0
ligue-1,2021-2022,F1,10/04/2022,Bordeaux,Metz,3.0,1.0,H,0.0,1.0,12.0,9.0,7.0,2.0
ligue-1,2021-2022,F1,10/04/2022,Angers,Lille,1.0,1.0,D,0.0,0.0,13.0,17.0,3.0,3.0
ligue-1,2021-2022,F1,10/04/2022,Brest,Nantes,1.0,1.0,D,0.0,1.0,12.0,12.0,6.0,5.0
ligue-1,2021-2022,F1,10/04/2022,Monaco,Troyes,2.0,1.0,H,1.0,1.0,11.0,8.0,3.0,1.0
ligue-1,2021-2022,F1,10/04/2022,Lens,Nice,3.0,0.0,H,0.0,0.0,6.0,16.0,3.0,6.0
ligue-1,2021-2022,F1,10/04/2022,Strasbourg,Lyon,1.0,1.0,D,1.0,0.0,15.0,13.0,4.0,3.0
ligue-1,2021-2022,F1,10/04/2022,Marseille,Montpellier,2.0,0.0,H,2.0,0.0,11.0,6.0,5.0,2.0
ligue-1,2021-2022,F1,15/04/2022,Rennes,Monaco,2.0,3.0,A,1.0,1.0,13.0,12.0,4.0,4.0
ligue-1,2021-2022,F1,16/04/2022,St Etienne,Brest,2.0,1.0,H,2.0,1.0,11.0,7.0,4.0,3.0
ligue-1,2021-2022,F1,16/04/2022,Lille,Lens,1.0,2.0,A,1.0,2.0,17.0,11.0,5.0,7.0
ligue-1,2021-2022,F1,17/04/2022,Nice,Lorient,2.0,1.0,H,0.0,0.0,15.0,6.0,2.0,1.0
ligue-1,2021-2022,F1,17/04/2022,Metz,Clermont,1.0,1.0,D,1.0,1.0,4.0,26.0,2.0,4.0
ligue-1,2021-2022,F1,17/04/2022,Montpellier,Reims,0.0,0.0,D,0.0,0.0,14.0,15.0,3.0,9.0
ligue-1,2021-2022,F1,17/04/2022,Nantes,Angers,1.0,1.0,D,0.0,1.0,24.0,10.0,7.0,3.0
ligue-1,2021-2022,F1,17/04/2022,Troyes,Strasbourg,1.0,1.0,D,0.0,0.0,11.0,12.0,3.0,4.0
ligue-1,2021-2022,F1,17/04/2022,Lyon,Bordeaux,6.0,1.0,H,3.0,0.0,15.0,17.0,9.0,5.0
ligue-1,2021-2022,F1,17/04/2022,Paris SG,Marseille,2.0,1.0,H,2.0,1.0,7.0,3.0,3.0,1.0
ligue-1,2021-2022,F1,20/04/2022,Bordeaux,St Etienne,2.0,2.0,D,2.0,1.0,11.0,9.0,7.0,2.0
ligue-1,2021-2022,F1,20/04/2022,Lorient,Metz,1.0,0.0,H,0.0,0.0,15.0,20.0,5.0,5.0
ligue-1,2021-2022,F1,20/04/2022,Monaco,Nice,1.0,0.0,H,1.0,0.0,17.0,15.0,7.0,2.0
ligue-1,2021-2022,F1,20/04/2022,Reims,Lille,2.0,1.0,H,1.0,0.0,10.0,20.0,4.0,5.0
ligue-1,2021-2022,F1,20/04/2022,Troyes,Clermont,0.0,1.0,A,0.0,0.0,16.0,3.0,3.0,1.0
ligue-1,2021-2022,F1,20/04/2022,Angers,Paris SG,0.0,3.0,A,0.0,2.0,8.0,15.0,1.0,8.0
ligue-1,2021-2022,F1,20/04/2022,Brest,Lyon,2.0,1.0,H,1.0,0.0,9.0,18.0,3.0,5.0
ligue-1,2021-2022,F1,20/04/2022,Lens,Montpellier,2.0,0.0,H,1.0,0.0,12.0,9.0,5.0,4.0
ligue-1,2021-2022,F1,20/04/2022,Marseille,Nantes,3.0,2.0,H,1.0,2.0,19.0,4.0,5.0,3.0
ligue-1,2021-2022,F1,20/04/2022,Strasbourg,Rennes,2.0,1.0,H,1.0,0.0,13.0,10.0,5.0,3.0
ligue-1,2021-2022,F1,23/04/2022,Lyon,Montpellier,5.0,2.0,H,2.0,2.0,27.0,11.0,13.0,7.0
ligue-1,2021-2022,F1,23/04/2022,St Etienne,Monaco,1.0,4.0,A,1.0,2.0,8.0,12.0,4.0,6.0
ligue-1,2021-2022,F1,23/04/2022,Paris SG,Lens,1.0,1.0,D,0.0,0.0,18.0,8.0,7.0,3.0
ligue-1,2021-2022,F1,24/04/2022,Rennes,Lorient,5.0,0.0,H,2.0,0.0,10.0,12.0,7.0,2.0
ligue-1,2021-2022,F1,24/04/2022,Clermont,Angers,2.0,2.0,D,0.0,2.0,12.0,9.0,6.0,5.0
ligue-1,2021-2022,F1,24/04/2022,Metz,Brest,0.0,1.0,A,0.0,1.0,10.0,16.0,0.0,3.0
ligue-1,2021-2022,F1,24/04/2022,Nantes,Bordeaux,5.0,3.0,H,0.0,2.0,15.0,20.0,6.0,7.0
ligue-1,2021-2022,F1,24/04/2022,Nice,Troyes,1.0,0.0,H,0.0,0.0,18.0,9.0,3.0,3.0
ligue-1,2021-2022,F1,24/04/2022,Lille,Strasbourg,1.0,0.0,H,0.0,0.0,11.0,11.0,3.0,3.0
ligue-1,2021-2022,F1,24/04/2022,Reims,Marseille,0.0,1.0,A,0.0,0.0,10.0,14.0,3.0,3.0
ligue-1,2021-2022,F1,29/04/2022,Strasbourg,Paris SG,3.0,3.0,D,1.0,1.0,14.0,14.0,2.0,6.0
ligue-1,2021-2022,F1,30/04/2022,Lens,Nantes,2.0,2.0,D,0.0,2.0,20.0,13.0,5.0,5.0
ligue-1,2021-2022,F1,30/04/2022,Rennes,St Etienne,2.0,0.0,H,1.0,0.0,13.0,8.0,3.0,3.0
ligue-1,2021-2022,F1,01/05/2022,Troyes,Lille,3.0,0.0,H,1.0,0.0,9.0,10.0,5.0,1.0
ligue-1,2021-2022,F1,01/05/2022,Brest,Clermont,2.0,0.0,H,0.0,0.0,8.0,16.0,4.0,7.0
ligue-1,2021-2022,F1,01/05/2022,Lorient,Reims,1.0,2.0,A,1.0,1.0,20.0,12.0,8.0,2.0
ligue-1,2021-2022,F1,01/05/2022,Monaco,Angers,2.0,0.0,H,1.0,0.0,15.0,11.0,7.0,5.0
ligue-1,2021-2022,F1,01/05/2022,Montpellier,Metz,2.0,2.0,D,0.0,1.0,18.0,17.0,6.0,5.0
ligue-1,2021-2022,F1,01/05/2022,Bordeaux,Nice,0.0,1.0,A,0.0,0.0,5.0,14.0,1.0,3.0
ligue-1,2021-2022,F1,01/05/2022,Marseille,Lyon,0.0,3.0,A,0.0,0.0,9.0,12.0,2.0,5.0
ligue-1,2021-2022,F1,06/05/2022,Lille,Monaco,1.0,2.0,A,0.0,1.0,15.0,9.0,5.0,3.0
ligue-1,2021-2022,F1,07/05/2022,Brest,Strasbourg,0.0,1.0,A,0.0,0.0,7.0,14.0,2.0,5.0
ligue-1,2021-2022,F1,08/05/2022,Metz,Lyon,3.0,2.0,H,2.0,1.0,15.0,17.0,8.0,5.0
ligue-1,2021-2022,F1,08/05/2022,Angers,Bordeaux,4.0,1.0,H,2.0,0.0,13.0,7.0,8.0,3.0
ligue-1,2021-2022,F1,08/05/2022,Clermont,Montpellier,2.0,1.0,H,1.0,1.0,12.0,10.0,4.0,2.0
ligue-1,2021-2022,F1,08/05/2022,Reims,Lens,1.0,2.0,A,1.0,0.0,7.0,21.0,2.0,5.0
ligue-1,2021-2022,F1,08/05/2022,Lorient,Marseille,0.0,3.0,A,0.0,1.0,7.0,9.0,0.0,6.0
ligue-1,2021-2022,F1,08/05/2022,Paris SG,Troyes,2.0,2.0,D,2.0,1.0,17.0,9.0,7.0,3.0
ligue-1,2021-2022,F1,11/05/2022,Nice,St Etienne,4.0,2.0,H,0.0,2.0,14.0,12.0,7.0,6.0
ligue-1,2021-2022,F1,11/05/2022,Nantes,Rennes,2.0,1.0,H,1.0,1.0,9.0,17.0,3.0,5.0
ligue-1,2021-2022,F1,14/05/2022,Bordeaux,Lorient,0.0,0.0,D,0.0,0.0,14.0,13.0,1.0,2.0
ligue-1,2021-2022,F1,14/05/2022,Lyon,Nantes,3.0,2.0,H,1.0,0.0,17.0,17.0,6.0,6.0
ligue-1,2021-2022,F1,14/05/2022,Metz,Angers,1.0,0.0,H,0.0,0.0,7.0,11.0,2.0,4.0
ligue-1,2021-2022,F1,14/05/2022,Monaco,Brest,4.0,2.0,H,1.0,2.0,25.0,10.0,9.0,5.0
ligue-1,2021-2022,F1,14/05/2022,Montpellier,Paris SG,0.0,4.0,A,0.0,3.0,10.0,15.0,3.0,9.0
ligue-1,2021-2022,F1,14/05/2022,Nice,Lille,1.0,3.0,A,1.0,0.0,16.0,9.0,6.0,5.0
ligue-1,2021-2022,F1,14/05/2022,Rennes,Marseille,2.0,0.0,H,2.0,0.0,12.0,8.0,4.0,0.0
ligue-1,2021-2022,F1,14/05/2022,St Etienne,Reims,1.0,2.0,A,1.0,1.0,16.0,17.0,7.0,7.0
ligue-1,2021-2022,F1,14/05/2022,Strasbourg,Clermont,1.0,0.0,H,1.0,0.0,11.0,11.0,6.0,3.0
ligue-1,2021-2022,F1,14/05/2022,Troyes,Lens,1.0,3.0,A,1.0,2.0,6.0,15.0,2.0,9.0
ligue-1,2021-2022,F1,21/05/2022,Angers,Montpellier,2.0,0.0,H,1.0,0.0,19.0,14.0,3.0,1.0
ligue-1,2021-2022,F1,21/05/2022,Brest,Bordeaux,2.0,4.0,A,2.0,2.0,11.0,15.0,7.0,7.0
ligue-1,2021-2022,F1,21/05/2022,Clermont,Lyon,1.0,2.0,A,0.0,1.0,18.0,21.0,3.0,5.0
ligue-1,2021-2022,F1,21/05/2022,Lens,Monaco,2.0,2.0,D,1.0,1.0,28.0,12.0,10.0,5.0
ligue-1,2021-2022,F1,21/05/2022,Lille,Rennes,2.0,2.0,D,1.0,1.0,13.0,13.0,4.0,3.0
ligue-1,2021-2022,F1,21/05/2022,Lorient,Troyes,1.0,1.0,D,0.0,1.0,17.0,8.0,6.0,3.0
ligue-1,2021-2022,F1,21/05/2022,Marseille,Strasbourg,4.0,0.0,H,1.0,0.0,17.0,10.0,11.0,4.0
ligue-1,2021-2022,F1,21/05/2022,Nantes,St Etienne,1.0,1.0,D,1.0,0.0,12.0,13.0,5.0,3.0
ligue-1,2021-2022,F1,21/05/2022,Paris SG,Metz,5.0,0.0,H,3.0,0.0,27.0,4.0,12.0,1.0
ligue-1,2021-2022,F1,21/05/2022,Reims,Nice,2.0,3.0,A,2.0,0.0,5.0,17.0,4.0,6.0
ligue-1,2022-2023,F1,05/08/2022,Lyon,Ajaccio,2.0,1.0,H,2.0,1.0,11.0,8.0,6.0,4.0
ligue-1,2022-2023,F1,06/08/2022,Strasbourg,Monaco,1.0,2.0,A,0.0,1.0,11.0,24.0,7.0,11.0
ligue-1,2022-2023,F1,06/08/2022,Clermont,Paris SG,0.0,5.0,A,0.0,3.0,7.0,18.0,1.0,12.0
ligue-1,2022-2023,F1,07/08/2022,Toulouse,Nice,1.0,1.0,D,1.0,0.0,6.0,11.0,4.0,4.0
ligue-1,2022-2023,F1,07/08/2022,Angers,Nantes,0.0,0.0,D,0.0,0.0,16.0,14.0,6.0,4.0
ligue-1,2022-2023,F1,07/08/2022,Lens,Brest,3.0,2.0,H,1.0,0.0,17.0,6.0,7.0,4.0
ligue-1,2022-2023,F1,07/08/2022,Lille,Auxerre,4.0,1.0,H,3.0,0.0,16.0,10.0,7.0,2.0
ligue-1,2022-2023,F1,07/08/2022,Montpellier,Troyes,3.0,2.0,H,2.0,2.0,17.0,15.0,6.0,10.0
ligue-1,2022-2023,F1,07/08/2022,Rennes,Lorient,0.0,1.0,A,0.0,0.0,21.0,8.0,6.0,2.0
ligue-1,2022-2023,F1,07/08/2022,Marseille,Reims,4.0,1.0,H,2.0,0.0,16.0,16.0,6.0,6.0
ligue-1,2022-2023,F1,12/08/2022,Nantes,Lille,1.0,1.0,D,1.0,0.0,10.0,16.0,1.0,5.0
ligue-1,2022-2023,F1,13/08/2022,Monaco,Rennes,1.0,1.0,D,0.0,0.0,12.0,24.0,4.0,8.0
ligue-1,2022-2023,F1,13/08/2022,Paris SG,Montpellier,5.0,2.0,H,2.0,0.0,20.0,7.0,10.0,4.0
ligue-1,2022-2023,F1,14/08/2022,Ajaccio,Lens,0.0,0.0,D,0.0,0.0,9.0,12.0,2.0,3.0
ligue-1,2022-2023,F1,14/08/2022,Auxerre,Angers,2.0,2.0,D,2.0,1.0,11.0,11.0,4.0,2.0
ligue-1,2022-2023,F1,14/08/2022,Reims,Clermont,2.0,4.0,A,2.0,0.0,9.0,10.0,6.0,5.0
ligue-1,2022-2023,F1,14/08/2022,Troyes,Toulouse,0.0,3.0,A,0.0,1.0,12.0,10.0,2.0,4.0
ligue-1,2022-2023,F1,14/08/2022,Nice,Strasbourg,1.0,1.0,D,1.0,0.0,13.0,9.0,3.0,5.0
ligue-1,2022-2023,F1,14/08/2022,Brest,Marseille,1.0,1.0,D,0.0,1.0,17.0,5.0,5.0,2.0
ligue-1,2022-2023,F1,19/08/2022,Lyon,Troyes,4.0,1.0,H,1.0,1.0,16.0,4.0,8.0,1.0
ligue-1,2022-2023,F1,20/08/2022,Monaco,Lens,1.0,4.0,A,1.0,2.0,12.0,14.0,5.0,6.0
ligue-1,2022-2023,F1,20/08/2022,Marseille,Nantes,2.0,1.0,H,0.0,0.0,16.0,12.0,5.0,3.0
ligue-1,2022-2023,F1,21/08/2022,Strasbourg,Reims,1.0,1.0,D,1.0,0.0,12.0,12.0,3.0,6.0
ligue-1,2022-2023,F1,21/08/2022,Angers,Brest,1.0,3.0,A,0.0,2.0,7.0,11.0,5.0,7.0
ligue-1,2022-2023,F1,21/08/2022,Clermont,Nice,1.0,0.0,H,1.0,0.0,7.0,13.0,2.0,4.0
ligue-1,2022-2023,F1,21/08/2022,Montpellier,Auxerre,1.0,2.0,A,1.0,0.0,13.0,7.0,7.0,2.0
ligue-1,2022-2023,F1,21/08/2022,Toulouse,Lorient,2.0,2.0,D,1.0,1.0,16.0,14.0,8.0,4.0
ligue-1,2022-2023,F1,21/08/2022,Rennes,Ajaccio,2.0,1.0,H,1.0,0.0,16.0,10.0,7.0,3.0
ligue-1,2022-2023,F1,21/08/2022,Lille,Paris SG,1.0,7.0,A,0.0,4.0,16.0,16.0,10.0,9.0
ligue-1,2022-2023,F1,26/08/2022,Ajaccio,Lille,1.0,3.0,A,0.0,2.0,13.0,7.0,2.0,4.0
ligue-1,2022-2023,F1,27/08/2022,Auxerre,Strasbourg,1.0,0.0,H,1.0,0.0,7.0,14.0,3.0,4.0
ligue-1,2022-2023,F1,27/08/2022,Lens,Rennes,2.0,1.0,H,0.0,0.0,17.0,12.0,4.0,6.0
ligue-1,2022-2023,F1,28/08/2022,Nantes,Toulouse,3.0,1.0,H,0.0,1.0,16.0,9.0,8.0,3.0
ligue-1,2022-2023,F1,28/08/2022,Brest,Montpellier,0.0,7.0,A,0.0,5.0,6.0,14.0,0.0,8.0
ligue-1,2022-2023,F1,28/08/2022,Lorient,Clermont,2.0,1.0,H,2.0,0.0,22.0,9.0,9.0,2.0
ligue-1,2022-2023,F1,28/08/2022,Nice,Marseille,0.0,3.0,A,0.0,3.0,16.0,13.0,2.0,4.0
ligue-1,2022-2023,F1,28/08/2022,Troyes,Angers,3.0,1.0,H,1.0,0.0,25.0,7.0,11.0,3.0
ligue-1,2022-2023,F1,28/08/2022,Reims,Lyon,1.0,1.0,D,1.0,0.0,8.0,18.0,5.0,5.0
ligue-1,2022-2023,F1,28/08/2022,Paris SG,Monaco,1.0,1.0,D,0.0,1.0,18.0,4.0,5.0,3.0
ligue-1,2022-2023,F1,31/08/2022,Angers,Reims,2.0,4.0,A,0.0,2.0,10.0,11.0,3.0,5.0
ligue-1,2022-2023,F1,31/08/2022,Lyon,Auxerre,2.0,1.0,H,1.0,0.0,20.0,6.0,8.0,2.0
ligue-1,2022-2023,F1,31/08/2022,Monaco,Troyes,2.0,4.0,A,1.0,2.0,8.0,19.0,6.0,11.0
ligue-1,2022-2023,F1,31/08/2022,Montpellier,Ajaccio,2.0,0.0,H,1.0,0.0,9.0,15.0,4.0,0.0
ligue-1,2022-2023,F1,31/08/2022,Strasbourg,Nantes,1.0,1.0,D,1.0,0.0,5.0,12.0,2.0,3.0
ligue-1,2022-2023,F1,31/08/2022,Lens,Lorient,5.0,2.0,H,2.0,1.0,15.0,10.0,8.0,3.0
ligue-1,2022-2023,F1,31/08/2022,Lille,Nice,1.0,2.0,A,1.0,2.0,18.0,3.0,6.0,2.0
ligue-1,2022-2023,F1,31/08/2022,Marseille,Clermont,1.0,0.0,H,0.0,0.0,21.0,3.0,7.0,0.0
ligue-1,2022-2023,F1,31/08/2022,Rennes,Brest,3.0,1.0,H,0.0,0.0,16.0,7.0,9.0,2.0
ligue-1,2022-2023,F1,31/08/2022,Toulouse,Paris SG,0.0,3.0,A,0.0,1.0,14.0,20.0,7.0,13.0
ligue-1,2022-2023,F1,03/09/2022,Auxerre,Marseille,0.0,2.0,A,0.0,1.0,8.0,15.0,2.0,7.0
ligue-1,2022-2023,F1,03/09/2022,Lyon,Angers,5.0,0.0,H,2.0,0.0,16.0,8.0,9.0,3.0
ligue-1,2022-2023,F1,03/09/2022,Nantes,Paris SG,0.0,3.0,A,0.0,1.0,10.0,19.0,1.0,7.0
ligue-1,2022-2023,F1,04/09/2022,Montpellier,Lille,1.0,3.0,A,1.0,1.0,4.0,26.0,2.0,7.0
ligue-1,2022-2023,F1,04/09/2022,Ajaccio,Lorient,0.0,1.0,A,0.0,0.0,16.0,7.0,3.0,4.0
ligue-1,2022-2023,F1,04/09/2022,Brest,Strasbourg,1.0,1.0,D,1.0,1.0,11.0,10.0,2.0,3.0
ligue-1,2022-2023,F1,04/09/2022,Clermont,Toulouse,2.0,0.0,H,0.0,0.0,12.0,14.0,3.0,4.0
ligue-1,2022-2023,F1,04/09/2022,Reims,Lens,1.0,1.0,D,0.0,0.0,17.0,20.0,4.0,4.0
ligue-1,2022-2023,F1,04/09/2022,Troyes,Rennes,1.0,1.0,D,1.0,0.0,9.0,19.0,1.0,6.0
ligue-1,2022-2023,F1,04/09/2022,Nice,Monaco,0.0,1.0,A,0.0,0.0,12.0,14.0,5.0,2.0
ligue-1,2022-2023,F1,07/09/2022,Lorient,Lyon,3.0,1.0,H,2.0,1.0,11.0,15.0,6.0,7.0
ligue-1,2022-2023,F1,09/09/2022,Lens,Troyes,1.0,0.0,H,1.0,0.0,12.0,7.0,3.0,2.0
ligue-1,2022-2023,F1,10/09/2022,Paris SG,Brest,1.0,0.0,H,1.0,0.0,13.0,6.0,4.0,3.0
ligue-1,2022-2023,F1,10/09/2022,Marseille,Lille,2.0,1.0,H,1.0,1.0,14.0,7.0,7.0,3.0
ligue-1,2022-2023,F1,11/09/2022,Strasbourg,Clermont,0.0,0.0,D,0.0,0.0,12.0,10.0,4.0,4.0
ligue-1,2022-2023,F1,11/09/2022,Ajaccio,Nice,0.0,1.0,A,0.0,0.0,9.0,12.0,3.0,3.0
ligue-1,2022-2023,F1,11/09/2022,Angers,Montpellier,2.0,1.0,H,1.0,1.0,11.0,7.0,5.0,2.0
ligue-1,2022-2023,F1,11/09/2022,Lorient,Nantes,3.0,2.0,H,1.0,1.0,13.0,9.0,5.0,4.0
ligue-1,2022-2023,F1,11/09/2022,Toulouse,Reims,1.0,0.0,H,1.0,0.0,14.0,11.0,3.0,1.0
ligue-1,2022-2023,F1,11/09/2022,Rennes,Auxerre,5.0,0.0,H,1.0,0.0,12.0,7.0,9.0,3.0
ligue-1,2022-2023,F1,11/09/2022,Monaco,Lyon,2.0,1.0,H,0.0,0.0,11.0,20.0,4.0,6.0
ligue-1,2022-2023,F1,16/09/2022,Auxerre,Lorient,1.0,3.0,A,0.0,3.0,17.0,12.0,5.0,8.0
ligue-1,2022-2023,F1,17/09/2022,Montpellier,Strasbourg,2.0,1.0,H,1.0,0.0,10.0,8.0,4.0,2.0
ligue-1,2022-2023,F1,17/09/2022,Lille,Toulouse,2.0,1.0,H,1.0,0.0,10.0,14.0,4.0,5.0
ligue-1,2022-2023,F1,18/09/2022,Reims,Monaco,0.0,3.0,A,0.0,0.0,9.0,20.0,2.0,11.0
ligue-1,2022-2023,F1,18/09/2022,Brest,Ajaccio,0.0,1.0,A,0.0,0.0,8.0,6.0,4.0,4.0
ligue-1,2022-2023,F1,18/09/2022,Clermont,Troyes,1.0,3.0,A,1.0,1.0,14.0,9.0,2.0,4.0
ligue-1,2022-2023,F1,18/09/2022,Marseille,Rennes,1.0,1.0,D,0.0,1.0,15.0,12.0,4.0,4.0
ligue-1,2022-2023,F1,18/09/2022,Nice,Angers,0.0,1.0,A,0.0,1.0,18.0,16.0,5.0,3.0
ligue-1,2022-2023,F1,18/09/2022,Nantes,Lens,0.0,0.0,D,0.0,0.0,12.0,8.0,4.0,2.0
ligue-1,2022-2023,F1,18/09/2022,Lyon,Paris SG,0.0,1.0,A,0.0,1.0,12.0,15.0,3.0,8.0
ligue-1,2022-2023,F1,30/09/2022,Angers,Marseille,0.0,3.0,A,0.0,1.0,16.0,15.0,5.0,7.0
ligue-1,2022-2023,F1,01/10/2022,Strasbourg,Rennes,1.0,3.0,A,0.0,1.0,9.0,17.0,3.0,7.0
ligue-1,2022-2023,F1,01/10/2022,Paris SG,Nice,2.0,1.0,H,1.0,0.0,12.0,4.0,4.0,1.0
ligue-1,2022-2023,F1,02/10/2022,Lorient,Lille,2.0,1.0,H,1.0,0.0,7.0,20.0,4.0,4.0
ligue-1,2022-2023,F1,02/10/2022,Ajaccio,Clermont,1.0,3.0,A,0.0,1.0,12.0,7.0,3.0,3.0
ligue-1,2022-2023,F1,02/10/2022,Auxerre,Brest,1.0,1.0,D,0.0,0.0,11.0,9.0,3.0,2.0
ligue-1,2022-2023,F1,02/10/2022,Toulouse,Montpellier,4.0,2.0,H,3.0,1.0,12.0,23.0,6.0,6.0
ligue-1,2022-2023,F1,02/10/2022,Troyes,Reims,2.0,2.0,D,0.0,1.0,19.0,5.0,6.0,2.0
ligue-1,2022-2023,F1,02/10/2022,Monaco,Nantes,4.0,1.0,H,3.0,0.0,10.0,7.0,6.0,2.0
ligue-1,2022-2023,F1,02/10/2022,Lens,Lyon,1.0,0.0,H,0.0,0.0,21.0,4.0,6.0,0.0
ligue-1,2022-2023,F1,07/10/2022,Lyon,Toulouse,1.0,1.0,D,1.0,0.0,19.0,5.0,8.0,2.0
ligue-1,2022-2023,F1,08/10/2022,Marseille,Ajaccio,1.0,2.0,A,1.0,1.0,10.0,6.0,2.0,1.0
ligue-1,2022-2023,F1,08/10/2022,Reims,Paris SG,0.0,0.0,D,0.0,0.0,24.0,11.0,4.0,3.0
ligue-1,2022-2023,F1,09/10/2022,Montpellier,Monaco,0.0,2.0,A,0.0,1.0,11.0,11.0,1.0,7.0
ligue-1,2022-2023,F1,09/10/2022,Angers,Strasbourg,2.0,3.0,A,1.0,2.0,14.0,15.0,8.0,7.0
ligue-1,2022-2023,F1,09/10/2022,Brest,Lorient,1.0,2.0,A,1.0,1.0,12.0,14.0,4.0,5.0
ligue-1,2022-2023,F1,09/10/2022,Clermont,Auxerre,2.0,1.0,H,0.0,0.0,10.0,14.0,6.0,5.0
ligue-1,2022-2023,F1,09/10/2022,Nice,Troyes,3.0,2.0,H,2.0,0.0,14.0,17.0,6.0,6.0
ligue-1,2022-2023,F1,09/10/2022,Rennes,Nantes,3.0,0.0,H,1.0,0.0,14.0,8.0,4.0,3.0
ligue-1,2022-2023,F1,09/10/2022,Lille,Lens,1.0,0.0,H,1.0,0.0,12.0,10.0,6.0,3.0
ligue-1,2022-2023,F1,14/10/2022,Strasbourg,Lille,0.0,3.0,A,0.0,1.0,12.0,10.0,1.0,7.0
ligue-1,2022-2023,F1,15/10/2022,Lorient,Reims,0.0,0.0,D,0.0,0.0,10.0,7.0,3.0,2.0
ligue-1,2022-2023,F1,15/10/2022,Lens,Montpellier,1.0,0.0,H,0.0,0.0,17.0,8.0,5.0,1.0
ligue-1,2022-2023,F1,16/10/2022,Toulouse,Angers,3.0,2.0,H,2.0,1.0,14.0,13.0,7.0,6.0
ligue-1,2022-2023,F1,16/10/2022,Auxerre,Nice,1.0,1.0,D,1.0,1.0,11.0,9.0,3.0,2.0
ligue-1,2022-2023,F1,16/10/2022,Nantes,Brest,4.0,1.0,H,2.0,1.0,17.0,11.0,6.0,2.0
ligue-1,2022-2023,F1,16/10/2022,Rennes,Lyon,3.0,2.0,H,1.0,1.0,14.0,7.0,5.0,5.0
ligue-1,2022-2023,F1,16/10/2022,Troyes,Ajaccio,1.0,1.0,D,0.0,0.0,9.0,15.0,2.0,7.0
ligue-1,2022-2023,F1,16/10/2022,Monaco,Clermont,1.0,1.0,D,1.0,0.0,6.0,21.0,4.0,7.0
ligue-1,2022-2023,F1,16/10/2022,Paris SG,Marseille,1.0,0.0,H,1.0,0.0,23.0,18.0,8.0,7.0
ligue-1,2022-2023,F1,21/10/2022,Ajaccio,Paris SG,0.0,3.0,A,0.0,1.0,8.0,11.0,1.0,6.0
ligue-1,2022-2023,F1,22/10/2022,Montpellier,Lyon,1.0,2.0,A,0.0,1.0,10.0,21.0,4.0,10.0
ligue-1,2022-2023,F1,22/10/2022,Marseille,Lens,0.0,1.0,A,0.0,0.0,13.0,12.0,3.0,4.0
ligue-1,2022-2023,F1,23/10/2022,Angers,Rennes,1.0,2.0,A,0.0,1.0,7.0,14.0,2.0,5.0
ligue-1,2022-2023,F1,23/10/2022,Clermont,Brest,1.0,3.0,A,0.0,1.0,14.0,19.0,4.0,11.0
ligue-1,2022-2023,F1,23/10/2022,Reims,Auxerre,2.0,1.0,H,1.0,1.0,19.0,10.0,10.0,2.0
ligue-1,2022-2023,F1,23/10/2022,Toulouse,Strasbourg,2.0,2.0,D,1.0,0.0,17.0,11.0,6.0,5.0
ligue-1,2022-2023,F1,23/10/2022,Troyes,Lorient,2.0,2.0,D,1.0,0.0,13.0,21.0,4.0,5.0
ligue-1,2022-2023,F1,23/10/2022,Nice,Nantes,1.0,1.0,D,0.0,0.0,11.0,11.0,5.0,4.0
ligue-1,2022-2023,F1,23/10/2022,Lille,Monaco,4.0,3.0,H,2.0,2.0,20.0,9.0,7.0,6.0
ligue-1,2022-2023,F1,28/10/2022,Lens,Toulouse,3.0,0.0,H,0.0,0.0,13.0,9.0,8.0,0.0
ligue-1,2022-2023,F1,29/10/2022,Paris SG,Troyes,4.0,3.0,H,1.0,1.0,19.0,16.0,11.0,5.0
ligue-1,2022-2023,F1,29/10/2022,Strasbourg,Marseille,2.0,2.0,D,0.0,2.0,12.0,13.0,5.0,5.0
ligue-1,2022-2023,F1,30/10/2022,Auxerre,Ajaccio,1.0,0.0,H,1.0,0.0,18.0,5.0,5.0,1.0
ligue-1,2022-2023,F1,30/10/2022,Brest,Reims,0.0,0.0,D,0.0,0.0,12.0,11.0,4.0,3.0
ligue-1,2022-2023,F1,30/10/2022,Monaco,Angers,2.0,0.0,H,0.0,0.0,8.0,8.0,5.0,4.0
ligue-1,2022-2023,F1,30/10/2022,Nantes,Clermont,1.0,1.0,D,0.0,0.0,13.0,10.0,4.0,6.0
ligue-1,2022-2023,F1,30/10/2022,Rennes,Montpellier,3.0,0.0,H,2.0,0.0,14.0,8.0,3.0,3.0
ligue-1,2022-2023,F1,30/10/2022,Lorient,Nice,1.0,2.0,A,1.0,0.0,14.0,16.0,8.0,5.0
ligue-1,2022-2023,F1,30/10/2022,Lyon,Lille,1.0,0.0,H,0.0,0.0,6.0,15.0,3.0,5.0
ligue-1,2022-2023,F1,04/11/2022,Troyes,Auxerre,1.0,1.0,D,1.0,0.0,21.0,13.0,6.0,2.0
ligue-1,2022-2023,F1,05/11/2022,Ajaccio,Strasbourg,4.0,2.0,H,4.0,2.0,12.0,9.0,7.0,5.0
ligue-1,2022-2023,F1,05/11/2022,Angers,Lens,1.0,2.0,A,0.0,1.0,6.0,12.0,3.0,4.0
ligue-1,2022-2023,F1,06/11/2022,Lorient,Paris SG,1.0,2.0,A,0.0,1.0,9.0,15.0,2.0,8.0
ligue-1,2022-2023,F1,06/11/2022,Clermont,Montpellier,1.0,1.0,D,0.0,1.0,16.0,7.0,7.0,3.0
ligue-1,2022-2023,F1,06/11/2022,Nice,Brest,1.0,0.0,H,0.0,0.0,14.0,12.0,9.0,2.0
ligue-1,2022-2023,F1,06/11/2022,Reims,Nantes,1.0,0.0,H,0.0,0.0,22.0,15.0,9.0,5.0
ligue-1,2022-2023,F1,06/11/2022,Toulouse,Monaco,0.0,2.0,A,0.0,0.0,13.0,24.0,5.0,10.0
ligue-1,2022-2023,F1,06/11/2022,Lille,Rennes,1.0,1.0,D,1.0,0.0,19.0,3.0,7.0,2.0
ligue-1,2022-2023,F1,06/11/2022,Marseille,Lyon,1.0,0.0,H,1.0,0.0,6.0,11.0,2.0,4.0
ligue-1,2022-2023,F1,11/11/2022,Lyon,Nice,1.0,1.0,D,0.0,1.0,9.0,13.0,3.0,3.0
ligue-1,2022-2023,F1,12/11/2022,Lens,Clermont,2.0,1.0,H,0.0,1.0,16.0,5.0,3.0,2.0
ligue-1,2022-2023,F1,12/11/2022,Rennes,Toulouse,2.0,1.0,H,1.0,0.0,16.0,10.0,8.0,4.0
ligue-1,2022-2023,F1,13/11/2022,Paris SG,Auxerre,5.0,0.0,H,1.0,0.0,9.0,9.0,6.0,3.0
ligue-1,2022-2023,F1,13/11/2022,Brest,Troyes,2.0,1.0,H,0.0,0.0,15.0,8.0,5.0,2.0
ligue-1,2022-2023,F1,13/11/2022,Lille,Angers,1.0,0.0,H,1.0,0.0,9.0,8.0,4.0,2.0
ligue-1,2022-2023,F1,13/11/2022,Montpellier,Reims,1.0,1.0,D,0.0,0.0,16.0,17.0,8.0,4.0
ligue-1,2022-2023,F1,13/11/2022,Nantes,Ajaccio,2.0,2.0,D,0.0,0.0,15.0,13.0,5.0,4.0
ligue-1,2022-2023,F1,13/11/2022,Strasbourg,Lorient,1.0,1.0,D,0.0,1.0,20.0,6.0,4.0,2.0
ligue-1,2022-2023,F1,13/11/2022,Monaco,Marseille,2.0,3.0,A,1.0,1.0,11.0,11.0,6.0,3.0
ligue-1,2022-2023,F1,28/12/2022,Ajaccio,Angers,1.0,0.0,H,1.0,0.0,11.0,14.0,3.0,4.0
ligue-1,2022-2023,F1,28/12/2022,Troyes,Nantes,0.0,0.0,D,0.0,0.0,6.0,19.0,2.0,5.0
ligue-1,2022-2023,F1,28/12/2022,Auxerre,Monaco,2.0,3.0,A,1.0,1.0,11.0,6.0,6.0,3.0
ligue-1,2022-2023,F1,28/12/2022,Clermont,Lille,0.0,2.0,A,0.0,0.0,9.0,14.0,3.0,3.0
ligue-1,2022-2023,F1,28/12/2022,Brest,Lyon,2.0,4.0,A,1.0,3.0,17.0,17.0,5.0,10.0
ligue-1,2022-2023,F1,28/12/2022,Paris SG,Strasbourg,2.0,1.0,H,1.0,0.0,9.0,10.0,6.0,3.0
ligue-1,2022-2023,F1,29/12/2022,Lorient,Montpellier,0.0,2.0,A,0.0,2.0,12.0,14.0,4.0,6.0
ligue-1,2022-2023,F1,29/12/2022,Reims,Rennes,3.0,1.0,H,2.0,1.0,10.0,11.0,4.0,5.0
ligue-1,2022-2023,F1,29/12/2022,Marseille,Toulouse,6.0,1.0,H,2.0,0.0,13.0,10.0,7.0,6.0
ligue-1,2022-2023,F1,29/12/2022,Nice,Lens,0.0,0.0,D,0.0,0.0,9.0,10.0,5.0,2.0
ligue-1,2022-2023,F1,01/01/2023,Angers,Lorient,1.0,2.0,A,1.0,0.0,14.0,10.0,6.0,5.0
ligue-1,2022-2023,F1,01/01/2023,Monaco,Brest,1.0,0.0,H,0.0,0.0,17.0,13.0,5.0,6.0
ligue-1,2022-2023,F1,01/01/2023,Nantes,Auxerre,1.0,0.0,H,0.0,0.0,10.0,14.0,3.0,6.0
ligue-1,2022-2023,F1,01/01/2023,Toulouse,Ajaccio,2.0,0.0,H,0.0,0.0,11.0,1.0,4.0,0.0
ligue-1,2022-2023,F1,01/01/2023,Lyon,Clermont,0.0,1.0,A,0.0,0.0,13.0,13.0,2.0,3.0
ligue-1,2022-2023,F1,01/01/2023,Lens,Paris SG,3.0,1.0,H,2.0,1.0,10.0,16.0,4.0,6.0
ligue-1,2022-2023,F1,02/01/2023,Strasbourg,Troyes,2.0,3.0,A,1.0,2.0,17.0,9.0,7.0,5.0
ligue-1,2022-2023,F1,02/01/2023,Lille,Reims,1.0,1.0,D,1.0,0.0,14.0,9.0,5.0,6.0
ligue-1,2022-2023,F1,02/01/2023,Montpellier,Marseille,1.0,2.0,A,0.0,0.0,8.0,18.0,1.0,9.0
ligue-1,2022-2023,F1,02/01/2023,Rennes,Nice,2.0,1.0,H,1.0,1.0,20.0,7.0,5.0,3.0
ligue-1,2022-2023,F1,11/01/2023,Ajaccio,Reims,0.0,1.0,A,0.0,1.0,11.0,9.0,1.0,3.0
ligue-1,2022-2023,F1,11/01/2023,Auxerre,Toulouse,0.0,5.0,A,0.0,3.0,19.0,9.0,4.0,7.0
ligue-1,2022-2023,F1,11/01/2023,Brest,Lille,0.0,0.0,D,0.0,0.0,5.0,11.0,0.0,4.0
ligue-1,2022-2023,F1,11/01/2023,Clermont,Rennes,2.0,1.0,H,1.0,0.0,11.0,9.0,5.0,2.0
ligue-1,2022-2023,F1,11/01/2023,Nantes,Lyon,0.0,0.0,D,0.0,0.0,13.0,10.0,5.0,6.0
ligue-1,2022-2023,F1,11/01/2023,Lorient,Monaco,2.0,2.0,D,0.0,0.0,8.0,16.0,6.0,4.0
ligue-1,2022-2023,F1,11/01/2023,Nice,Montpellier,6.0,1.0,H,2.0,0.0,16.0,4.0,10.0,2.0
ligue-1,2022-2023,F1,11/01/2023,Paris SG,Angers,2.0,0.0,H,1.0,0.0,9.0,6.0,6.0,0.0
ligue-1,2022-2023,F1,11/01/2023,Strasbourg,Lens,2.0,2.0,D,2.0,2.0,9.0,15.0,6.0,8.0
ligue-1,2022-2023,F1,11/01/2023,Troyes,Marseille,0.0,2.0,A,0.0,1.0,5.0,13.0,1.0,4.0
ligue-1,2022-2023,F1,14/01/2023,Lens,Auxerre,1.0,0.0,H,0.0,0.0,10.0,6.0,2.0,1.0
ligue-1,2022-2023,F1,14/01/2023,Marseille,Lorient,3.0,1.0,H,1.0,1.0,16.0,11.0,8.0,3.0
ligue-1,2022-2023,F1,14/01/2023,Lyon,Strasbourg,1.0,2.0,A,1.0,2.0,28.0,8.0,7.0,6.0
ligue-1,2022-2023,F1,15/01/2023,Lille,Troyes,5.0,1.0,H,2.0,0.0,23.0,10.0,13.0,2.0
ligue-1,2022-2023,F1,15/01/2023,Angers,Clermont,1.0,2.0,A,0.0,1.0,5.0,10.0,1.0,6.0
ligue-1,2022-2023,F1,15/01/2023,Montpellier,Nantes,0.0,3.0,A,0.0,1.0,11.0,12.0,5.0,7.0
ligue-1,2022-2023,F1,15/01/2023,Reims,Nice,0.0,0.0,D,0.0,0.0,13.0,6.0,2.0,4.0
ligue-1,2022-2023,F1,15/01/2023,Toulouse,Brest,1.0,1.0,D,0.0,1.0,16.0,17.0,7.0,5.0
ligue-1,2022-2023,F1,15/01/2023,Monaco,Ajaccio,7.0,1.0,H,5.0,1.0,11.0,5.0,8.0,2.0
ligue-1,2022-2023,F1,15/01/2023,Rennes,Paris SG,1.0,0.0,H,0.0,0.0,8.0,8.0,6.0,1.0
ligue-1,2022-2023,F1,27/01/2023,Lorient,Rennes,2.0,1.0,H,2.0,0.0,4.0,19.0,4.0,6.0
ligue-1,2022-2023,F1,28/01/2023,Troyes,Lens,1.0,1.0,D,0.0,0.0,6.0,21.0,1.0,5.0
ligue-1,2022-2023,F1,28/01/2023,Marseille,Monaco,1.0,1.0,D,0.0,1.0,22.0,11.0,6.0,4.0
ligue-1,2022-2023,F1,29/01/2023,Nice,Lille,1.0,0.0,H,1.0,0.0,12.0,16.0,6.0,7.0
ligue-1,2022-2023,F1,29/01/2023,Auxerre,Montpellier,0.0,2.0,A,0.0,0.0,16.0,4.0,5.0,3.0
ligue-1,2022-2023,F1,29/01/2023,Brest,Angers,4.0,0.0,H,2.0,0.0,9.0,8.0,7.0,1.0
ligue-1,2022-2023,F1,29/01/2023,Clermont,Nantes,0.0,0.0,D,0.0,0.0,9.0,4.0,0.0,0.0
ligue-1,2022-2023,F1,29/01/2023,Strasbourg,Toulouse,1.0,2.0,A,1.0,1.0,11.0,10.0,2.0,3.0
ligue-1,2022-2023,F1,29/01/2023,Ajaccio,Lyon,0.0,2.0,A,0.0,1.0,16.0,8.0,5.0,2.0
ligue-1,2022-2023,F1,29/01/2023,Paris SG,Reims,1.0,1.0,D,0.0,0.0,12.0,17.0,5.0,4.0
ligue-1,2022-2023,F1,01/02/2023,Angers,Ajaccio,1.0,2.0,A,1.0,0.0,6.0,9.0,2.0,4.0
ligue-1,2022-2023,F1,01/02/2023,Lille,Clermont,0.0,0.0,D,0.0,0.0,22.0,13.0,5.0,5.0
ligue-1,2022-2023,F1,01/02/2023,Nantes,Marseille,0.0,2.0,A,0.0,0.0,12.0,13.0,2.0,4.0
ligue-1,2022-2023,F1,01/02/2023,Reims,Lorient,4.0,2.0,H,1.0,2.0,31.0,12.0,9.0,5.0
ligue-1,2022-2023,F1,01/02/2023,Toulouse,Troyes,4.0,1.0,H,2.0,1.0,13.0,11.0,6.0,3.0
ligue-1,2022-2023,F1,01/02/2023,Lens,Nice,0.0,1.0,A,0.0,0.0,9.0,14.0,4.0,6.0
ligue-1,2022-2023,F1,01/02/2023,Lyon,Brest,0.0,0.0,D,0.0,0.0,28.0,8.0,8.0,1.0
ligue-1,2022-2023,F1,01/02/2023,Monaco,Auxerre,3.0,2.0,H,2.0,0.0,16.0,11.0,6.0,3.0
ligue-1,2022-2023,F1,01/02/2023,Montpellier,Paris SG,1.0,3.0,A,0.0,0.0,6.0,19.0,3.0,8.0
ligue-1,2022-2023,F1,01/02/2023,Rennes,Strasbourg,3.0,0.0,H,2.0,0.0,6.0,3.0,3.0,0.0
ligue-1,2022-2023,F1,04/02/2023,Paris SG,Toulouse,2.0,1.0,H,1.0,1.0,22.0,14.0,5.0,5.0
ligue-1,2022-2023,F1,04/02/2023,Troyes,Lyon,1.0,3.0,A,0.0,1.0,8.0,10.0,2.0,6.0
ligue-1,2022-2023,F1,04/02/2023,Rennes,Lille,1.0,3.0,A,1.0,0.0,10.0,15.0,6.0,6.0
ligue-1,2022-2023,F1,05/02/2023,Clermont,Monaco,0.0,2.0,A,0.0,2.0,8.0,14.0,3.0,5.0
ligue-1,2022-2023,F1,05/02/2023,Ajaccio,Nantes,0.0,2.0,A,0.0,0.0,8.0,7.0,2.0,3.0
ligue-1,2022-2023,F1,05/02/2023,Auxerre,Reims,0.0,0.0,D,0.0,0.0,12.0,8.0,3.0,4.0
ligue-1,2022-2023,F1,05/02/2023,Lorient,Angers,0.0,0.0,D,0.0,0.0,13.0,13.0,2.0,5.0
ligue-1,2022-2023,F1,05/02/2023,Strasbourg,Montpellier,2.0,0.0,H,2.0,0.0,6.0,11.0,2.0,0.0
ligue-1,2022-2023,F1,05/02/2023,Brest,Lens,1.0,1.0,D,0.0,0.0,16.0,20.0,3.0,7.0
ligue-1,2022-2023,F1,05/02/2023,Marseille,Nice,1.0,3.0,A,0.0,2.0,22.0,14.0,5.0,8.0
ligue-1,2022-2023,F1,10/02/2023,Nice,Ajaccio,3.0,0.0,H,1.0,0.0,11.0,6.0,3.0,3.0
ligue-1,2022-2023,F1,11/02/2023,Monaco,Paris SG,3.0,1.0,H,3.0,1.0,19.0,7.0,9.0,2.0
ligue-1,2022-2023,F1,11/02/2023,Clermont,Marseille,0.0,2.0,A,0.0,1.0,9.0,17.0,4.0,5.0
ligue-1,2022-2023,F1,12/02/2023,Toulouse,Rennes,3.0,1.0,H,3.0,0.0,13.0,13.0,7.0,4.0
ligue-1,2022-2023,F1,12/02/2023,Angers,Auxerre,1.0,1.0,D,1.0,1.0,10.0,15.0,5.0,4.0
ligue-1,2022-2023,F1,12/02/2023,Lille,Strasbourg,2.0,0.0,H,2.0,0.0,14.0,5.0,10.0,0.0
ligue-1,2022-2023,F1,12/02/2023,Montpellier,Brest,3.0,0.0,H,2.0,0.0,16.0,10.0,7.0,2.0
ligue-1,2022-2023,F1,12/02/2023,Reims,Troyes,4.0,0.0,H,2.0,0.0,20.0,7.0,10.0,2.0
ligue-1,2022-2023,F1,12/02/2023,Nantes,Lorient,1.0,0.0,H,0.0,0.0,13.0,9.0,6.0,5.0
ligue-1,2022-2023,F1,12/02/2023,Lyon,Lens,2.0,1.0,H,1.0,1.0,11.0,14.0,5.0,4.0
ligue-1,2022-2023,F1,17/02/2023,Auxerre,Lyon,2.0,1.0,H,0.0,1.0,8.0,6.0,3.0,4.0
ligue-1,2022-2023,F1,18/02/2023,Nice,Reims,0.0,0.0,D,0.0,0.0,16.0,10.0,1.0,2.0
ligue-1,2022-2023,F1,18/02/2023,Strasbourg,Angers,2.0,1.0,H,2.0,0.0,18.0,10.0,5.0,3.0
ligue-1,2022-2023,F1,19/02/2023,Paris SG,Lille,4.0,3.0,H,2.0,1.0,12.0,16.0,10.0,7.0
ligue-1,2022-2023,F1,19/02/2023,Brest,Monaco,1.0,2.0,A,0.0,1.0,13.0,10.0,3.0,3.0
ligue-1,2022-2023,F1,19/02/2023,Lorient,Ajaccio,3.0,0.0,H,2.0,0.0,10.0,12.0,6.0,3.0
ligue-1,2022-2023,F1,19/02/2023,Rennes,Clermont,2.0,0.0,H,1.0,0.0,18.0,7.0,6.0,3.0
ligue-1,2022-2023,F1,19/02/2023,Troyes,Montpellier,0.0,1.0,A,0.0,0.0,4.0,19.0,2.0,7.0
ligue-1,2022-2023,F1,19/02/2023,Lens,Nantes,3.0,1.0,H,2.0,1.0,19.0,6.0,6.0,3.0
ligue-1,2022-2023,F1,19/02/2023,Toulouse,Marseille,2.0,3.0,A,1.0,0.0,15.0,15.0,6.0,7.0
ligue-1,2022-2023,F1,24/02/2023,Lille,Brest,2.0,1.0,H,0.0,1.0,18.0,3.0,4.0,0.0
ligue-1,2022-2023,F1,25/02/2023,Angers,Lyon,1.0,3.0,A,0.0,1.0,11.0,7.0,2.0,5.0
ligue-1,2022-2023,F1,25/02/2023,Montpellier,Lens,1.0,1.0,D,0.0,1.0,8.0,19.0,3.0,6.0
ligue-1,2022-2023,F1,26/02/2023,Lorient,Auxerre,0.0,1.0,A,0.0,0.0,18.0,9.0,4.0,1.0
ligue-1,2022-2023,F1,26/02/2023,Ajaccio,Troyes,2.0,1.0,H,0.0,1.0,14.0,11.0,6.0,5.0
ligue-1,2022-2023,F1,26/02/2023,Clermont,Strasbourg,1.0,1.0,D,0.0,1.0,11.0,12.0,4.0,6.0
ligue-1,2022-2023,F1,26/02/2023,Nantes,Rennes,0.0,1.0,A,0.0,1.0,20.0,11.0,7.0,3.0
ligue-1,2022-2023,F1,26/02/2023,Reims,Toulouse,3.0,0.0,H,2.0,0.0,18.0,13.0,6.0,6.0
ligue-1,2022-2023,F1,26/02/2023,Monaco,Nice,0.0,3.0,A,0.0,3.0,15.0,12.0,4.0,7.0
ligue-1,2022-2023,F1,26/02/2023,Marseille,Paris SG,0.0,3.0,A,0.0,2.0,19.0,12.0,6.0,7.0
ligue-1,2022-2023,F1,03/03/2023,Nice,Auxerre,1.0,1.0,D,1.0,1.0,17.0,3.0,5.0,1.0
ligue-1,2022-2023,F1,04/03/2023,Lens,Lille,1.0,1.0,D,1.0,0.0,10.0,11.0,1.0,6.0
ligue-1,2022-2023,F1,04/03/2023,Paris SG,Nantes,4.0,2.0,H,2.0,2.0,17.0,8.0,11.0,5.0
ligue-1,2022-2023,F1,05/03/2023,Troyes,Monaco,2.0,2.0,D,1.0,0.0,13.0,17.0,6.0,4.0
ligue-1,2022-2023,F1,05/03/2023,Montpellier,Angers,5.0,0.0,H,3.0,0.0,15.0,10.0,8.0,4.0
ligue-1,2022-2023,F1,05/03/2023,Reims,Ajaccio,1.0,0.0,H,0.0,0.0,12.0,5.0,3.0,1.0
ligue-1,2022-2023,F1,05/03/2023,Strasbourg,Brest,0.0,1.0,A,0.0,1.0,17.0,8.0,4.0,1.0
ligue-1,2022-2023,F1,05/03/2023,Toulouse,Clermont,0.0,1.0,A,0.0,0.0,9.0,12.0,0.0,3.0
ligue-1,2022-2023,F1,05/03/2023,Lyon,Lorient,0.0,0.0,D,0.0,0.0,17.0,11.0,5.0,1.0
ligue-1,2022-2023,F1,05/03/2023,Rennes,Marseille,0.0,1.0,A,0.0,0.0,13.0,11.0,2.0,4.0
ligue-1,2022-2023,F1,10/03/2023,Lille,Lyon,3.0,3.0,D,0.0,0.0,8.0,6.0,6.0,5.0
ligue-1,2022-2023,F1,11/03/2023,Auxerre,Rennes,0.0,0.0,D,0.0,0.0,12.0,7.0,0.0,2.0
ligue-1,2022-2023,F1,11/03/2023,Brest,Paris SG,1.0,2.0,A,1.0,1.0,7.0,17.0,2.0,8.0
ligue-1,2022-2023,F1,12/03/2023,Clermont,Lens,0.0,4.0,A,0.0,3.0,9.0,13.0,6.0,6.0
ligue-1,2022-2023,F1,12/03/2023,Ajaccio,Montpellier,0.0,1.0,A,0.0,0.0,7.0,12.0,1.0,4.0
ligue-1,2022-2023,F1,12/03/2023,Angers,Toulouse,0.0,2.0,A,0.0,1.0,13.0,8.0,2.0,5.0
ligue-1,2022-2023,F1,12/03/2023,Lorient,Troyes,2.0,0.0,H,1.0,0.0,16.0,9.0,6.0,2.0
ligue-1,2022-2023,F1,12/03/2023,Nantes,Nice,2.0,2.0,D,1.0,1.0,10.0,16.0,3.0,8.0
ligue-1,2022-2023,F1,12/03/2023,Monaco,Reims,0.0,1.0,A,0.0,0.0,14.0,17.0,3.0,8.0
ligue-1,2022-2023,F1,12/03/2023,Marseille,Strasbourg,2.0,2.0,D,0.0,0.0,7.0,24.0,4.0,9.0
ligue-1,2022-2023,F1,17/03/2023,Lyon,Nantes,1.0,1.0,D,1.0,1.0,11.0,11.0,6.0,5.0
ligue-1,2022-2023,F1,18/03/2023,Toulouse,Lille,0.0,2.0,A,0.0,0.0,16.0,18.0,4.0,5.0
ligue-1,2022-2023,F1,18/03/2023,Lens,Angers,3.0,0.0,H,2.0,0.0,12.0,3.0,6.0,1.0
ligue-1,2022-2023,F1,19/03/2023,Ajaccio,Monaco,0.0,2.0,A,0.0,1.0,10.0,8.0,1.0,4.0
ligue-1,2022-2023,F1,19/03/2023,Montpellier,Clermont,2.0,1.0,H,0.0,1.0,23.0,16.0,9.0,8.0
ligue-1,2022-2023,F1,19/03/2023,Nice,Lorient,1.0,1.0,D,0.0,1.0,16.0,9.0,1.0,3.0
ligue-1,2022-2023,F1,19/03/2023,Strasbourg,Auxerre,2.0,0.0,H,1.0,0.0,13.0,8.0,6.0,1.0
ligue-1,2022-2023,F1,19/03/2023,Troyes,Brest,2.0,2.0,D,2.0,1.0,15.0,9.0,5.0,2.0
ligue-1,2022-2023,F1,19/03/2023,Paris SG,Rennes,0.0,2.0,A,0.0,1.0,17.0,10.0,8.0,3.0
ligue-1,2022-2023,F1,19/03/2023,Reims,Marseille,1.0,2.0,A,1.0,2.0,19.0,12.0,6.0,5.0
ligue-1,2022-2023,F1,31/03/2023,Marseille,Montpellier,1.0,1.0,D,1.0,1.0,13.0,9.0,2.0,3.0
ligue-1,2022-2023,F1,01/04/2023,Auxerre,Troyes,1.0,0.0,H,0.0,0.0,13.0,14.0,5.0,2.0
ligue-1,2022-2023,F1,01/04/2023,Rennes,Lens,0.0,1.0,A,0.0,1.0,10.0,12.0,3.0,4.0
ligue-1,2022-2023,F1,02/04/2023,Lille,Lorient,3.0,1.0,H,1.0,0.0,20.0,2.0,7.0,1.0
ligue-1,2022-2023,F1,02/04/2023,Angers,Nice,1.0,1.0,D,1.0,1.0,13.0,12.0,6.0,3.0
ligue-1,2022-2023,F1,02/04/2023,Brest,Toulouse,3.0,1.0,H,1.0,1.0,17.0,8.0,7.0,3.0
ligue-1,2022-2023,F1,02/04/2023,Clermont,Ajaccio,2.0,1.0,H,0.0,1.0,14.0,3.0,6.0,2.0
ligue-1,2022-2023,F1,02/04/2023,Nantes,Reims,0.0,3.0,A,0.0,2.0,12.0,14.0,6.0,9.0
ligue-1,2022-2023,F1,02/04/2023,Monaco,Strasbourg,4.0,3.0,H,1.0,2.0,9.0,13.0,7.0,6.0
ligue-1,2022-2023,F1,02/04/2023,Paris SG,Lyon,0.0,1.0,A,0.0,0.0,16.0,10.0,5.0,3.0
ligue-1,2022-2023,F1,07/04/2023,Lens,Strasbourg,2.0,1.0,H,1.0,0.0,13.0,13.0,9.0,3.0
ligue-1,2022-2023,F1,08/04/2023,Angers,Lille,1.0,0.0,H,0.0,0.0,7.0,15.0,5.0,5.0
ligue-1,2022-2023,F1,08/04/2023,Nice,Paris SG,0.0,2.0,A,0.0,1.0,21.0,13.0,7.0,4.0
ligue-1,2022-2023,F1,09/04/2023,Lyon,Rennes,3.0,1.0,H,0.0,1.0,11.0,11.0,3.0,3.0
ligue-1,2022-2023,F1,09/04/2023,Ajaccio,Auxerre,0.0,3.0,A,0.0,3.0,9.0,11.0,2.0,4.0
ligue-1,2022-2023,F1,09/04/2023,Montpellier,Toulouse,1.0,2.0,A,0.0,1.0,16.0,15.0,8.0,8.0
ligue-1,2022-2023,F1,09/04/2023,Reims,Brest,1.0,1.0,D,0.0,1.0,22.0,12.0,7.0,5.0
ligue-1,2022-2023,F1,09/04/2023,Troyes,Clermont,0.0,2.0,A,0.0,2.0,9.0,12.0,3.0,4.0
ligue-1,2022-2023,F1,09/04/2023,Nantes,Monaco,2.0,2.0,D,0.0,2.0,9.0,16.0,2.0,10.0
ligue-1,2022-2023,F1,09/04/2023,Lorient,Marseille,0.0,0.0,D,0.0,0.0,9.0,13.0,5.0,2.0
ligue-1,2022-2023,F1,14/04/2023,Toulouse,Lyon,1.0,2.0,A,1.0,1.0,13.0,14.0,6.0,3.0
ligue-1,2022-2023,F1,15/04/2023,Rennes,Reims,3.0,0.0,H,2.0,0.0,23.0,5.0,8.0,1.0
ligue-1,2022-2023,F1,15/04/2023,Paris SG,Lens,3.0,1.0,H,3.0,0.0,15.0,14.0,7.0,7.0
ligue-1,2022-2023,F1,16/04/2023,Lille,Montpellier,2.0,1.0,H,0.0,1.0,17.0,4.0,7.0,1.0
ligue-1,2022-2023,F1,16/04/2023,Auxerre,Nantes,2.0,1.0,H,2.0,0.0,13.0,17.0,7.0,7.0
ligue-1,2022-2023,F1,16/04/2023,Brest,Nice,1.0,0.0,H,1.0,0.0,14.0,12.0,3.0,6.0
ligue-1,2022-2023,F1,16/04/2023,Clermont,Angers,2.0,1.0,H,2.0,1.0,12.0,7.0,5.0,4.0
ligue-1,2022-2023,F1,16/04/2023,Strasbourg,Ajaccio,3.0,1.0,H,1.0,0.0,12.0,8.0,6.0,1.0
ligue-1,2022-2023,F1,16/04/2023,Monaco,Lorient,3.0,1.0,H,2.0,0.0,11.0,7.0,7.0,4.0
ligue-1,2022-2023,F1,16/04/2023,Marseille,Troyes,3.0,1.0,H,2.0,0.0,28.0,4.0,6.0,2.0
ligue-1,2022-2023,F1,21/04/2023,Angers,Paris SG,1.0,2.0,A,0.0,2.0,16.0,10.0,4.0,4.0
ligue-1,2022-2023,F1,22/04/2023,Auxerre,Lille,1.0,1.0,D,0.0,1.0,8.0,14.0,4.0,6.0
ligue-1,2022-2023,F1,22/04/2023,Lens,Monaco,3.0,0.0,H,2.0,0.0,21.0,11.0,8.0,4.0
ligue-1,2022-2023,F1,23/04/2023,Reims,Strasbourg,0.0,2.0,A,0.0,2.0,15.0,9.0,5.0,3.0
ligue-1,2022-2023,F1,23/04/2023,Ajaccio,Brest,0.0,0.0,D,0.0,0.0,3.0,10.0,2.0,2.0
ligue-1,2022-2023,F1,23/04/2023,Lorient,Toulouse,0.0,1.0,A,0.0,0.0,9.0,13.0,1.0,4.0
ligue-1,2022-2023,F1,23/04/2023,Nantes,Troyes,2.0,2.0,D,1.0,0.0,19.0,9.0,9.0,4.0
ligue-1,2022-2023,F1,23/04/2023,Nice,Clermont,1.0,2.0,A,1.0,1.0,15.0,9.0,5.0,3.0
ligue-1,2022-2023,F1,23/04/2023,Montpellier,Rennes,1.0,0.0,H,0.0,0.0,11.0,16.0,2.0,4.0
ligue-1,2022-2023,F1,23/04/2023,Lyon,Marseille,1.0,2.0,A,0.0,1.0,7.0,14.0,2.0,7.0
ligue-1,2022-2023,F1,28/04/2023,Strasbourg,Lyon,1.0,2.0,A,1.0,2.0,11.0,7.0,3.0,4.0
ligue-1,2022-2023,F1,29/04/2023,Lille,Ajaccio,3.0,0.0,H,3.0,0.0,10.0,2.0,5.0,0.0
ligue-1,2022-2023,F1,30/04/2023,Monaco,Montpellier,0.0,4.0,A,0.0,1.0,7.0,19.0,4.0,9.0
ligue-1,2022-2023,F1,30/04/2023,Clermont,Reims,1.0,0.0,H,1.0,0.0,6.0,13.0,2.0,2.0
ligue-1,2022-2023,F1,30/04/2023,Rennes,Angers,4.0,2.0,H,2.0,2.0,13.0,4.0,4.0,2.0
ligue-1,2022-2023,F1,30/04/2023,Troyes,Nice,0.0,1.0,A,0.0,1.0,9.0,29.0,6.0,13.0
ligue-1,2022-2023,F1,30/04/2023,Paris SG,Lorient,1.0,3.0,A,1.0,2.0,13.0,14.0,4.0,7.0
ligue-1,2022-2023,F1,30/04/2023,Marseille,Auxerre,2.0,1.0,H,0.0,1.0,26.0,11.0,4.0,3.0
ligue-1,2022-2023,F1,02/05/2023,Toulouse,Lens,0.0,1.0,A,0.0,1.0,9.0,11.0,2.0,3.0
ligue-1,2022-2023,F1,03/05/2023,Brest,Nantes,2.0,0.0,H,2.0,0.0,8.0,13.0,4.0,5.0
ligue-1,2022-2023,F1,06/05/2023,Nice,Rennes,2.0,1.0,H,0.0,0.0,11.0,14.0,4.0,4.0
ligue-1,2022-2023,F1,06/05/2023,Reims,Lille,1.0,0.0,H,1.0,0.0,14.0,11.0,4.0,5.0
ligue-1,2022-2023,F1,06/05/2023,Lens,Marseille,2.0,1.0,H,1.0,0.0,9.0,14.0,3.0,3.0
ligue-1,2022-2023,F1,07/05/2023,Angers,Monaco,1.0,2.0,A,0.0,1.0,10.0,14.0,3.0,6.0
ligue-1,2022-2023,F1,07/05/2023,Ajaccio,Toulouse,0.0,0.0,D,0.0,0.0,4.0,15.0,2.0,5.0
ligue-1,2022-2023,F1,07/05/2023,Auxerre,Clermont,1.0,1.0,D,1.0,0.0,11.0,9.0,4.0,4.0
ligue-1,2022-2023,F1,07/05/2023,Lorient,Brest,2.0,1.0,H,1.0,0.0,6.0,15.0,3.0,2.0
ligue-1,2022-2023,F1,07/05/2023,Nantes,Strasbourg,0.0,2.0,A,0.0,1.0,13.0,8.0,5.0,6.0
ligue-1,2022-2023,F1,07/05/2023,Lyon,Montpellier,5.0,4.0,H,1.0,2.0,16.0,12.0,8.0,6.0
ligue-1,2022-2023,F1,07/05/2023,Troyes,Paris SG,1.0,3.0,A,0.0,1.0,7.0,31.0,3.0,12.0
ligue-1,2022-2023,F1,12/05/2023,Lens,Reims,2.0,1.0,H,1.0,1.0,8.0,17.0,6.0,3.0
ligue-1,2022-2023,F1,13/05/2023,Strasbourg,Nice,2.0,0.0,H,1.0,0.0,12.0,9.0,3.0,4.0
ligue-1,2022-2023,F1,13/05/2023,Paris SG,Ajaccio,5.0,0.0,H,2.0,0.0,16.0,7.0,9.0,2.0
ligue-1,2022-2023,F1,14/05/2023,Clermont,Lyon,2.0,1.0,H,1.0,1.0,9.0,15.0,6.0,4.0
ligue-1,2022-2023,F1,14/05/2023,Brest,Auxerre,1.0,0.0,H,0.0,0.0,15.0,10.0,10.0,2.0
ligue-1,2022-2023,F1,14/05/2023,Montpellier,Lorient,1.0,1.0,D,0.0,0.0,15.0,11.0,4.0,3.0
ligue-1,2022-2023,F1,14/05/2023,Rennes,Troyes,4.0,0.0,H,1.0,0.0,26.0,4.0,9.0,0.0
ligue-1,2022-2023,F1,14/05/2023,Toulouse,Nantes,0.0,0.0,D,0.0,0.0,14.0,8.0,6.0,1.0
ligue-1,2022-2023,F1,14/05/2023,Monaco,Lille,0.0,0.0,D,0.0,0.0,8.0,10.0,1.0,4.0
ligue-1,2022-2023,F1,14/05/2023,Marseille,Angers,3.0,1.0,H,1.0,1.0,14.0,4.0,6.0,1.0
ligue-1,2022-2023,F1,19/05/2023,Lyon,Monaco,3.0,1.0,H,1.0,1.0,22.0,16.0,11.0,9.0
ligue-1,2022-2023,F1,20/05/2023,Nantes,Montpellier,0.0,3.0,A,0.0,1.0,13.0,13.0,3.0,6.0
ligue-1,2022-2023,F1,20/05/2023,Lille,Marseille,2.0,1.0,H,0.0,1.0,12.0,8.0,3.0,3.0
ligue-1,2022-2023,F1,21/05/2023,Ajaccio,Rennes,0.0,5.0,A,0.0,4.0,2.0,13.0,0.0,7.0
ligue-1,2022-2023,F1,21/05/2023,Brest,Clermont,2.0,1.0,H,1.0,1.0,10.0,8.0,3.0,2.0
ligue-1,2022-2023,F1,21/05/2023,Nice,Toulouse,0.0,0.0,D,0.0,0.0,21.0,7.0,7.0,4.0
ligue-1,2022-2023,F1,21/05/2023,Reims,Angers,2.0,2.0,D,1.0,0.0,11.0,7.0,5.0,3.0
ligue-1,2022-2023,F1,21/05/2023,Troyes,Strasbourg,1.0,1.0,D,0.0,1.0,8.0,16.0,3.0,5.0
ligue-1,2022-2023,F1,21/05/2023,Lorient,Lens,1.0,3.0,A,1.0,2.0,13.0,15.0,5.0,7.0
ligue-1,2022-2023,F1,21/05/2023,Auxerre,Paris SG,1.0,2.0,A,0.0,2.0,14.0,15.0,7.0,4.0
ligue-1,2022-2023,F1,27/05/2023,Angers,Troyes,2.0,1.0,H,1.0,1.0,18.0,5.0,5.0,3.0
ligue-1,2022-2023,F1,27/05/2023,Clermont,Lorient,2.0,0.0,H,1.0,0.0,18.0,6.0,7.0,1.0
ligue-1,2022-2023,F1,27/05/2023,Lens,Ajaccio,3.0,0.0,H,3.0,0.0,12.0,6.0,3.0,0.0
ligue-1,2022-2023,F1,27/05/2023,Lille,Nantes,2.0,1.0,H,0.0,1.0,9.0,8.0,2.0,3.0
ligue-1,2022-2023,F1,27/05/2023,Lyon,Reims,3.0,0.0,H,2.0,0.0,23.0,10.0,7.0,1.0
ligue-1,2022-2023,F1,27/05/2023,Marseille,Brest,1.0,2.0,A,0.0,0.0,10.0,15.0,4.0,5.0
ligue-1,2022-2023,F1,27/05/2023,Montpellier,Nice,2.0,3.0,A,2.0,0.0,14.0,23.0,8.0,15.0
ligue-1,2022-2023,F1,27/05/2023,Rennes,Monaco,2.0,0.0,H,0.0,0.0,12.0,11.0,6.0,3.0
ligue-1,2022-2023,F1,27/05/2023,Strasbourg,Paris SG,1.0,1.0,D,0.0,0.0,17.0,7.0,5.0,2.0
ligue-1,2022-2023,F1,27/05/2023,Toulouse,Auxerre,1.0,1.0,D,1.0,1.0,10.0,16.0,3.0,2.0
ligue-1,2022-2023,F1,03/06/2023,Ajaccio,Marseille,1.0,0.0,H,0.0,0.0,3.0,17.0,1.0,5.0
ligue-1,2022-2023,F1,03/06/2023,Auxerre,Lens,1.0,3.0,A,0.0,1.0,17.0,15.0,5.0,7.0
ligue-1,2022-2023,F1,03/06/2023,Brest,Rennes,1.0,2.0,A,1.0,2.0,14.0,12.0,5.0,3.0
ligue-1,2022-2023,F1,03/06/2023,Lorient,Strasbourg,2.0,1.0,H,2.0,0.0,5.0,15.0,3.0,7.0
ligue-1,2022-2023,F1,03/06/2023,Monaco,Toulouse,1.0,2.0,A,0.0,0.0,19.0,22.0,7.0,8.0
ligue-1,2022-2023,F1,03/06/2023,Nantes,Angers,1.0,0.0,H,1.0,0.0,11.0,5.0,7.0,1.0
ligue-1,2022-2023,F1,03/06/2023,Nice,Lyon,3.0,1.0,H,3.0,1.0,16.0,16.0,6.0,7.0
ligue-1,2022-2023,F1,03/06/2023,Paris SG,Clermont,2.0,3.0,A,2.0,2.0,16.0,12.0,6.0,5.0
ligue-1,2022-2023,F1,03/06/2023,Reims,Montpellier,1.0,3.0,A,1.0,0.0,11.0,16.0,5.0,8.0
ligue-1,2022-2023,F1,03/06/2023,Troyes,Lille,1.0,1.0,D,0.0,0.0,8.0,18.0,3.0,7.0
ligue-1,2023-2024,F1,11/08/2023,Nice,Lille,1.0,1.0,D,1.0,0.0,8.0,12.0,3.0,5.0
ligue-1,2023-2024,F1,12/08/2023,Marseille,Reims,2.0,1.0,H,1.0,1.0,14.0,11.0,4.0,4.0
ligue-1,2023-2024,F1,12/08/2023,Paris SG,Lorient,0.0,0.0,D,0.0,0.0,20.0,4.0,4.0,0.0
ligue-1,2023-2024,F1,13/08/2023,Brest,Lens,3.0,2.0,H,1.0,2.0,15.0,10.0,8.0,2.0
ligue-1,2023-2024,F1,13/08/2023,Clermont,Monaco,2.0,4.0,A,1.0,2.0,15.0,14.0,7.0,8.0
ligue-1,2023-2024,F1,13/08/2023,Montpellier,Le Havre,2.0,2.0,D,0.0,1.0,15.0,12.0,5.0,4.0
ligue-1,2023-2024,F1,13/08/2023,Nantes,Toulouse,1.0,2.0,A,1.0,0.0,9.0,9.0,4.0,5.0
ligue-1,2023-2024,F1,13/08/2023,Rennes,Metz,5.0,1.0,H,1.0,1.0,29.0,9.0,14.0,3.0
ligue-1,2023-2024,F1,13/08/2023,Strasbourg,Lyon,2.0,1.0,H,0.0,0.0,8.0,23.0,2.0,7.0
ligue-1,2023-2024,F1,18/08/2023,Metz,Marseille,2.0,2.0,D,0.0,1.0,10.0,22.0,5.0,5.0
ligue-1,2023-2024,F1,19/08/2023,Lyon,Montpellier,1.0,4.0,A,0.0,2.0,7.0,14.0,3.0,8.0
ligue-1,2023-2024,F1,19/08/2023,Toulouse,Paris SG,1.0,1.0,D,0.0,0.0,8.0,16.0,2.0,3.0
ligue-1,2023-2024,F1,20/08/2023,Lille,Nantes,2.0,0.0,H,0.0,0.0,18.0,14.0,8.0,4.0
ligue-1,2023-2024,F1,20/08/2023,Le Havre,Brest,1.0,2.0,A,0.0,1.0,18.0,10.0,7.0,5.0
ligue-1,2023-2024,F1,20/08/2023,Lorient,Nice,1.0,1.0,D,0.0,0.0,9.0,21.0,2.0,8.0
ligue-1,2023-2024,F1,20/08/2023,Reims,Clermont,2.0,0.0,H,1.0,0.0,8.0,11.0,4.0,4.0
ligue-1,2023-2024,F1,20/08/2023,Monaco,Strasbourg,3.0,0.0,H,2.0,0.0,9.0,4.0,4.0,1.0
ligue-1,2023-2024,F1,20/08/2023,Lens,Rennes,1.0,1.0,D,1.0,0.0,15.0,10.0,4.0,5.0
ligue-1,2023-2024,F1,25/08/2023,Nantes,Monaco,3.0,3.0,D,2.0,1.0,3.0,27.0,3.0,10.0
ligue-1,2023-2024,F1,26/08/2023,Marseille,Brest,2.0,0.0,H,1.0,0.0,15.0,18.0,6.0,7.0
ligue-1,2023-2024,F1,26/08/2023,Paris SG,Lens,3.0,1.0,H,1.0,0.0,17.0,12.0,7.0,4.0
ligue-1,2023-2024,F1,27/08/2023,Rennes,Le Havre,2.0,2.0,D,2.0,1.0,22.0,7.0,8.0,3.0
ligue-1,2023-2024,F1,27/08/2023,Clermont,Metz,0.0,1.0,A,0.0,0.0,16.0,10.0,4.0,5.0
ligue-1,2023-2024,F1,27/08/2023,Montpellier,Reims,1.0,3.0,A,1.0,2.0,19.0,12.0,3.0,6.0
ligue-1,2023-2024,F1,27/08/2023,Strasbourg,Toulouse,2.0,0.0,H,0.0,0.0,11.0,7.0,3.0,1.0
ligue-1,2023-2024,F1,27/08/2023,Lorient,Lille,4.0,1.0,H,2.0,0.0,9.0,18.0,6.0,7.0
ligue-1,2023-2024,F1,27/08/2023,Nice,Lyon,0.0,0.0,D,0.0,0.0,21.0,6.0,4.0,1.0
ligue-1,2023-2024,F1,01/09/2023,Nantes,Marseille,1.0,1.0,D,1.0,1.0,10.0,26.0,2.0,9.0
ligue-1,2023-2024,F1,02/09/2023,Brest,Rennes,0.0,0.0,D,0.0,0.0,13.0,6.0,2.0,3.0
ligue-1,2023-2024,F1,02/09/2023,Monaco,Lens,3.0,0.0,H,2.0,0.0,11.0,12.0,6.0,1.0
ligue-1,2023-2024,F1,03/09/2023,Toulouse,Clermont,2.0,2.0,D,2.0,1.0,9.0,15.0,5.0,3.0
ligue-1,2023-2024,F1,03/09/2023,Le Havre,Lorient,3.0,0.0,H,0.0,0.0,17.0,9.0,6.0,2.0
ligue-1,2023-2024,F1,03/09/2023,Lille,Montpellier,1.0,0.0,H,1.0,0.0,15.0,9.0,6.0,5.0
ligue-1,2023-2024,F1,03/09/2023,Metz,Reims,2.0,2.0,D,1.0,1.0,12.0,12.0,4.0,2.0
ligue-1,2023-2024,F1,03/09/2023,Nice,Strasbourg,2.0,0.0,H,1.0,0.0,16.0,4.0,6.0,0.0
ligue-1,2023-2024,F1,03/09/2023,Lyon,Paris SG,1.0,4.0,A,0.0,4.0,19.0,22.0,8.0,8.0
ligue-1,2023-2024,F1,15/09/2023,Paris SG,Nice,2.0,3.0,A,1.0,1.0,12.0,14.0,3.0,8.0
ligue-1,2023-2024,F1,16/09/2023,Rennes,Lille,2.0,2.0,D,0.0,1.0,7.0,10.0,4.0,6.0
ligue-1,2023-2024,F1,16/09/2023,Lens,Metz,0.0,1.0,A,0.0,1.0,31.0,2.0,10.0,2.0
ligue-1,2023-2024,F1,17/09/2023,Lorient,Monaco,2.0,2.0,D,1.0,1.0,10.0,20.0,3.0,7.0
ligue-1,2023-2024,F1,17/09/2023,Clermont,Nantes,0.0,1.0,A,0.0,0.0,16.0,8.0,3.0,5.0
ligue-1,2023-2024,F1,17/09/2023,Reims,Brest,1.0,2.0,A,1.0,0.0,13.0,18.0,7.0,7.0
ligue-1,2023-2024,F1,17/09/2023,Strasbourg,Montpellier,2.0,2.0,D,0.0,2.0,14.0,11.0,7.0,4.0
ligue-1,2023-2024,F1,17/09/2023,Marseille,Toulouse,0.0,0.0,D,0.0,0.0,24.0,10.0,6.0,3.0
ligue-1,2023-2024,F1,17/09/2023,Lyon,Le Havre,0.0,0.0,D,0.0,0.0,23.0,7.0,7.0,0.0
ligue-1,2023-2024,F1,22/09/2023,Monaco,Nice,0.0,1.0,A,0.0,0.0,9.0,13.0,3.0,7.0
ligue-1,2023-2024,F1,23/09/2023,Nantes,Lorient,5.0,3.0,H,1.0,1.0,19.0,10.0,9.0,7.0
ligue-1,2023-2024,F1,23/09/2023,Brest,Lyon,1.0,0.0,H,0.0,0.0,27.0,6.0,11.0,3.0
ligue-1,2023-2024,F1,24/09/2023,Metz,Strasbourg,0.0,1.0,A,0.0,0.0,13.0,4.0,1.0,1.0
ligue-1,2023-2024,F1,24/09/2023,Le Havre,Clermont,2.0,1.0,H,2.0,1.0,9.0,11.0,3.0,4.0
ligue-1,2023-2024,F1,24/09/2023,Lens,Toulouse,2.0,1.0,H,1.0,1.0,27.0,7.0,7.0,2.0
ligue-1,2023-2024,F1,24/09/2023,Montpellier,Rennes,0.0,0.0,D,0.0,0.0,13.0,18.0,4.0,6.0
ligue-1,2023-2024,F1,24/09/2023,Paris SG,Marseille,4.0,0.0,H,2.0,0.0,15.0,6.0,5.0,0.0
ligue-1,2023-2024,F1,26/09/2023,Lille,Reims,1.0,2.0,A,0.0,2.0,14.0,4.0,3.0,4.0
ligue-1,2023-2024,F1,29/09/2023,Strasbourg,Lens,0.0,1.0,A,0.0,1.0,8.0,9.0,2.0,2.0
ligue-1,2023-2024,F1,30/09/2023,Clermont,Paris SG,0.0,0.0,D,0.0,0.0,12.0,21.0,3.0,10.0
ligue-1,2023-2024,F1,30/09/2023,Monaco,Marseille,3.0,2.0,H,2.0,2.0,10.0,8.0,7.0,4.0
ligue-1,2023-2024,F1,01/10/2023,Reims,Lyon,2.0,0.0,H,1.0,0.0,8.0,11.0,3.0,6.0
ligue-1,2023-2024,F1,01/10/2023,Le Havre,Lille,0.0,2.0,A,0.0,1.0,5.0,16.0,0.0,6.0
ligue-1,2023-2024,F1,01/10/2023,Nice,Brest,0.0,0.0,D,0.0,0.0,12.0,7.0,1.0,2.0
ligue-1,2023-2024,F1,01/10/2023,Toulouse,Metz,3.0,0.0,H,2.0,0.0,15.0,8.0,10.0,3.0
ligue-1,2023-2024,F1,01/10/2023,Lorient,Montpellier,0.0,3.0,A,0.0,1.0,14.0,14.0,3.0,8.0
ligue-1,2023-2024,F1,01/10/2023,Rennes,Nantes,3.0,1.0,H,1.0,1.0,16.0,10.0,5.0,3.0
ligue-1,2023-2024,F1,06/10/2023,Strasbourg,Nantes,1.0,2.0,A,0.0,0.0,11.0,16.0,3.0,7.0
ligue-1,2023-2024,F1,07/10/2023,Metz,Nice,0.0,1.0,A,0.0,1.0,10.0,7.0,3.0,4.0
ligue-1,2023-2024,F1,07/10/2023,Reims,Monaco,1.0,3.0,A,0.0,1.0,11.0,11.0,4.0,4.0
ligue-1,2023-2024,F1,08/10/2023,Marseille,Le Havre,3.0,0.0,H,2.0,0.0,14.0,7.0,6.0,1.0
ligue-1,2023-2024,F1,08/10/2023,Brest,Toulouse,1.0,1.0,D,0.0,1.0,13.0,9.0,2.0,3.0
ligue-1,2023-2024,F1,08/10/2023,Lyon,Lorient,3.0,3.0,D,3.0,1.0,9.0,6.0,6.0,5.0
ligue-1,2023-2024,F1,08/10/2023,Lens,Lille,1.0,1.0,D,0.0,1.0,14.0,8.0,5.0,3.0
ligue-1,2023-2024,F1,08/10/2023,Rennes,Paris SG,1.0,3.0,A,0.0,2.0,14.0,17.0,4.0,7.0
ligue-1,2023-2024,F1,20/10/2023,Le Havre,Lens,0.0,0.0,D,0.0,0.0,14.0,13.0,5.0,7.0
ligue-1,2023-2024,F1,21/10/2023,Paris SG,Strasbourg,3.0,0.0,H,2.0,0.0,8.0,7.0,4.0,1.0
ligue-1,2023-2024,F1,21/10/2023,Nice,Marseille,1.0,0.0,H,0.0,0.0,10.0,9.0,2.0,1.0
ligue-1,2023-2024,F1,22/10/2023,Lorient,Rennes,2.0,1.0,H,2.0,1.0,5.0,20.0,4.0,6.0
ligue-1,2023-2024,F1,22/10/2023,Lille,Brest,1.0,0.0,H,1.0,0.0,6.0,9.0,4.0,1.0
ligue-1,2023-2024,F1,22/10/2023,Nantes,Montpellier,2.0,0.0,H,1.0,0.0,14.0,11.0,5.0,6.0
ligue-1,2023-2024,F1,22/10/2023,Toulouse,Reims,1.0,1.0,D,0.0,0.0,11.0,15.0,5.0,4.0
ligue-1,2023-2024,F1,22/10/2023,Monaco,Metz,2.0,1.0,H,1.0,1.0,27.0,8.0,13.0,4.0
ligue-1,2023-2024,F1,22/10/2023,Lyon,Clermont,1.0,2.0,A,0.0,2.0,25.0,12.0,6.0,5.0
ligue-1,2023-2024,F1,27/10/2023,Clermont,Nice,0.0,1.0,A,0.0,0.0,8.0,11.0,3.0,5.0
ligue-1,2023-2024,F1,28/10/2023,Reims,Lorient,1.0,0.0,H,0.0,0.0,12.0,9.0,5.0,1.0
ligue-1,2023-2024,F1,28/10/2023,Lens,Nantes,4.0,0.0,H,1.0,0.0,11.0,11.0,7.0,1.0
ligue-1,2023-2024,F1,29/10/2023,Brest,Paris SG,2.0,3.0,A,1.0,2.0,20.0,17.0,5.0,10.0
ligue-1,2023-2024,F1,29/10/2023,Lille,Monaco,2.0,0.0,H,2.0,0.0,7.0,16.0,5.0,6.0
ligue-1,2023-2024,F1,29/10/2023,Metz,Le Havre,0.0,0.0,D,0.0,0.0,9.0,12.0,3.0,1.0
ligue-1,2023-2024,F1,29/10/2023,Montpellier,Toulouse,3.0,0.0,H,1.0,0.0,19.0,16.0,6.0,5.0
ligue-1,2023-2024,F1,29/10/2023,Rennes,Strasbourg,1.0,1.0,D,1.0,0.0,20.0,11.0,3.0,3.0
ligue-1,2023-2024,F1,03/11/2023,Paris SG,Montpellier,3.0,0.0,H,1.0,0.0,21.0,7.0,10.0,2.0
ligue-1,2023-2024,F1,04/11/2023,Lorient,Lens,0.0,0.0,D,0.0,0.0,7.0,14.0,2.0,7.0
ligue-1,2023-2024,F1,04/11/2023,Marseille,Lille,0.0,0.0,D,0.0,0.0,8.0,10.0,3.0,1.0
ligue-1,2023-2024,F1,05/11/2023,Lyon,Metz,1.0,1.0,D,0.0,0.0,15.0,10.0,4.0,5.0
ligue-1,2023-2024,F1,05/11/2023,Nantes,Reims,0.0,1.0,A,0.0,0.0,17.0,7.0,4.0,4.0
ligue-1,2023-2024,F1,05/11/2023,Strasbourg,Clermont,0.0,0.0,D,0.0,0.0,18.0,10.0,5.0,2.0
ligue-1,2023-2024,F1,05/11/2023,Toulouse,Le Havre,1.0,2.0,A,0.0,0.0,17.0,15.0,5.0,7.0
ligue-1,2023-2024,F1,05/11/2023,Monaco,Brest,2.0,0.0,H,1.0,0.0,12.0,15.0,6.0,1.0
ligue-1,2023-2024,F1,05/11/2023,Nice,Rennes,2.0,0.0,H,1.0,0.0,16.0,11.0,4.0,4.0
ligue-1,2023-2024,F1,10/11/2023,Montpellier,Nice,0.0,0.0,D,0.0,0.0,9.0,15.0,1.0,4.0
ligue-1,2023-2024,F1,11/11/2023,Reims,Paris SG,0.0,3.0,A,0.0,1.0,19.0,14.0,6.0,6.0
ligue-1,2023-2024,F1,11/11/2023,Le Havre,Monaco,0.0,0.0,D,0.0,0.0,9.0,10.0,5.0,4.0
ligue-1,2023-2024,F1,12/11/2023,Clermont,Lorient,1.0,0.0,H,0.0,0.0,17.0,10.0,6.0,3.0
ligue-1,2023-2024,F1,12/11/2023,Lille,Toulouse,1.0,1.0,D,1.0,0.0,13.0,2.0,6.0,1.0
ligue-1,2023-2024,F1,12/11/2023,Metz,Nantes,3.0,1.0,H,2.0,1.0,9.0,16.0,4.0,3.0
ligue-1,2023-2024,F1,12/11/2023,Rennes,Lyon,0.0,1.0,A,0.0,0.0,8.0,12.0,2.0,5.0
ligue-1,2023-2024,F1,12/11/2023,Lens,Marseille,1.0,0.0,H,0.0,0.0,14.0,8.0,3.0,2.0
ligue-1,2023-2024,F1,24/11/2023,Paris SG,Monaco,5.0,2.0,H,2.0,1.0,16.0,14.0,11.0,7.0
ligue-1,2023-2024,F1,25/11/2023,Clermont,Lens,0.0,3.0,A,0.0,1.0,13.0,16.0,4.0,10.0
ligue-1,2023-2024,F1,25/11/2023,Strasbourg,Marseille,1.0,1.0,D,1.0,1.0,15.0,16.0,7.0,3.0
ligue-1,2023-2024,F1,26/11/2023,Nice,Toulouse,1.0,0.0,H,0.0,0.0,8.0,19.0,3.0,3.0
ligue-1,2023-2024,F1,26/11/2023,Lorient,Metz,2.0,3.0,A,2.0,1.0,11.0,14.0,5.0,5.0
ligue-1,2023-2024,F1,26/11/2023,Montpellier,Brest,1.0,3.0,A,0.0,1.0,17.0,17.0,5.0,5.0
ligue-1,2023-2024,F1,26/11/2023,Nantes,Le Havre,0.0,0.0,D,0.0,0.0,19.0,6.0,3.0,0.0
ligue-1,2023-2024,F1,26/11/2023,Rennes,Reims,3.0,1.0,H,1.0,1.0,10.0,15.0,5.0,5.0
ligue-1,2023-2024,F1,26/11/2023,Lyon,Lille,0.0,2.0,A,0.0,2.0,11.0,15.0,5.0,8.0
ligue-1,2023-2024,F1,29/11/2023,Montpellier,Clermont,1.0,1.0,D,0.0,1.0,32.0,5.0,10.0,1.0
ligue-1,2023-2024,F1,01/12/2023,Reims,Strasbourg,2.0,1.0,H,2.0,0.0,13.0,10.0,4.0,3.0
ligue-1,2023-2024,F1,02/12/2023,Lens,Lyon,3.0,2.0,H,1.0,1.0,10.0,12.0,7.0,7.0
ligue-1,2023-2024,F1,02/12/2023,Nantes,Nice,1.0,0.0,H,1.0,0.0,13.0,13.0,4.0,6.0
ligue-1,2023-2024,F1,03/12/2023,Le Havre,Paris SG,0.0,2.0,A,0.0,1.0,22.0,9.0,7.0,5.0
ligue-1,2023-2024,F1,03/12/2023,Brest,Clermont,3.0,0.0,H,2.0,0.0,12.0,10.0,7.0,1.0
ligue-1,2023-2024,F1,03/12/2023,Monaco,Montpellier,2.0,0.0,H,1.0,0.0,27.0,9.0,9.0,4.0
ligue-1,2023-2024,F1,03/12/2023,Toulouse,Lorient,1.0,1.0,D,0.0,0.0,11.0,11.0,6.0,5.0
ligue-1,2023-2024,F1,03/12/2023,Lille,Metz,2.0,0.0,H,2.0,0.0,16.0,7.0,6.0,4.0
ligue-1,2023-2024,F1,03/12/2023,Marseille,Rennes,2.0,0.0,H,1.0,0.0,5.0,10.0,2.0,0.0
ligue-1,2023-2024,F1,06/12/2023,Marseille,Lyon,3.0,0.0,H,2.0,0.0,12.0,6.0,5.0,1.0
ligue-1,2023-2024,F1,07/12/2023,Brest,Strasbourg,1.0,1.0,D,1.0,0.0,13.0,9.0,3.0,5.0
ligue-1,2023-2024,F1,08/12/2023,Montpellier,Lens,0.0,0.0,D,0.0,0.0,18.0,13.0,4.0,5.0
ligue-1,2023-2024,F1,09/12/2023,Rennes,Monaco,1.0,2.0,A,0.0,0.0,15.0,12.0,5.0,5.0
ligue-1,2023-2024,F1,09/12/2023,Paris SG,Nantes,2.0,1.0,H,1.0,0.0,16.0,10.0,6.0,4.0
ligue-1,2023-2024,F1,10/12/2023,Nice,Reims,2.0,1.0,H,0.0,0.0,15.0,9.0,5.0,2.0
ligue-1,2023-2024,F1,10/12/2023,Clermont,Lille,0.0,0.0,D,0.0,0.0,16.0,12.0,5.0,3.0
ligue-1,2023-2024,F1,10/12/2023,Metz,Brest,0.0,1.0,A,0.0,0.0,6.0,4.0,3.0,3.0
ligue-1,2023-2024,F1,10/12/2023,Strasbourg,Le Havre,2.0,1.0,H,1.0,0.0,12.0,15.0,3.0,3.0
ligue-1,2023-2024,F1,10/12/2023,Lyon,Toulouse,3.0,0.0,H,2.0,0.0,15.0,16.0,7.0,6.0
ligue-1,2023-2024,F1,10/12/2023,Lorient,Marseille,2.0,4.0,A,1.0,4.0,15.0,18.0,9.0,8.0
ligue-1,2023-2024,F1,15/12/2023,Monaco,Lyon,0.0,1.0,A,0.0,0.0,19.0,5.0,4.0,2.0
ligue-1,2023-2024,F1,16/12/2023,Le Havre,Nice,3.0,1.0,H,2.0,0.0,9.0,13.0,5.0,6.0
ligue-1,2023-2024,F1,16/12/2023,Lens,Reims,2.0,0.0,H,1.0,0.0,7.0,14.0,2.0,3.0
ligue-1,2023-2024,F1,17/12/2023,Nantes,Brest,0.0,2.0,A,0.0,0.0,12.0,14.0,4.0,8.0
ligue-1,2023-2024,F1,17/12/2023,Lorient,Strasbourg,1.0,2.0,A,0.0,1.0,7.0,12.0,1.0,9.0
ligue-1,2023-2024,F1,17/12/2023,Metz,Montpellier,0.0,1.0,A,0.0,1.0,19.0,6.0,4.0,3.0
ligue-1,2023-2024,F1,17/12/2023,Toulouse,Rennes,0.0,0.0,D,0.0,0.0,15.0,11.0,6.0,4.0
ligue-1,2023-2024,F1,17/12/2023,Marseille,Clermont,2.0,1.0,H,2.0,0.0,15.0,5.0,6.0,2.0
ligue-1,2023-2024,F1,17/12/2023,Lille,Paris SG,1.0,1.0,D,0.0,0.0,15.0,10.0,3.0,2.0
ligue-1,2023-2024,F1,20/12/2023,Brest,Lorient,4.0,0.0,H,4.0,0.0,12.0,7.0,7.0,3.0
ligue-1,2023-2024,F1,20/12/2023,Clermont,Rennes,1.0,3.0,A,1.0,0.0,14.0,25.0,6.0,11.0
ligue-1,2023-2024,F1,20/12/2023,Lyon,Nantes,1.0,0.0,H,0.0,0.0,8.0,7.0,7.0,0.0
ligue-1,2023-2024,F1,20/12/2023,Montpellier,Marseille,1.0,1.0,D,1.0,0.0,12.0,17.0,6.0,4.0
ligue-1,2023-2024,F1,20/12/2023,Nice,Lens,2.0,0.0,H,0.0,0.0,14.0,10.0,5.0,3.0
ligue-1,2023-2024,F1,20/12/2023,Paris SG,Metz,3.0,1.0,H,0.0,0.0,13.0,3.0,5.0,1.0
ligue-1,2023-2024,F1,20/12/2023,Reims,Le Havre,1.0,0.0,H,1.0,0.0,22.0,4.0,7.0,1.0
ligue-1,2023-2024,F1,20/12/2023,Strasbourg,Lille,2.0,1.0,H,1.0,1.0,9.0,9.0,2.0,2.0
ligue-1,2023-2024,F1,20/12/2023,Toulouse,Monaco,1.0,2.0,A,1.0,2.0,20.0,12.0,5.0,4.0
ligue-1,2023-2024,F1,12/01/2024,Marseille,Strasbourg,1.0,1.0,D,1.0,0.0,8.0,18.0,2.0,4.0
ligue-1,2023-2024,F1,13/01/2024,Monaco,Reims,1.0,3.0,A,0.0,1.0,9.0,12.0,5.0,5.0
ligue-1,2023-2024,F1,13/01/2024,Rennes,Nice,2.0,0.0,H,1.0,0.0,15.0,9.0,5.0,2.0
ligue-1,2023-2024,F1,14/01/2024,Lille,Lorient,3.0,0.0,H,1.0,0.0,24.0,1.0,10.0,0.0
ligue-1,2023-2024,F1,14/01/2024,Brest,Montpellier,2.0,0.0,H,0.0,0.0,26.0,9.0,9.0,4.0
ligue-1,2023-2024,F1,14/01/2024,Metz,Toulouse,0.0,1.0,A,0.0,1.0,14.0,4.0,2.0,2.0
ligue-1,2023-2024,F1,14/01/2024,Nantes,Clermont,1.0,2.0,A,0.0,1.0,20.0,15.0,9.0,6.0
ligue-1,2023-2024,F1,14/01/2024,Le Havre,Lyon,3.0,1.0,H,1.0,0.0,14.0,9.0,7.0,2.0
ligue-1,2023-2024,F1,14/01/2024,Lens,Paris SG,0.0,2.0,A,0.0,1.0,17.0,15.0,5.0,7.0
ligue-1,2023-2024,F1,26/01/2024,Lyon,Rennes,2.0,3.0,A,0.0,3.0,12.0,11.0,6.0,5.0
ligue-1,2023-2024,F1,27/01/2024,Nice,Metz,1.0,0.0,H,0.0,0.0,15.0,2.0,9.0,1.0
ligue-1,2023-2024,F1,27/01/2024,Marseille,Monaco,2.0,2.0,D,1.0,2.0,22.0,6.0,9.0,5.0
ligue-1,2023-2024,F1,28/01/2024,Montpellier,Lille,0.0,0.0,D,0.0,0.0,12.0,12.0,7.0,0.0
ligue-1,2023-2024,F1,28/01/2024,Clermont,Strasbourg,1.0,1.0,D,0.0,1.0,14.0,6.0,6.0,2.0
ligue-1,2023-2024,F1,28/01/2024,Lorient,Le Havre,3.0,3.0,D,1.0,1.0,13.0,14.0,6.0,5.0
ligue-1,2023-2024,F1,28/01/2024,Reims,Nantes,0.0,0.0,D,0.0,0.0,10.0,7.0,1.0,5.0
ligue-1,2023-2024,F1,28/01/2024,Toulouse,Lens,0.0,2.0,A,0.0,1.0,13.0,13.0,4.0,5.0
ligue-1,2023-2024,F1,28/01/2024,Paris SG,Brest,2.0,2.0,D,2.0,0.0,10.0,9.0,4.0,6.0
ligue-1,2023-2024,F1,02/02/2024,Strasbourg,Paris SG,1.0,2.0,A,0.0,1.0,20.0,9.0,8.0,5.0
ligue-1,2023-2024,F1,03/02/2024,Rennes,Montpellier,2.0,1.0,H,1.0,0.0,9.0,17.0,3.0,9.0
ligue-1,2023-2024,F1,03/02/2024,Nantes,Lens,0.0,1.0,A,0.0,0.0,7.0,12.0,2.0,4.0
ligue-1,2023-2024,F1,04/02/2024,Monaco,Le Havre,1.0,1.0,D,0.0,0.0,17.0,3.0,5.0,0.0
ligue-1,2023-2024,F1,04/02/2024,Lille,Clermont,4.0,0.0,H,4.0,0.0,23.0,4.0,13.0,3.0
ligue-1,2023-2024,F1,04/02/2024,Metz,Lorient,1.0,2.0,A,1.0,1.0,10.0,12.0,3.0,4.0
ligue-1,2023-2024,F1,04/02/2024,Reims,Toulouse,2.0,3.0,A,0.0,3.0,17.0,9.0,5.0,4.0
ligue-1,2023-2024,F1,04/02/2024,Brest,Nice,0.0,0.0,D,0.0,0.0,17.0,13.0,2.0,1.0
ligue-1,2023-2024,F1,04/02/2024,Lyon,Marseille,1.0,0.0,H,1.0,0.0,12.0,8.0,7.0,1.0
ligue-1,2023-2024,F1,09/02/2024,Marseille,Metz,1.0,1.0,D,0.0,0.0,18.0,7.0,6.0,3.0
ligue-1,2023-2024,F1,10/02/2024,Lens,Strasbourg,3.0,1.0,H,2.0,1.0,10.0,19.0,6.0,5.0
ligue-1,2023-2024,F1,10/02/2024,Paris SG,Lille,3.0,1.0,H,2.0,1.0,16.0,10.0,8.0,3.0
ligue-1,2023-2024,F1,11/02/2024,Le Havre,Rennes,0.0,1.0,A,0.0,0.0,13.0,11.0,5.0,2.0
ligue-1,2023-2024,F1,11/02/2024,Clermont,Brest,1.0,1.0,D,0.0,0.0,7.0,15.0,2.0,9.0
ligue-1,2023-2024,F1,11/02/2024,Lorient,Reims,2.0,0.0,H,0.0,0.0,17.0,23.0,5.0,6.0
ligue-1,2023-2024,F1,11/02/2024,Toulouse,Nantes,1.0,2.0,A,0.0,1.0,16.0,5.0,3.0,2.0
ligue-1,2023-2024,F1,11/02/2024,Montpellier,Lyon,1.0,2.0,A,1.0,0.0,15.0,19.0,8.0,5.0
ligue-1,2023-2024,F1,11/02/2024,Nice,Monaco,2.0,3.0,A,1.0,1.0,15.0,9.0,5.0,5.0
ligue-1,2023-2024,F1,16/02/2024,Lyon,Nice,1.0,0.0,H,1.0,0.0,9.0,20.0,1.0,6.0
ligue-1,2023-2024,F1,17/02/2024,Lille,Le Havre,3.0,0.0,H,2.0,0.0,17.0,6.0,8.0,2.0
ligue-1,2023-2024,F1,17/02/2024,Nantes,Paris SG,0.0,2.0,A,0.0,0.0,12.0,12.0,7.0,2.0
ligue-1,2023-2024,F1,18/02/2024,Strasbourg,Lorient,1.0,3.0,A,0.0,2.0,18.0,13.0,4.0,6.0
ligue-1,2023-2024,F1,18/02/2024,Monaco,Toulouse,1.0,2.0,A,0.0,1.0,22.0,14.0,5.0,7.0
ligue-1,2023-2024,F1,18/02/2024,Montpellier,Metz,3.0,0.0,H,1.0,0.0,21.0,14.0,7.0,4.0
ligue-1,2023-2024,F1,18/02/2024,Rennes,Clermont,3.0,1.0,H,1.0,0.0,16.0,14.0,8.0,5.0
ligue-1,2023-2024,F1,18/02/2024,Reims,Lens,1.0,1.0,D,1.0,1.0,11.0,9.0,2.0,1.0
ligue-1,2023-2024,F1,18/02/2024,Brest,Marseille,1.0,0.0,H,0.0,0.0,15.0,9.0,5.0,2.0
ligue-1,2023-2024,F1,23/02/2024,Metz,Lyon,1.0,2.0,A,1.0,1.0,15.0,11.0,4.0,5.0
ligue-1,2023-2024,F1,24/02/2024,Lorient,Nantes,0.0,1.0,A,0.0,0.0,6.0,7.0,1.0,6.0
ligue-1,2023-2024,F1,24/02/2024,Strasbourg,Brest,0.0,3.0,A,0.0,2.0,6.0,15.0,2.0,8.0
ligue-1,2023-2024,F1,25/02/2024,Lens,Monaco,2.0,3.0,A,1.0,2.0,20.0,15.0,10.0,9.0
ligue-1,2023-2024,F1,25/02/2024,Le Havre,Reims,1.0,2.0,A,0.0,0.0,18.0,16.0,4.0,5.0
ligue-1,2023-2024,F1,25/02/2024,Nice,Clermont,0.0,0.0,D,0.0,0.0,23.0,13.0,4.0,5.0
ligue-1,2023-2024,F1,25/02/2024,Toulouse,Lille,3.0,1.0,H,0.0,1.0,14.0,12.0,4.0,2.0
ligue-1,2023-2024,F1,25/02/2024,Paris SG,Rennes,1.0,1.0,D,0.0,1.0,15.0,3.0,3.0,1.0
ligue-1,2023-2024,F1,25/02/2024,Marseille,Montpellier,4.0,1.0,H,2.0,1.0,16.0,9.0,6.0,4.0
ligue-1,2023-2024,F1,01/03/2024,Monaco,Paris SG,0.0,0.0,D,0.0,0.0,14.0,14.0,6.0,7.0
ligue-1,2023-2024,F1,02/03/2024,Reims,Lille,0.0,1.0,A,0.0,0.0,8.0,8.0,3.0,3.0
ligue-1,2023-2024,F1,02/03/2024,Clermont,Marseille,1.0,5.0,A,0.0,1.0,7.0,17.0,2.0,11.0
ligue-1,2023-2024,F1,03/03/2024,Toulouse,Nice,2.0,1.0,H,0.0,1.0,17.0,9.0,6.0,6.0
ligue-1,2023-2024,F1,03/03/2024,Brest,Le Havre,1.0,0.0,H,1.0,0.0,8.0,11.0,4.0,2.0
ligue-1,2023-2024,F1,03/03/2024,Montpellier,Strasbourg,2.0,2.0,D,0.0,0.0,21.0,12.0,7.0,4.0
ligue-1,2023-2024,F1,03/03/2024,Nantes,Metz,0.0,2.0,A,0.0,0.0,9.0,13.0,2.0,4.0
ligue-1,2023-2024,F1,03/03/2024,Rennes,Lorient,1.0,2.0,A,0.0,0.0,22.0,12.0,6.0,6.0
ligue-1,2023-2024,F1,03/03/2024,Lyon,Lens,0.0,3.0,A,0.0,1.0,13.0,18.0,4.0,8.0
ligue-1,2023-2024,F1,08/03/2024,Nice,Montpellier,1.0,2.0,A,1.0,2.0,19.0,7.0,5.0,2.0
ligue-1,2023-2024,F1,09/03/2024,Lorient,Lyon,0.0,2.0,A,0.0,0.0,9.0,13.0,0.0,6.0
ligue-1,2023-2024,F1,09/03/2024,Lens,Brest,1.0,0.0,H,1.0,0.0,6.0,9.0,2.0,3.0
ligue-1,2023-2024,F1,10/03/2024,Paris SG,Reims,2.0,2.0,D,2.0,2.0,19.0,8.0,6.0,3.0
ligue-1,2023-2024,F1,10/03/2024,Le Havre,Toulouse,1.0,0.0,H,0.0,0.0,12.0,5.0,4.0,0.0
ligue-1,2023-2024,F1,10/03/2024,Metz,Clermont,1.0,0.0,H,1.0,0.0,11.0,13.0,2.0,6.0
ligue-1,2023-2024,F1,10/03/2024,Strasbourg,Monaco,0.0,1.0,A,0.0,0.0,8.0,17.0,1.0,6.0
ligue-1,2023-2024,F1,10/03/2024,Lille,Rennes,2.0,2.0,D,0.0,2.0,15.0,11.0,8.0,3.0
ligue-1,2023-2024,F1,10/03/2024,Marseille,Nantes,2.0,0.0,H,1.0,0.0,12.0,10.0,4.0,3.0
ligue-1,2023-2024,F1,15/03/2024,Toulouse,Lyon,2.0,3.0,A,0.0,1.0,13.0,18.0,5.0,6.0
ligue-1,2023-2024,F1,16/03/2024,Nantes,Strasbourg,1.0,3.0,A,1.0,1.0,11.0,11.0,2.0,6.0
ligue-1,2023-2024,F1,16/03/2024,Lens,Nice,1.0,3.0,A,0.0,1.0,20.0,7.0,4.0,3.0
ligue-1,2023-2024,F1,17/03/2024,Brest,Lille,1.0,1.0,D,0.0,0.0,16.0,13.0,4.0,8.0
ligue-1,2023-2024,F1,17/03/2024,Clermont,Le Havre,2.0,1.0,H,2.0,1.0,9.0,14.0,4.0,5.0
ligue-1,2023-2024,F1,17/03/2024,Monaco,Lorient,2.0,2.0,D,1.0,1.0,23.0,11.0,8.0,6.0
ligue-1,2023-2024,F1,17/03/2024,Reims,Metz,2.0,1.0,H,1.0,1.0,17.0,12.0,7.0,4.0
ligue-1,2023-2024,F1,17/03/2024,Rennes,Marseille,2.0,0.0,H,1.0,0.0,7.0,8.0,4.0,1.0
ligue-1,2023-2024,F1,17/03/2024,Montpellier,Paris SG,2.0,6.0,A,2.0,2.0,12.0,16.0,7.0,9.0
ligue-1,2023-2024,F1,29/03/2024,Lille,Lens,2.0,1.0,H,1.0,0.0,15.0,9.0,6.0,3.0
ligue-1,2023-2024,F1,30/03/2024,Metz,Monaco,2.0,5.0,A,0.0,3.0,13.0,17.0,7.0,7.0
ligue-1,2023-2024,F1,30/03/2024,Lyon,Reims,1.0,1.0,D,0.0,0.0,16.0,17.0,3.0,5.0
ligue-1,2023-2024,F1,31/03/2024,Lorient,Brest,0.0,1.0,A,0.0,0.0,11.0,10.0,5.0,2.0
ligue-1,2023-2024,F1,31/03/2024,Clermont,Toulouse,0.0,3.0,A,0.0,1.0,15.0,11.0,5.0,5.0
ligue-1,2023-2024,F1,31/03/2024,Le Havre,Montpellier,0.0,2.0,A,0.0,0.0,14.0,14.0,3.0,5.0
ligue-1,2023-2024,F1,31/03/2024,Nice,Nantes,1.0,2.0,A,0.0,1.0,12.0,13.0,3.0,4.0
ligue-1,2023-2024,F1,31/03/2024,Strasbourg,Rennes,2.0,0.0,H,0.0,0.0,14.0,12.0,7.0,0.0
ligue-1,2023-2024,F1,31/03/2024,Marseille,Paris SG,0.0,2.0,A,0.0,0.0,22.0,8.0,10.0,3.0
ligue-1,2023-2024,F1,05/04/2024,Lille,Marseille,3.0,1.0,H,0.0,0.0,14.0,13.0,6.0,4.0
ligue-1,2023-2024,F1,06/04/2024,Lens,Le Havre,1.0,1.0,D,0.0,0.0,18.0,11.0,8.0,3.0
ligue-1,2023-2024,F1,06/04/2024,Paris SG,Clermont,1.0,1.0,D,0.0,1.0,23.0,6.0,7.0,3.0
ligue-1,2023-2024,F1,07/04/2024,Brest,Metz,4.0,3.0,H,3.0,1.0,24.0,8.0,10.0,6.0
ligue-1,2023-2024,F1,07/04/2024,Montpellier,Lorient,2.0,0.0,H,0.0,0.0,13.0,19.0,5.0,5.0
ligue-1,2023-2024,F1,07/04/2024,Reims,Nice,0.0,0.0,D,0.0,0.0,10.0,18.0,3.0,3.0
ligue-1,2023-2024,F1,07/04/2024,Toulouse,Strasbourg,0.0,0.0,D,0.0,0.0,11.0,8.0,2.0,1.0
ligue-1,2023-2024,F1,07/04/2024,Monaco,Rennes,1.0,0.0,H,1.0,0.0,16.0,12.0,5.0,7.0
ligue-1,2023-2024,F1,07/04/2024,Nantes,Lyon,1.0,3.0,A,1.0,0.0,14.0,19.0,6.0,10.0
ligue-1,2023-2024,F1,12/04/2024,Metz,Lens,2.0,1.0,H,2.0,1.0,11.0,17.0,5.0,2.0
ligue-1,2023-2024,F1,13/04/2024,Strasbourg,Reims,3.0,1.0,H,1.0,1.0,13.0,8.0,6.0,2.0
ligue-1,2023-2024,F1,13/04/2024,Rennes,Toulouse,1.0,2.0,A,1.0,2.0,19.0,10.0,4.0,3.0
ligue-1,2023-2024,F1,14/04/2024,Le Havre,Nantes,0.0,1.0,A,0.0,0.0,10.0,12.0,1.0,4.0
ligue-1,2023-2024,F1,14/04/2024,Clermont,Montpellier,1.0,1.0,D,1.0,0.0,10.0,14.0,2.0,6.0
ligue-1,2023-2024,F1,14/04/2024,Lyon,Brest,4.0,3.0,H,1.0,0.0,16.0,22.0,8.0,7.0
ligue-1,2023-2024,F1,19/04/2024,Nice,Lorient,3.0,0.0,H,1.0,0.0,19.0,9.0,10.0,4.0
ligue-1,2023-2024,F1,20/04/2024,Nantes,Rennes,0.0,3.0,A,0.0,0.0,6.0,14.0,4.0,5.0
ligue-1,2023-2024,F1,20/04/2024,Lens,Clermont,1.0,0.0,H,1.0,0.0,17.0,8.0,4.0,1.0
ligue-1,2023-2024,F1,21/04/2024,Le Havre,Metz,0.0,1.0,A,0.0,0.0,16.0,9.0,4.0,2.0
ligue-1,2023-2024,F1,21/04/2024,Lille,Strasbourg,1.0,0.0,H,1.0,0.0,6.0,8.0,2.0,2.0
ligue-1,2023-2024,F1,21/04/2024,Reims,Montpellier,1.0,2.0,A,0.0,1.0,22.0,12.0,4.0,5.0
ligue-1,2023-2024,F1,21/04/2024,Brest,Monaco,0.0,2.0,A,0.0,1.0,12.0,8.0,2.0,3.0
ligue-1,2023-2024,F1,21/04/2024,Toulouse,Marseille,2.0,2.0,D,1.0,1.0,10.0,11.0,3.0,3.0
ligue-1,2023-2024,F1,21/04/2024,Paris SG,Lyon,4.0,1.0,H,4.0,1.0,14.0,16.0,6.0,6.0
ligue-1,2023-2024,F1,24/04/2024,Lorient,Paris SG,1.0,4.0,A,0.0,2.0,11.0,15.0,6.0,7.0
ligue-1,2023-2024,F1,24/04/2024,Marseille,Nice,2.0,2.0,D,1.0,1.0,11.0,10.0,4.0,4.0
ligue-1,2023-2024,F1,24/04/2024,Monaco,Lille,1.0,0.0,H,0.0,0.0,19.0,13.0,7.0,4.0
ligue-1,2023-2024,F1,26/04/2024,Montpellier,Nantes,1.0,1.0,D,1.0,1.0,8.0,15.0,1.0,5.0
ligue-1,2023-2024,F1,27/04/2024,Paris SG,Le Havre,3.0,3.0,D,1.0,2.0,17.0,6.0,4.0,4.0
ligue-1,2023-2024,F1,28/04/2024,Metz,Lille,1.0,2.0,A,1.0,2.0,5.0,14.0,2.0,4.0
ligue-1,2023-2024,F1,28/04/2024,Clermont,Reims,4.0,1.0,H,1.0,1.0,12.0,10.0,6.0,3.0
ligue-1,2023-2024,F1,28/04/2024,Lorient,Toulouse,1.0,2.0,A,1.0,0.0,15.0,14.0,5.0,5.0
ligue-1,2023-2024,F1,28/04/2024,Strasbourg,Nice,1.0,3.0,A,1.0,1.0,13.0,8.0,5.0,4.0
ligue-1,2023-2024,F1,28/04/2024,Rennes,Brest,4.0,5.0,A,2.0,1.0,21.0,10.0,7.0,5.0
ligue-1,2023-2024,F1,28/04/2024,Lyon,Monaco,3.0,2.0,H,2.0,1.0,15.0,13.0,4.0,5.0
ligue-1,2023-2024,F1,28/04/2024,Marseille,Lens,2.0,1.0,H,1.0,0.0,13.0,18.0,6.0,5.0
ligue-1,2023-2024,F1,03/05/2024,Toulouse,Montpellier,1.0,2.0,A,1.0,1.0,15.0,5.0,5.0,3.0
ligue-1,2023-2024,F1,03/05/2024,Lens,Lorient,2.0,0.0,H,0.0,0.0,18.0,11.0,6.0,5.0
ligue-1,2023-2024,F1,04/05/2024,Le Havre,Strasbourg,3.0,1.0,H,1.0,0.0,15.0,5.0,7.0,3.0
ligue-1,2023-2024,F1,04/05/2024,Monaco,Clermont,4.0,1.0,H,2.0,1.0,23.0,9.0,8.0,1.0
ligue-1,2023-2024,F1,04/05/2024,Metz,Rennes,2.0,3.0,A,2.0,1.0,7.0,21.0,4.0,9.0
ligue-1,2023-2024,F1,04/05/2024,Brest,Nantes,0.0,0.0,D,0.0,0.0,9.0,9.0,2.0,1.0
ligue-1,2023-2024,F1,06/05/2024,Lille,Lyon,3.0,4.0,A,2.0,0.0,8.0,11.0,5.0,7.0
ligue-1,2023-2024,F1,10/05/2024,Brest,Reims,1.0,1.0,D,1.0,1.0,16.0,8.0,5.0,2.0
ligue-1,2023-2024,F1,10/05/2024,Nice,Le Havre,1.0,0.0,H,1.0,0.0,13.0,12.0,6.0,3.0
ligue-1,2023-2024,F1,12/05/2024,Clermont,Lyon,0.0,1.0,A,0.0,0.0,18.0,6.0,5.0,2.0
ligue-1,2023-2024,F1,12/05/2024,Marseille,Lorient,3.0,1.0,H,2.0,1.0,13.0,14.0,4.0,3.0
ligue-1,2023-2024,F1,12/05/2024,Montpellier,Monaco,0.0,2.0,A,0.0,0.0,14.0,19.0,3.0,9.0
ligue-1,2023-2024,F1,12/05/2024,Nantes,Lille,1.0,2.0,A,0.0,2.0,9.0,12.0,5.0,3.0
ligue-1,2023-2024,F1,12/05/2024,Paris SG,Toulouse,1.0,3.0,A,1.0,1.0,15.0,18.0,3.0,5.0
ligue-1,2023-2024,F1,12/05/2024,Rennes,Lens,1.0,1.0,D,0.0,0.0,16.0,8.0,6.0,4.0
ligue-1,2023-2024,F1,12/05/2024,Strasbourg,Metz,2.0,1.0,H,0.0,0.0,10.0,11.0,2.0,2.0
ligue-1,2023-2024,F1,15/05/2024,Nice,Paris SG,1.0,2.0,A,1.0,2.0,12.0,11.0,4.0,4.0
ligue-1,2023-2024,F1,15/05/2024,Reims,Marseille,1.0,0.0,H,1.0,0.0,10.0,19.0,3.0,3.0
ligue-1,2023-2024,F1,19/05/2024,Le Havre,Marseille,1.0,2.0,A,0.0,0.0,13.0,22.0,6.0,7.0
ligue-1,2023-2024,F1,19/05/2024,Lens,Montpellier,2.0,2.0,D,2.0,0.0,27.0,11.0,13.0,2.0
ligue-1,2023-2024,F1,19/05/2024,Lille,Nice,2.0,2.0,D,0.0,1.0,12.0,10.0,3.0,4.0
ligue-1,2023-2024,F1,19/05/2024,Lorient,Clermont,5.0,0.0,H,2.0,0.0,32.0,9.0,10.0,4.0
ligue-1,2023-2024,F1,19/05/2024,Lyon,Strasbourg,2.0,1.0,H,1.0,0.0,15.0,10.0,6.0,4.0
ligue-1,2023-2024,F1,19/05/2024,Metz,Paris SG,0.0,2.0,A,0.0,2.0,10.0,20.0,2.0,8.0
ligue-1,2023-2024,F1,19/05/2024,Monaco,Nantes,4.0,0.0,H,3.0,0.0,10.0,6.0,6.0,3.0
ligue-1,2023-2024,F1,19/05/2024,Reims,Rennes,2.0,1.0,H,0.0,0.0,6.0,15.0,4.0,5.0
ligue-1,2023-2024,F1,19/05/2024,Toulouse,Brest,0.0,3.0,A,0.0,0.0,8.0,12.0,2.0,6.0
