league,season,team,canonical,coi_flag,position,mp,w,d,l,gf,ga,gd,points,deduction,ppg,gf_pg,ga_pg,gd_pg,win_rate,draw_rate,title_winner,top4,position_pct,home_ppg,away_ppg,shots_pg,shots_against_pg,sot_pg,shot_conversion,clean_sheet_rate,squad_size,avg_age_tm,foreigners,avg_market_value_eur_m,total_market_value_eur_m,foreigners_share,log_squad_value,transfer_spend_eur_m,transfer_income_eur_m,net_spend_eur_m,n_signings,n_departures,loans_in,loans_out,net_spend_to_value,squad_mean_age,squad_age_std,minutes_weighted_age,share_min_u21,share_min_u23,share_min_30plus,n_players_used,minutes_hhi,top5_minutes_share,total_minutes_recorded,newly_promoted,relegated_after,ucl_spot,covid_season,is_premier_league,mco_flag,mco_integrated,mco_group,uk_gilt_10y_season,fr_oat_10y_season,uk_cpi_yoy_season,fr_cpi_yoy_season,eur_gbp_season,season_start,ppg_lag1,position_lag1,points_lag1,gd_pg_lag1,total_market_value_eur_m_lag1,net_spend_eur_m_lag1,minutes_weighted_age_lag1,squad_mean_age_lag1,newly_promoted_lag1,ucl_spot_lag1,squad_value_growth_yoy
ligue-1,2015-2016,Paris SG,Paris Saint-Germain,0,1,38,30,6,2,102,19,83,96,0,2.526315789473684,2.6842105263157894,0.5,2.1842105263157894,0.7894736842105263,0.15789473684210525,1,1,0.05,2.526315789473684,2.526315789473684,14.842105263157896,9.552631578947368,6.578947368421052,0.18085106382978725,0.5789473684210527,35,25.4,20,12.47,436.3,0.5714285714285714,6.078330080129564,116.1,22.9,93.19999999999999,7,10,2,5,0.21361448544579414,23.857142857142858,5.157192904619934,26.296568236233043,0.13500931098696461,0.30952380952380953,0.27297153498270815,28.0,0.05367233351316246,0.3446129289704709,37590.0,0,0.0,1,0,0,0,0,,1.7543900000000001,0.76507,0.51,0.003275414000000011,0.749458128000165,2015,,,,,,,,,,,
ligue-1,2015-2016,Lyon,Lyon,0,2,38,19,8,11,67,43,24,65,0,1.7105263157894737,1.763157894736842,1.131578947368421,0.631578947368421,0.5,0.21052631578947367,0,1,0.1,2.1052631578947367,1.3157894736842106,14.578947368421053,9.421052631578947,5.315789473684211,0.12093862815884476,0.3684210526315789,33,25.5,15,5.04,166.3,0.45454545454545453,5.113793386198882,41.1,26.8,14.3,9,13,1,2,0.08598917618761275,24.03030303030303,4.626586541966229,24.923813322696446,0.24355803749501395,0.35383592607366043,0.22560829676904667,30.0,0.05700210275033478,0.3836457917830076,37605.0,0,0.0,1,0,0,0,0,,1.7543900000000001,0.76507,0.51,0.003275414000000011,0.749458128000165,2015,,,,,,,,,,,
ligue-1,2015-2016,Monaco,Monaco,0,3,38,17,14,7,57,50,7,65,0,1.7105263157894737,1.5,1.3157894736842106,0.18421052631578946,0.4473684210526316,0.3684210526315789,0,1,0.15,1.894736842105263,1.5263157894736843,11.236842105263158,12.447368421052632,4.447368421052632,0.13348946135831383,0.3684210526315789,39,23.8,26,5.83,227.4,0.6666666666666666,5.426710581316436,101.0,175.4,-74.4,27,29,14,17,-0.32717678100263853,22.307692307692307,4.824028924118174,25.51017035003066,0.42174295539974943,0.4536002772520061,0.31316147263469385,31.0,0.05269942442539996,0.37479672629362054,37511.0,0,0.0,1,0,0,0,0,,1.7543900000000001,0.76507,0.51,0.003275414000000011,0.749458128000165,2015,,,,,,,,,,,
ligue-1,2015-2016,Nice,Nice,0,4,38,18,9,11,58,41,17,63,0,1.6578947368421053,1.5263157894736843,1.0789473684210527,0.4473684210526316,0.47368421052631576,0.23684210526315788,0,1,0.2,2.0,1.3157894736842106,10.18421052631579,11.157894736842104,4.2368421052631575,0.14987080103359174,0.3157894736842105,35,23.9,13,2.03,70.95,0.37142857142857144,4.261975403606051,4.1,14.0,-9.9,14,20,9,9,-0.13953488372093023,22.428571428571427,3.7595815966025534,23.731718391111585,0.3168901233908445,0.5288980289514449,0.037284333101864214,33.0,0.061231045023728184,0.4119972223705998,37442.0,0,0.0,0,0,0,0,0,,1.7543900000000001,0.76507,0.51,0.003275414000000011,0.749458128000165,2015,,,,,,,,,,,
ligue-1,2015-2016,Lille,Lille,0,5,38,15,15,8,39,27,12,60,0,1.5789473684210527,1.0263157894736843,0.7105263157894737,0.3157894736842105,0.39473684210526316,0.39473684210526316,0,0,0.25,1.736842105263158,1.4210526315789473,12.5,10.157894736842104,4.052631578947368,0.08210526315789474,0.47368421052631576,34,26.0,18,2.08,70.8,0.5294117647058824,4.259859000699674,12.9,35.25,-22.35,18,18,6,11,-0.31567796610169496,24.5,5.327174474220633,26.49825672690496,0.17400793122721103,0.3966678199771112,0.4069943842652969,32.0,0.05636270849005752,0.38889628190455916,37573.0,0,0.0,0,0,0,0,0,,1.7543900000000001,0.76507,0.51,0.003275414000000011,0.749458128000165,2015,,,,,,,,,,,
ligue-1,2015-2016,St Etienne,Saint-Etienne,0,6,38,17,7,14,42,37,5,58,0,1.5263157894736843,1.105263157894737,0.9736842105263158,0.13157894736842105,0.4473684210526316,0.18421052631578946,0,0,0.3,1.7894736842105263,1.263157894736842,11.578947368421053,11.421052631578947,3.526315789473684,0.09545454545454546,0.42105263157894735,40,25.6,17,2.43,97.2,0.425,4.576770711466393,20.3,23.2,-2.8999999999999986,14,12,4,7,-0.029835390946502043,24.05,4.646200543151306,26.571614825852112,0.07639092142724103,0.1718596173801985,0.17010350424394008,31.0,0.04842942308338511,0.3392757363701674,37583.0,0,0.0,0,0,0,0,0,,1.7543900000000001,0.76507,0.51,0.003275414000000011,0.749458128000165,2015,,,,,,,,,,,
ligue-1,2015-2016,Caen,Caen,0,7,38,16,6,16,39,52,-13,54,0,1.4210526315789473,1.0263157894736843,1.368421052631579,-0.34210526315789475,0.42105263157894735,0.15789473684210525,0,0,0.35,1.5789473684210527,1.263157894736842,12.342105263157896,12.342105263157896,4.605263157894737,0.08315565031982942,0.2631578947368421,30,26.0,14,1.23,36.8,0.4666666666666667,3.6054978451748854,6.05,14.0,-7.95,16,16,5,5,-0.2160326086956522,24.566666666666666,5.062937223917884,27.62938444290214,0.03390101969996263,0.2737707543644226,0.29589984517644546,24.0,0.06279442591196308,0.42854092146708667,37462.0,0,0.0,0,0,0,0,0,,1.7543900000000001,0.76507,0.51,0.003275414000000011,0.749458128000165,2015,,,,,,,,,,,
ligue-1,2015-2016,Rennes,Rennes,0,8,38,13,13,12,52,54,-2,52,0,1.368421052631579,1.368421052631579,1.4210526315789473,-0.05263157894736842,0.34210526315789475,0.34210526315789475,0,0,0.4,1.3157894736842106,1.4210526315789473,11.0,12.263157894736842,4.052631578947368,0.12440191387559808,0.15789473684210525,38,25.1,23,2.48,94.15,0.6052631578947368,4.544889255103161,5.64,10.6,-4.96,16,19,9,11,-0.05268189060010621,23.57894736842105,4.415155587521228,25.45229484656704,0.1196351646013934,0.22953783970642982,0.0795351805562942,31.0,0.051038921317126354,0.3701802903791948,37606.0,0,0.0,0,0,0,0,0,,1.7543900000000001,0.76507,0.51,0.003275414000000011,0.749458128000165,2015,,,,,,,,,,,
ligue-1,2015-2016,Angers,Angers,0,9,38,13,11,14,40,38,2,50,0,1.3157894736842106,1.0526315789473684,1.0,0.05263157894736842,0.34210526315789475,0.2894736842105263,0,0,0.45,1.368421052631579,1.263157894736842,10.447368421052632,11.0,3.4473684210526314,0.10075566750629723,0.4473684210526316,34,27.8,19,0.951,32.35,0.5588235294117647,3.4766140209469096,0.0,5.9,-5.9,22,21,6,8,-0.18238021638330756,26.294117647058822,4.260668689620146,26.66673795647757,0.0356092605464364,0.03726674864994921,0.11466074961236165,29.0,0.059234910377595706,0.3951505106132706,37406.0,1,0.0,0,0,0,0,0,,1.7543900000000001,0.76507,0.51,0.003275414000000011,0.749458128000165,2015,,,,,,,,,,,
ligue-1,2015-2016,Bastia,Bastia,0,10,38,14,8,16,36,42,-6,50,0,1.3157894736842106,0.9473684210526315,1.105263157894737,-0.15789473684210525,0.3684210526315789,0.21052631578947367,0,0,0.5,1.8421052631578947,0.7894736842105263,8.736842105263158,11.263157894736842,2.8947368421052633,0.10843373493975904,0.39473684210526316,31,26.3,15,0.782,24.25,0.4838709677419355,3.188416617383492,0.0,1.7,-1.7,9,17,3,8,-0.07010309278350516,24.774193548387096,5.672798706219913,28.054859773067868,0.20239242132305715,0.20720937700706488,0.4250160565189467,26.0,0.057431401378782096,0.3727788482123743,37368.0,0,0.0,0,0,0,0,0,,1.7543900000000001,0.76507,0.51,0.003275414000000011,0.749458128000165,2015,,,,,,,,,,,
ligue-1,2015-2016,Bordeaux,Bordeaux,0,11,38,12,14,12,50,57,-7,50,0,1.3157894736842106,1.3157894736842106,1.5,-0.18421052631578946,0.3157894736842105,0.3684210526315789,0,0,0.55,1.631578947368421,1.0,11.578947368421053,10.68421052631579,3.789473684210526,0.11363636363636363,0.2894736842105263,42,23.9,25,2.16,90.7,0.5952380952380952,4.507557357121091,11.0,22.3,-11.3,9,12,5,4,-0.12458654906284454,22.452380952380953,4.532820050193171,24.350711279237043,0.2734828706910331,0.4218125632692205,0.15067398369652085,35.0,0.042843714522515244,0.2999627044594811,37538.0,0,0.0,0,0,0,0,0,,1.7543900000000001,0.76507,0.51,0.003275414000000011,0.749458128000165,2015,,,,,,,,,,,
ligue-1,2015-2016,Montpellier,Montpellier,0,12,38,14,7,17,49,47,2,49,0,1.2894736842105263,1.2894736842105263,1.236842105263158,0.05263157894736842,0.3684210526315789,0.18421052631578946,0,0,0.6,1.4210526315789473,1.1578947368421053,10.342105263157896,11.078947368421053,3.789473684210526,0.12468193384223919,0.23684210526315788,32,26.3,18,1.39,44.4,0.5625,3.7932394694381792,2.725,4.0,-1.275,8,8,5,3,-0.028716216216216214,24.875,4.619384123172629,26.599584620300355,0.0823037597188199,0.3347534348705932,0.2930290765789754,30.0,0.06031219175508998,0.4141282351688146,37556.0,0,0.0,0,0,0,0,0,,1.7543900000000001,0.76507,0.51,0.003275414000000011,0.749458128000165,2015,,,,,,,,,,,
ligue-1,2015-2016,Marseille,Marseille,0,13,38,10,18,10,48,42,6,48,0,1.263157894736842,1.263157894736842,1.105263157894737,0.15789473684210525,0.2631578947368421,0.47368421052631576,0,0,0.65,1.0526315789473684,1.4736842105263157,12.5,10.894736842105264,4.7631578947368425,0.10105263157894737,0.23684210526315788,38,24.4,23,3.41,129.5,0.6052631578947368,4.863680881139593,19.75,54.45,-34.7,19,18,11,8,-0.267953667953668,22.94736842105263,4.223149640685784,24.49702086728832,0.3576562374756192,0.43717102626446147,0.18051139551660567,28.0,0.05423427458767519,0.3836267934913298,37427.0,0,0.0,0,0,0,0,0,,1.7543900000000001,0.76507,0.51,0.003275414000000011,0.749458128000165,2015,,,,,,,,,,,
ligue-1,2015-2016,Nantes,Nantes,0,14,38,12,12,14,33,44,-11,48,0,1.263157894736842,0.868421052631579,1.1578947368421053,-0.2894736842105263,0.3157894736842105,0.3157894736842105,0,0,0.7,1.5263157894736843,1.0,11.368421052631579,10.5,3.526315789473684,0.0763888888888889,0.39473684210526316,32,25.3,18,1.23,39.3,0.5625,3.6712245188752153,7.0,17.55,-10.55,12,14,6,1,-0.26844783715012727,23.78125,4.270939875408555,25.204523054793427,0.1898457686263019,0.4369089795157295,0.22756452944780373,29.0,0.04911057310778323,0.3326762739404917,37541.0,0,0.0,0,0,0,0,0,,1.7543900000000001,0.76507,0.51,0.003275414000000011,0.749458128000165,2015,,,,,,,,,,,
ligue-1,2015-2016,Lorient,Lorient,0,15,38,11,13,14,47,58,-11,46,0,1.2105263157894737,1.236842105263158,1.5263157894736843,-0.2894736842105263,0.2894736842105263,0.34210526315789475,0,0,0.75,1.4736842105263157,0.9473684210526315,11.0,13.421052631578947,4.026315789473684,0.11244019138755981,0.21052631578947367,35,25.2,20,1.66,58.05,0.5714285714285714,4.061304708143901,9.93,18.5,-8.57,11,14,5,5,-0.1476313522825151,23.685714285714287,3.554379474026113,24.772350550743234,0.20425622928029089,0.3325312800769971,0.05504758849320928,32.0,0.05472725323157444,0.376136242113143,37404.0,0,0.0,0,0,0,0,0,,1.7543900000000001,0.76507,0.51,0.003275414000000011,0.749458128000165,2015,,,,,,,,,,,
ligue-1,2015-2016,Guingamp,Guingamp,0,16,38,11,11,16,47,56,-9,44,0,1.1578947368421053,1.236842105263158,1.4736842105263157,-0.23684210526315788,0.2894736842105263,0.2894736842105263,0,0,0.8,1.3157894736842106,1.0,10.5,12.710526315789474,3.5526315789473686,0.11779448621553884,0.34210526315789475,31,27.4,11,1.08,33.5,0.3548387096774194,3.5115454388310208,1.95,6.0,-4.05,10,13,5,9,-0.1208955223880597,25.870967741935484,5.142904078980221,27.71100181759863,0.06484550411632631,0.08807334545065754,0.2675077515235753,28.0,0.05651078511090637,0.400138992836523,37412.0,0,0.0,0,0,0,0,0,,1.7543900000000001,0.76507,0.51,0.003275414000000011,0.749458128000165,2015,,,,,,,,,,,
ligue-1,2015-2016,Toulouse,Toulouse,0,17,38,9,13,16,45,55,-10,40,0,1.0526315789473684,1.1842105263157894,1.4473684210526316,-0.2631578947368421,0.23684210526315788,0.34210526315789475,0,0,0.85,1.3157894736842106,0.7894736842105263,11.157894736842104,10.842105263157896,4.157894736842105,0.10613207547169812,0.21052631578947367,32,24.6,22,1.34,42.9,0.6875,3.758871825933971,2.9,10.5,-7.6,5,13,3,5,-0.17715617715617715,23.09375,4.305730427712472,23.220700111719957,0.19588232164707134,0.47935840825663667,0.0593445762621695,25.0,0.05209649025359947,0.35766345693461726,37594.0,0,0.0,0,0,0,0,0,,1.7543900000000001,0.76507,0.51,0.003275414000000011,0.749458128000165,2015,,,,,,,,,,,
ligue-1,2015-2016,Reims,Reims,0,18,38,10,9,19,44,57,-13,39,0,1.0263157894736843,1.1578947368421053,1.5,-0.34210526315789475,0.2631578947368421,0.23684210526315788,0,0,0.9,1.368421052631579,0.6842105263157895,11.210526315789474,11.81578947368421,4.184210526315789,0.10328638497652583,0.10526315789473684,35,26.2,19,1.23,42.95,0.5428571428571428,3.7600366484302645,2.4,1.5,0.8999999999999999,11,10,5,3,0.0209545983701979,24.742857142857144,4.797933728932372,26.338959137495014,0.08614401703713563,0.2958605084520165,0.22435777984826302,31.0,0.049042872739029277,0.3747105017968854,37565.0,0,1.0,0,0,0,0,0,,1.7543900000000001,0.76507,0.51,0.003275414000000011,0.749458128000165,2015,,,,,,,,,,,
ligue-1,2015-2016,Ajaccio GFCO,Gazelec Ajaccio,0,19,38,8,13,17,37,58,-21,37,0,0.9736842105263158,0.9736842105263158,1.5263157894736843,-0.5526315789473685,0.21052631578947367,0.34210526315789475,0,0,0.95,1.1578947368421053,0.7894736842105263,11.421052631578947,10.68421052631579,3.263157894736842,0.08525345622119816,0.15789473684210525,30,26.2,12,0.613,18.4,0.4,2.91235066461494,0.0,0.0,0.0,9,10,2,0,0.0,24.766666666666666,6.106431506790725,27.832666559982933,0.0755854270016536,0.2478263188776871,0.3078892622819651,23.0,0.05634489114495941,0.35819064383634713,37494.0,1,1.0,0,0,0,0,0,,1.7543900000000001,0.76507,0.51,0.003275414000000011,0.749458128000165,2015,,,,,,,,,,,
ligue-1,2015-2016,Troyes,Troyes,0,20,38,3,9,26,28,83,-55,18,0,0.47368421052631576,0.7368421052631579,2.1842105263157894,-1.4473684210526316,0.07894736842105263,0.23684210526315788,0,0,1.0,0.5263157894736842,0.42105263157894735,11.789473684210526,16.657894736842106,4.052631578947368,0.0625,0.07894736842105263,37,26.7,17,0.8300000000000001,30.7,0.4594594594594595,3.4242626545931514,0.3,7.3,-7.0,15,16,9,4,-0.22801302931596093,25.2972972972973,5.327417890627821,25.94141419548228,0.26744995182528636,0.29327695107590196,0.22428005566855796,33.0,0.045691636322119256,0.3497216572101488,37364.0,1,1.0,0,0,0,0,0,,1.7543900000000001,0.76507,0.51,0.003275414000000011,0.749458128000165,2015,,,,,,,,,,,
ligue-1,2016-2017,Monaco,Monaco,0,1,38,30,5,3,107,31,76,95,0,2.5,2.8157894736842106,0.8157894736842105,2.0,0.7894736842105263,0.13157894736842105,1,1,0.05,2.736842105263158,2.263157894736842,14.552631578947368,9.657894736842104,6.394736842105263,0.19349005424954793,0.4473684210526316,47,23.7,32,6.59,309.55,0.6808510638297872,5.735119629965241,50.5,18.45,32.05,22,29,16,18,0.10353739298982392,22.21276595744681,4.629471611378024,24.274212430821628,0.37281822051936997,0.6026766709237974,0.18893678160919541,29.0,0.061576746674082666,0.41009472115793955,37584.0,0,0.0,1,0,0,1,1,Rybolovlev,1.15763,0.6671600000000001,1.8699999999999999,0.77952008,0.859573208859443,2016,1.7105263157894737,3.0,65.0,0.18421052631578946,227.4,-74.4,25.51017035003066,22.307692307692307,0.0,1.0,0.36125769569041344
ligue-1,2016-2017,Paris SG,Paris Saint-Germain,0,2,38,27,6,5,83,27,56,87,0,2.289473684210526,2.1842105263157894,0.7105263157894737,1.4736842105263157,0.7105263157894737,0.15789473684210525,0,1,0.1,2.3684210526315788,2.210526315789474,15.342105263157896,9.026315789473685,5.842105263157895,0.1423670668953688,0.5526315789473685,39,25.0,22,13.31,519.0,0.5641025641025641,6.251903883165888,134.5,59.8,74.7,14,15,7,8,0.1439306358381503,23.512820512820515,4.418095534407002,25.72621168213118,0.12240448781006567,0.4690399595884402,0.168133358147449,28.0,0.05209229485128702,0.3379150825512456,37613.0,0,0.0,1,0,0,0,0,,1.15763,0.6671600000000001,1.8699999999999999,0.77952008,0.859573208859443,2016,2.526315789473684,1.0,96.0,2.1842105263157894,436.3,93.19999999999999,26.296568236233043,23.857142857142858,0.0,1.0,0.18954847581939038
ligue-1,2016-2017,Nice,Nice,0,3,38,22,12,4,63,36,27,78,0,2.0526315789473686,1.6578947368421053,0.9473684210526315,0.7105263157894737,0.5789473684210527,0.3157894736842105,0,1,0.15,2.4210526315789473,1.6842105263157894,11.394736842105264,13.210526315789474,4.473684210526316,0.14549653579676675,0.34210526315789475,39,24.0,16,3.41,132.8,0.41025641025641024,4.888844237042334,15.25,15.8,-0.5500000000000007,18,19,8,7,-0.004141566265060246,22.487179487179485,4.309547508740851,23.730699702254363,0.23891429179072735,0.5102084219481072,0.10269566142067206,27.0,0.059198547951757136,0.38762760527435136,37616.0,0,0.0,1,0,0,0,0,,1.15763,0.6671600000000001,1.8699999999999999,0.77952008,0.859573208859443,2016,1.6578947368421053,4.0,63.0,0.4473684210526316,70.95,-9.9,23.731718391111585,22.428571428571427,0.0,0.0,0.871740662438337
ligue-1,2016-2017,Lyon,Lyon,0,4,38,21,4,13,80,48,32,67,0,1.763157894736842,2.1052631578947367,1.263157894736842,0.8421052631578947,0.5526315789473685,0.10526315789473684,0,1,0.2,1.9473684210526316,1.5789473684210527,15.0,11.0,5.447368421052632,0.14035087719298245,0.34210526315789475,34,24.1,16,6.22,211.35,0.47058823529411764,5.3535155270127985,28.6,27.3,1.3000000000000007,7,13,2,5,0.006150934468890469,22.647058823529413,4.044317771745833,24.341452365089943,0.2688607594936709,0.39746835443037976,0.1365489673550966,27.0,0.053678352029138024,0.3566422385076616,37525.0,0,0.0,0,0,0,0,0,,1.15763,0.6671600000000001,1.8699999999999999,0.77952008,0.859573208859443,2016,1.7105263157894737,2.0,65.0,0.631578947368421,166.3,14.3,24.923813322696446,24.03030303030303,0.0,1.0,0.2708959711365002
ligue-1,2016-2017,Marseille,Marseille,0,5,38,17,11,10,57,41,16,62,0,1.631578947368421,1.5,1.0789473684210527,0.42105263157894735,0.4473684210526316,0.2894736842105263,0,0,0.25,2.263157894736842,1.0,12.210526315789474,11.81578947368421,4.2631578947368425,0.12284482758620689,0.47368421052631576,33,26.2,13,3.63,119.65,0.3939393939393939,4.784570814354383,53.0,81.49,-28.489999999999995,24,25,14,12,-0.2381111575428332,24.696969696969695,5.235007452745701,26.704818636315288,0.22582703967663015,0.3321189235187746,0.3972183810232954,27.0,0.055602771189439425,0.3883097542814594,37604.0,0,0.0,0,0,0,0,0,,1.15763,0.6671600000000001,1.8699999999999999,0.77952008,0.859573208859443,2016,1.263157894736842,13.0,48.0,0.15789473684210525,129.5,-34.7,24.49702086728832,22.94736842105263,0.0,0.0,-0.076061776061776
ligue-1,2016-2017,Bordeaux,Bordeaux,0,6,38,15,14,9,53,43,10,59,0,1.5526315789473684,1.394736842105263,1.131578947368421,0.2631578947368421,0.39473684210526316,0.3684210526315789,0,0,0.3,1.736842105263158,1.368421052631579,11.868421052631579,12.0,4.078947368421052,0.11751662971175167,0.34210526315789475,36,25.0,22,2.47,88.9,0.6111111111111112,4.487512142519859,11.85,2.6,9.25,12,15,5,9,0.10404949381327333,23.555555555555557,4.699206282186352,25.36359035823678,0.29220934878146226,0.5013184178985218,0.2470368890664536,27.0,0.05228277813416638,0.3510454121720602,37545.0,0,0.0,0,0,0,0,0,,1.15763,0.6671600000000001,1.8699999999999999,0.77952008,0.859573208859443,2016,1.3157894736842106,11.0,50.0,-0.18421052631578946,90.7,-11.3,24.350711279237043,22.452380952380953,0.0,0.0,-0.019845644983461974
ligue-1,2016-2017,Nantes,Nantes,0,7,38,14,9,15,40,54,-14,51,0,1.3421052631578947,1.0526315789473684,1.4210526315789473,-0.3684210526315789,0.3684210526315789,0.23684210526315788,0,0,0.35,1.4736842105263157,1.2105263157894737,12.0,11.052631578947368,3.6578947368421053,0.08771929824561403,0.2631578947368421,30,24.9,19,1.7,50.9,0.6333333333333333,3.929862923556477,5.0,2.645,2.355,10,12,4,5,0.0462671905697446,23.366666666666667,3.671731089745312,24.23542404002235,0.24252907208813432,0.5133452194044547,0.1270390377604513,27.0,0.05936624886805164,0.40988317943532293,37579.0,0,0.0,0,0,0,0,0,,1.15763,0.6671600000000001,1.8699999999999999,0.77952008,0.859573208859443,2016,1.263157894736842,14.0,48.0,-0.2894736842105263,39.3,-10.55,25.204523054793427,23.78125,0.0,0.0,0.2951653944020356
ligue-1,2016-2017,St Etienne,Saint-Etienne,0,8,38,12,14,12,41,42,-1,50,0,1.3157894736842106,1.0789473684210527,1.105263157894737,-0.02631578947368421,0.3157894736842105,0.3684210526315789,0,0,0.4,1.5789473684210527,1.0526315789473684,10.552631578947368,12.894736842105264,3.3421052631578947,0.10224438902743142,0.3684210526315789,42,24.5,21,2.02,85.03,0.5,4.443004135397701,7.0,2.25,4.75,12,15,9,7,0.055862636716453015,22.952380952380953,4.361429509178245,25.360860606384968,0.12885011640664723,0.25941288233562576,0.08137761245952528,34.0,0.04841068601909678,0.3502903476143327,37369.0,0,0.0,0,0,0,0,0,,1.15763,0.6671600000000001,1.8699999999999999,0.77952008,0.859573208859443,2016,1.5263157894736843,6.0,58.0,0.13157894736842105,97.2,-2.8999999999999986,26.571614825852112,24.05,0.0,0.0,-0.12520576131687244
ligue-1,2016-2017,Rennes,Rennes,0,9,38,12,14,12,36,42,-6,50,0,1.3157894736842106,0.9473684210526315,1.105263157894737,-0.15789473684210525,0.3157894736842105,0.3684210526315789,0,0,0.45,1.894736842105263,0.7368421052631579,11.473684210526315,10.605263157894736,3.8684210526315788,0.08256880733944955,0.3157894736842105,43,25.5,24,1.88,80.9,0.5581395348837209,4.393213824064446,2.27,55.3,-53.029999999999994,19,21,12,7,-0.6555006180469715,23.976744186046513,4.183233951160748,25.57076541365419,0.17637328922444842,0.32449377050929756,0.0894272070005069,31.0,0.05789839126487299,0.40845183149694525,37483.0,0,0.0,0,0,0,0,0,,1.15763,0.6671600000000001,1.8699999999999999,0.77952008,0.859573208859443,2016,1.368421052631579,8.0,52.0,-0.05263157894736842,94.15,-4.96,25.45229484656704,23.57894736842105,0.0,0.0,-0.14073287307488047
ligue-1,2016-2017,Guingamp,Guingamp,0,10,38,14,8,16,46,53,-7,50,0,1.3157894736842106,1.2105263157894737,1.394736842105263,-0.18421052631578946,0.3684210526315789,0.21052631578947367,0,0,0.5,2.0526315789473686,0.5789473684210527,11.657894736842104,12.68421052631579,4.342105263157895,0.1038374717832957,0.23684210526315788,35,26.7,15,1.21,42.5,0.42857142857142855,3.7495040759303713,0.0,2.5,-2.5,14,17,5,5,-0.058823529411764705,25.228571428571428,5.134002648351217,26.951548784717595,0.10351911635228515,0.18697473386515834,0.3181345214908887,25.0,0.06312909452095235,0.40879378885301887,37481.0,0,0.0,0,0,0,0,0,,1.15763,0.6671600000000001,1.8699999999999999,0.77952008,0.859573208859443,2016,1.1578947368421053,16.0,44.0,-0.23684210526315788,33.5,-4.05,27.71100181759863,25.870967741935484,0.0,0.0,0.26865671641791056
ligue-1,2016-2017,Lille,Lille,0,11,38,13,7,18,40,47,-7,46,0,1.2105263157894737,1.0526315789473684,1.236842105263158,-0.18421052631578946,0.34210526315789475,0.18421052631578946,0,0,0.55,1.263157894736842,1.1578947368421053,12.710526315789474,11.447368421052632,4.0,0.08281573498964803,0.2894736842105263,46,25.1,24,1.82,83.9,0.5217391304347826,4.429625613473161,20.7,47.0,-26.3,20,25,12,8,-0.3134684147794994,23.608695652173914,4.777159829715492,26.331689108118915,0.2053592854286095,0.3351019864018131,0.2777496333822157,31.0,0.051994773091712916,0.37400346620450603,37505.0,0,0.0,0,0,0,0,0,,1.15763,0.6671600000000001,1.8699999999999999,0.77952008,0.859573208859443,2016,1.5789473684210527,5.0,60.0,0.3157894736842105,70.8,-22.35,26.49825672690496,24.5,0.0,0.0,0.18502824858757072
ligue-1,2016-2017,Angers,Angers,0,12,38,13,7,18,40,49,-9,46,0,1.2105263157894737,1.0526315789473684,1.2894736842105263,-0.23684210526315788,0.34210526315789475,0.18421052631578946,0,0,0.6,1.5263157894736843,0.8947368421052632,13.868421052631579,10.763157894736842,4.684210526315789,0.07590132827324478,0.23684210526315788,36,26.7,21,1.28,46.08,0.5833333333333334,3.830379016387636,5.2,4.4,0.7999999999999998,21,20,8,5,0.01736111111111111,25.305555555555557,3.7858340801651207,26.15682774788215,0.13967179924343331,0.27713250572752945,0.1200916404709894,29.0,0.0571352107705313,0.3972774255421173,37538.0,0,0.0,0,0,0,0,0,,1.15763,0.6671600000000001,1.8699999999999999,0.77952008,0.859573208859443,2016,1.3157894736842106,9.0,50.0,0.05263157894736842,32.35,-5.9,26.66673795647757,26.294117647058822,1.0,0.0,0.42442040185471397
ligue-1,2016-2017,Toulouse,Toulouse,0,13,38,10,14,14,37,41,-4,44,0,1.1578947368421053,0.9736842105263158,1.0789473684210527,-0.10526315789473684,0.2631578947368421,0.3684210526315789,0,0,0.65,1.5789473684210527,0.7368421052631579,10.0,12.552631578947368,3.4473684210526314,0.09736842105263158,0.3157894736842105,38,24.3,23,2.03,77.3,0.6052631578947368,4.3476939555933765,13.0,10.0,3.0,14,15,8,6,0.0388098318240621,22.86842105263158,4.35065110151485,22.813233098741737,0.3851034335679249,0.576508850501173,0.008423970995947964,30.0,0.05794187091381202,0.4018980592876946,37512.0,0,0.0,0,0,0,0,0,,1.15763,0.6671600000000001,1.8699999999999999,0.77952008,0.859573208859443,2016,1.0526315789473684,17.0,40.0,-0.2631578947368421,42.9,-7.6,23.220700111719957,23.09375,0.0,0.0,0.8018648018648018
ligue-1,2016-2017,Metz,Metz,0,14,38,11,10,17,39,72,-33,43,0,1.131578947368421,1.0263157894736843,1.894736842105263,-0.868421052631579,0.2894736842105263,0.2631578947368421,0,0,0.7,1.4736842105263157,0.7894736842105263,9.394736842105264,15.526315789473685,3.0789473684210527,0.1092436974789916,0.2631578947368421,39,25.0,24,0.963,37.55,0.6153846153846154,3.6256733782101436,0.4,0.775,-0.375,22,27,12,11,-0.009986684420772305,23.46153846153846,5.210546763138223,25.805592614333733,0.23357703185869044,0.3299268904423929,0.2646886173221623,31.0,0.05109402767370824,0.3582901969155238,37478.0,1,0.0,0,0,0,0,0,,1.15763,0.6671600000000001,1.8699999999999999,0.77952008,0.859573208859443,2016,,,,,,,,,,,
ligue-1,2016-2017,Montpellier,Montpellier,0,15,38,10,9,19,48,66,-18,39,0,1.0263157894736843,1.263157894736842,1.736842105263158,-0.47368421052631576,0.2631578947368421,0.23684210526315788,0,0,0.75,1.5263157894736843,0.5263157894736842,13.236842105263158,11.368421052631579,4.157894736842105,0.09542743538767395,0.18421052631578946,35,26.0,21,1.74,60.95,0.6,4.110053855927281,6.4,19.4,-12.999999999999998,11,16,5,4,-0.21328958162428216,24.571428571428573,5.408521132466446,26.220680823818164,0.2997012058478284,0.44373599402411695,0.3147476256536122,32.0,0.05282621008255238,0.3893127734500053,37484.0,0,0.0,0,0,0,0,0,,1.15763,0.6671600000000001,1.8699999999999999,0.77952008,0.859573208859443,2016,1.2894736842105263,12.0,49.0,0.05263157894736842,44.4,-1.275,26.599584620300355,24.875,0.0,0.0,0.3727477477477479
ligue-1,2016-2017,Dijon,Dijon,0,16,38,8,13,17,46,58,-12,37,0,0.9736842105263158,1.2105263157894737,1.5263157894736843,-0.3157894736842105,0.21052631578947367,0.34210526315789475,0,0,0.8,1.4210526315789473,0.5263157894736842,11.210526315789474,14.526315789473685,4.105263157894737,0.107981220657277,0.2631578947368421,33,26.8,12,0.945,31.2,0.36363636363636365,3.4404180948154366,3.15,1.25,1.9,14,15,1,8,0.060897435897435896,25.272727272727273,4.403640023270006,27.022429059099636,0.028696394282056753,0.29269788777469596,0.2295178152336249,27.0,0.05473854342201594,0.377613612118626,37496.0,1,0.0,0,0,0,0,0,,1.15763,0.6671600000000001,1.8699999999999999,0.77952008,0.859573208859443,2016,,,,,,,,,,,
ligue-1,2016-2017,Caen,Caen,0,17,38,10,7,21,36,65,-29,37,0,0.9736842105263158,0.9473684210526315,1.7105263157894737,-0.7631578947368421,0.2631578947368421,0.18421052631578946,0,0,0.85,1.2105263157894737,0.7368421052631579,12.078947368421053,12.342105263157896,3.6315789473684212,0.0784313725490196,0.23684210526315788,36,26.6,19,1.02,36.65,0.5277777777777778,3.6014134283326604,4.25,11.0,-6.75,10,11,3,5,-0.18417462482946795,25.11111111111111,5.434165872528987,28.154364023416715,0.143906333155934,0.17642362959020755,0.41463544438531136,27.0,0.06188814863929808,0.4038850452368281,37580.0,0,0.0,0,0,0,0,0,,1.15763,0.6671600000000001,1.8699999999999999,0.77952008,0.859573208859443,2016,1.4210526315789473,7.0,54.0,-0.34210526315789475,36.8,-7.95,27.62938444290214,24.566666666666666,0.0,0.0,-0.0040760869565217295
ligue-1,2016-2017,Lorient,Lorient,0,18,38,10,6,22,44,70,-26,36,0,0.9473684210526315,1.1578947368421053,1.8421052631578947,-0.6842105263157895,0.2631578947368421,0.15789473684210525,0,0,0.9,1.3157894736842106,0.5789473684210527,11.263157894736842,11.894736842105264,3.8421052631578947,0.102803738317757,0.10526315789473684,41,25.5,19,1.49,61.1,0.4634146341463415,4.11251186617755,8.6,32.15,-23.549999999999997,15,18,4,7,-0.3854337152209492,24.073170731707318,3.92039694356604,26.18959762902838,0.12231329933516674,0.19362934878380905,0.22783221637786025,30.0,0.052593686446414406,0.38079726590660296,37453.0,0,1.0,0,0,0,0,0,,1.15763,0.6671600000000001,1.8699999999999999,0.77952008,0.859573208859443,2016,1.2105263157894737,15.0,46.0,-0.2894736842105263,58.05,-8.57,24.772350550743234,23.685714285714287,0.0,0.0,0.052540913006029255
ligue-1,2016-2017,Nancy,Nancy,0,19,38,9,8,21,29,52,-23,35,0,0.9210526315789473,0.7631578947368421,1.368421052631579,-0.6052631578947368,0.23684210526315788,0.21052631578947367,0,0,0.95,1.263157894736842,0.5789473684210527,9.81578947368421,12.68421052631579,2.8157894736842106,0.0777479892761394,0.34210526315789475,30,26.7,15,1.1,33.1,0.5,3.4995332823830174,2.3,10.9,-8.600000000000001,12,9,5,3,-0.25981873111782483,25.133333333333333,5.538164350018524,26.54681168692685,0.21531776498187247,0.3598848368522073,0.2980379611857539,27.0,0.04429815699894495,0.29873107272339516,37512.0,1,1.0,0,0,0,0,0,,1.15763,0.6671600000000001,1.8699999999999999,0.77952008,0.859573208859443,2016,,,,,,,,,,,
ligue-1,2016-2017,Bastia,Bastia,0,20,38,8,10,20,29,57,-28,34,0,0.8947368421052632,0.7631578947368421,1.5,-0.7368421052631579,0.21052631578947367,0.2631578947368421,0,0,1.0,1.263157894736842,0.5263157894736842,10.078947368421053,12.657894736842104,3.1052631578947367,0.07571801566579635,0.21052631578947367,37,25.6,19,0.985,36.45,0.5135135135135135,3.5959414584546674,0.25,7.0,-6.75,17,18,10,7,-0.18518518518518517,24.10810810810811,4.976521452356632,26.277913173893246,0.2391333458314363,0.3572939821634216,0.3773802190738906,29.0,0.05173065941476308,0.3515627092316345,37339.0,0,1.0,0,0,0,0,0,,1.15763,0.6671600000000001,1.8699999999999999,0.77952008,0.859573208859443,2016,1.3157894736842106,10.0,50.0,-0.15789473684210525,24.25,-1.7,28.054859773067868,24.774193548387096,0.0,0.0,0.5030927835051549
ligue-1,2017-2018,Paris SG,Paris Saint-Germain,0,1,38,29,6,3,108,29,79,93,0,2.4473684210526314,2.8421052631578947,0.7631578947368421,2.0789473684210527,0.7631578947368421,0.15789473684210525,1,1,0.05,2.736842105263158,2.1578947368421053,16.526315789473685,10.81578947368421,6.7105263157894735,0.17197452229299362,0.47368421052631576,35,25.5,20,25.72,900.1,0.5714285714285714,6.802505868263039,238.0,98.4,139.6,10,14,6,7,0.1550938784579491,24.02857142857143,5.078708232506015,25.51831677881021,0.1888550678201431,0.358191818861476,0.2286393250026701,28.0,0.05343316215021167,0.339367724020079,37452.0,0,0.0,1,0,0,0,0,,1.3874199999999999,0.7850199999999999,2.5799999999999996,1.3058442799999999,0.8864943985217997,2017,2.289473684210526,2.0,87.0,1.4736842105263157,519.0,74.7,25.72621168213118,23.512820512820515,0.0,1.0,0.7342967244701348
ligue-1,2017-2018,Monaco,Monaco,0,2,38,24,8,6,85,45,40,80,0,2.1052631578947367,2.236842105263158,1.1842105263157894,1.0526315789473684,0.631578947368421,0.21052631578947367,0,1,0.1,2.526315789473684,1.6842105263157894,12.894736842105264,11.973684210526315,4.7894736842105265,0.17346938775510204,0.3684210526315789,38,24.0,27,13.94,529.8,0.7105263157894737,6.272499576837969,122.4,199.5,-77.1,23,23,12,13,-0.14552661381653453,22.5,4.601703562342502,25.166235842771485,0.32804796802131914,0.4635309793471019,0.25884077281812123,32.0,0.05811060714131951,0.39698867421718853,37525.0,0,0.0,1,0,0,1,1,Rybolovlev,1.3874199999999999,0.7850199999999999,2.5799999999999996,1.3058442799999999,0.8864943985217997,2017,2.5,1.0,95.0,2.0,309.55,32.05,24.274212430821628,22.21276595744681,0.0,1.0,0.7115167178161845
ligue-1,2017-2018,Lyon,Lyon,0,3,38,23,9,6,87,43,44,78,0,2.0526315789473686,2.289473684210526,1.131578947368421,1.1578947368421053,0.6052631578947368,0.23684210526315788,0,1,0.15,2.1578947368421053,1.9473684210526316,15.157894736842104,11.394736842105264,6.131578947368421,0.15104166666666666,0.39473684210526316,34,23.6,21,10.7,363.8,0.6176470588235294,5.896604266084022,62.55,119.55,-57.0,16,20,8,9,-0.15667949422759758,22.08823529411765,4.017896683731529,23.80625415834997,0.3825149700598802,0.6435129740518962,0.16026613439787094,26.0,0.0622064468091982,0.39347970725216236,37575.0,0,0.0,1,0,0,0,0,,1.3874199999999999,0.7850199999999999,2.5799999999999996,1.3058442799999999,0.8864943985217997,2017,1.763157894736842,4.0,67.0,0.8421052631578947,211.35,1.3000000000000007,24.341452365089943,22.647058823529413,0.0,0.0,0.721315353678732
ligue-1,2017-2018,Marseille,Marseille,0,4,38,22,11,5,80,47,33,77,0,2.026315789473684,2.1052631578947367,1.236842105263158,0.868421052631579,0.5789473684210527,0.2894736842105263,0,1,0.2,2.1578947368421053,1.894736842105263,16.394736842105264,10.789473684210526,6.105263157894737,0.12841091492776885,0.3684210526315789,29,27.3,13,8.17,236.8,0.4482758620689655,5.46721590300985,62.0,2.75,59.25,15,20,7,10,0.25021114864864863,25.75862068965517,5.214370064774248,26.542581211589116,0.11341687285497645,0.3086439460451752,0.3118099342857903,26.0,0.05965715804354605,0.3767259956899992,37587.0,0,0.0,0,0,0,0,0,,1.3874199999999999,0.7850199999999999,2.5799999999999996,1.3058442799999999,0.8864943985217997,2017,1.631578947368421,5.0,62.0,0.42105263157894735,119.65,-28.489999999999995,26.704818636315288,24.696969696969695,0.0,0.0,0.9791057250313415
ligue-1,2017-2018,Rennes,Rennes,0,5,38,16,10,12,50,44,6,58,0,1.5263157894736843,1.3157894736842106,1.1578947368421053,0.15789473684210525,0.42105263157894735,0.2631578947368421,0,0,0.25,1.4736842105263157,1.5789473684210527,12.473684210526315,11.289473684210526,4.026315789473684,0.10548523206751055,0.2631578947368421,35,24.8,19,3.75,131.25,0.5428571428571428,4.877103901471733,48.9,15.8,33.099999999999994,16,21,7,9,0.25219047619047613,23.34285714285714,4.021580441032788,23.641610487889366,0.27338857949852113,0.5413946548002878,0.08297583202323537,28.0,0.05519391702214586,0.39268299181965943,37529.0,0,0.0,0,0,0,0,0,,1.3874199999999999,0.7850199999999999,2.5799999999999996,1.3058442799999999,0.8864943985217997,2017,1.3157894736842106,9.0,50.0,-0.15789473684210525,80.9,-53.029999999999994,25.57076541365419,23.976744186046513,0.0,0.0,0.622373300370828
ligue-1,2017-2018,Bordeaux,Bordeaux,0,6,38,16,7,15,53,48,5,55,0,1.4473684210526316,1.394736842105263,1.263157894736842,0.13157894736842105,0.42105263157894735,0.18421052631578946,0,0,0.3,1.631578947368421,1.263157894736842,12.342105263157896,10.973684210526315,4.105263157894737,0.11300639658848614,0.2631578947368421,37,24.6,22,4.2,155.45,0.5945945945945946,5.046324136504762,32.6,28.25,4.350000000000001,19,22,10,8,0.02798327436474752,23.08108108108108,4.474485559371158,24.503538551588356,0.25419039003884425,0.5027935933592295,0.08835736710477306,31.0,0.05281325645441726,0.38604799659447664,37586.0,0,0.0,0,0,0,0,0,,1.3874199999999999,0.7850199999999999,2.5799999999999996,1.3058442799999999,0.8864943985217997,2017,1.5526315789473684,6.0,59.0,0.2631578947368421,88.9,9.25,25.36359035823678,23.555555555555557,0.0,0.0,0.7485939257592797
ligue-1,2017-2018,St Etienne,Saint-Etienne,0,7,38,15,10,13,47,50,-3,55,0,1.4473684210526316,1.236842105263158,1.3157894736842106,-0.07894736842105263,0.39473684210526316,0.2631578947368421,0,0,0.35,1.631578947368421,1.263157894736842,11.078947368421053,13.921052631578947,4.078947368421052,0.11163895486935867,0.34210526315789475,40,25.4,23,2.67,106.88,0.575,4.671706709788335,19.3,15.5,3.8000000000000007,18,22,9,12,0.03555389221556887,23.825,4.23591179298492,25.937317823238402,0.1931274234523332,0.2709987966305656,0.24201096403262468,30.0,0.04725693179034737,0.3362481615189197,37395.0,0,0.0,0,0,0,0,0,,1.3874199999999999,0.7850199999999999,2.5799999999999996,1.3058442799999999,0.8864943985217997,2017,1.3157894736842106,8.0,50.0,-0.02631578947368421,85.03,4.75,25.360860606384968,22.952380952380953,0.0,0.0,0.25696812889568377
ligue-1,2017-2018,Nice,Nice,0,8,38,15,9,14,53,52,1,54,0,1.4210526315789473,1.394736842105263,1.368421052631579,0.02631578947368421,0.39473684210526316,0.23684210526315788,0,0,0.4,1.736842105263158,1.105263157894737,12.710526315789474,12.736842105263158,4.815789473684211,0.10973084886128365,0.2631578947368421,39,24.1,17,5.23,204.1,0.4358974358974359,5.318610069815799,26.3,27.5,-1.1999999999999993,14,19,6,8,-0.00587947084762371,22.615384615384617,4.4521750132017655,24.432147141143542,0.25427162468345993,0.3614021058243369,0.1197920831667333,31.0,0.05506887972963998,0.37366386778621885,37515.0,0,0.0,0,0,0,0,0,,1.3874199999999999,0.7850199999999999,2.5799999999999996,1.3058442799999999,0.8864943985217997,2017,2.0526315789473686,3.0,78.0,0.7105263157894737,132.8,-0.5500000000000007,23.730699702254363,22.487179487179485,0.0,1.0,0.5368975903614457
ligue-1,2017-2018,Nantes,Nantes,0,9,38,14,10,14,36,41,-5,52,0,1.368421052631579,0.9473684210526315,1.0789473684210527,-0.13157894736842105,0.3684210526315789,0.2631578947368421,0,0,0.45,1.4736842105263157,1.263157894736842,13.131578947368421,12.578947368421053,3.6578947368421053,0.07214428857715431,0.3157894736842105,36,25.2,22,2.94,105.7,0.6111111111111112,4.660604892876192,11.3,10.0,1.3000000000000007,11,11,3,5,0.012298959318826875,23.666666666666668,3.680062111277083,24.973052372940206,0.05424244852175306,0.3487968378602142,0.1200491413615362,30.0,0.06062691561771869,0.39684320166653314,37443.0,0,0.0,0,0,0,0,0,,1.3874199999999999,0.7850199999999999,2.5799999999999996,1.3058442799999999,0.8864943985217997,2017,1.3421052631578947,7.0,51.0,-0.3684210526315789,50.9,2.355,24.23542404002235,23.366666666666667,0.0,0.0,1.076620825147348
ligue-1,2017-2018,Montpellier,Montpellier,0,10,38,11,18,9,36,33,3,51,0,1.3421052631578947,0.9473684210526315,0.868421052631579,0.07894736842105263,0.2894736842105263,0.47368421052631576,0,0,0.5,1.263157894736842,1.4210526315789473,12.973684210526315,10.157894736842104,4.157894736842105,0.07302231237322515,0.3684210526315789,30,25.8,18,2.4,71.85,0.6,4.274580612525034,5.7,20.8,-15.100000000000001,11,16,5,4,-0.21016005567153798,24.433333333333334,5.775592719744686,25.89224103559183,0.21963796815608305,0.3007362909013583,0.18542835118683715,23.0,0.06130716083009788,0.403577789000824,37621.0,0,0.0,0,0,0,0,0,,1.3874199999999999,0.7850199999999999,2.5799999999999996,1.3058442799999999,0.8864943985217997,2017,1.0263157894736843,15.0,39.0,-0.47368421052631576,60.95,-12.999999999999998,26.220680823818164,24.571428571428573,0.0,0.0,0.17883511074651337
ligue-1,2017-2018,Dijon,Dijon,0,11,38,13,9,16,55,73,-18,48,0,1.263157894736842,1.4473684210526316,1.9210526315789473,-0.47368421052631576,0.34210526315789475,0.23684210526315788,0,0,0.55,1.894736842105263,0.631578947368421,11.710526315789474,13.789473684210526,4.2631578947368425,0.12359550561797752,0.13157894736842105,35,26.1,16,2.01,70.3,0.45714285714285713,4.252771798816619,5.5,15.0,-9.5,12,13,7,5,-0.13513513513513514,24.571428571428573,4.930610952990298,25.873608521970702,0.08375499334221038,0.22846870838881492,0.12745672436751,26.0,0.05779838830072996,0.3847936085219707,37550.0,0,0.0,0,0,0,0,0,,1.3874199999999999,0.7850199999999999,2.5799999999999996,1.3058442799999999,0.8864943985217997,2017,0.9736842105263158,16.0,37.0,-0.3157894736842105,31.2,1.9,27.022429059099636,25.272727272727273,1.0,0.0,1.2532051282051282
ligue-1,2017-2018,Guingamp,Guingamp,0,12,38,12,11,15,48,59,-11,47,0,1.236842105263158,1.263157894736842,1.5526315789473684,-0.2894736842105263,0.3157894736842105,0.2894736842105263,0,0,0.6,1.631578947368421,0.8421052631578947,11.842105263157896,12.868421052631579,4.315789473684211,0.10666666666666667,0.2894736842105263,30,27.2,14,1.73,51.9,0.4666666666666667,3.949318790171843,1.375,1.45,-0.07499999999999996,15,15,3,5,-0.0014450867052023114,25.666666666666668,4.991947538775328,26.535308668244806,0.1819826049950794,0.31938718514775116,0.35399100992100435,23.0,0.05657565496164727,0.3985424368965609,37597.0,0,0.0,0,0,0,0,0,,1.3874199999999999,0.7850199999999999,2.5799999999999996,1.3058442799999999,0.8864943985217997,2017,1.3157894736842106,10.0,50.0,-0.18421052631578946,42.5,-2.5,26.951548784717595,25.228571428571428,0.0,0.0,0.2211764705882353
ligue-1,2017-2018,Amiens,Amiens,0,13,38,12,9,17,37,42,-5,45,0,1.1842105263157894,0.9736842105263158,1.105263157894737,-0.13157894736842105,0.3157894736842105,0.23684210526315788,0,0,0.65,1.5263157894736843,0.8421052631578947,9.447368421052632,15.842105263157896,2.6842105263157894,0.10306406685236769,0.2894736842105263,34,27.8,19,2.05,69.85,0.5588235294117647,4.246350085702971,6.63,8.0,-1.37,17,16,6,9,-0.019613457408733003,26.323529411764707,4.490532722904084,26.997336103785393,0.007858493833080264,0.14819254641839155,0.30706731665734305,30.0,0.06013915342547777,0.40163563227576654,37539.0,1,0.0,0,0,0,0,0,,1.3874199999999999,0.7850199999999999,2.5799999999999996,1.3058442799999999,0.8864943985217997,2017,,,,,,,,,,,
ligue-1,2017-2018,Angers,Angers,0,14,38,9,14,15,42,52,-10,41,0,1.0789473684210527,1.105263157894737,1.368421052631579,-0.2631578947368421,0.23684210526315788,0.3684210526315789,0,0,0.7,1.1578947368421053,1.0,12.18421052631579,11.0,4.105263157894737,0.09071274298056156,0.15789473684210525,33,26.6,19,2.11,69.55,0.5757575757575758,4.242045918369452,12.4,26.0,-13.6,17,21,7,10,-0.19554277498202732,25.12121212121212,4.098456841891651,26.546071362051993,0.07851954341058458,0.1900593353377857,0.25093792406141074,27.0,0.05548538470499285,0.3856264800574728,37583.0,0,0.0,0,0,0,0,0,,1.3874199999999999,0.7850199999999999,2.5799999999999996,1.3058442799999999,0.8864943985217997,2017,1.2105263157894737,12.0,46.0,-0.23684210526315788,46.08,0.7999999999999998,26.15682774788215,25.305555555555557,0.0,0.0,0.5093315972222223
ligue-1,2017-2018,Strasbourg,Strasbourg,1,15,38,9,11,18,44,67,-23,38,0,1.0,1.1578947368421053,1.763157894736842,-0.6052631578947368,0.23684210526315788,0.2894736842105263,0,0,0.75,1.4210526315789473,0.5789473684210527,11.868421052631579,12.078947368421053,3.5789473684210527,0.0975609756097561,0.10526315789473684,31,26.8,15,1.47,45.6,0.4838709677419355,3.8199077165203406,5.2,2.0,3.2,14,14,7,2,0.07017543859649122,25.35483870967742,5.089521176540246,26.793305774103214,0.10852113615148687,0.19554607280970795,0.2401920256034138,25.0,0.05339459600969866,0.36930257367649016,37495.0,1,0.0,0,0,0,0,0,,1.3874199999999999,0.7850199999999999,2.5799999999999996,1.3058442799999999,0.8864943985217997,2017,,,,,,,,,,,
ligue-1,2017-2018,Caen,Caen,0,16,38,10,8,20,27,52,-25,38,0,1.0,0.7105263157894737,1.368421052631579,-0.6578947368421053,0.2631578947368421,0.21052631578947367,0,0,0.8,1.368421052631579,0.631578947368421,12.0,11.473684210526315,3.3684210526315788,0.05921052631578947,0.34210526315789475,33,26.3,17,1.82,60.1,0.5151515151515151,4.096009841541162,6.95,6.0,0.9500000000000002,13,16,5,8,0.015806988352745428,24.78787878787879,4.695460412446098,26.688566098081022,0.12484008528784649,0.34872068230277187,0.22180170575692965,26.0,0.05868018648760461,0.4109275053304904,37520.0,0,0.0,0,0,0,0,0,,1.3874199999999999,0.7850199999999999,2.5799999999999996,1.3058442799999999,0.8864943985217997,2017,0.9736842105263158,17.0,37.0,-0.7631578947368421,36.65,-6.75,28.154364023416715,25.11111111111111,0.0,0.0,0.6398362892223739
ligue-1,2017-2018,Lille,Lille,0,17,38,10,8,20,41,67,-26,38,0,1.0,1.0789473684210527,1.763157894736842,-0.6842105263157895,0.2631578947368421,0.21052631578947367,0,0,0.85,1.263157894736842,0.7368421052631579,11.263157894736842,13.5,3.736842105263158,0.09579439252336448,0.13157894736842105,32,22.5,21,3.02,96.75,0.65625,4.572130331909891,76.5,31.1,45.4,25,29,12,15,0.469250645994832,21.03125,2.3346530446106284,22.04757203842049,0.43839381003201705,0.7122465314834578,0.0,25.0,0.05726632289978347,0.3808431163287086,37480.0,0,0.0,0,0,0,0,0,,1.3874199999999999,0.7850199999999999,2.5799999999999996,1.3058442799999999,0.8864943985217997,2017,1.2105263157894737,11.0,46.0,-0.18421052631578946,83.9,-26.3,26.331689108118915,23.608695652173914,0.0,0.0,0.15315852205005953
ligue-1,2017-2018,Toulouse,Toulouse,0,18,38,9,10,19,38,54,-16,37,0,0.9736842105263158,1.0,1.4210526315789473,-0.42105263157894735,0.23684210526315788,0.2631578947368421,0,0,0.9,1.368421052631579,0.5789473684210527,11.421052631578947,12.421052631578947,3.8684210526315788,0.08755760368663594,0.3157894736842105,28,25.0,17,3.94,110.45,0.6071428571428571,4.7045629298661265,3.5,13.0,-9.5,11,15,7,4,-0.08601177003168854,23.535714285714285,3.9297737457927133,23.325741652254887,0.41202607423174137,0.47016096847146466,0.061513901822535584,25.0,0.05790654464221925,0.38999600904616205,37585.0,0,0.0,0,0,0,0,0,,1.3874199999999999,0.7850199999999999,2.5799999999999996,1.3058442799999999,0.8864943985217997,2017,1.1578947368421053,13.0,44.0,-0.10526315789473684,77.3,3.0,22.813233098741737,22.86842105263158,0.0,0.0,0.4288486416558863
ligue-1,2017-2018,Troyes,Troyes,0,19,38,9,6,23,32,59,-27,33,0,0.868421052631579,0.8421052631578947,1.5526315789473684,-0.7105263157894737,0.23684210526315788,0.15789473684210525,0,0,0.95,1.263157894736842,0.47368421052631576,9.473684210526315,14.263157894736842,3.236842105263158,0.08888888888888889,0.21052631578947367,30,26.5,17,1.5,45.05,0.5666666666666667,3.807772984054347,0.0,0.0,0.0,9,10,5,3,0.0,25.0,5.317505248607238,26.131806996897403,0.08970792767732963,0.18136835348240077,0.19551727827110302,25.0,0.053523368460754756,0.3540173317642024,37388.0,1,1.0,0,0,0,0,0,,1.3874199999999999,0.7850199999999999,2.5799999999999996,1.3058442799999999,0.8864943985217997,2017,,,,,,,,,,,
ligue-1,2017-2018,Metz,Metz,0,20,38,6,8,24,34,76,-42,26,0,0.6842105263157895,0.8947368421052632,2.0,-1.105263157894737,0.15789473684210525,0.21052631578947367,0,0,1.0,0.6842105263157895,0.6842105263157895,11.263157894736842,14.289473684210526,4.2368421052631575,0.0794392523364486,0.10526315789473684,44,25.2,26,1.16,51.2,0.5909090909090909,3.9357395320454622,3.6,22.85,-19.25,21,21,11,9,-0.3759765625,23.727272727272727,5.004015301054983,26.906719811674076,0.1835910331175432,0.23843026055320743,0.26341554758974906,36.0,0.052438903564267045,0.3859879086191215,37382.0,0,1.0,0,0,0,0,0,,1.3874199999999999,0.7850199999999999,2.5799999999999996,1.3058442799999999,0.8864943985217997,2017,1.131578947368421,14.0,43.0,-0.868421052631579,37.55,-0.375,25.805592614333733,23.46153846153846,1.0,0.0,0.36351531291611194
ligue-1,2018-2019,Paris SG,Paris Saint-Germain,0,1,38,29,4,5,105,35,70,91,0,2.3947368421052633,2.763157894736842,0.9210526315789473,1.8421052631578947,0.7631578947368421,0.10526315789473684,1,1,0.05,2.789473684210526,2.0,14.763157894736842,10.5,6.0,0.18716577540106952,0.4473684210526316,39,25.4,24,25.9,1010.0,0.6153846153846154,6.917705609835305,262.0,114.75,147.25,14,18,8,7,0.14579207920792078,23.923076923076923,5.4838740406693445,25.609274698345896,0.22859121540633406,0.31073702154862426,0.250779106624404,30.0,0.046687846662176714,0.3063420611032682,37543.0,0,0.0,1,0,0,0,0,,1.3285899999999997,0.6064600000000001,2.03,1.60139155,0.8799350566296631,2018,2.4473684210526314,1.0,93.0,2.0789473684210527,900.1,139.6,25.51831677881021,24.02857142857143,0.0,1.0,0.12209754471725365
ligue-1,2018-2019,Lille,Lille,0,2,38,22,9,7,68,33,35,75,0,1.9736842105263157,1.7894736842105263,0.868421052631579,0.9210526315789473,0.5789473684210527,0.23684210526315788,0,1,0.1,2.263157894736842,1.6842105263157894,13.0,9.868421052631579,5.131578947368421,0.13765182186234817,0.39473684210526316,32,24.1,25,8.36,267.55,0.78125,5.589306464757314,29.099999999999998,69.7,-40.60000000000001,15,18,8,7,-0.1517473369463652,22.65625,3.650977553583998,23.613470647719414,0.3247911011762201,0.7218585342487626,0.11493427005162594,25.0,0.06277643656126335,0.42224173718665176,37578.0,0,0.0,1,0,0,0,0,,1.3285899999999997,0.6064600000000001,2.03,1.60139155,0.8799350566296631,2018,1.0,17.0,38.0,-0.6842105263157895,96.75,45.4,22.04757203842049,21.03125,0.0,0.0,1.7653746770025842
ligue-1,2018-2019,Lyon,Lyon,0,3,38,21,9,8,70,47,23,72,0,1.894736842105263,1.8421052631578947,1.236842105263158,0.6052631578947368,0.5526315789473685,0.23684210526315788,0,1,0.15,2.1052631578947367,1.6842105263157894,17.63157894736842,12.578947368421053,6.631578947368421,0.1044776119402985,0.2631578947368421,34,24.2,19,13.76,467.95,0.5588235294117647,6.1483614526032655,46.45,90.1,-43.64999999999999,14,16,8,6,-0.09327919649535205,22.705882352941178,3.9964333474851377,23.81133079645547,0.3412278134064238,0.6206924079938263,0.10495223396045664,25.0,0.05937639770701359,0.3858804119321962,37579.0,0,0.0,1,0,0,0,0,,1.3285899999999997,0.6064600000000001,2.03,1.60139155,0.8799350566296631,2018,2.0526315789473686,3.0,78.0,1.1578947368421053,363.8,-57.0,23.80625415834997,22.08823529411765,0.0,1.0,0.28628367234744356
ligue-1,2018-2019,St Etienne,Saint-Etienne,0,4,38,19,9,10,59,41,18,66,0,1.736842105263158,1.5526315789473684,1.0789473684210527,0.47368421052631576,0.5,0.23684210526315788,0,1,0.2,2.1578947368421053,1.3157894736842106,13.105263157894736,12.5,4.7105263157894735,0.11847389558232932,0.34210526315789475,42,24.8,18,3.13,131.25,0.42857142857142855,4.877103901471733,15.0,18.7,-3.6999999999999993,14,21,11,14,-0.028190476190476186,23.261904761904763,4.7986762595914945,27.241111467008327,0.10092355327781337,0.15628336536408285,0.257847533632287,29.0,0.05958585499393104,0.41642643604527013,37464.0,0,0.0,0,0,0,0,0,,1.3285899999999997,0.6064600000000001,2.03,1.60139155,0.8799350566296631,2018,1.4473684210526316,7.0,55.0,-0.07894736842105263,106.88,3.8000000000000007,25.937317823238402,23.825,0.0,0.0,0.22801272455089827
ligue-1,2018-2019,Marseille,Marseille,0,5,38,18,7,13,60,52,8,61,0,1.605263157894737,1.5789473684210527,1.368421052631579,0.21052631578947367,0.47368421052631576,0.18421052631578946,0,0,0.25,1.9473684210526316,1.263157894736842,13.81578947368421,10.421052631578947,4.447368421052632,0.11428571428571428,0.3157894736842105,33,26.7,16,7.83,258.35,0.48484848484848486,5.5543152547331935,66.0,32.85,33.15,10,10,5,6,0.1283143023030772,25.12121212121212,4.973414167837672,26.235196886080672,0.1639073289077288,0.3184302434082487,0.28345197152683355,24.0,0.056109336642069574,0.34463728705110774,37509.0,0,0.0,0,0,0,0,0,,1.3285899999999997,0.6064600000000001,2.03,1.60139155,0.8799350566296631,2018,2.026315789473684,4.0,77.0,0.868421052631579,236.8,59.25,26.542581211589116,25.75862068965517,0.0,0.0,0.09100506756756754
ligue-1,2018-2019,Montpellier,Montpellier,0,6,38,15,14,9,53,42,11,59,0,1.5526315789473684,1.394736842105263,1.105263157894737,0.2894736842105263,0.39473684210526316,0.3684210526315789,0,0,0.3,1.6842105263157894,1.4210526315789473,13.342105263157896,11.81578947368421,4.5,0.10453648915187377,0.3157894736842105,32,26.1,19,3.43,109.85,0.59375,4.699115798830619,10.15,25.5,-15.35,11,10,2,6,-0.1397360036413291,24.6875,5.101786530858735,27.499319510047236,0.05601366317081632,0.16195660875830598,0.17748779120967095,25.0,0.07032161351317896,0.429108958450084,37473.0,0,0.0,0,0,0,0,0,,1.3285899999999997,0.6064600000000001,2.03,1.60139155,0.8799350566296631,2018,1.3421052631578947,10.0,51.0,0.07894736842105263,71.85,-15.100000000000001,25.89224103559183,24.433333333333334,0.0,0.0,0.5288796102992346
ligue-1,2018-2019,Nice,Nice,0,7,38,15,11,12,30,35,-5,56,0,1.4736842105263157,0.7894736842105263,0.9210526315789473,-0.13157894736842105,0.39473684210526316,0.2894736842105263,0,0,0.35,1.7894736842105263,1.1578947368421053,11.631578947368421,13.131578947368421,3.4473684210526314,0.06787330316742081,0.42105263157894735,38,23.2,19,4.82,183.2,0.5,5.21057845224003,28.0,61.7,-33.7,10,11,6,5,-0.1839519650655022,21.736842105263158,4.058252922774313,23.671402297625075,0.3166831036596743,0.5528693658874644,0.10960364634698937,29.0,0.05899296705282857,0.4067755950635712,37517.0,0,0.0,0,0,0,0,0,,1.3285899999999997,0.6064600000000001,2.03,1.60139155,0.8799350566296631,2018,1.4210526315789473,8.0,54.0,0.02631578947368421,204.1,-1.1999999999999993,24.432147141143542,22.615384615384617,0.0,0.0,-0.1024007839294464
ligue-1,2018-2019,Reims,Reims,0,8,38,13,16,9,39,42,-3,55,0,1.4473684210526316,1.0263157894736843,1.105263157894737,-0.07894736842105263,0.34210526315789475,0.42105263157894735,0,0,0.4,1.631578947368421,1.263157894736842,10.657894736842104,11.789473684210526,3.6052631578947367,0.0962962962962963,0.3684210526315789,37,25.0,22,2.35,86.95,0.5945945945945946,4.465333240800292,15.5,11.0,4.5,14,14,3,6,0.051753881541115584,23.513513513513512,3.863084703112711,25.614806724032285,0.16471747875429577,0.47736899592402166,0.24479846551402615,27.0,0.06291286022057405,0.43197378586461355,37537.0,1,0.0,0,0,0,0,0,,1.3285899999999997,0.6064600000000001,2.03,1.60139155,0.8799350566296631,2018,,,,,,,,,,,
ligue-1,2018-2019,Nimes,Nimes,0,9,38,15,8,15,57,58,-1,53,0,1.394736842105263,1.5,1.5263157894736843,-0.02631578947368421,0.39473684210526316,0.21052631578947367,0,0,0.45,1.6842105263157894,1.105263157894737,13.605263157894736,12.789473684210526,4.7368421052631575,0.1102514506769826,0.2631578947368421,31,25.5,13,2.84,88.15,0.41935483870967744,4.4790399088438795,3.15,0.0,3.15,10,8,5,3,0.035734543391945546,23.967741935483872,4.385459846414756,23.56408339784831,0.26196641661549963,0.624949945273499,0.0571558237005793,23.0,0.05899747203680903,0.3967003924290558,37459.0,1,0.0,0,0,0,0,0,,1.3285899999999997,0.6064600000000001,2.03,1.60139155,0.8799350566296631,2018,,,,,,,,,,,
ligue-1,2018-2019,Rennes,Rennes,0,10,38,13,13,12,55,52,3,52,0,1.368421052631579,1.4473684210526316,1.368421052631579,0.07894736842105263,0.34210526315789475,0.34210526315789475,0,0,0.5,1.631578947368421,1.105263157894737,12.394736842105264,12.526315789473685,4.2631578947368425,0.11677282377919321,0.2894736842105263,41,24.2,19,4.11,168.45,0.4634146341463415,5.126638969852562,18.0,18.5,-0.5,16,14,9,6,-0.0029682398337785693,22.78048780487805,4.373283635450319,25.16825963100024,0.1498362663400868,0.3392082212933628,0.13404861425414658,28.0,0.057259195108206186,0.3790367668592423,37561.0,0,0.0,0,0,0,0,0,,1.3285899999999997,0.6064600000000001,2.03,1.60139155,0.8799350566296631,2018,1.5263157894736843,5.0,58.0,0.15789473684210525,131.25,33.099999999999994,23.641610487889366,23.34285714285714,0.0,0.0,0.28342857142857136
ligue-1,2018-2019,Strasbourg,Strasbourg,1,11,38,11,16,11,58,48,10,49,0,1.2894736842105263,1.5263157894736843,1.263157894736842,0.2631578947368421,0.2894736842105263,0.42105263157894735,0,0,0.55,1.368421052631579,1.2105263157894737,10.631578947368421,13.131578947368421,4.131578947368421,0.14356435643564355,0.23684210526315788,33,25.7,15,2.97,98.0,0.45454545454545453,4.584967478670572,15.75,14.0,1.75,11,12,3,4,0.017857142857142856,24.272727272727273,4.738622738153508,25.676632530921665,0.18465221439021146,0.23202553531054662,0.08695305226758877,26.0,0.05907206358866268,0.3961963026998271,37595.0,0,0.0,0,0,0,0,0,,1.3285899999999997,0.6064600000000001,2.03,1.60139155,0.8799350566296631,2018,1.0,15.0,38.0,-0.6052631578947368,45.6,3.2,26.793305774103214,25.35483870967742,1.0,0.0,1.1491228070175437
ligue-1,2018-2019,Nantes,Nantes,0,12,38,13,9,16,48,48,0,48,0,1.263157894736842,1.263157894736842,1.263157894736842,0.0,0.34210526315789475,0.23684210526315788,0,0,0.6,1.631578947368421,0.8947368421052632,13.631578947368421,10.68421052631579,3.9473684210526314,0.09266409266409266,0.21052631578947367,40,25.3,28,2.99,119.5,0.7,4.783316371371566,14.35,21.0,-6.65,15,18,10,7,-0.05564853556485356,23.75,3.2952957923340294,25.265148477801834,0.11132494052869324,0.3079410899954561,0.12164220992703072,33.0,0.05283260434015091,0.3746024109266833,37413.0,0,0.0,0,0,0,0,0,,1.3285899999999997,0.6064600000000001,2.03,1.60139155,0.8799350566296631,2018,1.368421052631579,9.0,52.0,-0.13157894736842105,105.7,1.3000000000000007,24.973052372940206,23.666666666666668,0.0,0.0,0.13055818353831605
ligue-1,2018-2019,Angers,Angers,0,13,38,10,16,12,44,49,-5,46,0,1.2105263157894737,1.1578947368421053,1.2894736842105263,-0.13157894736842105,0.2631578947368421,0.42105263157894735,0,0,0.65,1.263157894736842,1.1578947368421053,11.868421052631579,12.0,4.052631578947368,0.0975609756097561,0.34210526315789475,38,26.9,20,2.1,79.7,0.5263157894736842,4.378269585796169,5.65,21.0,-15.35,19,19,9,9,-0.19259723964868256,25.5,4.304303314942736,27.5428000532836,0.134594378579992,0.2214732915945118,0.37421073664579724,24.0,0.06496497234879522,0.3973624617024111,37535.0,0,0.0,0,0,0,0,0,,1.3285899999999997,0.6064600000000001,2.03,1.60139155,0.8799350566296631,2018,1.0789473684210527,14.0,41.0,-0.2631578947368421,69.55,-13.6,26.546071362051993,25.12121212121212,0.0,0.0,0.1459381739755572
ligue-1,2018-2019,Bordeaux,Bordeaux,0,14,38,10,11,17,34,42,-8,41,0,1.0789473684210527,0.8947368421052632,1.105263157894737,-0.21052631578947367,0.2631578947368421,0.2894736842105263,0,0,0.7,1.4210526315789473,0.7368421052631579,11.157894736842104,12.973684210526315,3.5526315789473686,0.08018867924528301,0.2631578947368421,43,24.4,24,4.16,179.0,0.5581395348837209,5.187385805840755,21.46,50.7,-29.240000000000002,15,20,9,12,-0.16335195530726257,22.837209302325583,4.5299544439953605,24.706857432666897,0.24891226009662867,0.4129941542321757,0.20804527133438325,33.0,0.055019512052788974,0.3909724261271121,37463.0,0,0.0,0,0,0,0,0,,1.3285899999999997,0.6064600000000001,2.03,1.60139155,0.8799350566296631,2018,1.4473684210526316,6.0,55.0,0.13157894736842105,155.45,4.350000000000001,24.503538551588356,23.08108108108108,0.0,0.0,0.15149565776777107
ligue-1,2018-2019,Amiens,Amiens,0,15,38,9,11,18,31,52,-21,38,0,1.0,0.8157894736842105,1.368421052631579,-0.5526315789473685,0.23684210526315788,0.2894736842105263,0,0,0.75,1.368421052631579,0.631578947368421,10.210526315789474,13.078947368421053,3.1052631578947367,0.07989690721649484,0.2894736842105263,36,25.9,20,1.96,70.5,0.5555555555555556,4.255612709818223,7.49,10.0,-2.51,17,26,12,12,-0.03560283687943262,24.38888888888889,3.871343641076259,25.82040076742699,0.09491579620549989,0.2618578128330846,0.1727243658068642,26.0,0.05844004131288927,0.3937060328288211,37528.0,0,0.0,0,0,0,0,0,,1.3285899999999997,0.6064600000000001,2.03,1.60139155,0.8799350566296631,2018,1.1842105263157894,13.0,45.0,-0.13157894736842105,69.85,-1.37,26.997336103785393,26.323529411764707,1.0,0.0,0.009305654974946398
ligue-1,2018-2019,Toulouse,Toulouse,0,16,38,8,14,16,35,57,-22,38,0,1.0,0.9210526315789473,1.5,-0.5789473684210527,0.21052631578947367,0.3684210526315789,0,0,0.8,1.105263157894737,0.8947368421052632,11.368421052631579,14.894736842105264,3.473684210526316,0.08101851851851852,0.23684210526315788,40,24.6,23,2.83,113.25,0.575,4.7295977643631435,18.45,35.5,-17.05,11,19,2,11,-0.15055187637969095,23.125,4.535826049212861,24.92825279803403,0.3104949648743222,0.35085610492293723,0.2218927798701819,29.0,0.05440958031314157,0.38253599380292225,37437.0,0,0.0,0,0,0,0,0,,1.3285899999999997,0.6064600000000001,2.03,1.60139155,0.8799350566296631,2018,0.9736842105263158,18.0,37.0,-0.42105263157894735,110.45,-9.5,23.325741652254887,23.535714285714285,0.0,0.0,0.025350837483024025
ligue-1,2018-2019,Monaco,Monaco,0,17,38,8,12,18,38,57,-19,36,0,0.9473684210526315,1.0,1.5,-0.5,0.21052631578947367,0.3157894736842105,0,0,0.85,0.9473684210526315,0.9473684210526315,12.289473684210526,11.263157894736842,4.184210526315789,0.08137044967880086,0.21052631578947367,57,23.9,40,6.77,385.83,0.7017543859649122,5.955396857946105,145.85,367.25,-221.4,31,28,17,16,-0.5738278516445067,22.636363636363637,5.052918615215025,25.081271895809373,0.29516219613296607,0.5009493755515738,0.28061401866659536,42.0,0.043625050000395175,0.3244992378252614,37393.0,0,0.0,0,0,0,1,1,Rybolovlev,1.3285899999999997,0.6064600000000001,2.03,1.60139155,0.8799350566296631,2018,2.1052631578947367,2.0,80.0,1.0526315789473684,529.8,-77.1,25.166235842771485,22.5,0.0,1.0,-0.2717440543601358
ligue-1,2018-2019,Dijon,Dijon,0,18,38,9,7,22,31,60,-29,34,0,0.8947368421052632,0.8157894736842105,1.5789473684210527,-0.7631578947368421,0.23684210526315788,0.18421052631578946,0,0,0.9,1.1578947368421053,0.631578947368421,11.763157894736842,14.289473684210526,3.789473684210526,0.06935123042505593,0.15789473684210525,32,26.3,18,2.06,65.8,0.5625,4.186619838331271,9.2,4.0,5.199999999999999,13,15,4,4,0.0790273556231003,24.71875,5.311183423196633,26.43085390616651,0.07355455808485625,0.23920594207545154,0.196697659506252,26.0,0.054046109023072296,0.3697766378112643,37428.0,0,0.0,0,0,0,0,0,,1.3285899999999997,0.6064600000000001,2.03,1.60139155,0.8799350566296631,2018,1.263157894736842,11.0,48.0,-0.47368421052631576,70.3,-9.5,25.873608521970702,24.571428571428573,0.0,0.0,-0.06401137980085347
ligue-1,2018-2019,Caen,Caen,0,19,38,7,12,19,29,54,-25,33,0,0.868421052631579,0.7631578947368421,1.4210526315789473,-0.6578947368421053,0.18421052631578946,0.3157894736842105,0,0,0.95,0.8947368421052632,0.8421052631578947,8.894736842105264,14.210526315789474,2.5526315789473686,0.08579881656804733,0.23684210526315788,39,25.3,19,1.73,67.55,0.48717948717948717,4.212868064406208,9.95,14.5,-4.550000000000001,22,25,14,8,-0.06735751295336789,23.82051282051282,3.9859740595968107,25.169117843320436,0.11693580675296944,0.368984385426398,0.09785132790604564,26.0,0.05645584956208695,0.3952222073935674,37465.0,0,1.0,0,0,0,0,0,,1.3285899999999997,0.6064600000000001,2.03,1.60139155,0.8799350566296631,2018,1.0,16.0,38.0,-0.6578947368421053,60.1,0.9500000000000002,26.688566098081022,24.78787878787879,0.0,0.0,0.12396006655574032
ligue-1,2018-2019,Guingamp,Guingamp,0,20,38,5,12,21,28,68,-40,27,0,0.7105263157894737,0.7368421052631579,1.7894736842105263,-1.0526315789473684,0.13157894736842105,0.3157894736842105,0,0,1.0,0.8421052631578947,0.5789473684210527,10.947368421052632,12.263157894736842,3.0526315789473686,0.0673076923076923,0.2631578947368421,37,25.7,19,1.91,70.65,0.5135135135135135,4.257738109130536,3.5,4.0,-0.5,13,13,5,5,-0.007077140835102618,24.18918918918919,4.659743899959869,25.396919462908087,0.23435039107338299,0.46170684178212007,0.22383278609754145,30.0,0.051628400030786566,0.35442193214276174,37461.0,0,1.0,0,0,0,0,0,,1.3285899999999997,0.6064600000000001,2.03,1.60139155,0.8799350566296631,2018,1.236842105263158,12.0,47.0,-0.2894736842105263,51.9,-0.07499999999999996,26.535308668244806,25.666666666666668,0.0,0.0,0.3612716763005781
ligue-1,2019-2020,Paris SG,Paris Saint-Germain,0,1,27,22,2,3,75,24,51,68,0,2.5185185185185186,2.7777777777777777,0.8888888888888888,1.8888888888888888,0.8148148148148148,0.07407407407407407,1,1,0.05,2.642857142857143,2.3846153846153846,16.51851851851852,9.62962962962963,7.222222222222222,0.1681614349775785,0.5185185185185185,35,25.8,27,24.98,874.15,0.7714285714285715,6.7732519856436575,95.0,112.4,-17.400000000000006,15,18,8,5,-0.01990505062060288,24.228571428571428,5.018118432743694,26.65797047280882,0.1107830312091198,0.2195477480844702,0.24387964866380116,31.0,0.04802162217210712,0.3229676695944683,26755.0,0,0.0,1,1,0,0,0,,0.5858200000000001,-0.09671999999999999,1.44,0.94799573,0.8730630005692845,2019,2.3947368421052633,1.0,91.0,1.8421052631578947,1010.0,147.25,25.609274698345896,23.923076923076923,0.0,1.0,-0.1345049504950495
ligue-1,2019-2020,Marseille,Marseille,0,2,28,16,8,4,41,29,12,56,0,2.0,1.4642857142857142,1.0357142857142858,0.42857142857142855,0.5714285714285714,0.2857142857142857,0,1,0.1,2.0,2.0,13.214285714285714,9.928571428571429,4.25,0.11081081081081082,0.39285714285714285,34,24.8,13,6.36,216.15,0.38235294117647056,5.3759726111136406,27.0,27.25,-0.25,6,12,4,2,-0.0011566042100393246,23.294117647058822,5.807672103215454,26.554187725631774,0.13512635379061372,0.2348014440433213,0.16772563176895308,23.0,0.06600593778102151,0.3981588447653429,27700.0,0,0.0,1,1,0,0,0,,0.5858200000000001,-0.09671999999999999,1.44,0.94799573,0.8730630005692845,2019,1.605263157894737,5.0,61.0,0.21052631578947367,258.35,33.15,26.235196886080672,25.12121212121212,0.0,0.0,-0.1633443003677183
ligue-1,2019-2020,Rennes,Rennes,0,3,28,15,5,8,38,24,14,50,0,1.7857142857142858,1.3571428571428572,0.8571428571428571,0.5,0.5357142857142857,0.17857142857142858,0,1,0.15,2.0714285714285716,1.5,12.321428571428571,12.821428571428571,4.214285714285714,0.11014492753623188,0.35714285714285715,33,25.5,17,5.21,171.88,0.5151515151515151,5.146796558906795,58.1,54.55,3.5500000000000043,17,21,7,6,0.02065394461252039,24.0,5.0,24.940518702882084,0.15882119539732353,0.40616094939220143,0.17299715038055044,26.0,0.06028603350076451,0.3991270785989972,27723.0,0,0.0,1,1,0,0,0,,0.5858200000000001,-0.09671999999999999,1.44,0.94799573,0.8730630005692845,2019,1.368421052631579,10.0,52.0,0.07894736842105263,168.45,-0.5,25.16825963100024,22.78048780487805,0.0,0.0,0.02036212525972103
ligue-1,2019-2020,Lille,Lille,0,4,28,15,4,9,35,27,8,49,0,1.75,1.25,0.9642857142857143,0.2857142857142857,0.5357142857142857,0.14285714285714285,0,1,0.2,2.3333333333333335,1.0769230769230769,12.571428571428571,9.892857142857142,4.678571428571429,0.09943181818181818,0.42857142857142855,31,24.2,22,7.99,247.78,0.7096774193548387,5.512541255687593,99.4,171.0,-71.6,17,18,6,11,-0.28896601824198886,22.70967741935484,4.443673768307006,23.71239226479322,0.4140653291808503,0.7119939161294996,0.1328673861084957,25.0,0.06294527614120451,0.4051568045194467,27614.0,0,0.0,0,1,0,0,0,,0.5858200000000001,-0.09671999999999999,1.44,0.94799573,0.8730630005692845,2019,1.9736842105263157,2.0,75.0,0.9210526315789473,267.55,-40.60000000000001,23.613470647719414,22.65625,0.0,1.0,-0.07389273033077937
ligue-1,2019-2020,Reims,Reims,0,5,28,10,11,7,26,21,5,41,0,1.4642857142857142,0.9285714285714286,0.75,0.17857142857142858,0.35714285714285715,0.39285714285714285,0,0,0.25,1.5714285714285714,1.3571428571428572,11.857142857142858,10.142857142857142,3.3214285714285716,0.0783132530120482,0.42857142857142855,31,24.2,23,2.63,81.68,0.7419354838709677,4.402809173856411,21.7,26.6,-4.900000000000002,17,18,7,4,-0.05999020568070521,22.70967741935484,4.0347949009179045,24.726294430957644,0.16913656291894633,0.5112504076234646,0.1559839124605964,26.0,0.0638728664124568,0.4332765679915939,27599.0,0,0.0,0,1,0,0,0,,0.5858200000000001,-0.09671999999999999,1.44,0.94799573,0.8730630005692845,2019,1.4473684210526316,8.0,55.0,-0.07894736842105263,86.95,4.5,25.614806724032285,23.513513513513512,1.0,0.0,-0.06060954571592869
ligue-1,2019-2020,Nice,Nice,0,6,28,11,8,9,41,38,3,41,0,1.4642857142857142,1.4642857142857142,1.3571428571428572,0.10714285714285714,0.39285714285714285,0.2857142857142857,0,0,0.3,1.8666666666666667,1.0,12.107142857142858,14.0,4.714285714285714,0.12094395280235988,0.14285714285714285,37,23.5,20,4.69,173.45,0.5405405405405406,5.155889373415759,52.2,23.112,29.088000000000005,13,16,6,6,0.16770250792735664,22.08108108108108,3.522770203960217,23.393043857101368,0.38556491431890794,0.6299375544583212,0.06861748475167005,31.0,0.051573509106312844,0.36861022364217255,27544.0,0,0.0,0,1,0,1,1,INEOS,0.5858200000000001,-0.09671999999999999,1.44,0.94799573,0.8730630005692845,2019,1.4736842105263157,7.0,56.0,-0.13157894736842105,183.2,-33.7,23.671402297625075,21.736842105263158,0.0,0.0,-0.05322052401746724
ligue-1,2019-2020,Lyon,Lyon,0,7,28,11,7,10,42,27,15,40,0,1.4285714285714286,1.5,0.9642857142857143,0.5357142857142857,0.39285714285714285,0.25,0,0,0.35,1.4615384615384615,1.4,12.857142857142858,11.035714285714286,4.857142857142857,0.11666666666666667,0.32142857142857145,33,24.5,22,11.65,384.55,0.6666666666666666,5.952073819503063,126.0,160.32,-34.31999999999999,15,14,6,3,-0.08924717201924325,23.0,4.257346591481601,24.240928882438315,0.14437590711175616,0.5495283018867925,0.09132801161103048,27.0,0.05498558363754711,0.37902757619738753,27560.0,0,0.0,0,1,0,0,0,,0.5858200000000001,-0.09671999999999999,1.44,0.94799573,0.8730630005692845,2019,1.894736842105263,3.0,72.0,0.6052631578947368,467.95,-43.64999999999999,23.81133079645547,22.705882352941178,0.0,1.0,-0.17822416924885132
ligue-1,2019-2020,Montpellier,Montpellier,0,8,28,11,7,10,35,34,1,40,0,1.4285714285714286,1.25,1.2142857142857142,0.03571428571428571,0.39285714285714285,0.25,0,0,0.4,2.2857142857142856,0.5714285714285714,12.607142857142858,13.25,4.214285714285714,0.09915014164305949,0.2857142857142857,30,26.6,16,2.72,81.68,0.5333333333333333,4.402809173856411,20.3,40.0,-19.7,9,15,4,4,-0.24118511263467185,25.233333333333334,5.512889806896969,27.988438677877642,0.0844447665990142,0.13717744273702523,0.16685995940852422,27.0,0.06610707395111858,0.4262104957958829,27592.0,0,0.0,0,1,0,0,0,,0.5858200000000001,-0.09671999999999999,1.44,0.94799573,0.8730630005692845,2019,1.5526315789473684,6.0,59.0,0.2894736842105263,109.85,-15.35,27.499319510047236,24.6875,0.0,0.0,-0.256440600819299
ligue-1,2019-2020,Monaco,Monaco,0,9,28,11,7,10,44,44,0,40,0,1.4285714285714286,1.5714285714285714,1.5714285714285714,0.0,0.39285714285714285,0.25,0,0,0.45,1.8571428571428572,1.0,13.535714285714286,13.107142857142858,5.0,0.11609498680738786,0.25,39,25.7,30,8.49,331.03,0.7692307692307693,5.802209005711098,200.0,83.75,116.25,32,38,20,26,0.3511766305168716,24.28205128205128,5.155215641764214,25.557807260533608,0.08244642076104389,0.31345677212421635,0.20072167954512318,28.0,0.057096919388118166,0.3859163143315352,27436.0,0,0.0,0,1,0,1,1,Rybolovlev,0.5858200000000001,-0.09671999999999999,1.44,0.94799573,0.8730630005692845,2019,0.9473684210526315,17.0,36.0,-0.5,385.83,-221.4,25.081271895809373,22.636363636363637,0.0,0.0,-0.14203146463468375
ligue-1,2019-2020,Angers,Angers,0,10,28,11,6,11,28,33,-5,39,0,1.3928571428571428,1.0,1.1785714285714286,-0.17857142857142858,0.39285714285714285,0.21428571428571427,0,0,0.5,1.8,0.9230769230769231,12.928571428571429,9.5,4.071428571428571,0.07734806629834254,0.42857142857142855,31,26.3,16,2.89,89.48,0.5161290322580645,4.494015136621929,10.4,34.0,-23.6,15,18,8,10,-0.2637460885113992,24.870967741935484,4.688581416476068,27.58801646922855,0.06490176249638832,0.21995088124819417,0.3740248483097371,26.0,0.060565991410792705,0.40526581912741977,27688.0,0,0.0,0,1,0,0,0,,0.5858200000000001,-0.09671999999999999,1.44,0.94799573,0.8730630005692845,2019,1.2105263157894737,13.0,46.0,-0.13157894736842105,79.7,-15.35,27.5428000532836,25.5,0.0,0.0,0.12271016311166871
ligue-1,2019-2020,Strasbourg,Strasbourg,1,11,27,11,5,11,32,32,0,38,0,1.4074074074074074,1.1851851851851851,1.1851851851851851,0.0,0.4074074074074074,0.18518518518518517,0,0,0.55,1.8461538461538463,1.0,12.074074074074074,10.074074074074074,4.037037037037037,0.09815950920245399,0.2962962962962963,31,26.1,16,2.94,91.13,0.5161290322580645,4.5122870585080355,11.0,21.5,-10.5,7,12,2,6,-0.11522001536266872,24.70967741935484,4.6846810520183535,25.29646117013317,0.21117013317372438,0.2959000448900195,0.12064192727816848,25.0,0.06126400893152193,0.4001571150680832,26732.0,0,0.0,0,1,0,0,0,,0.5858200000000001,-0.09671999999999999,1.44,0.94799573,0.8730630005692845,2019,1.2894736842105263,11.0,49.0,0.2631578947368421,98.0,1.75,25.676632530921665,24.272727272727273,0.0,0.0,-0.07010204081632654
ligue-1,2019-2020,Bordeaux,Bordeaux,0,12,28,9,10,9,40,34,6,37,0,1.3214285714285714,1.4285714285714286,1.2142857142857142,0.21428571428571427,0.32142857142857145,0.35714285714285715,0,0,0.6,1.3076923076923077,1.3333333333333333,11.107142857142858,12.785714285714286,3.9285714285714284,0.12861736334405144,0.21428571428571427,31,25.6,20,4.04,125.35,0.6451612903225806,4.831109824604303,17.0,62.25,-45.25,17,19,10,8,-0.36098923015556444,24.032258064516128,4.571534176967597,26.28215109573241,0.16205305651672433,0.3168973471741638,0.2782944059976932,26.0,0.057823388499931495,0.3998702422145328,27744.0,0,0.0,0,1,0,0,0,,0.5858200000000001,-0.09671999999999999,1.44,0.94799573,0.8730630005692845,2019,1.0789473684210527,14.0,41.0,-0.21052631578947367,179.0,-29.240000000000002,24.706857432666897,22.837209302325583,0.0,0.0,-0.29972067039106154
ligue-1,2019-2020,Nantes,Nantes,0,13,28,11,4,13,28,31,-3,37,0,1.3214285714285714,1.0,1.1071428571428572,-0.10714285714285714,0.39285714285714285,0.14285714285714285,0,0,0.65,1.4285714285714286,1.2142857142857142,11.892857142857142,10.785714285714286,4.071428571428571,0.08408408408408409,0.35714285714285715,35,25.5,22,3.03,106.15,0.6285714285714286,4.664853188149265,18.75,38.5,-19.75,16,20,7,11,-0.18605746585021196,24.0,3.5313720046596786,24.829677279462253,0.25181598062953997,0.35661884283184564,0.07155505764157422,29.0,0.06171701658412479,0.3983592931227639,27671.0,0,0.0,0,1,0,0,0,,0.5858200000000001,-0.09671999999999999,1.44,0.94799573,0.8730630005692845,2019,1.263157894736842,12.0,48.0,0.0,119.5,-6.65,25.265148477801834,23.75,0.0,0.0,-0.11171548117154806
ligue-1,2019-2020,Brest,Brest,0,14,28,8,10,10,34,37,-3,34,0,1.2142857142857142,1.2142857142857142,1.3214285714285714,-0.10714285714285714,0.2857142857142857,0.35714285714285715,0,0,0.7,1.7142857142857142,0.7142857142857143,11.535714285714286,14.75,3.642857142857143,0.10526315789473684,0.2857142857142857,28,26.5,10,1.71,47.78,0.35714285714285715,3.8666071418976635,7.5,0.5,7.0,12,13,4,5,0.14650481372959398,25.0,3.9907299991262155,25.446270543615675,0.22506772620552645,0.365865992414665,0.24121365360303412,24.0,0.05595867020845107,0.36489073505508396,27685.0,1,0.0,0,1,0,0,0,,0.5858200000000001,-0.09671999999999999,1.44,0.94799573,0.8730630005692845,2019,,,,,,,,,,,
ligue-1,2019-2020,Metz,Metz,0,15,28,8,10,10,27,35,-8,34,0,1.2142857142857142,0.9642857142857143,1.25,-0.2857142857142857,0.2857142857142857,0.35714285714285715,0,0,0.75,1.3571428571428572,1.0714285714285714,11.071428571428571,13.857142857142858,3.5714285714285716,0.08709677419354839,0.2857142857142857,32,24.8,21,1.69,54.1,0.65625,3.9908341858524357,14.35,2.6,11.75,18,15,11,8,0.21719038817005545,23.375,4.598386813907958,25.342526819367933,0.09216439547694984,0.4220063786604813,0.24474485358074805,24.0,0.05976353412072244,0.416461293128443,27592.0,1,0.0,0,1,0,0,0,,0.5858200000000001,-0.09671999999999999,1.44,0.94799573,0.8730630005692845,2019,,,,,,,,,,,
ligue-1,2019-2020,Dijon,Dijon,0,16,28,7,9,12,27,37,-10,30,0,1.0714285714285714,0.9642857142857143,1.3214285714285714,-0.35714285714285715,0.25,0.32142857142857145,0,0,0.8,1.7142857142857142,0.42857142857142855,12.035714285714286,14.178571428571429,3.6785714285714284,0.08011869436201781,0.21428571428571427,31,25.9,20,1.62,50.23,0.6451612903225806,3.9166124577619534,10.465,24.5,-14.035,14,16,5,3,-0.27941469241489153,24.322580645161292,5.293940540997122,26.18255548716463,0.20362793728954706,0.33111263984937905,0.31996089648430426,28.0,0.05575462274764159,0.37912306745356456,27619.0,0,0.0,0,1,0,0,0,,0.5858200000000001,-0.09671999999999999,1.44,0.94799573,0.8730630005692845,2019,0.8947368421052632,18.0,34.0,-0.7631578947368421,65.8,5.199999999999999,26.43085390616651,24.71875,0.0,0.0,-0.23662613981762914
ligue-1,2019-2020,St Etienne,Saint-Etienne,0,17,28,8,6,14,29,45,-16,30,0,1.0714285714285714,1.0357142857142858,1.6071428571428572,-0.5714285714285714,0.2857142857142857,0.21428571428571427,0,0,0.85,1.2857142857142858,0.8571428571428571,10.892857142857142,11.535714285714286,3.607142857142857,0.09508196721311475,0.17857142857142858,41,25.2,20,2.56,104.83,0.4878048780487805,4.6523399904644815,13.45,45.85,-32.400000000000006,20,17,11,10,-0.3090718305828485,23.75609756097561,5.36554045649121,26.34711371527778,0.26059751157407407,0.3083767361111111,0.27651186342592593,31.0,0.0472756452521179,0.34186921296296297,27648.0,0,0.0,0,1,0,0,0,,0.5858200000000001,-0.09671999999999999,1.44,0.94799573,0.8730630005692845,2019,1.736842105263158,4.0,66.0,0.47368421052631576,131.25,-3.6999999999999993,27.241111467008327,23.261904761904763,0.0,0.0,-0.20129523809523808
ligue-1,2019-2020,Nimes,Nimes,0,18,28,7,6,15,29,44,-15,27,0,0.9642857142857143,1.0357142857142858,1.5714285714285714,-0.5357142857142857,0.25,0.21428571428571427,0,0,0.9,1.4285714285714286,0.5,12.642857142857142,12.535714285714286,3.892857142857143,0.08192090395480225,0.25,35,24.3,13,1.42,49.65,0.37142857142857144,3.9049983904911816,9.85,20.5,-10.65,12,17,2,4,-0.21450151057401814,22.82857142857143,4.04740813423134,24.851601656134232,0.17087963971816664,0.4432701387375608,0.23007917483838164,28.0,0.05992690171015356,0.39529309217694486,27534.0,0,0.0,0,1,0,0,0,,0.5858200000000001,-0.09671999999999999,1.44,0.94799573,0.8730630005692845,2019,1.394736842105263,9.0,53.0,-0.02631578947368421,88.15,3.15,23.56408339784831,23.967741935483872,1.0,0.0,-0.43675553034600123
ligue-1,2019-2020,Amiens,Amiens,0,19,28,4,11,13,31,50,-19,23,0,0.8214285714285714,1.1071428571428572,1.7857142857142858,-0.6785714285714286,0.14285714285714285,0.39285714285714285,0,0,0.95,1.0,0.6428571428571429,8.392857142857142,14.607142857142858,2.9642857142857144,0.13191489361702127,0.17857142857142858,37,25.8,21,1.67,61.93,0.5675675675675675,4.1260047149499695,17.85,5.4350000000000005,12.415000000000001,23,19,13,12,0.20046827062812855,24.27027027027027,4.857117621757948,26.79600870827286,0.02797532656023222,0.27960812772133525,0.1969521044992743,27.0,0.056770495196125724,0.3754716981132075,27560.0,0,1.0,0,1,0,0,0,,0.5858200000000001,-0.09671999999999999,1.44,0.94799573,0.8730630005692845,2019,1.0,15.0,38.0,-0.5526315789473685,70.5,-2.51,25.82040076742699,24.38888888888889,0.0,0.0,-0.12156028368794325
ligue-1,2019-2020,Toulouse,Toulouse,0,20,28,3,4,21,22,58,-36,13,0,0.4642857142857143,0.7857142857142857,2.0714285714285716,-1.2857142857142858,0.10714285714285714,0.14285714285714285,0,0,1.0,0.6923076923076923,0.26666666666666666,11.321428571428571,14.75,3.5357142857142856,0.0694006309148265,0.10714285714285714,35,24.0,18,2.05,71.88,0.5142857142857142,4.274998061915358,14.0,17.15,-3.1499999999999986,17,18,12,4,-0.043823038397328866,22.514285714285716,4.5268572956069555,24.559046823349924,0.33553706999891025,0.4338697373678666,0.1925968978168477,30.0,0.05498463242209704,0.37095426640996765,27529.0,0,1.0,0,1,0,0,0,,0.5858200000000001,-0.09671999999999999,1.44,0.94799573,0.8730630005692845,2019,1.0,16.0,38.0,-0.5789473684210527,113.25,-17.05,24.92825279803403,23.125,0.0,0.0,-0.3652980132450332
ligue-1,2020-2021,Lille,Lille,0,1,38,24,11,3,64,23,41,83,0,2.1842105263157894,1.6842105263157894,0.6052631578947368,1.0789473684210527,0.631578947368421,0.2894736842105263,1,1,0.05,1.9473684210526316,2.4210526315789473,12.763157894736842,8.842105263157896,4.815789473684211,0.13195876288659794,0.5526315789473685,32,24.1,23,10.1,323.2,0.71875,5.77827132664694,40.43,108.075,-67.64500000000001,13,14,6,9,-0.20929764851485153,22.5625,5.3997461111163485,24.792217464159375,0.28669840678777564,0.4708088411309413,0.14809692262680532,21.0,0.06273769102142883,0.42061866638295614,37597.0,0,0.0,1,1,0,1,0,Gerard Lopez,0.51488,-0.16551,0.9799999999999999,0.539153825,0.8868919473122258,2020,1.75,4.0,49.0,0.2857142857142857,247.78,-71.6,23.71239226479322,22.70967741935484,0.0,0.0,0.304382920332553
ligue-1,2020-2021,Paris SG,Paris Saint-Germain,0,2,38,26,4,8,86,28,58,82,0,2.1578947368421053,2.263157894736842,0.7368421052631579,1.5263157894736843,0.6842105263157895,0.10526315789473684,0,1,0.1,2.1052631578947367,2.210526315789474,15.0,9.973684210526315,5.684210526315789,0.15087719298245614,0.5,41,24.7,30,19.63,805.0,0.7317073170731707,6.690842277418564,62.0,0.4,61.6,11,16,7,8,0.07652173913043478,23.195121951219512,5.095191420325256,26.073891887580103,0.21088037437847323,0.2536892765029647,0.20779600627509373,33.0,0.044207378809150266,0.2980137732989444,37609.0,0,0.0,1,1,0,0,0,,0.51488,-0.16551,0.9799999999999999,0.539153825,0.8868919473122258,2020,2.5185185185185186,1.0,68.0,1.8888888888888888,874.15,-17.400000000000006,26.65797047280882,24.228571428571428,0.0,1.0,-0.07910541669049931
ligue-1,2020-2021,Monaco,Monaco,0,3,38,24,6,8,76,42,34,78,0,2.0526315789473686,2.0,1.105263157894737,0.8947368421052632,0.631578947368421,0.15789473684210525,0,1,0.15,2.1578947368421053,1.9473684210526316,12.868421052631579,8.631578947368421,4.631578947368421,0.1554192229038855,0.39473684210526316,33,24.4,19,11.22,370.35,0.5757575757575758,5.9144485044592985,52.7,13.53,39.17,27,31,21,19,0.10576481706493857,22.96969696969697,4.376677167704174,24.2327159998931,0.3440230898741281,0.4824019882947166,0.06606269542211177,30.0,0.057670168818913625,0.38074240359175826,37419.0,0,0.0,1,1,0,1,1,Rybolovlev,0.51488,-0.16551,0.9799999999999999,0.539153825,0.8868919473122258,2020,1.4285714285714286,9.0,40.0,0.0,331.03,116.25,25.557807260533608,24.28205128205128,0.0,0.0,0.11878077515633034
ligue-1,2020-2021,Lyon,Lyon,0,4,38,22,10,6,81,43,38,76,0,2.0,2.1315789473684212,1.131578947368421,1.0,0.5789473684210527,0.2631578947368421,0,1,0.2,1.894736842105263,2.1052631578947367,16.105263157894736,11.657894736842104,6.2631578947368425,0.1323529411764706,0.2894736842105263,40,24.7,29,10.78,431.35,0.725,6.066919825522588,36.6,50.6,-14.0,11,21,5,11,-0.03245624203083343,23.2,4.6915089694315215,25.251431920505098,0.10690785092042518,0.3511735088046461,0.09867597303993393,29.0,0.061679963492578184,0.4000053280762981,37537.0,0,0.0,0,1,0,0,0,,0.51488,-0.16551,0.9799999999999999,0.539153825,0.8868919473122258,2020,1.4285714285714286,7.0,40.0,0.5357142857142857,384.55,-34.31999999999999,24.240928882438315,23.0,0.0,0.0,0.12170068911714993
ligue-1,2020-2021,Marseille,Marseille,0,5,38,16,12,10,54,47,7,60,0,1.5789473684210527,1.4210526315789473,1.236842105263158,0.18421052631578946,0.42105263157894735,0.3157894736842105,0,0,0.25,1.8421052631578947,1.3157894736842106,10.105263157894736,11.736842105263158,3.6578947368421053,0.140625,0.21052631578947367,37,25.5,19,6.7,247.95,0.5135135135135135,5.513227112935143,17.42,33.45,-16.03,11,11,7,5,-0.06465013107481347,23.945945945945947,5.6859766382153145,26.61952484032176,0.23717897324888426,0.3580533953339213,0.40947112429514415,31.0,0.056012306678276544,0.3911114674363292,37419.0,0,0.0,0,1,0,0,0,,0.51488,-0.16551,0.9799999999999999,0.539153825,0.8868919473122258,2020,2.0,2.0,56.0,0.42857142857142855,216.15,-0.25,26.554187725631774,23.294117647058822,0.0,1.0,0.14712005551700202
ligue-1,2020-2021,Rennes,Rennes,0,6,38,16,10,12,52,40,12,58,0,1.5263157894736843,1.368421052631579,1.0526315789473684,0.3157894736842105,0.42105263157894735,0.2631578947368421,0,0,0.3,1.631578947368421,1.4210526315789473,13.473684210526315,9.68421052631579,4.342105263157895,0.1015625,0.2631578947368421,37,24.6,14,8.04,297.5,0.3783783783783784,5.695414224985685,70.56,55.42,15.14,12,21,7,9,0.05089075630252101,23.16216216216216,4.839154618052353,24.9805978115826,0.23920469709100614,0.33877768881772086,0.19762476647985056,32.0,0.05566626631079795,0.38121163597544705,37470.0,0,0.0,0,1,0,0,0,,0.51488,-0.16551,0.9799999999999999,0.539153825,0.8868919473122258,2020,1.7857142857142858,3.0,50.0,0.5,171.88,3.5500000000000043,24.940518702882084,24.0,0.0,1.0,0.7308587386548755
ligue-1,2020-2021,Lens,Lens,0,7,38,15,12,11,55,54,1,57,0,1.5,1.4473684210526316,1.4210526315789473,0.02631578947368421,0.39473684210526316,0.3157894736842105,0,0,0.35,1.4736842105263157,1.5263157894736843,11.710526315789474,10.868421052631579,3.710526315789474,0.12359550561797752,0.21052631578947367,36,25.3,19,2.9,104.3,0.5277777777777778,4.647271362006727,19.0,0.0,19.0,13,15,7,8,0.18216682646212848,23.86111111111111,4.715644344869701,25.89356362956833,0.28706051950132144,0.35721722416508717,0.14874929923382899,27.0,0.05764629507836013,0.3716863771056355,37459.0,1,0.0,0,1,0,0,0,,0.51488,-0.16551,0.9799999999999999,0.539153825,0.8868919473122258,2020,,,,,,,,,,,
ligue-1,2020-2021,Montpellier,Montpellier,0,8,38,14,12,12,60,62,-2,54,0,1.4210526315789473,1.5789473684210527,1.631578947368421,-0.05263157894736842,0.3684210526315789,0.3157894736842105,0,0,0.4,1.3157894736842106,1.5263157894736843,12.263157894736842,14.736842105263158,4.631578947368421,0.12875536480686695,0.13157894736842105,34,25.6,16,3.35,113.85,0.47058823529411764,4.734881792509748,13.1,0.0,13.1,7,7,4,4,0.11506368028107158,24.235294117647058,5.65181024113359,27.44417312904178,0.0860278530603483,0.22631282367778463,0.18410389889178094,25.0,0.059066916034775534,0.38433466605844313,37267.0,0,0.0,0,1,0,0,0,,0.51488,-0.16551,0.9799999999999999,0.539153825,0.8868919473122258,2020,1.4285714285714286,8.0,40.0,0.03571428571428571,81.68,-19.7,27.988438677877642,25.233333333333334,0.0,0.0,0.39385406464250705
ligue-1,2020-2021,Nice,Nice,0,9,38,15,7,16,50,53,-3,52,0,1.368421052631579,1.3157894736842106,1.394736842105263,-0.07894736842105263,0.39473684210526316,0.18421052631578946,0,0,0.45,1.263157894736842,1.4736842105263157,10.789473684210526,13.368421052631579,3.8157894736842106,0.12195121951219512,0.23684210526315788,41,22.8,21,5.76,236.1,0.5121951219512195,5.464255444091467,29.23,20.51,8.719999999999999,19,25,9,14,0.03693350275307073,21.414634146341463,3.8663652812176035,23.027666719974416,0.4562343408497255,0.6146916146916147,0.07921530998454075,31.0,0.051919737978122264,0.358974358974359,37518.0,0,0.0,0,1,0,1,1,INEOS,0.51488,-0.16551,0.9799999999999999,0.539153825,0.8868919473122258,2020,1.4642857142857142,6.0,41.0,0.10714285714285714,173.45,29.088000000000005,23.393043857101368,22.08108108108108,0.0,0.0,0.3611991928509657
ligue-1,2020-2021,Metz,Metz,0,10,38,12,11,15,44,48,-4,47,0,1.236842105263158,1.1578947368421053,1.263157894736842,-0.10526315789473684,0.3157894736842105,0.2894736842105263,0,0,0.5,1.0526315789473684,1.4210526315789473,11.394736842105264,12.552631578947368,3.6315789473684212,0.10161662817551963,0.21052631578947367,35,25.1,25,2.96,103.5,0.7142857142857143,4.639571612705423,14.7,10.0,4.699999999999999,19,19,9,9,0.04541062801932366,23.62857142857143,4.051765877082372,25.19681247339293,0.08820242656449553,0.31893891017454234,0.1624893571732652,27.0,0.05747384691836476,0.4141389953171562,37584.0,0,0.0,0,1,0,0,0,,0.51488,-0.16551,0.9799999999999999,0.539153825,0.8868919473122258,2020,1.2142857142857142,15.0,34.0,-0.2857142857142857,54.1,11.75,25.342526819367933,23.375,1.0,0.0,0.9131238447319778
ligue-1,2020-2021,St Etienne,Saint-Etienne,0,11,38,12,10,16,42,54,-12,46,0,1.2105263157894737,1.105263157894737,1.4210526315789473,-0.3157894736842105,0.3157894736842105,0.2631578947368421,0,0,0.55,1.105263157894737,1.3157894736842106,11.657894736842104,10.868421052631579,4.0,0.09480812641083522,0.3157894736842105,43,24.1,23,3.59,154.5,0.5348837209302325,5.0401940963378005,6.2,44.1,-37.9,17,23,12,10,-0.2453074433656958,22.558139534883722,5.342116245465504,24.724423717521653,0.25015323117921384,0.5300732844770153,0.21359093937375084,40.0,0.049218531194615535,0.3563224516988674,37525.0,0,0.0,0,1,0,0,0,,0.51488,-0.16551,0.9799999999999999,0.539153825,0.8868919473122258,2020,1.0714285714285714,17.0,30.0,-0.5714285714285714,104.83,-32.400000000000006,26.34711371527778,23.75609756097561,0.0,0.0,0.47381474768673093
ligue-1,2020-2021,Bordeaux,Bordeaux,0,12,38,13,6,19,42,56,-14,45,0,1.1842105263157894,1.105263157894737,1.4736842105263157,-0.3684210526315789,0.34210526315789475,0.15789473684210525,0,0,0.6,1.3157894736842106,1.0526315789473684,11.052631578947368,12.447368421052632,3.736842105263158,0.1,0.3684210526315789,36,26.0,20,2.94,105.7,0.5555555555555556,4.660604892876192,0.0,17.0,-17.0,6,12,5,5,-0.1608325449385052,24.416666666666668,5.184454786047557,26.917680324370465,0.1509816474605207,0.3390685019206146,0.29934912505335043,28.0,0.05627207165248634,0.37910798122065725,37488.0,0,0.0,0,1,0,0,0,,0.51488,-0.16551,0.9799999999999999,0.539153825,0.8868919473122258,2020,1.3214285714285714,12.0,37.0,0.21428571428571427,125.35,-45.25,26.28215109573241,24.032258064516128,0.0,0.0,-0.156761069006781
ligue-1,2020-2021,Angers,Angers,0,13,38,12,8,18,40,58,-18,44,0,1.1578947368421053,1.0526315789473684,1.5263157894736843,-0.47368421052631576,0.3157894736842105,0.21052631578947367,0,0,0.65,1.105263157894737,1.2105263157894737,10.552631578947368,10.526315789473685,3.763157894736842,0.09975062344139651,0.23684210526315788,38,26.2,21,2.94,111.65,0.5526315789473685,4.7153689782861665,11.25,10.7,0.5500000000000007,16,14,9,5,0.004926108374384243,24.789473684210527,5.105153171521317,27.410516777271397,0.023533487913435142,0.30049838756962766,0.41400815543295755,31.0,0.056408978476472915,0.3966578715919086,37521.0,0,0.0,0,1,0,0,0,,0.51488,-0.16551,0.9799999999999999,0.539153825,0.8868919473122258,2020,1.3928571428571428,10.0,39.0,-0.17857142857142858,89.48,-23.6,27.58801646922855,24.870967741935484,0.0,0.0,0.24776486365668315
ligue-1,2020-2021,Reims,Reims,0,14,38,9,15,14,42,50,-8,42,0,1.105263157894737,1.105263157894737,1.3157894736842106,-0.21052631578947367,0.23684210526315788,0.39473684210526316,0,0,0.7,1.0526315789473684,1.1578947368421053,9.552631578947368,13.5,3.3421052631578947,0.11570247933884298,0.2631578947368421,34,23.6,28,3.09,105.18,0.8235294117647058,4.655673168161198,11.2,17.0,-5.800000000000001,6,14,2,8,-0.05514356341509793,22.11764705882353,3.453278686963966,23.995234525594345,0.13474512743628186,0.4529877918183765,0.07737202827157849,29.0,0.06175239176834798,0.410928464339259,37352.0,0,0.0,0,1,0,0,0,,0.51488,-0.16551,0.9799999999999999,0.539153825,0.8868919473122258,2020,1.4642857142857142,5.0,41.0,0.17857142857142858,81.68,-4.900000000000002,24.726294430957644,22.70967741935484,0.0,0.0,0.28770812928501477
ligue-1,2020-2021,Strasbourg,Strasbourg,1,15,38,11,9,18,49,58,-9,42,0,1.105263157894737,1.2894736842105263,1.5263157894736843,-0.23684210526315788,0.2894736842105263,0.23684210526315788,0,0,0.75,0.8947368421052632,1.3157894736842106,11.473684210526315,10.078947368421053,3.8684210526315788,0.11238532110091744,0.2631578947368421,34,25.7,21,3.23,109.65,0.6176470588235294,4.697293474863897,12.0,0.5,11.5,7,6,4,1,0.10487916096671226,24.235294117647058,4.573035750076692,26.31727432872471,0.045828217583942774,0.29653552554315915,0.20866919340201784,26.0,0.05649974117425319,0.36796028399081837,37466.0,0,0.0,0,1,0,0,0,,0.51488,-0.16551,0.9799999999999999,0.539153825,0.8868919473122258,2020,1.4074074074074074,11.0,38.0,0.0,91.13,-10.5,25.29646117013317,24.70967741935484,0.0,0.0,0.20322616043015485
ligue-1,2020-2021,Lorient,Lorient,0,16,38,11,9,18,50,68,-18,42,0,1.105263157894737,1.3157894736842106,1.7894736842105263,-0.47368421052631576,0.2894736842105263,0.23684210526315788,0,0,0.8,1.6842105263157894,0.5263157894736842,11.236842105263158,12.263157894736842,3.710526315789474,0.117096018735363,0.13157894736842105,34,26.8,15,2.14,72.88,0.4411764705882353,4.288814252951703,26.5,6.5,20.0,19,19,10,7,0.27442371020856204,25.38235294117647,4.990990099638353,26.26811980387977,0.21234811340865486,0.44420166275847367,0.2883447026220422,27.0,0.05329558150762531,0.34941910040503094,37528.0,1,0.0,0,1,0,0,0,,0.51488,-0.16551,0.9799999999999999,0.539153825,0.8868919473122258,2020,,,,,,,,,,,
ligue-1,2020-2021,Brest,Brest,0,17,38,11,8,19,50,66,-16,41,0,1.0789473684210527,1.3157894736842106,1.736842105263158,-0.42105263157894735,0.2894736842105263,0.21052631578947367,0,0,0.85,1.4736842105263157,0.6842105263157895,11.842105263157896,12.736842105263158,4.2105263157894735,0.1111111111111111,0.18421052631578946,32,25.7,11,3.23,103.23,0.34375,4.636959508477498,16.1,12.0,4.100000000000001,14,15,6,5,0.03971713649133005,24.1875,4.276247224211978,24.24917553191489,0.12771276595744682,0.6026063829787234,0.1351595744680851,26.0,0.05802855930285197,0.3893882978723404,37600.0,0,0.0,0,1,0,0,0,,0.51488,-0.16551,0.9799999999999999,0.539153825,0.8868919473122258,2020,1.2142857142857142,14.0,34.0,-0.10714285714285714,47.78,7.0,25.446270543615675,25.0,1.0,0.0,1.1605274173294267
ligue-1,2020-2021,Nantes,Nantes,0,18,38,9,13,16,47,55,-8,40,0,1.0526315789473684,1.236842105263158,1.4473684210526316,-0.21052631578947367,0.23684210526315788,0.34210526315789475,0,0,0.9,0.8947368421052632,1.2105263157894737,10.842105263157896,12.026315789473685,3.4473684210526314,0.11407766990291263,0.13157894736842105,32,25.9,18,2.96,94.75,0.5625,4.5512418439625355,5.0,2.0,3.0,10,12,5,7,0.0316622691292876,24.4375,3.7238334393298214,25.20001066865815,0.2393513455845091,0.37959085695996586,0.07404048755767743,25.0,0.05999459642552049,0.39225988851252236,37493.0,0,0.0,0,1,0,0,0,,0.51488,-0.16551,0.9799999999999999,0.539153825,0.8868919473122258,2020,1.3214285714285714,13.0,37.0,-0.10714285714285714,106.15,-19.75,24.829677279462253,24.0,0.0,0.0,-0.10739519547809706
ligue-1,2020-2021,Nimes,Nimes,0,19,38,9,8,21,40,71,-31,35,0,0.9210526315789473,1.0526315789473684,1.868421052631579,-0.8157894736842105,0.23684210526315788,0.21052631578947367,0,0,0.95,0.7368421052631579,1.105263157894737,10.289473684210526,13.710526315789474,3.6842105263157894,0.10230179028132992,0.21052631578947367,36,25.3,20,1.68,60.4,0.5555555555555556,4.100989104940769,11.25,0.5,10.75,9,7,2,4,0.17798013245033112,23.86111111111111,3.9867837218043873,25.236087779644297,0.1482548062821641,0.294963069621097,0.08423326133909287,34.0,0.051325141604417944,0.37389008879289654,37503.0,0,1.0,0,1,0,0,0,,0.51488,-0.16551,0.9799999999999999,0.539153825,0.8868919473122258,2020,0.9642857142857143,18.0,27.0,-0.5357142857142857,49.65,-10.65,24.851601656134232,22.82857142857143,0.0,0.0,0.21651560926485391
ligue-1,2020-2021,Dijon,Dijon,0,20,38,4,9,25,25,73,-48,21,0,0.5526315789473685,0.6578947368421053,1.9210526315789473,-1.263157894736842,0.10526315789473684,0.23684210526315788,0,0,1.0,0.47368421052631576,0.631578947368421,9.236842105263158,14.0,2.4473684210526314,0.07122507122507123,0.15789473684210525,37,24.9,26,1.77,65.63,0.7027027027027027,4.184032908485631,15.8,17.0,-1.1999999999999993,15,15,8,7,-0.018284321194575643,23.324324324324323,4.690735870095758,25.040763041509027,0.27060798209623277,0.37022432994085364,0.21076890286140565,33.0,0.04896585987753122,0.34137049075504877,37534.0,0,1.0,0,1,0,0,0,,0.51488,-0.16551,0.9799999999999999,0.539153825,0.8868919473122258,2020,1.0714285714285714,16.0,30.0,-0.35714285714285715,50.23,-14.035,26.18255548716463,24.322580645161292,0.0,0.0,0.30658968743778625
ligue-1,2021-2022,Paris SG,Paris Saint-Germain,0,1,38,26,8,4,90,36,54,86,0,2.263157894736842,2.3684210526315788,0.9473684210526315,1.4210526315789473,0.6842105263157895,0.21052631578947367,1,1,0.05,2.6842105263157894,1.8421052631578947,14.81578947368421,10.81578947368421,5.7368421052631575,0.15985790408525755,0.34210526315789475,41,26.2,29,21.35,875.15,0.7073170731707317,6.774395300236844,91.0,11.0,80.0,15,17,9,15,0.09141290064560362,24.682926829268293,5.542738602848974,27.19317939987231,0.058549691423707174,0.2504256224728666,0.28886465205362843,36.0,0.0502665113712258,0.3487444137050436,37592.0,0,0.0,1,0,0,0,0,,1.22892,0.48492999999999997,5.139999999999999,3.3175438,0.8448367699169672,2021,2.1578947368421053,2.0,82.0,1.5263157894736843,805.0,61.6,26.073891887580103,23.195121951219512,0.0,1.0,0.08714285714285719
ligue-1,2021-2022,Marseille,Marseille,0,2,38,21,8,9,63,38,25,71,0,1.868421052631579,1.6578947368421053,1.0,0.6578947368421053,0.5526315789473685,0.21052631578947367,0,1,0.1,1.6842105263157894,2.0526315789473686,13.131578947368421,8.736842105263158,4.394736842105263,0.12625250501002003,0.39473684210526316,38,24.0,22,7.49,284.7,0.5789473684210527,5.651435994283992,53.72,8.0,45.72,18,20,10,10,0.1605900948366702,22.526315789473685,5.300366341776883,24.421174344116316,0.2254326041306717,0.4807421386991308,0.11344727678690093,27.0,0.0581760692732551,0.38441296084633586,37621.0,0,0.0,1,0,0,0,0,,1.22892,0.48492999999999997,5.139999999999999,3.3175438,0.8448367699169672,2021,1.5789473684210527,5.0,60.0,0.18421052631578946,247.95,-16.03,26.61952484032176,23.945945945945947,0.0,0.0,0.14821536600121
ligue-1,2021-2022,Monaco,Monaco,0,3,38,20,9,9,65,40,25,69,0,1.8157894736842106,1.7105263157894737,1.0526315789473684,0.6578947368421053,0.5263157894736842,0.23684210526315788,0,1,0.15,2.1052631578947367,1.5263157894736843,11.921052631578947,10.973684210526315,4.368421052631579,0.1434878587196468,0.2894736842105263,41,23.7,25,9.66,396.0,0.6097560975609756,5.981414211254481,50.3,34.643,15.656999999999996,22,23,18,10,0.03953787878787878,22.29268292682927,4.255842469118332,23.897020846090356,0.3048108410319214,0.5526476930859135,0.06866164372620537,27.0,0.057181052383749986,0.38039455818535184,37561.0,0,0.0,1,0,0,1,1,Rybolovlev,1.22892,0.48492999999999997,5.139999999999999,3.3175438,0.8448367699169672,2021,2.0526315789473686,3.0,78.0,0.8947368421052632,370.35,39.17,24.2327159998931,22.96969696969697,0.0,1.0,0.06925880923450789
ligue-1,2021-2022,Nice,Nice,0,4,38,20,7,11,52,36,16,67,0,1.763157894736842,1.368421052631579,0.9473684210526315,0.42105263157894735,0.5263157894736842,0.18421052631578946,0,1,0.2,1.7894736842105263,1.736842105263158,11.842105263157896,11.394736842105264,4.026315789473684,0.11555555555555555,0.3684210526315789,34,24.3,24,7.83,266.05,0.7058823529411765,5.583684261042379,63.0,26.05,36.95,22,23,14,12,0.1388836684833678,22.852941176470587,4.157011987365637,24.402607812750492,0.3945385560840058,0.5673863089830599,0.0937850692032277,27.0,0.05822736570782137,0.3959546839095816,37426.0,0,0.0,0,0,0,1,1,INEOS,1.22892,0.48492999999999997,5.139999999999999,3.3175438,0.8448367699169672,2021,1.368421052631579,9.0,52.0,-0.07894736842105263,236.1,8.719999999999999,23.027666719974416,21.414634146341463,0.0,0.0,0.126853028377806
ligue-1,2021-2022,Rennes,Rennes,0,5,38,20,6,12,82,40,42,66,0,1.736842105263158,2.1578947368421053,1.0526315789473684,1.105263157894737,0.5263157894736842,0.15789473684210525,0,0,0.25,2.263157894736842,1.2105263157894737,14.447368421052632,9.368421052631579,5.342105263157895,0.1493624772313297,0.3684210526315789,36,23.3,12,8.48,305.35,0.3333333333333333,5.7214586596691435,81.74,49.9,31.839999999999996,15,21,8,8,0.1042737841820861,21.86111111111111,4.940519219548706,24.894107623079584,0.24938094096972602,0.29839976568948534,0.0586308810607876,28.0,0.05969928008155759,0.38506802992784306,37557.0,0,0.0,0,0,0,0,0,,1.22892,0.48492999999999997,5.139999999999999,3.3175438,0.8448367699169672,2021,1.5263157894736843,6.0,58.0,0.3157894736842105,297.5,15.14,24.9805978115826,23.16216216216216,0.0,0.0,0.026386554621848912
ligue-1,2021-2022,Strasbourg,Strasbourg,1,6,38,17,12,9,60,43,17,63,0,1.6578947368421053,1.5789473684210527,1.131578947368421,0.4473684210526316,0.4473684210526316,0.3157894736842105,0,0,0.3,2.0,1.3157894736842106,12.631578947368421,10.736842105263158,4.2105263157894735,0.125,0.3684210526315789,33,25.4,21,3.64,120.05,0.6363636363636364,4.7879083226672625,4.5,16.0,-11.5,9,18,4,9,-0.09579341940857976,23.87878787878788,5.509977176436259,26.5075326058025,0.008730369976044717,0.21437317008251264,0.1434389140271493,26.0,0.06303701814991927,0.3799307958477509,37570.0,0,0.0,0,0,0,0,0,,1.22892,0.48492999999999997,5.139999999999999,3.3175438,0.8448367699169672,2021,1.105263157894737,15.0,42.0,-0.23684210526315788,109.65,11.5,26.31727432872471,24.235294117647058,0.0,0.0,0.09484724122207022
ligue-1,2021-2022,Lyon,Lyon,0,7,38,17,11,10,66,51,15,62,0,1.631578947368421,1.736842105263158,1.3421052631578947,0.39473684210526316,0.4473684210526316,0.2894736842105263,0,0,0.35,2.0,1.263157894736842,14.526315789473685,12.210526315789474,5.368421052631579,0.11956521739130435,0.23684210526315788,40,24.9,21,9.94,397.7,0.525,5.985697952213645,22.92,95.6,-72.67999999999999,16,16,11,6,-0.18275081719889363,23.325,4.901007222487209,24.97107713652979,0.21785533231943222,0.42962725793110806,0.1733770911710558,30.0,0.04991321621604405,0.3425118066117026,37479.0,0,0.0,0,0,0,0,0,,1.22892,0.48492999999999997,5.139999999999999,3.3175438,0.8448367699169672,2021,2.0,4.0,76.0,1.0,431.35,-14.0,25.251431920505098,23.2,0.0,0.0,-0.07801089602411038
ligue-1,2021-2022,Lens,Lens,0,8,38,17,11,10,62,48,14,62,0,1.631578947368421,1.631578947368421,1.263157894736842,0.3684210526315789,0.4473684210526316,0.2894736842105263,0,0,0.4,1.7894736842105263,1.4736842105263157,13.657894736842104,11.026315789473685,5.078947368421052,0.11946050096339114,0.21052631578947367,35,25.3,20,4.4,154.05,0.5714285714285714,5.037277225042677,23.1,18.0,5.100000000000001,14,18,5,10,0.03310613437195716,23.82857142857143,4.967457121314772,25.498434447507154,0.20849947814916905,0.41820322744667754,0.1899537024647416,28.0,0.06184997864727773,0.40781973398988414,37367.0,0,0.0,0,0,0,0,0,,1.22892,0.48492999999999997,5.139999999999999,3.3175438,0.8448367699169672,2021,1.5,7.0,57.0,0.02631578947368421,104.3,19.0,25.89356362956833,23.86111111111111,1.0,0.0,0.4769894534995207
ligue-1,2021-2022,Nantes,Nantes,0,9,38,15,10,13,55,48,7,55,0,1.4473684210526316,1.4473684210526316,1.263157894736842,0.18421052631578946,0.39473684210526316,0.2631578947368421,0,0,0.45,1.9473684210526316,0.9473684210526315,11.210526315789474,12.5,4.131578947368421,0.12910798122065728,0.21052631578947367,31,26.1,18,3.63,112.65,0.5806451612903226,4.724285666878253,7.5,15.8,-8.3,10,15,8,3,-0.07367953839325345,24.612903225806452,4.325717045414464,25.486280569023386,0.07008897650380948,0.34620917470296764,0.1454792476956684,26.0,0.06034061377343957,0.4036443071021365,37538.0,0,0.0,0,0,0,0,0,,1.22892,0.48492999999999997,5.139999999999999,3.3175438,0.8448367699169672,2021,1.0526315789473684,18.0,40.0,-0.21052631578947367,94.75,3.0,25.20001066865815,24.4375,0.0,0.0,0.18891820580474938
ligue-1,2021-2022,Lille,Lille,0,10,38,14,13,11,48,48,0,55,0,1.4473684210526316,1.263157894736842,1.263157894736842,0.0,0.3684210526315789,0.34210526315789475,0,0,0.5,1.5263157894736843,1.368421052631579,12.289473684210526,11.736842105263158,4.105263157894737,0.10278372591006424,0.2631578947368421,41,24.6,29,7.48,306.88,0.7073170731707317,5.726456791695074,26.57,79.05,-52.48,16,16,12,3,-0.17101147028154326,23.048780487804876,5.435766824985207,25.53256868498266,0.31995198719658574,0.4412376633769005,0.2329954654574553,26.0,0.055950339669132716,0.377140570818885,37490.0,0,0.0,0,0,0,0,0,,1.22892,0.48492999999999997,5.139999999999999,3.3175438,0.8448367699169672,2021,2.1842105263157894,1.0,83.0,1.0789473684210527,323.2,-67.64500000000001,24.792217464159375,22.5625,0.0,1.0,-0.05049504950495043
ligue-1,2021-2022,Brest,Brest,0,11,38,13,9,16,49,57,-8,48,0,1.263157894736842,1.2894736842105263,1.5,-0.21052631578947367,0.34210526315789475,0.23684210526315788,0,0,0.55,1.3157894736842106,1.2105263157894737,10.552631578947368,13.026315789473685,3.8684210526315788,0.12219451371571072,0.18421052631578946,30,26.0,11,3.44,103.15,0.36666666666666664,4.636184239517261,5.25,28.2,-22.95,14,15,6,5,-0.22249151720794957,24.433333333333334,4.18275056617659,24.740959999999998,0.16274666666666668,0.47189333333333333,0.12717333333333333,25.0,0.057016366933333326,0.38880000000000003,37500.0,0,0.0,0,0,0,0,0,,1.22892,0.48492999999999997,5.139999999999999,3.3175438,0.8448367699169672,2021,1.0789473684210527,17.0,41.0,-0.42105263157894735,103.23,4.100000000000001,24.24917553191489,24.1875,0.0,0.0,-0.0007749685169039511
ligue-1,2021-2022,Reims,Reims,0,12,38,11,13,14,43,44,-1,46,0,1.2105263157894737,1.131578947368421,1.1578947368421053,-0.02631578947368421,0.2894736842105263,0.34210526315789475,0,0,0.6,1.105263157894737,1.3157894736842106,10.394736842105264,13.5,3.8157894736842106,0.10886075949367088,0.2894736842105263,40,24.0,30,3.74,149.4,0.75,5.006627272698717,16.0,15.05,0.9499999999999993,13,15,8,9,0.006358768406961173,22.475,4.562879769933873,23.41840668165757,0.31887782417817756,0.6072920012849341,0.08574258485919263,35.0,0.053377176660478524,0.39147660349073776,37356.0,0,0.0,0,0,0,0,0,,1.22892,0.48492999999999997,5.139999999999999,3.3175438,0.8448367699169672,2021,1.105263157894737,14.0,42.0,-0.21052631578947367,105.18,-5.800000000000001,23.995234525594345,22.11764705882353,0.0,0.0,0.42042213348545343
ligue-1,2021-2022,Montpellier,Montpellier,0,13,38,12,7,19,49,61,-12,43,0,1.131578947368421,1.2894736842105263,1.605263157894737,-0.3157894736842105,0.3157894736842105,0.18421052631578946,0,0,0.65,1.368421052631579,0.8947368421052632,11.421052631578947,15.842105263157896,4.2105263157894735,0.11290322580645161,0.2631578947368421,36,25.3,19,4.02,144.6,0.5277777777777778,4.973971309724664,0.2,25.0,-24.8,9,14,4,2,-0.1715076071922545,23.833333333333332,4.711687595755898,25.331221767834712,0.2198433699516211,0.4010905300296688,0.14802341432122523,27.0,0.057838217665991884,0.37104749685938043,37413.0,0,0.0,0,0,0,0,0,,1.22892,0.48492999999999997,5.139999999999999,3.3175438,0.8448367699169672,2021,1.4210526315789473,8.0,54.0,-0.05263157894736842,113.85,13.1,27.44417312904178,24.235294117647058,0.0,0.0,0.2700922266139658
ligue-1,2021-2022,Angers,Angers,0,14,38,10,11,17,44,55,-11,41,0,1.0789473684210527,1.1578947368421053,1.4473684210526316,-0.2894736842105263,0.2631578947368421,0.2894736842105263,0,0,0.7,1.368421052631579,0.7894736842105263,10.31578947368421,11.368421052631579,3.5526315789473686,0.11224489795918367,0.21052631578947367,38,25.8,21,2.36,89.5,0.5526315789473685,4.4942386252808095,1.87,18.1,-16.23,9,15,4,9,-0.18134078212290503,24.36842105263158,4.967032137036725,26.847297729453153,0.16975802153288563,0.22039228227267882,0.3191823899371069,30.0,0.05435998060342401,0.359982944249014,37524.0,0,0.0,0,0,0,0,0,,1.22892,0.48492999999999997,5.139999999999999,3.3175438,0.8448367699169672,2021,1.1578947368421053,13.0,44.0,-0.47368421052631576,111.65,0.5500000000000007,27.410516777271397,24.789473684210527,0.0,0.0,-0.19838781907747427
ligue-1,2021-2022,Troyes,Troyes,0,15,38,9,11,18,37,53,-16,38,0,1.0,0.9736842105263158,1.394736842105263,-0.42105263157894735,0.23684210526315788,0.2894736842105263,0,0,0.75,1.1578947368421053,0.8421052631578947,10.289473684210526,12.394736842105264,3.473684210526316,0.09462915601023018,0.23684210526315788,50,25.1,28,1.46,73.2,0.56,4.293195420967266,21.8,0.0,21.8,24,23,10,16,0.2978142076502732,23.64,5.118035337342417,26.642195485519593,0.1445379045996593,0.22412691652470187,0.23067504258943783,35.0,0.051264306482337346,0.36712095400340716,37568.0,1,0.0,0,0,0,1,1,City Football Group,1.22892,0.48492999999999997,5.139999999999999,3.3175438,0.8448367699169672,2021,,,,,,,,,,,
ligue-1,2021-2022,Lorient,Lorient,0,16,38,8,12,18,35,63,-28,36,0,0.9473684210526315,0.9210526315789473,1.6578947368421053,-0.7368421052631579,0.21052631578947367,0.3157894736842105,0,0,0.8,1.263157894736842,0.631578947368421,11.68421052631579,12.263157894736842,3.9473684210526314,0.07882882882882883,0.2894736842105263,35,25.8,15,1.75,61.3,0.42857142857142855,4.115779842942166,10.5,10.0,0.5,11,17,5,9,0.008156606851549756,24.37142857142857,5.087965699371724,25.719053834474305,0.10319384140006926,0.3982579046908713,0.23963133640552994,29.0,0.05647751658509898,0.39607362616872216,37541.0,0,0.0,0,0,0,0,0,,1.22892,0.48492999999999997,5.139999999999999,3.3175438,0.8448367699169672,2021,1.105263157894737,16.0,42.0,-0.47368421052631576,72.88,20.0,26.26811980387977,25.38235294117647,1.0,0.0,-0.15889132821075735
ligue-1,2021-2022,Clermont,Clermont,0,17,38,9,9,20,38,69,-31,36,0,0.9473684210526315,1.0,1.8157894736842106,-0.8157894736842105,0.23684210526315788,0.23684210526315788,0,0,0.85,0.9473684210526315,0.9473684210526315,11.552631578947368,11.552631578947368,3.6315789473684212,0.08656036446469248,0.21052631578947367,39,25.5,24,1.41,55.1,0.6153846153846154,4.009149716158869,0.0,0.0,0.0,16,16,8,9,0.0,24.102564102564102,4.4295352720173575,26.527004253270203,0.12799935799695047,0.2546612096407458,0.20073295348152903,28.0,0.05445673342405134,0.3687505015648824,37383.0,1,0.0,0,0,0,0,0,,1.22892,0.48492999999999997,5.139999999999999,3.3175438,0.8448367699169672,2021,,,,,,,,,,,
ligue-1,2021-2022,St Etienne,Saint-Etienne,0,18,38,7,11,20,42,77,-35,32,0,0.8421052631578947,1.105263157894737,2.026315789473684,-0.9210526315789473,0.18421052631578946,0.2894736842105263,0,0,0.9,0.9473684210526315,0.7368421052631579,11.552631578947368,12.052631578947368,4.0,0.09567198177676538,0.10526315789473684,44,24.4,26,2.4,105.65,0.5909090909090909,4.660131744062066,0.6,0.0,0.6,13,14,10,6,0.005679129200189304,22.954545454545453,4.440587356156084,24.516340218582158,0.21751329396360528,0.5162333324426155,0.19878149800924566,39.0,0.047514865516601404,0.3454827245276969,37423.0,0,1.0,0,0,0,0,0,,1.22892,0.48492999999999997,5.139999999999999,3.3175438,0.8448367699169672,2021,1.2105263157894737,11.0,46.0,-0.3157894736842105,154.5,-37.9,24.724423717521653,22.558139534883722,0.0,0.0,-0.31618122977346275
ligue-1,2021-2022,Metz,Metz,0,19,38,6,13,19,35,69,-34,31,0,0.8157894736842105,0.9210526315789473,1.8157894736842106,-0.8947368421052632,0.15789473684210525,0.34210526315789475,0,0,0.95,0.8421052631578947,0.7894736842105263,9.710526315789474,14.68421052631579,3.026315789473684,0.0948509485094851,0.21052631578947367,41,25.6,29,2.22,91.05,0.7073170731707317,4.511408806173617,2.5,23.5,-21.0,16,19,7,12,-0.23064250411861614,24.024390243902438,4.021739703648465,25.311675126903555,0.18076409297355062,0.28338231365215066,0.1827945498263425,36.0,0.04324225703992898,0.3198236708522575,37430.0,0,1.0,0,0,0,0,0,,1.22892,0.48492999999999997,5.139999999999999,3.3175438,0.8448367699169672,2021,1.236842105263158,10.0,47.0,-0.10526315789473684,103.5,4.699999999999999,25.19681247339293,23.62857142857143,0.0,0.0,-0.12028985507246381
ligue-1,2021-2022,Bordeaux,Bordeaux,0,20,38,6,13,19,52,91,-39,31,0,0.8157894736842105,1.368421052631579,2.3947368421052633,-1.0263157894736843,0.15789473684210525,0.34210526315789475,0,0,1.0,0.8421052631578947,0.7894736842105263,11.921052631578947,13.68421052631579,3.973684210526316,0.11479028697571744,0.05263157894736842,54,24.5,33,2.16,116.85,0.6111111111111112,4.760891060984867,10.05,19.1,-9.05,20,18,14,4,-0.07744972186563973,23.21153846153846,5.104156470270236,25.030416833133565,0.2158210147822613,0.449833533093621,0.21635370888267413,39.0,0.04224128932261355,0.3040085231056066,37545.0,0,1.0,0,0,0,0,0,,1.22892,0.48492999999999997,5.139999999999999,3.3175438,0.8448367699169672,2021,1.1842105263157894,12.0,45.0,-0.3684210526315789,105.7,-17.0,26.917680324370465,24.416666666666668,0.0,0.0,0.10548722800378418
ligue-1,2022-2023,Paris SG,Paris Saint-Germain,0,1,38,27,4,7,89,40,49,85,0,2.236842105263158,2.3421052631578947,1.0526315789473684,1.2894736842105263,0.7105263157894737,0.10526315789473684,1,1,0.05,2.1578947368421053,2.3157894736842106,14.947368421052632,11.736842105263158,6.684210526315789,0.15669014084507044,0.34210526315789475,37,25.9,24,24.08,891.1,0.6486486486486487,6.792456654618674,147.0,61.8,85.2,19,34,13,18,0.09561216474020873,24.486486486486488,5.85767123627746,26.38862470613379,0.12107287882026074,0.40810002137208806,0.26407886300491556,26.0,0.05774067230998197,0.3873958110707416,37432.0,0,0.0,1,0,0,0,0,,3.50997,2.63898,8.81,5.864466999999999,0.87278441322353,2022,2.263157894736842,1.0,86.0,1.4210526315789473,875.15,80.0,27.19317939987231,24.682926829268293,0.0,1.0,0.018225447066217315
ligue-1,2022-2023,Lens,Lens,0,2,38,25,9,4,68,29,39,84,0,2.210526315789474,1.7894736842105263,0.7631578947368421,1.0263157894736843,0.6578947368421053,0.23684210526315788,0,1,0.1,2.736842105263158,1.6842105263157894,13.894736842105264,10.289473684210526,4.947368421052632,0.12878787878787878,0.39473684210526316,39,25.4,23,6.11,238.15,0.5897435897435898,5.472900727246869,43.94,51.550000000000004,-7.6100000000000065,19,16,10,3,-0.031954650430401035,23.897435897435898,4.506106218495263,25.894568263712795,0.04292005872147338,0.3784065127452289,0.0849592953423195,29.0,0.06614862656901414,0.41652208728146267,37465.0,0,0.0,1,0,0,0,0,,3.50997,2.63898,8.81,5.864466999999999,0.87278441322353,2022,1.631578947368421,8.0,62.0,0.3684210526315789,154.05,5.100000000000001,25.498434447507154,23.82857142857143,0.0,0.0,0.54592664719247
ligue-1,2022-2023,Marseille,Marseille,0,3,38,22,7,9,67,40,27,73,0,1.9210526315789473,1.763157894736842,1.0526315789473684,0.7105263157894737,0.5789473684210527,0.18421052631578946,0,1,0.15,1.7894736842105263,2.0526315789473686,14.631578947368421,11.263157894736842,4.921052631578948,0.12050359712230216,0.2631578947368421,37,25.6,29,8.96,331.55,0.7837837837837838,5.803778627814877,121.55,37.480000000000004,84.07,25,28,12,18,0.2535665812094706,24.16216216216216,4.657810128718773,26.719270209082435,0.029244906112664802,0.2514848848049008,0.09545878279398055,30.0,0.06006598021912924,0.38298042349180983,37545.0,0,0.0,1,0,0,0,0,,3.50997,2.63898,8.81,5.864466999999999,0.87278441322353,2022,1.868421052631579,2.0,71.0,0.6578947368421053,284.7,45.72,24.421174344116316,22.526315789473685,0.0,1.0,0.1645591851071304
ligue-1,2022-2023,Rennes,Rennes,0,4,38,21,5,12,69,39,30,68,0,1.7894736842105263,1.8157894736842106,1.0263157894736843,0.7894736842105263,0.5526315789473685,0.13157894736842105,0,1,0.2,2.3684210526315788,1.2105263157894737,13.921052631578947,9.894736842105264,5.078947368421052,0.13043478260869565,0.34210526315789475,38,24.3,19,10.2,387.75,0.5,5.960360802056648,84.0,95.0,-11.0,16,20,9,9,-0.028368794326241134,23.0,5.093568929978709,24.747666285471134,0.28448711470439614,0.4803595649051887,0.14749607723198851,32.0,0.05124787029545744,0.38009627403526497,37601.0,0,0.0,0,0,0,0,0,,3.50997,2.63898,8.81,5.864466999999999,0.87278441322353,2022,1.736842105263158,5.0,66.0,1.105263157894737,305.35,31.839999999999996,24.894107623079584,21.86111111111111,0.0,0.0,0.2698542655968559
ligue-1,2022-2023,Lille,Lille,0,5,38,19,10,9,65,44,21,67,0,1.763157894736842,1.7105263157894737,1.1578947368421053,0.5526315789473685,0.5,0.2631578947368421,0,0,0.25,2.263157894736842,1.263157894736842,14.657894736842104,8.631578947368421,5.7368421052631575,0.11669658886894076,0.2631578947368421,33,25.3,21,7.51,247.95,0.6363636363636364,5.513227112935143,25.5,106.77,-81.27,14,16,4,3,-0.3277676950998185,23.818181818181817,5.513928643980541,25.389265491666002,0.2621155328707765,0.5396762102241008,0.26852221070260784,26.0,0.05883694746101744,0.38825531009915726,37617.0,0,0.0,0,0,0,0,0,,3.50997,2.63898,8.81,5.864466999999999,0.87278441322353,2022,1.4473684210526316,10.0,55.0,0.0,306.88,-52.48,25.53256868498266,23.048780487804876,0.0,0.0,-0.19202945776850888
ligue-1,2022-2023,Monaco,Monaco,0,6,38,19,8,11,70,58,12,65,0,1.7105263157894737,1.8421052631578947,1.5263157894736843,0.3157894736842105,0.5,0.21052631578947367,0,0,0.3,1.5789473684210527,1.8421052631578947,12.631578947368421,13.5,5.526315789473684,0.14583333333333334,0.23684210526315788,32,24.3,18,11.51,368.3,0.5625,5.90889782345102,43.5,156.2,-112.69999999999999,16,21,13,9,-0.3060005430355688,22.8125,3.736804741676952,24.157305472424106,0.17967079948696024,0.42686511329628046,0.05686190679777683,27.0,0.05823748357452064,0.4067977768277041,37424.0,0,0.0,0,0,0,1,1,Rybolovlev,3.50997,2.63898,8.81,5.864466999999999,0.87278441322353,2022,1.8157894736842106,3.0,69.0,0.6578947368421053,396.0,15.656999999999996,23.897020846090356,22.29268292682927,0.0,1.0,-0.06994949494949487
ligue-1,2022-2023,Lyon,Lyon,0,7,38,18,8,12,65,47,18,62,0,1.631578947368421,1.7105263157894737,1.236842105263158,0.47368421052631576,0.47368421052631576,0.21052631578947367,0,0,0.35,1.8421052631578947,1.4210526315789473,13.631578947368421,11.289473684210526,5.473684210526316,0.12548262548262548,0.21052631578947367,34,25.5,17,10.32,350.95,0.5,5.86064376317643,32.45,79.85000000000001,-47.400000000000006,15,23,6,15,-0.13506197464026218,23.91176470588235,5.440408000847572,24.826012883990842,0.36330724591385827,0.48666347228877177,0.28339455890965237,29.0,0.05371817885743544,0.38638662620454667,37566.0,0,0.0,0,0,0,1,1,Eagle Football Holdings (Textor),3.50997,2.63898,8.81,5.864466999999999,0.87278441322353,2022,1.631578947368421,7.0,62.0,0.39473684210526316,397.7,-72.67999999999999,24.97107713652979,23.325,0.0,0.0,-0.11755091777721904
ligue-1,2022-2023,Clermont,Clermont,0,8,38,17,8,13,45,49,-4,59,0,1.5526315789473684,1.1842105263157894,1.2894736842105263,-0.10526315789473684,0.4473684210526316,0.21052631578947367,0,0,0.4,1.5789473684210527,1.5263157894736843,10.552631578947368,12.710526315789474,3.973684210526316,0.11221945137157108,0.2631578947368421,33,26.3,22,1.45,48.0,0.6666666666666666,3.871201010907891,2.3,21.4,-19.099999999999998,19,25,8,7,-0.39791666666666664,24.87878787878788,4.948216697442471,26.814756588238428,0.08699938714061126,0.1526286338564843,0.17828879000239814,28.0,0.05965128766761955,0.38258413493564974,37529.0,0,0.0,0,0,0,0,0,,3.50997,2.63898,8.81,5.864466999999999,0.87278441322353,2022,0.9473684210526315,17.0,36.0,-0.8157894736842105,55.1,0.0,26.527004253270203,24.102564102564102,1.0,0.0,-0.12885662431941924
ligue-1,2022-2023,Nice,Nice,0,9,38,15,13,10,48,37,11,58,0,1.5263157894736843,1.263157894736842,0.9736842105263158,0.2894736842105263,0.39473684210526316,0.34210526315789475,0,0,0.45,1.4736842105263157,1.5789473684210527,13.526315789473685,11.736842105263158,5.157894736842105,0.0933852140077821,0.2894736842105263,41,24.3,28,7.58,310.8,0.6829268292682927,5.739149618493492,83.0,49.55,33.45,25,28,14,16,0.10762548262548263,22.925,4.953048789149196,25.92402398401066,0.22086608927381746,0.5339373750832778,0.2373884077281812,34.0,0.05332525285164099,0.3859027315123251,37525.0,0,0.0,0,0,0,1,1,INEOS,3.50997,2.63898,8.81,5.864466999999999,0.87278441322353,2022,1.763157894736842,4.0,67.0,0.42105263157894735,266.05,36.95,24.402607812750492,22.852941176470587,0.0,0.0,0.16820146588987028
ligue-1,2022-2023,Lorient,Lorient,0,10,38,15,10,13,52,53,-1,55,0,1.4473684210526316,1.368421052631579,1.394736842105263,-0.02631578947368421,0.39473684210526316,0.2631578947368421,0,0,0.5,1.631578947368421,1.263157894736842,10.605263157894736,14.947368421052632,4.131578947368421,0.12903225806451613,0.21052631578947367,42,24.6,18,4.18,175.45,0.42857142857142855,5.167354102029224,30.2,39.45,-9.250000000000004,24,27,13,14,-0.05272157309774867,23.142857142857142,3.8099448083284235,24.604959293353907,0.23186824881604853,0.4804448464853935,0.13135209918586707,30.0,0.052459119425463815,0.3880434204224977,37586.0,0,0.0,0,0,0,0,0,,3.50997,2.63898,8.81,5.864466999999999,0.87278441322353,2022,0.9473684210526315,16.0,36.0,-0.7368421052631579,61.3,0.5,25.719053834474305,24.37142857142857,0.0,0.0,1.8621533442088092
ligue-1,2022-2023,Reims,Reims,0,11,38,12,15,11,45,45,0,51,0,1.3421052631578947,1.1842105263157894,1.1842105263157894,0.0,0.3157894736842105,0.39473684210526316,0,0,0.55,1.5789473684210527,1.105263157894737,13.763157894736842,12.763157894736842,4.684210526315789,0.08604206500956023,0.3684210526315789,40,23.8,31,3.98,159.05,0.775,5.069218618195153,20.4,28.95,-8.55,20,29,13,17,-0.05375668028921723,22.375,4.834106923061357,24.35368043087971,0.2172619845119108,0.44425091776306974,0.08923068678153219,34.0,0.056421159700854144,0.39577695007904823,37319.0,0,0.0,0,0,0,0,0,,3.50997,2.63898,8.81,5.864466999999999,0.87278441322353,2022,1.2105263157894737,12.0,46.0,-0.02631578947368421,149.4,0.9499999999999993,23.41840668165757,22.475,0.0,0.0,0.06459170013386895
ligue-1,2022-2023,Montpellier,Montpellier,0,12,38,15,5,18,65,62,3,50,0,1.3157894736842106,1.7105263157894737,1.631578947368421,0.07894736842105263,0.39473684210526316,0.13157894736842105,0,0,0.6,1.263157894736842,1.368421052631579,11.68421052631579,13.763157894736842,4.631578947368421,0.1463963963963964,0.2894736842105263,39,25.1,20,3.66,142.9,0.5128205128205128,4.9621450849358215,9.5,10.0,-0.5,13,14,5,5,-0.003498950314905528,23.641025641025642,4.906961646944919,25.48009637264088,0.23311471021282293,0.36881274260473834,0.27985544103868293,31.0,0.05097985928403373,0.35109088475438366,37355.0,0,0.0,0,0,0,0,0,,3.50997,2.63898,8.81,5.864466999999999,0.87278441322353,2022,1.131578947368421,13.0,43.0,-0.3157894736842105,144.6,-24.8,25.331221767834712,23.833333333333332,0.0,0.0,-0.011756569847856113
ligue-1,2022-2023,Toulouse,Toulouse,0,13,38,13,9,16,51,57,-6,48,0,1.263157894736842,1.3421052631578947,1.5,-0.15789473684210525,0.34210526315789475,0.23684210526315788,0,0,0.65,1.263157894736842,1.263157894736842,12.105263157894736,14.289473684210526,4.815789473684211,0.1108695652173913,0.23684210526315788,37,24.0,30,2.83,104.8,0.8108108108108109,4.6520537718869415,14.7,11.0,3.6999999999999993,12,15,3,8,0.03530534351145038,22.54054054054054,3.6560041529470895,24.50815788773256,0.29576002768092413,0.38149104362407177,0.04870777993665327,29.0,0.0615829145178456,0.419126453913923,37571.0,1,0.0,0,0,0,1,1,RedBird Capital,3.50997,2.63898,8.81,5.864466999999999,0.87278441322353,2022,,,,,,,,,,,
ligue-1,2022-2023,Brest,Brest,0,14,38,11,11,16,44,54,-10,44,0,1.1578947368421053,1.1578947368421053,1.4210526315789473,-0.2631578947368421,0.2894736842105263,0.2894736842105263,0,0,0.7,1.368421052631579,0.9473684210526315,11.236842105263158,12.921052631578947,3.6842105263157894,0.10304449648711944,0.23684210526315788,32,26.3,16,2.4,76.65,0.5,4.339249605317823,5.35,2.1,3.2499999999999996,17,19,8,8,0.04240052185257664,24.8125,4.475290583465124,26.104459344401874,0.026234567901234566,0.1788260962111537,0.16224989357173264,29.0,0.05622154352114185,0.3830885483184333,37584.0,0,0.0,0,0,0,0,0,,3.50997,2.63898,8.81,5.864466999999999,0.87278441322353,2022,1.263157894736842,11.0,48.0,-0.21052631578947367,103.15,-22.95,24.740959999999998,24.433333333333334,0.0,0.0,-0.2569074163839069
ligue-1,2022-2023,Strasbourg,Strasbourg,1,15,38,9,13,16,51,59,-8,40,0,1.0526315789473684,1.3421052631578947,1.5526315789473684,-0.21052631578947367,0.23684210526315788,0.34210526315789475,0,0,0.75,1.1578947368421053,0.9473684210526315,11.789473684210526,11.263157894736842,4.2894736842105265,0.11383928571428571,0.15789473684210525,36,26.0,19,3.43,123.55,0.5277777777777778,4.816645932434619,7.0,10.9,-3.9000000000000004,15,16,10,10,-0.03156616754350466,24.555555555555557,5.515922119228736,26.761000240442414,0.11084395287328684,0.18348427773770404,0.2714327696294515,29.0,0.05186978145207823,0.3663006598808475,37431.0,0,0.0,0,0,0,0,0,,3.50997,2.63898,8.81,5.864466999999999,0.87278441322353,2022,1.6578947368421053,6.0,63.0,0.4473684210526316,120.05,-11.5,26.5075326058025,23.87878787878788,0.0,0.0,0.029154518950437414
ligue-1,2022-2023,Nantes,Nantes,0,16,38,7,15,16,37,55,-18,36,0,0.9473684210526315,0.9736842105263158,1.4473684210526316,-0.47368421052631576,0.18421052631578946,0.39473684210526316,0,0,0.8,1.2105263157894737,0.6842105263157895,11.81578947368421,12.0,4.184210526315789,0.08240534521158129,0.2894736842105263,37,26.0,21,3.22,119.28,0.5675675675675675,4.781473670456483,12.450000000000001,0.0,12.450000000000001,12,12,7,6,0.10437625754527163,24.513513513513512,5.058664852516926,26.143664223850763,0.10936708860759493,0.26091938707528317,0.2966022651565623,29.0,0.05547684781320558,0.3803331112591606,37525.0,0,0.0,0,0,0,0,0,,3.50997,2.63898,8.81,5.864466999999999,0.87278441322353,2022,1.4473684210526316,9.0,55.0,0.18421052631578946,112.65,-8.3,25.486280569023386,24.612903225806452,0.0,0.0,0.058854860186418057
ligue-1,2022-2023,Auxerre,Auxerre,0,17,38,8,11,19,35,63,-28,35,0,0.9210526315789473,0.9210526315789473,1.6578947368421053,-0.7368421052631579,0.21052631578947367,0.2894736842105263,0,0,0.85,1.1578947368421053,0.6842105263157895,11.236842105263158,12.447368421052632,3.3421052631578947,0.08196721311475409,0.18421052631578946,42,26.5,20,1.3,54.8,0.47619047619047616,4.00369019395397,2.25,0.5,1.75,18,18,7,8,0.03193430656934307,25.0,4.96327979681414,26.739680674961285,0.10079030277139958,0.22625086773108347,0.34279382709456935,33.0,0.04985089857107117,0.35582314305548135,37454.0,1,1.0,0,0,0,0,0,,3.50997,2.63898,8.81,5.864466999999999,0.87278441322353,2022,,,,,,,,,,,
ligue-1,2022-2023,Ajaccio,AC Ajaccio,0,18,38,7,5,26,23,74,-51,26,0,0.6842105263157895,0.6052631578947368,1.9473684210526316,-1.3421052631578947,0.18421052631578946,0.13157894736842105,0,0,0.9,0.7894736842105263,0.5789473684210527,8.394736842105264,11.078947368421053,2.3421052631578947,0.07210031347962383,0.15789473684210525,41,27.1,24,0.659,27.0,0.5853658536585366,3.295836866004329,0.3,0.6,-0.3,15,11,7,3,-0.011111111111111112,25.609756097560975,6.606353187578181,28.59068411054927,0.04583032346095192,0.16796425609331941,0.4655001739037376,36.0,0.048108707548800846,0.3427241351633358,37377.0,1,1.0,0,0,0,0,0,,3.50997,2.63898,8.81,5.864466999999999,0.87278441322353,2022,,,,,,,,,,,
ligue-1,2022-2023,Troyes,Troyes,0,19,38,4,12,22,45,81,-36,24,0,0.631578947368421,1.1842105263157894,2.1315789473684212,-0.9473684210526315,0.10526315789473684,0.3157894736842105,0,0,0.95,0.7368421052631579,0.5263157894736842,10.368421052631579,16.473684210526315,3.6842105263157894,0.11421319796954314,0.02631578947368421,41,24.9,21,1.86,76.3,0.5121951219512195,4.334672938290411,24.8,10.0,14.8,23,26,13,11,0.19397116644823068,23.4390243902439,5.334082772547708,25.2770470371655,0.2511672580774259,0.33403591152850776,0.13662922547424028,32.0,0.054527676625564576,0.3695472372668819,37481.0,0,1.0,0,0,0,1,1,City Football Group,3.50997,2.63898,8.81,5.864466999999999,0.87278441322353,2022,1.0,15.0,38.0,-0.42105263157894735,73.2,21.8,26.642195485519593,23.64,1.0,0.0,0.042349726775956276
ligue-1,2022-2023,Angers,Angers,0,20,38,4,6,28,33,81,-48,18,0,0.47368421052631576,0.868421052631579,2.1315789473684212,-1.263157894736842,0.10526315789473684,0.15789473684210525,0,0,1.0,0.631578947368421,0.3157894736842105,9.789473684210526,12.18421052631579,3.4210526315789473,0.08870967741935484,0.10526315789473684,44,25.1,23,1.63,71.8,0.5227272727272727,4.273884476054178,6.0,39.0,-33.0,20,20,8,2,-0.4596100278551532,23.613636363636363,4.431472583695208,25.224404189376937,0.14905952762637598,0.43408677995083894,0.08723415624666025,33.0,0.049725558213017974,0.35788714331516513,37428.0,0,1.0,0,0,0,0,0,,3.50997,2.63898,8.81,5.864466999999999,0.87278441322353,2022,1.0789473684210527,14.0,41.0,-0.2894736842105263,89.5,-16.23,26.847297729453153,24.36842105263158,0.0,0.0,-0.1977653631284917
ligue-1,2023-2024,Paris SG,Paris Saint-Germain,0,1,34,22,10,2,81,33,48,76,0,2.235294117647059,2.3823529411764706,0.9705882352941176,1.411764705882353,0.6470588235294118,0.29411764705882354,1,1,0.05555555555555555,1.9411764705882353,2.5294117647058822,15.088235294117647,12.117647058823529,5.852941176470588,0.15789473684210525,0.35294117647058826,36,24.9,21,28.36,1020.0,0.5833333333333334,6.927557906278317,454.5,210.65,243.85,31,31,16,14,0.2390686274509804,23.416666666666668,5.039132578416363,24.23391185065903,0.16070257052543688,0.38381940716884355,0.07040615494721775,29.0,0.0480599117520791,0.31052066559312935,33534.0,0,,1,0,0,0,0,,4.21815,3.00687,4.33,3.3763618,0.8600092934658123,2023,2.236842105263158,1.0,85.0,1.2894736842105263,891.1,85.2,26.38862470613379,24.486486486486488,0.0,1.0,0.14465267646728752
ligue-1,2023-2024,Monaco,Monaco,0,2,34,20,7,7,68,42,26,67,0,1.9705882352941178,2.0,1.2352941176470589,0.7647058823529411,0.5882352941176471,0.20588235294117646,0,1,0.1111111111111111,1.9411764705882353,2.0,15.205882352941176,11.558823529411764,6.205882352941177,0.13152804642166344,0.35294117647058826,40,24.0,22,9.96,398.55,0.55,5.9878329608739325,86.2,62.0,24.200000000000003,13,17,7,7,0.060720110400200734,22.55,4.025240875098546,24.441509208680337,0.1921733679591654,0.4161965314468225,0.06931136383988537,30.0,0.05177569879831126,0.34357183367660665,33501.0,0,,1,0,0,1,1,Rybolovlev,4.21815,3.00687,4.33,3.3763618,0.8600092934658123,2023,1.7105263157894737,6.0,65.0,0.3157894736842105,368.3,-112.69999999999999,24.157305472424106,22.8125,0.0,0.0,0.08213412978550094
ligue-1,2023-2024,Brest,Brest,0,3,34,17,10,7,53,34,19,61,0,1.7941176470588236,1.5588235294117647,1.0,0.5588235294117647,0.5,0.29411764705882354,0,1,0.16666666666666666,1.8235294117647058,1.7647058823529411,14.176470588235293,10.529411764705882,5.088235294117647,0.10995850622406639,0.4411764705882353,31,25.9,10,3.71,115.15,0.3225806451612903,4.746235626266694,3.5,8.6,-5.1,15,17,9,10,-0.044290056448111154,24.451612903225808,4.342339689441007,26.554485178247553,0.11711711711711711,0.2601908839532602,0.28424464068028427,25.0,0.06847260627626621,0.42984568727142985,33633.0,0,,1,0,0,0,0,,4.21815,3.00687,4.33,3.3763618,0.8600092934658123,2023,1.1578947368421053,14.0,44.0,-0.2631578947368421,76.65,3.2499999999999996,26.104459344401874,24.8125,0.0,0.0,0.5022831050228309
ligue-1,2023-2024,Lille,Lille,0,4,34,16,11,7,52,34,18,59,0,1.7352941176470589,1.5294117647058822,1.0,0.5294117647058824,0.47058823529411764,0.3235294117647059,0,1,0.2222222222222222,2.176470588235294,1.2941176470588236,13.0,9.705882352941176,5.0,0.11764705882352941,0.4411764705882353,41,23.8,26,8.02,328.9,0.6341463414634146,5.795753753195012,39.45,44.6,-5.149999999999999,12,12,2,5,-0.01565825478868957,22.29268292682927,5.182875179082671,24.452769020284336,0.28731187912676226,0.5594253762417465,0.19638926893105704,28.0,0.06445863728799336,0.3998572363333531,33622.0,0,,0,0,0,0,0,,4.21815,3.00687,4.33,3.3763618,0.8600092934658123,2023,1.763157894736842,5.0,67.0,0.5526315789473685,247.95,-81.27,25.389265491666002,23.818181818181817,0.0,0.0,0.3264771123210324
ligue-1,2023-2024,Nice,Nice,0,5,34,15,10,9,40,29,11,55,0,1.6176470588235294,1.1764705882352942,0.8529411764705882,0.3235294117647059,0.4411764705882353,0.29411764705882354,0,0,0.2777777777777778,1.8235294117647058,1.411764705882353,13.5,10.764705882352942,4.705882352941177,0.08714596949891068,0.5,38,24.5,23,7.07,268.78,0.6052631578947368,5.593893201118918,52.5,18.89,33.61,21,23,15,11,0.12504650643649082,23.026315789473685,5.016119109890516,25.200119083060432,0.05778505507591545,0.47895206906817506,0.08466805596903841,27.0,0.06077533034337595,0.39693361119380766,33590.0,0,,0,0,0,1,1,INEOS,4.21815,3.00687,4.33,3.3763618,0.8600092934658123,2023,1.5263157894736843,9.0,58.0,0.2894736842105263,310.8,33.45,25.92402398401066,22.925,0.0,0.0,-0.13519948519948533
ligue-1,2023-2024,Lyon,Lyon,0,6,34,16,5,13,49,55,-6,53,0,1.5588235294117647,1.4411764705882353,1.6176470588235294,-0.17647058823529413,0.47058823529411764,0.14705882352941177,0,0,0.3333333333333333,1.4705882352941178,1.6470588235294117,13.029411764705882,13.558823529411764,5.088235294117647,0.11060948081264109,0.29411764705882354,39,25.5,25,7.84,305.95,0.6410256410256411,5.72342168990855,83.22,107.46,-24.239999999999995,30,29,19,11,-0.0792286321294329,23.94871794871795,5.17559413293584,25.909142346634898,0.21137581893984514,0.41051220964860036,0.34827278141751045,35.0,0.0526419605106843,0.37858844550327575,33580.0,0,,0,0,0,1,1,Eagle Football Holdings (Textor),4.21815,3.00687,4.33,3.3763618,0.8600092934658123,2023,1.631578947368421,7.0,62.0,0.47368421052631576,350.95,-47.400000000000006,24.826012883990842,23.91176470588235,0.0,0.0,-0.12822339364581847
ligue-1,2023-2024,Lens,Lens,0,7,34,14,9,11,45,37,8,51,0,1.5,1.3235294117647058,1.088235294117647,0.23529411764705882,0.4117647058823529,0.2647058823529412,0,0,0.3888888888888889,1.8235294117647058,1.1764705882352942,14.558823529411764,11.588235294117647,5.176470588235294,0.09090909090909091,0.4117647058823529,38,25.9,19,5.41,205.6,0.5,5.32593253358101,64.25,69.04,-4.790000000000006,14,17,4,10,-0.023297665369649837,24.394736842105264,4.812930071673823,26.19543003545149,0.1782703250215986,0.26800131081121337,0.25405904608693064,27.0,0.05605330194191165,0.3913665206899634,33567.0,0,,0,0,0,0,0,,4.21815,3.00687,4.33,3.3763618,0.8600092934658123,2023,2.210526315789474,2.0,84.0,1.0263157894736843,238.15,-7.6100000000000065,25.894568263712795,23.897435897435898,0.0,1.0,-0.1366785639302961
ligue-1,2023-2024,Marseille,Marseille,0,8,34,13,11,10,52,41,11,50,0,1.4705882352941178,1.5294117647058822,1.2058823529411764,0.3235294117647059,0.38235294117647056,0.3235294117647059,0,0,0.4444444444444444,2.1176470588235294,0.8235294117647058,14.088235294117647,11.058823529411764,4.617647058823529,0.10855949895615867,0.20588235294117646,49,24.4,31,6.36,311.4,0.6326530612244898,5.741078259399898,102.6,79.1,23.5,27,26,15,14,0.07546563904945408,22.897959183673468,4.510381072034378,26.799916482729824,0.07576209509037762,0.22084352442880154,0.2491200859034779,33.0,0.05092427488379826,0.36497047067947264,33526.0,0,,0,0,0,0,0,,4.21815,3.00687,4.33,3.3763618,0.8600092934658123,2023,1.9210526315789473,3.0,73.0,0.7105263157894737,331.55,84.07,26.719270209082435,24.16216216216216,0.0,1.0,-0.060775147036646104
ligue-1,2023-2024,Reims,Reims,0,9,34,13,8,13,42,47,-5,47,0,1.3823529411764706,1.2352941176470589,1.3823529411764706,-0.14705882352941177,0.38235294117647056,0.23529411764705882,0,0,0.5,1.588235294117647,1.1764705882352942,12.294117647058824,12.823529411764707,4.029411764705882,0.10047846889952153,0.23529411764705882,39,23.9,28,3.45,134.55,0.717948717948718,4.901935877172915,53.85,74.55,-20.699999999999996,27,30,16,11,-0.1538461538461538,22.46153846153846,5.4524072609510075,25.333958668334226,0.24882377464117683,0.3950926091358466,0.17244357096063367,29.0,0.05754735210438225,0.3971770591388243,33582.0,0,,0,0,0,0,0,,4.21815,3.00687,4.33,3.3763618,0.8600092934658123,2023,1.3421052631578947,11.0,51.0,0.0,159.05,-8.55,24.35368043087971,22.375,0.0,0.0,-0.1540396101854763
ligue-1,2023-2024,Rennes,Rennes,0,10,34,12,10,12,53,46,7,46,0,1.3529411764705883,1.5588235294117647,1.3529411764705883,0.20588235294117646,0.35294117647058826,0.29411764705882354,0,0,0.5555555555555556,1.4705882352941178,1.2352941176470589,14.323529411764707,11.5,4.970588235294118,0.10882956878850103,0.20588235294117646,36,24.8,18,10.43,375.35,0.5,5.927858924019011,84.4,146.5,-62.099999999999994,17,26,8,9,-0.16544558412148658,23.38888888888889,5.117352986388723,24.68788611334945,0.344375802071209,0.630554809442803,0.12200435729847495,29.0,0.05449045783492358,0.36099919419822724,33507.0,0,,0,0,0,0,0,,4.21815,3.00687,4.33,3.3763618,0.8600092934658123,2023,1.7894736842105263,4.0,68.0,0.7894736842105263,387.75,-11.0,24.747666285471134,23.0,0.0,0.0,-0.03197936814958091
ligue-1,2023-2024,Toulouse,Toulouse,0,11,34,11,10,13,42,46,-4,43,0,1.2647058823529411,1.2352941176470589,1.3529411764705883,-0.11764705882352941,0.3235294117647059,0.29411764705882354,0,0,0.6111111111111112,0.9411764705882353,1.588235294117647,11.852941176470589,13.647058823529411,4.0588235294117645,0.10421836228287841,0.17647058823529413,39,23.3,27,3.72,145.2,0.6923076923076923,4.978112102390695,18.25,14.2,4.050000000000001,20,22,11,12,0.027892561983471082,21.846153846153847,2.796035365509919,23.240664270223704,0.1606607052672232,0.5854549775704821,0.0,26.0,0.05707390807822578,0.40129526752027567,33661.0,0,,0,0,0,1,1,RedBird Capital,4.21815,3.00687,4.33,3.3763618,0.8600092934658123,2023,1.263157894736842,13.0,48.0,-0.15789473684210525,104.8,3.6999999999999993,24.50815788773256,22.54054054054054,1.0,0.0,0.3854961832061068
ligue-1,2023-2024,Montpellier,Montpellier,0,12,34,10,12,12,43,48,-5,42,0,1.2352941176470589,1.2647058823529411,1.411764705882353,-0.14705882352941177,0.29411764705882354,0.35294117647058826,0,0,0.6666666666666666,1.0588235294117647,1.411764705882353,13.205882352941176,15.882352941176471,4.970588235294118,0.0957683741648107,0.29411764705882354,37,24.8,20,3.93,145.58,0.5405405405405406,4.980725763690112,9.58,37.75,-28.17,12,15,5,5,-0.19350185465036407,23.37837837837838,4.716115111163185,25.673190173100952,0.27951936232228897,0.38763309737671764,0.2939146987091785,31.0,0.0523486646094527,0.3761525191838677,33622.0,0,,0,0,0,0,0,,4.21815,3.00687,4.33,3.3763618,0.8600092934658123,2023,1.3157894736842106,12.0,50.0,0.07894736842105263,142.9,-0.5,25.48009637264088,23.641025641025642,0.0,0.0,0.018754373687893677
ligue-1,2023-2024,Strasbourg,Strasbourg,1,13,34,10,9,15,38,50,-12,39,0,1.1470588235294117,1.1176470588235294,1.4705882352941178,-0.35294117647058826,0.29411764705882354,0.2647058823529412,0,0,0.7222222222222222,1.411764705882353,0.8823529411764706,10.764705882352942,12.323529411764707,3.6176470588235294,0.10382513661202186,0.14705882352941177,39,24.0,25,4.04,157.7,0.6410256410256411,5.060694493968993,60.7,43.1,17.6,18,20,9,8,0.11160431198478124,22.564102564102566,5.2001764737001785,23.476501693304023,0.4985146455944388,0.5620581070643456,0.15180322024835124,30.0,0.05237691987682927,0.35217752955855264,33662.0,0,,0,0,0,1,1,BlueCo,4.21815,3.00687,4.33,3.3763618,0.8600092934658123,2023,1.0526315789473684,15.0,40.0,-0.21052631578947367,123.55,-3.9000000000000004,26.761000240442414,24.555555555555557,0.0,0.0,0.2764063132335086
ligue-1,2023-2024,Nantes,Nantes,0,14,34,9,6,19,30,55,-25,33,0,0.9705882352941176,0.8823529411764706,1.6176470588235294,-0.7352941176470589,0.2647058823529412,0.17647058823529413,0,0,0.7777777777777778,0.7058823529411765,1.2352941176470589,11.176470588235293,12.617647058823529,3.9705882352941178,0.07894736842105263,0.23529411764705882,43,25.2,22,2.93,125.9,0.5116279069767442,4.835487941050301,28.25,37.8,-9.549999999999997,18,22,9,10,-0.07585385226370132,23.74418604651163,4.493874260515582,26.23938373513723,0.1259647763506869,0.13293798611318056,0.1646452305033227,35.0,0.049936881980651666,0.34782608695652173,33557.0,0,,0,0,0,0,0,,4.21815,3.00687,4.33,3.3763618,0.8600092934658123,2023,0.9473684210526315,16.0,36.0,-0.47368421052631576,119.28,12.450000000000001,26.143664223850763,24.513513513513512,0.0,0.0,0.055499664654594216
ligue-1,2023-2024,Le Havre,Le Havre,0,15,34,7,11,16,34,45,-11,32,0,0.9411764705882353,1.0,1.3235294117647058,-0.3235294117647059,0.20588235294117646,0.3235294117647059,0,0,0.8333333333333334,1.1764705882352942,0.7058823529411765,11.470588235294118,13.5,3.6176470588235294,0.08717948717948718,0.20588235294117646,35,25.1,22,2.07,72.5,0.6285714285714286,4.283586561860629,2.9,0.0,2.9,14,21,4,10,0.04,23.65714285714286,4.981984350359491,25.663230856562397,0.33823309730811746,0.3452839771742703,0.20360909443996295,27.0,0.05802215839351604,0.3936243315108601,33471.0,1,,0,0,0,0,0,,4.21815,3.00687,4.33,3.3763618,0.8600092934658123,2023,,,,,,,,,,,
ligue-1,2023-2024,Lorient,Lorient,0,16,34,7,8,19,43,66,-23,29,0,0.8529411764705882,1.2647058823529411,1.9411764705882353,-0.6764705882352942,0.20588235294117646,0.23529411764705882,0,0,0.8888888888888888,0.9411764705882353,0.7647058823529411,10.852941176470589,15.676470588235293,4.0588235294117645,0.11653116531165311,0.11764705882352941,45,24.7,27,2.93,131.85,0.6,4.8816649127992955,28.9,59.2,-30.300000000000004,23,21,14,12,-0.22980659840728104,23.155555555555555,4.258443780812826,24.13570197849207,0.31664785217752955,0.47385776246212347,0.10124175628304914,38.0,0.04801377095711867,0.36931851939872856,33662.0,0,,0,0,0,0,0,,4.21815,3.00687,4.33,3.3763618,0.8600092934658123,2023,1.4473684210526316,10.0,55.0,-0.02631578947368421,175.45,-9.250000000000004,24.604959293353907,23.142857142857142,0.0,0.0,-0.2485038472499287
ligue-1,2023-2024,Metz,Metz,0,17,34,8,5,21,35,58,-23,29,0,0.8529411764705882,1.0294117647058822,1.7058823529411764,-0.6764705882352942,0.23529411764705882,0.14705882352941177,0,0,0.9444444444444444,0.7058823529411765,1.0,9.735294117647058,15.147058823529411,3.411764705882353,0.10574018126888217,0.17647058823529413,37,25.5,27,1.77,65.4,0.7297297297297297,4.180522258463153,6.33,30.0,-23.67,21,20,12,11,-0.36192660550458716,24.054054054054053,4.307267411312252,25.949620817843865,0.17974721189591078,0.3426914498141264,0.25769516728624536,30.0,0.053551395254349723,0.38254275092936807,33625.0,1,,0,0,0,0,0,,4.21815,3.00687,4.33,3.3763618,0.8600092934658123,2023,,,,,,,,,,,
ligue-1,2023-2024,Clermont,Clermont,0,18,34,5,10,19,26,60,-34,25,0,0.7352941176470589,0.7647058823529411,1.7647058823529411,-1.0,0.14705882352941177,0.29411764705882354,0,0,1.0,0.8235294117647058,0.6470588235294118,11.441176470588236,15.764705882352942,3.7941176470588234,0.06683804627249357,0.14705882352941177,36,25.2,21,1.7,61.35,0.5833333333333334,4.116595171156921,7.1,16.3,-9.200000000000001,17,18,8,8,-0.149959250203749,23.805555555555557,5.306704354975046,26.30515506999791,0.15709978806602787,0.356616220411331,0.29330467747231426,31.0,0.05316466822371518,0.38936151159666876,33501.0,0,,0,0,0,0,0,,4.21815,3.00687,4.33,3.3763618,0.8600092934658123,2023,1.5526315789473684,8.0,59.0,-0.10526315789473684,48.0,-19.099999999999998,26.814756588238428,24.87878787878788,0.0,0.0,0.27812499999999996
premier-league,2015-2016,Leicester,Leicester City,0,1,38,23,12,3,68,36,32,81,0,2.1315789473684212,1.7894736842105263,0.9473684210526315,0.8421052631578947,0.6052631578947368,0.3157894736842105,1,1,0.05,2.210526315789474,2.0526315789473686,13.763157894736842,13.578947368421053,4.7631578947368425,0.13001912045889102,0.39473684210526316,35,27.3,21,4.6,161.1,0.6,5.082025290182929,49.9,9.45,40.45,24,32,16,18,0.25108628181253884,25.857142857142858,5.358571238146014,27.141495366918733,0.00793481733943977,0.044733198423687295,0.18817232932154648,23.0,0.0720182893052889,0.43092981148152093,37556.0,0,0.0,1,0,1,0,0,,1.7543900000000001,0.76507,0.51,0.003275414000000011,0.749458128000165,2015,,,,,,,,,,,
premier-league,2015-2016,Arsenal,Arsenal,0,2,38,20,11,7,65,36,29,71,0,1.868421052631579,1.7105263157894737,0.9473684210526315,0.7631578947368421,0.5263157894736842,0.2894736842105263,0,1,0.1,2.1052631578947367,1.631578947368421,15.052631578947368,11.894736842105264,5.526315789473684,0.11363636363636363,0.47368421052631576,41,25.2,30,11.17,457.85,0.7317073170731707,6.126541619553741,26.5,2.5,24.0,12,12,10,8,0.052418914491645735,23.658536585365855,4.845666910227946,26.39279803534248,0.1364315840051252,0.18498745395333938,0.20428701083764883,25.0,0.06037820209054879,0.41223106080828575,37462.0,0,0.0,1,0,1,0,0,,1.7543900000000001,0.76507,0.51,0.003275414000000011,0.749458128000165,2015,,,,,,,,,,,
premier-league,2015-2016,Tottenham,Tottenham Hotspur,0,3,38,19,13,6,69,35,34,70,0,1.8421052631578947,1.8157894736842106,0.9210526315789473,0.8947368421052632,0.5,0.34210526315789475,0,1,0.15,1.894736842105263,1.7894736842105263,17.394736842105264,11.078947368421053,6.578947368421052,0.1043872919818457,0.34210526315789475,31,24.2,16,12.0,371.85,0.5161290322580645,5.918490547149309,71.0,87.25,-16.25,10,21,5,3,-0.04370041683474519,22.70967741935484,3.388151397513564,23.881776147959187,0.2536936649659864,0.49569515306122447,0.0023915816326530613,24.0,0.06780741201401905,0.43396577380952384,37632.0,0,0.0,1,0,1,0,0,,1.7543900000000001,0.76507,0.51,0.003275414000000011,0.749458128000165,2015,,,,,,,,,,,
premier-league,2015-2016,Man City,Manchester City,0,4,38,19,9,10,71,41,30,66,0,1.736842105263158,1.868421052631579,1.0789473684210527,0.7894736842105263,0.5,0.23684210526315788,0,1,0.2,2.0,1.4736842105263157,16.105263157894736,8.842105263157896,5.526315789473684,0.11601307189542484,0.42105263157894735,38,25.9,27,13.14,499.35,0.7105263157894737,6.213307252689144,208.47,67.436,141.034,21,25,11,14,0.28243516571543004,24.36842105263158,5.897416074728298,27.79457044856284,0.07189768406498445,0.07189768406498445,0.2632082746151187,25.0,0.054694339520690145,0.35459597436783746,37609.0,0,0.0,1,0,1,1,1,City Football Group,1.7543900000000001,0.76507,0.51,0.003275414000000011,0.749458128000165,2015,,,,,,,,,,,
premier-league,2015-2016,Man United,Manchester United,0,5,38,19,9,10,49,35,14,66,0,1.736842105263158,1.2894736842105263,0.9210526315789473,0.3684210526315789,0.5,0.23684210526315788,0,0,0.25,2.1578947368421053,1.3157894736842106,11.31578947368421,10.81578947368421,3.763157894736842,0.11395348837209303,0.47368421052631576,44,24.1,27,10.0,439.85,0.6136363636363636,6.086433759698684,156.0,100.67,55.33,17,20,11,8,0.12579288393770602,22.522727272727273,4.516062476979597,24.91800005324672,0.18572455472431512,0.2518303559543143,0.0845557892494875,33.0,0.055255114841116136,0.39554324964724047,37561.0,0,0.0,0,0,1,0,0,,1.7543900000000001,0.76507,0.51,0.003275414000000011,0.749458128000165,2015,,,,,,,,,,,
premier-league,2015-2016,Southampton,Southampton,0,6,38,18,9,11,59,41,18,63,0,1.6578947368421053,1.5526315789473684,1.0789473684210527,0.47368421052631576,0.47368421052631576,0.23684210526315788,0,0,0.3,1.894736842105263,1.4210526315789473,13.657894736842104,12.105263157894736,4.447368421052632,0.11368015414258188,0.3157894736842105,35,25.6,20,6.44,225.5,0.5714285714285714,5.418320158942733,60.1,52.7,7.399999999999999,16,17,9,11,0.03281596452328159,24.02857142857143,4.362175079999819,25.737342530694868,0.06959277705276054,0.32870801928249926,0.19708631848083735,26.0,0.058001728555394746,0.3815750925506698,37547.0,0,0.0,0,0,1,0,0,,1.7543900000000001,0.76507,0.51,0.003275414000000011,0.749458128000165,2015,,,,,,,,,,,
premier-league,2015-2016,West Ham,West Ham,0,7,38,16,14,8,65,51,14,62,0,1.631578947368421,1.7105263157894737,1.3421052631578947,0.3684210526315789,0.42105263157894735,0.3684210526315789,0,0,0.35,1.7894736842105263,1.4736842105263157,14.631578947368421,13.763157894736842,4.842105263157895,0.11690647482014388,0.2894736842105263,50,24.7,28,4.03,201.33,0.56,5.304945352838257,52.7,18.52,34.18000000000001,20,26,12,12,0.16977102269905134,23.16,4.577495973537836,26.048730505136533,0.013227231596316603,0.12564539309096714,0.03981476552935541,28.0,0.0566423047363219,0.39875978069941975,37574.0,0,0.0,0,0,1,0,0,,1.7543900000000001,0.76507,0.51,0.003275414000000011,0.749458128000165,2015,,,,,,,,,,,
premier-league,2015-2016,Liverpool,Liverpool,0,8,38,16,12,10,63,50,13,60,0,1.5789473684210527,1.6578947368421053,1.3157894736842106,0.34210526315789475,0.42105263157894735,0.3157894736842105,0,0,0.4,1.6842105263157894,1.4736842105263157,16.55263157894737,10.447368421052632,5.342105263157895,0.10015898251192369,0.2894736842105263,44,23.9,27,8.53,375.25,0.6136363636363636,5.927592470513571,126.5,90.55,35.95,21,24,12,14,0.09580279813457696,22.431818181818183,3.9614287255444482,24.70048733722138,0.16928976591835104,0.3685121568000852,0.0731005832068387,34.0,0.051575248729874686,0.3591116082128305,37551.0,0,0.0,0,0,1,0,0,,1.7543900000000001,0.76507,0.51,0.003275414000000011,0.749458128000165,2015,,,,,,,,,,,
premier-league,2015-2016,Stoke,Stoke City,0,9,38,14,9,15,41,55,-14,51,0,1.3421052631578947,1.0789473684210527,1.4473684210526316,-0.3684210526315789,0.3684210526315789,0.23684210526315788,0,0,0.45,1.4736842105263157,1.2105263157894737,11.0,14.026315789473685,3.4210526315789473,0.09808612440191387,0.2631578947368421,31,27.9,24,4.74,147.0,0.7741935483870968,4.990432586778736,53.65,23.2,30.45,13,14,4,6,0.20714285714285713,26.322580645161292,4.928739506027841,26.788924194280526,0.0,0.2241061653894422,0.23219673706977118,27.0,0.05615781271239803,0.38888147178980537,37451.0,0,0.0,0,0,1,0,0,,1.7543900000000001,0.76507,0.51,0.003275414000000011,0.749458128000165,2015,,,,,,,,,,,
premier-league,2015-2016,Chelsea,Chelsea,1,10,38,12,14,12,59,53,6,50,0,1.3157894736842106,1.5526315789473684,1.394736842105263,0.15789473684210525,0.3157894736842105,0.3684210526315789,0,0,0.5,1.263157894736842,1.368421052631579,13.842105263157896,12.68421052631579,4.552631578947368,0.11216730038022814,0.23684210526315788,40,25.2,31,13.84,553.5,0.775,6.316261752148692,96.5,87.49,9.010000000000005,38,37,28,28,0.016278229448961165,23.65,4.6163033273666505,26.138697031920856,0.12002986746313235,0.22120589882396863,0.13091015760420277,28.0,0.05775827115561131,0.37833008880236807,37499.0,0,0.0,0,0,1,0,0,,1.7543900000000001,0.76507,0.51,0.003275414000000011,0.749458128000165,2015,,,,,,,,,,,
premier-league,2015-2016,Everton,Everton,0,11,38,11,14,13,59,55,4,47,0,1.236842105263158,1.5526315789473684,1.4473684210526316,0.10526315789473684,0.2894736842105263,0.3684210526315789,0,0,0.55,1.2105263157894737,1.263157894736842,12.947368421052632,14.5,4.605263157894737,0.11991869918699187,0.2631578947368421,39,26.1,22,6.41,249.85,0.5641025641025641,5.520860737790214,48.199999999999996,11.0,37.199999999999996,17,17,8,10,0.14888933360016007,24.666666666666668,5.38190600816307,25.975265206034436,0.2492137107521723,0.34863265632496404,0.27333546564315797,31.0,0.05489588250478407,0.3814968814968815,37518.0,0,0.0,0,0,1,0,0,,1.7543900000000001,0.76507,0.51,0.003275414000000011,0.749458128000165,2015,,,,,,,,,,,
premier-league,2015-2016,Swansea,Swansea City,0,12,38,12,11,15,42,52,-10,47,0,1.236842105263158,1.105263157894737,1.368421052631579,-0.2631578947368421,0.3157894736842105,0.2894736842105263,0,0,0.6,1.5789473684210527,0.8947368421052632,11.631578947368421,13.763157894736842,3.5789473684210527,0.09502262443438914,0.23684210526315788,36,26.4,27,4.05,145.8,0.75,4.982235819574558,21.810000000000002,16.805,5.005000000000003,20,24,13,16,0.03432784636488342,24.833333333333332,4.398051516621553,27.018628912071538,0.012401532893336172,0.07797530338513944,0.3086278475622738,27.0,0.06058626017476627,0.4091441345539706,37576.0,0,0.0,0,0,1,0,0,,1.7543900000000001,0.76507,0.51,0.003275414000000011,0.749458128000165,2015,,,,,,,,,,,
premier-league,2015-2016,Watford,Watford,0,13,38,12,9,17,40,50,-10,45,0,1.1842105263157894,1.0526315789473684,1.3157894736842106,-0.2631578947368421,0.3157894736842105,0.23684210526315788,0,0,0.65,1.263157894736842,1.105263157894737,11.710526315789474,13.131578947368421,3.5789473684210527,0.0898876404494382,0.2894736842105263,39,27.8,35,3.51,137.0,0.8974358974358975,4.919980925828125,82.8,9.75,73.05,33,30,15,20,0.5332116788321167,26.384615384615383,3.5881045033729864,27.750432215336332,0.050003989680027665,0.05617469478947788,0.15147485171689232,25.0,0.0633626860653238,0.41745352022767773,37597.0,1,0.0,0,0,1,1,1,Pozzo family,1.7543900000000001,0.76507,0.51,0.003275414000000011,0.749458128000165,2015,,,,,,,,,,,
premier-league,2015-2016,West Brom,West Brom,0,14,38,10,13,15,34,48,-14,43,0,1.131578947368421,0.8947368421052632,1.263157894736842,-0.3684210526315789,0.2631578947368421,0.34210526315789475,0,0,0.7,1.2105263157894737,1.0526315789473684,10.105263157894736,14.394736842105264,2.789473684210526,0.08854166666666667,0.2894736842105263,35,26.9,22,3.23,113.1,0.6285714285714286,4.728272383122075,42.9,12.92,29.979999999999997,12,13,6,4,0.2650751547303271,25.4,5.574099769047386,28.499068554396423,0.05444964871194379,0.056099638066851185,0.43200447093889716,28.0,0.06144445135936042,0.40624334681711727,37576.0,0,0.0,0,0,1,0,0,,1.7543900000000001,0.76507,0.51,0.003275414000000011,0.749458128000165,2015,,,,,,,,,,,
premier-league,2015-2016,Crystal Palace,Crystal Palace,0,15,38,11,9,18,39,51,-12,42,0,1.105263157894737,1.0263157894736843,1.3421052631578947,-0.3157894736842105,0.2894736842105263,0.23684210526315788,0,0,0.75,1.105263157894737,1.105263157894737,12.263157894736842,14.973684210526315,4.0,0.08369098712446352,0.21052631578947367,38,27.2,20,3.57,135.7,0.5263157894736842,4.9104465668408235,28.8,5.4,23.4,19,23,12,12,0.17243920412675018,25.63157894736842,4.772789159230033,27.192117308920587,0.005109644453906749,0.12790078773685332,0.16542473919523099,30.0,0.057400844543165075,0.384261230572706,37576.0,0,0.0,0,0,1,0,0,,1.7543900000000001,0.76507,0.51,0.003275414000000011,0.749458128000165,2015,,,,,,,,,,,
premier-league,2015-2016,Bournemouth,Bournemouth,0,16,38,11,9,18,45,67,-22,42,0,1.105263157894737,1.1842105263157894,1.763157894736842,-0.5789473684210527,0.2894736842105263,0.23684210526315788,0,0,0.8,1.0526315789473684,1.1578947368421053,12.18421052631579,11.473684210526315,3.789473684210526,0.09719222462203024,0.18421052631578946,49,25.6,22,2.04,99.9,0.4489795918367347,4.604169685654508,55.11,0.65,54.46,34,33,22,21,0.5451451451451451,24.06122448979592,4.853727791026992,27.088329166445025,0.0,0.09971275067822756,0.2245332198521198,28.0,0.061932148559454746,0.4325762008617479,37598.0,1,0.0,0,0,1,0,0,,1.7543900000000001,0.76507,0.51,0.003275414000000011,0.749458128000165,2015,,,,,,,,,,,
premier-league,2015-2016,Sunderland,Sunderland,0,17,38,9,12,17,48,62,-14,39,0,1.0263157894736843,1.263157894736842,1.631578947368421,-0.3684210526315789,0.23684210526315788,0.3157894736842105,0,0,0.85,1.263157894736842,0.7894736842105263,11.552631578947368,14.973684210526315,3.763157894736842,0.10933940774487472,0.18421052631578946,42,27.0,27,2.65,111.25,0.6428571428571429,4.711779921046349,66.05,11.0,55.05,27,25,15,17,0.4948314606741573,25.476190476190474,5.023059485709905,26.748875582168992,0.08194278110445775,0.08292747837658017,0.17477045908183633,31.0,0.0482807539058056,0.34488356620093147,37575.0,0,0.0,0,0,1,0,0,,1.7543900000000001,0.76507,0.51,0.003275414000000011,0.749458128000165,2015,,,,,,,,,,,
premier-league,2015-2016,Newcastle,Newcastle United,0,18,38,9,10,19,44,65,-21,37,0,0.9736842105263158,1.1578947368421053,1.7105263157894737,-0.5526315789473685,0.23684210526315788,0.2631578947368421,0,0,0.9,1.4736842105263157,0.47368421052631576,10.473684210526315,14.578947368421053,4.0,0.11055276381909548,0.21052631578947367,42,25.2,28,4.71,198.0,0.6666666666666666,5.288267030694535,107.91,5.43,102.47999999999999,24,23,16,13,0.5175757575757576,23.642857142857142,4.0413800382097715,24.691210640173058,0.23430280693320513,0.368052773549128,0.08978981385038592,31.0,0.0548655452071853,0.3863472478166814,37443.0,0,1.0,0,0,1,0,0,,1.7543900000000001,0.76507,0.51,0.003275414000000011,0.749458128000165,2015,,,,,,,,,,,
premier-league,2015-2016,Norwich,Norwich City,0,19,38,9,7,22,39,67,-28,34,0,0.8947368421052632,1.0263157894736843,1.763157894736842,-0.7368421052631579,0.23684210526315788,0.18421052631578946,0,0,0.95,1.2105263157894737,0.5789473684210527,10.947368421052632,12.894736842105264,3.3157894736842106,0.09375,0.13157894736842105,41,27.0,22,2.85,116.9,0.5365853658536586,4.761318868478023,50.5,21.49,29.01,33,30,22,21,0.24816082121471345,25.585365853658537,3.885714926214336,27.20176443935073,0.06857858684932967,0.17012713558463713,0.11764705882352941,28.0,0.05290787994406049,0.3693328713451851,37519.0,1,1.0,0,0,1,0,0,,1.7543900000000001,0.76507,0.51,0.003275414000000011,0.749458128000165,2015,,,,,,,,,,,
premier-league,2015-2016,Aston Villa,Aston Villa,0,20,38,3,8,27,27,76,-49,17,0,0.4473684210526316,0.7105263157894737,2.0,-1.2894736842105263,0.07894736842105263,0.21052631578947367,0,0,1.0,0.5789473684210527,0.3157894736842105,9.947368421052632,13.157894736842104,2.9210526315789473,0.07142857142857142,0.15789473684210525,44,25.1,25,2.68,117.95,0.5681818181818182,4.770260805853684,66.55,64.7,1.8499999999999943,28,32,17,16,0.015684612123781215,23.5,4.612924210025769,25.928982418753332,0.0636387852956846,0.30647309536494405,0.2424880127863612,29.0,0.05218284371648043,0.35596696856686205,37540.0,0,1.0,0,0,1,0,0,,1.7543900000000001,0.76507,0.51,0.003275414000000011,0.749458128000165,2015,,,,,,,,,,,
premier-league,2016-2017,Chelsea,Chelsea,1,1,38,30,3,5,85,33,52,93,0,2.4473684210526314,2.236842105263158,0.868421052631579,1.368421052631579,0.7894736842105263,0.07894736842105263,1,1,0.05,2.6842105263157894,2.210526315789474,15.263157894736842,8.473684210526315,5.368421052631579,0.14655172413793102,0.42105263157894735,49,25.4,41,14.01,686.7,0.8367346938775511,6.531897515626631,132.8,108.9,23.900000000000006,26,30,21,21,0.03480413572156692,23.79591836734694,4.056782344814333,26.614599665169674,0.016847811644654674,0.023172384470250593,0.11623395604687625,24.0,0.0711299460402846,0.43015067364672743,37631.0,0,0.0,1,0,1,0,0,,1.15763,0.6671600000000001,1.8699999999999999,0.77952008,0.859573208859443,2016,1.3157894736842106,10.0,50.0,0.15789473684210525,553.5,9.010000000000005,26.138697031920856,23.65,0.0,0.0,0.2406504065040651
premier-league,2016-2017,Tottenham,Tottenham Hotspur,0,2,38,26,8,4,86,26,60,86,0,2.263157894736842,2.263157894736842,0.6842105263157895,1.5789473684210527,0.6842105263157895,0.21052631578947367,0,1,0.1,2.789473684210526,1.736842105263158,17.605263157894736,9.157894736842104,6.7631578947368425,0.12855007473841554,0.4473684210526316,38,24.1,20,14.31,543.65,0.5263157894736842,6.298305657443758,83.5,52.3,31.200000000000003,6,8,2,3,0.057389864802722346,22.657894736842106,3.8080733284834056,24.793688740138656,0.09557202433128802,0.3764974632772864,0.011023454724148006,24.0,0.06508537480032875,0.4057959465561665,37647.0,0,0.0,1,0,1,0,0,,1.15763,0.6671600000000001,1.8699999999999999,0.77952008,0.859573208859443,2016,1.8421052631578947,3.0,70.0,0.8947368421052632,371.85,-16.25,23.881776147959187,22.70967741935484,0.0,1.0,0.462014253059029
premier-league,2016-2017,Man City,Manchester City,0,3,38,23,9,6,80,39,41,78,0,2.0526315789473686,2.1052631578947367,1.0263157894736843,1.0789473684210527,0.6052631578947368,0.23684210526315788,0,1,0.15,2.1052631578947367,2.0,16.657894736842106,7.868421052631579,5.7105263157894735,0.1263823064770932,0.3157894736842105,35,26.9,29,16.47,576.5,0.8285714285714286,6.3569753397091135,216.25,35.35,180.9,27,25,15,19,0.31379011274934954,25.428571428571427,5.5798256049371835,27.983389234946493,0.14789969653409998,0.2014853857211308,0.5279508065804185,25.0,0.05474687466171625,0.36021934728211685,37566.0,0,0.0,1,0,1,1,1,City Football Group,1.15763,0.6671600000000001,1.8699999999999999,0.77952008,0.859573208859443,2016,1.736842105263158,4.0,66.0,0.7894736842105263,499.35,141.034,27.79457044856284,24.36842105263158,0.0,1.0,0.1545008511064383
premier-league,2016-2017,Liverpool,Liverpool,0,4,38,22,10,6,78,42,36,76,0,2.0,2.0526315789473686,1.105263157894737,0.9473684210526315,0.5789473684210527,0.2631578947368421,0,1,0.2,2.1578947368421053,1.8421052631578947,16.789473684210527,8.078947368421053,6.2105263157894735,0.12225705329153605,0.3157894736842105,38,24.9,24,11.2,425.65,0.631578947368421,6.053617412330066,79.9,88.98,-9.079999999999998,18,19,12,8,-0.021332080347703508,23.394736842105264,4.570998315964678,25.520405994260813,0.0465777447125093,0.14180571792964183,0.12134658305877351,23.0,0.06408402322842768,0.40078648102880227,37636.0,0,0.0,1,0,1,0,0,,1.15763,0.6671600000000001,1.8699999999999999,0.77952008,0.859573208859443,2016,1.5789473684210527,8.0,60.0,0.34210526315789475,375.25,35.95,24.70048733722138,22.431818181818183,0.0,0.0,0.1343104596935376
premier-league,2016-2017,Arsenal,Arsenal,0,5,38,23,6,9,77,44,33,75,0,1.9736842105263157,2.026315789473684,1.1578947368421053,0.868421052631579,0.6052631578947368,0.15789473684210525,0,0,0.25,2.3684210526315788,1.5789473684210527,14.868421052631579,11.342105263157896,5.2631578947368425,0.13628318584070798,0.34210526315789475,42,25.3,26,12.9,542.0,0.6190476190476191,6.295266001439646,113.0,10.35,102.65,11,12,6,7,0.18939114391143913,23.738095238095237,4.400995030558563,26.293788323113837,0.12964542788589709,0.2608637696614236,0.2598240469208211,29.0,0.0590151187622517,0.4037589976006399,37510.0,0,0.0,0,0,1,0,0,,1.15763,0.6671600000000001,1.8699999999999999,0.77952008,0.859573208859443,2016,1.868421052631579,2.0,71.0,0.7631578947368421,457.85,24.0,26.39279803534248,23.658536585365855,0.0,1.0,0.18379381893633284
premier-league,2016-2017,Man United,Manchester United,0,6,38,18,15,5,54,29,25,69,0,1.8157894736842106,1.4210526315789473,0.7631578947368421,0.6578947368421053,0.47368421052631576,0.39473684210526316,0,0,0.3,1.7894736842105263,1.8421052631578947,15.5,9.421052631578947,5.526315789473684,0.09168081494057725,0.4473684210526316,42,25.0,26,12.65,531.45,0.6190476190476191,6.275609119979591,185.0,47.25,137.75,7,13,3,5,0.25919653777401447,23.428571428571427,4.7633911733536305,26.01161801456904,0.12556494922103473,0.2866751741372893,0.2344074014994417,31.0,0.05049226873231238,0.34952411336204603,37614.0,0,0.0,0,0,1,0,0,,1.15763,0.6671600000000001,1.8699999999999999,0.77952008,0.859573208859443,2016,1.736842105263158,5.0,66.0,0.3684210526315789,439.85,55.33,24.91800005324672,22.522727272727273,0.0,0.0,0.20825281345913393
premier-league,2016-2017,Everton,Everton,0,7,38,17,10,11,62,44,18,61,0,1.605263157894737,1.631578947368421,1.1578947368421053,0.47368421052631576,0.4473684210526316,0.2631578947368421,0,0,0.35,2.263157894736842,0.9473684210526315,13.105263157894736,11.710526315789474,5.052631578947368,0.12449799196787148,0.34210526315789475,39,26.4,26,7.98,311.25,0.6666666666666666,5.740596447778917,86.0,60.800000000000004,25.199999999999996,16,18,9,10,0.08096385542168673,24.871794871794872,4.6007979123733875,26.871896327376053,0.09942374591709377,0.27577873967655414,0.3213214010675306,27.0,0.056570838021483126,0.3941896592930929,37657.0,0,0.0,0,0,1,0,0,,1.15763,0.6671600000000001,1.8699999999999999,0.77952008,0.859573208859443,2016,1.236842105263158,11.0,47.0,0.10526315789473684,249.85,37.199999999999996,25.975265206034436,24.666666666666668,0.0,0.0,0.2457474484690816
premier-league,2016-2017,Southampton,Southampton,0,8,38,12,10,16,41,48,-7,46,0,1.2105263157894737,1.0789473684210527,1.263157894736842,-0.18421052631578946,0.3157894736842105,0.2631578947368421,0,0,0.4,1.263157894736842,1.1578947368421053,14.421052631578947,11.473684210526315,4.7105263157894735,0.07481751824817519,0.3684210526315789,36,25.9,19,7.33,263.75,0.5277777777777778,5.575001684790276,68.9,85.05,-16.14999999999999,10,9,2,2,-0.061232227488151623,24.305555555555557,4.012974987956972,25.3174430049746,0.1179271634167753,0.26365353409060677,0.11103721635497858,26.0,0.05626839130368284,0.3874331621930781,37591.0,0,0.0,0,0,1,0,0,,1.15763,0.6671600000000001,1.8699999999999999,0.77952008,0.859573208859443,2016,1.6578947368421053,6.0,63.0,0.47368421052631576,225.5,7.399999999999999,25.737342530694868,24.02857142857143,0.0,0.0,0.16962305986696236
premier-league,2016-2017,Bournemouth,Bournemouth,0,9,38,12,10,16,55,67,-12,46,0,1.2105263157894737,1.4473684210526316,1.763157894736842,-0.3157894736842105,0.3157894736842105,0.2631578947368421,0,0,0.45,1.631578947368421,0.7894736842105263,11.736842105263158,14.5,4.2105263157894735,0.12331838565022421,0.2631578947368421,41,24.8,16,3.21,131.6,0.3902439024390244,4.879767018891217,40.69,23.69,16.999999999999996,19,31,13,15,0.12917933130699086,23.365853658536587,4.630097717980559,26.49082153878897,0.06690965201660104,0.1736724486538257,0.1668085559221028,27.0,0.06198207736900085,0.4173938491007768,37588.0,0,0.0,0,0,1,0,0,,1.15763,0.6671600000000001,1.8699999999999999,0.77952008,0.859573208859443,2016,1.105263157894737,16.0,42.0,-0.5789473684210527,99.9,54.46,27.088329166445025,24.06122448979592,1.0,0.0,0.31731731731731716
premier-league,2016-2017,West Brom,West Brom,0,10,38,12,9,17,43,51,-8,45,0,1.1842105263157894,1.131578947368421,1.3421052631578947,-0.21052631578947367,0.3157894736842105,0.23684210526315788,0,0,0.5,1.5263157894736843,0.8421052631578947,10.526315789473685,13.605263157894736,3.236842105263158,0.1075,0.15789473684210525,30,27.7,18,4.11,123.2,0.6,4.81380905109942,37.9,26.975,10.924999999999997,10,14,5,6,0.08867694805194802,26.266666666666666,5.53940948759562,28.90097221484354,0.01686766190299102,0.023402220687456836,0.3885140519577113,23.0,0.0667353496114082,0.424268182542634,37646.0,0,0.0,0,0,1,0,0,,1.15763,0.6671600000000001,1.8699999999999999,0.77952008,0.859573208859443,2016,1.131578947368421,14.0,43.0,-0.3684210526315789,113.1,29.979999999999997,28.499068554396423,25.4,0.0,0.0,0.08930150309460672
premier-league,2016-2017,West Ham,West Ham,0,11,38,12,9,17,47,64,-17,45,0,1.1842105263157894,1.236842105263158,1.6842105263157894,-0.4473684210526316,0.3157894736842105,0.23684210526315788,0,0,0.55,1.3157894736842106,1.0526315789473684,13.052631578947368,13.210526315789474,3.6315789473684212,0.09475806451612903,0.2631578947368421,44,25.1,29,6.21,273.05,0.6590909090909091,5.609654928598163,83.5,41.0,42.5,21,15,11,11,0.15564914850759934,23.65909090909091,4.482229417341651,26.521426478813222,0.03568860361680028,0.18134604628865156,0.08828934402215889,29.0,0.04804378207251896,0.3428236610115322,37547.0,0,0.0,0,0,1,0,0,,1.15763,0.6671600000000001,1.8699999999999999,0.77952008,0.859573208859443,2016,1.631578947368421,7.0,62.0,0.3684210526315789,201.33,34.18000000000001,26.048730505136533,23.16,0.0,0.0,0.35623106342820243
premier-league,2016-2017,Leicester,Leicester City,0,12,38,12,8,18,48,63,-15,44,0,1.1578947368421053,1.263157894736842,1.6578947368421053,-0.39473684210526316,0.3157894736842105,0.21052631578947367,0,0,0.6,1.7894736842105263,0.5263157894736842,11.368421052631579,14.578947368421053,3.8157894736842106,0.1111111111111111,0.23684210526315788,31,27.1,22,7.05,218.65,0.7096774193548387,5.3874722778589295,92.1,66.05,26.049999999999997,16,18,8,5,0.11914017836725359,25.612903225806452,4.50686453723531,27.257620530841518,0.1310065756196257,0.15477996965098634,0.2695205388281021,25.0,0.059026075391489415,0.3904107765620424,37563.0,0,0.0,0,0,1,0,0,,1.15763,0.6671600000000001,1.8699999999999999,0.77952008,0.859573208859443,2016,2.1315789473684212,1.0,81.0,0.8421052631578947,161.1,40.45,27.141495366918733,25.857142857142858,0.0,1.0,0.3572315332091869
premier-league,2016-2017,Stoke,Stoke City,0,13,38,11,11,16,41,56,-15,44,0,1.1578947368421053,1.0789473684210527,1.4736842105263157,-0.39473684210526316,0.2894736842105263,0.2894736842105263,0,0,0.65,1.4210526315789473,0.8947368421052632,11.210526315789474,14.157894736842104,3.6052631578947367,0.09624413145539906,0.2894736842105263,34,27.7,27,5.47,186.0,0.7941176470588235,5.225746673713202,42.165,3.8,38.365,14,13,8,9,0.20626344086021506,26.11764705882353,5.4258902684251815,28.087308347529813,0.023770229982964224,0.07626171209540034,0.38609987223168657,26.0,0.05618801869600138,0.4021773850085179,37568.0,0,0.0,0,0,1,0,0,,1.15763,0.6671600000000001,1.8699999999999999,0.77952008,0.859573208859443,2016,1.3421052631578947,9.0,51.0,-0.3684210526315789,147.0,30.45,26.788924194280526,26.322580645161292,0.0,0.0,0.26530612244897966
premier-league,2016-2017,Crystal Palace,Crystal Palace,0,14,38,12,5,21,50,63,-13,41,0,1.0789473684210527,1.3157894736842106,1.6578947368421053,-0.34210526315789475,0.3157894736842105,0.13157894736842105,0,0,0.7,1.0526315789473684,1.105263157894737,11.526315789473685,13.605263157894736,3.6315789473684212,0.1141552511415525,0.18421052631578946,45,26.6,27,5.08,228.43,0.6,5.431229817667778,101.2,50.199999999999996,51.00000000000001,21,24,12,13,0.22326314407039358,25.11111111111111,4.548837125235327,27.138891840203993,0.0007702932426689333,0.12335316617084573,0.22341160220994474,31.0,0.05908864410508309,0.4060242243943902,37648.0,0,0.0,0,0,1,0,0,,1.15763,0.6671600000000001,1.8699999999999999,0.77952008,0.859573208859443,2016,1.105263157894737,15.0,42.0,-0.3157894736842105,135.7,23.4,27.192117308920587,25.63157894736842,0.0,0.0,0.6833456153279294
premier-league,2016-2017,Swansea,Swansea City,0,15,38,12,5,21,45,70,-25,41,0,1.0789473684210527,1.1842105263157894,1.8421052631578947,-0.6578947368421053,0.3157894736842105,0.13157894736842105,0,0,0.75,1.4210526315789473,0.7368421052631579,10.263157894736842,13.631578947368421,3.8421052631578947,0.11538461538461539,0.21052631578947367,37,27.4,28,4.25,157.1,0.7567567567567568,5.056882545261575,58.1,49.300000000000004,8.799999999999997,21,17,11,10,0.056015276893698264,25.864864864864863,4.164413805368331,26.85622460091901,0.0295359770511833,0.1754362665675051,0.2581210656325533,27.0,0.05410557158382649,0.3787351589683657,37649.0,0,0.0,0,0,1,0,0,,1.15763,0.6671600000000001,1.8699999999999999,0.77952008,0.859573208859443,2016,1.236842105263158,12.0,47.0,-0.2631578947368421,145.8,5.005000000000003,27.018628912071538,24.833333333333332,0.0,0.0,0.07750342935528098
premier-league,2016-2017,Burnley,Burnley,0,16,38,11,7,20,39,55,-16,40,0,1.0526315789473684,1.0263157894736843,1.4473684210526316,-0.42105263157894735,0.2894736842105263,0.18421052631578946,0,0,0.8,1.736842105263158,0.3684210526315789,10.263157894736842,17.55263157894737,3.1578947368421053,0.1,0.2631578947368421,36,27.2,16,2.98,107.18,0.4444444444444444,4.674509664066704,45.6,1.2,44.4,25,26,17,17,0.4142563911177458,25.63888888888889,4.196275748652626,27.13797512186027,0.002823429134592334,0.11200490104679967,0.3345763524491916,27.0,0.06394528371568876,0.4205044881868791,37543.0,1,0.0,0,0,1,0,0,,1.15763,0.6671600000000001,1.8699999999999999,0.77952008,0.859573208859443,2016,,,,,,,,,,,
premier-league,2016-2017,Watford,Watford,0,17,38,11,7,20,40,68,-28,40,0,1.0526315789473684,1.0526315789473684,1.7894736842105263,-0.7368421052631579,0.2894736842105263,0.18421052631578946,0,0,0.85,1.4736842105263157,0.631578947368421,11.026315789473685,14.157894736842104,3.789473684210526,0.0954653937947494,0.18421052631578946,46,27.3,37,3.82,175.65,0.8043478260869565,5.168493378711836,70.45,58.1,12.350000000000001,29,32,15,17,0.07031027611727869,25.782608695652176,4.594262332171684,28.43565462573815,0.05538117784752886,0.09153056338777464,0.37197425121029953,33.0,0.05586749618255412,0.4037080385167846,37594.0,0,0.0,0,0,1,1,1,Pozzo family,1.15763,0.6671600000000001,1.8699999999999999,0.77952008,0.859573208859443,2016,1.1842105263157894,13.0,45.0,-0.2631578947368421,137.0,73.05,27.750432215336332,26.384615384615383,1.0,0.0,0.28211678832116793
premier-league,2016-2017,Hull,Hull City,0,18,38,9,7,22,37,80,-43,34,0,0.8947368421052632,0.9736842105263158,2.1052631578947367,-1.131578947368421,0.23684210526315788,0.18421052631578946,0,0,0.9,1.4736842105263157,0.3157894736842105,10.421052631578947,16.263157894736842,3.3421052631578947,0.09343434343434344,0.13157894736842105,42,26.5,24,3.23,135.85,0.5714285714285714,4.911551335872357,40.0,28.9,11.100000000000001,22,17,14,10,0.08170776591829225,25.023809523809526,4.749778404269317,26.7926291894779,0.013459740953398318,0.19959941247162505,0.22216584323674723,28.0,0.04764831442549619,0.34421151021498203,37445.0,1,1.0,0,0,1,0,0,,1.15763,0.6671600000000001,1.8699999999999999,0.77952008,0.859573208859443,2016,,,,,,,,,,,
premier-league,2016-2017,Middlesbrough,Middlesbrough,0,19,38,5,13,20,27,53,-26,28,0,0.7368421052631579,0.7105263157894737,1.394736842105263,-0.6842105263157895,0.13157894736842105,0.34210526315789475,0,0,0.95,0.9473684210526315,0.5263157894736842,9.18421052631579,14.421052631578947,2.6315789473684212,0.07736389684813753,0.2894736842105263,35,27.9,21,3.68,128.8,0.6,4.858260813670253,47.95,13.5,34.45,18,19,6,11,0.2674689440993789,26.285714285714285,4.155587511173986,26.612761539690148,0.09870627695256348,0.2104562636426556,0.2500399297236863,27.0,0.057636918178560384,0.3881701538625353,37566.0,1,1.0,0,0,1,0,0,,1.15763,0.6671600000000001,1.8699999999999999,0.77952008,0.859573208859443,2016,,,,,,,,,,,
premier-league,2016-2017,Sunderland,Sunderland,0,20,38,6,6,26,29,69,-40,24,0,0.631578947368421,0.7631578947368421,1.8157894736842106,-1.0526315789473684,0.15789473684210525,0.15789473684210525,0,0,1.0,0.7368421052631579,0.5263157894736842,10.18421052631579,17.763157894736842,3.1842105263157894,0.07493540051679587,0.15789473684210525,42,25.8,27,3.14,132.0,0.6428571428571429,4.882801922586371,41.9,23.77,18.13,22,23,11,9,0.13734848484848483,24.333333333333332,4.907270199714718,26.34648059868438,0.13518336040906548,0.33721270872726306,0.21238914485072838,31.0,0.04880300854582796,0.35335162054914915,37549.0,0,1.0,0,0,1,0,0,,1.15763,0.6671600000000001,1.8699999999999999,0.77952008,0.859573208859443,2016,1.0263157894736843,17.0,39.0,-0.3684210526315789,111.25,55.05,26.748875582168992,25.476190476190474,0.0,0.0,0.18651685393258433
premier-league,2017-2018,Man City,Manchester City,0,1,38,32,4,2,106,27,79,100,0,2.6315789473684212,2.789473684210526,0.7105263157894737,2.0789473684210527,0.8421052631578947,0.10526315789473684,1,1,0.05,2.6315789473684212,2.6315789473684212,17.473684210526315,6.2631578947368425,6.868421052631579,0.15963855421686746,0.47368421052631576,32,25.5,22,31.53,1010.0,0.6875,6.917705609835305,317.5,91.35,226.15,29,32,19,17,0.22391089108910892,24.0625,5.142721132354086,25.94548212005109,0.12606428267347808,0.38644103873988933,0.19079927628778204,25.0,0.05970807879352663,0.39697743720732226,37584.0,0,0.0,1,0,1,1,1,City Football Group,1.3874199999999999,0.7850199999999999,2.5799999999999996,1.3058442799999999,0.8864943985217997,2017,2.0526315789473686,3.0,78.0,1.0789473684210527,576.5,180.9,27.983389234946493,25.428571428571427,0.0,1.0,0.7519514310494362
premier-league,2017-2018,Man United,Manchester United,0,2,38,25,6,7,68,28,40,81,0,2.1315789473684212,1.7894736842105263,0.7368421052631579,1.0526315789473684,0.6578947368421053,0.15789473684210525,0,1,0.1,2.473684210526316,1.7894736842105263,13.5,11.473684210526315,4.7631578947368425,0.13255360623781676,0.5,35,26.6,23,24.27,849.5,0.6571428571428571,6.744647941111987,198.4,45.5,152.9,10,10,6,5,0.1799882283696292,25.057142857142857,4.7954810661144505,25.97840522736932,0.12802804929876754,0.18869528261793456,0.1458776030599235,27.0,0.05559146458147939,0.38769655758606036,37648.0,0,0.0,1,0,1,0,0,,1.3874199999999999,0.7850199999999999,2.5799999999999996,1.3058442799999999,0.8864943985217997,2017,1.8157894736842106,6.0,69.0,0.6578947368421053,531.45,137.75,26.01161801456904,23.428571428571427,0.0,0.0,0.5984570514629786
premier-league,2017-2018,Tottenham,Tottenham Hotspur,0,3,38,23,8,7,74,36,38,77,0,2.026315789473684,1.9473684210526316,0.9473684210526315,1.0,0.6052631578947368,0.21052631578947367,0,1,0.15,2.263157894736842,1.7894736842105263,16.36842105263158,9.342105263157896,5.7105263157894735,0.1189710610932476,0.42105263157894735,34,25.2,22,24.4,829.6,0.6470588235294118,6.720943656915318,121.0,103.8,17.200000000000003,14,12,8,7,0.020732883317261332,23.735294117647058,4.0773492839834935,25.207136964794167,0.1720641847840549,0.32949253572473985,0.17988770323851086,25.0,0.06379221617206002,0.4185316267064052,37579.0,0,0.0,1,0,1,0,0,,1.3874199999999999,0.7850199999999999,2.5799999999999996,1.3058442799999999,0.8864943985217997,2017,2.263157894736842,2.0,86.0,1.5789473684210527,543.65,31.200000000000003,24.793688740138656,22.657894736842106,0.0,1.0,0.5259817897544377
premier-league,2017-2018,Liverpool,Liverpool,0,4,38,21,12,5,84,38,46,75,0,1.9736842105263157,2.210526315789474,1.0,1.2105263157894737,0.5526315789473685,0.3157894736842105,0,1,0.2,2.263157894736842,1.6842105263157894,16.842105263157894,7.421052631578948,6.131578947368421,0.13125,0.4473684210526316,35,25.4,21,24.5,857.5,0.6,6.754021179040095,173.65,184.5,-10.849999999999994,13,15,8,9,-0.01265306122448979,23.885714285714286,3.7633794932326494,25.016606786427147,0.10860944777112441,0.25578176979374584,0.08548236859614106,27.0,0.05146318868140852,0.3317365269461077,37575.0,0,0.0,1,0,1,0,0,,1.3874199999999999,0.7850199999999999,2.5799999999999996,1.3058442799999999,0.8864943985217997,2017,2.0,4.0,76.0,0.9473684210526315,425.65,-9.079999999999998,25.520405994260813,23.394736842105264,0.0,1.0,1.0145659579466697
premier-league,2017-2018,Chelsea,Chelsea,1,5,38,21,7,10,62,38,24,70,0,1.8421052631578947,1.631578947368421,1.0,0.631578947368421,0.5526315789473685,0.18421052631578946,0,0,0.25,1.9473684210526316,1.736842105263158,15.947368421052632,9.921052631578947,5.7894736842105265,0.10231023102310231,0.42105263157894735,46,25.3,33,19.22,884.25,0.717391304347826,6.78473982808559,260.5,194.6,65.9,37,31,27,20,0.07452643483177834,23.695652173913043,4.406407280401228,26.131476442025505,0.057654340750226775,0.13467797876313964,0.16311829678245557,26.0,0.060862999701322584,0.39408249292993974,37482.0,0,0.0,0,0,1,0,0,,1.3874199999999999,0.7850199999999999,2.5799999999999996,1.3058442799999999,0.8864943985217997,2017,2.4473684210526314,1.0,93.0,1.368421052631579,686.7,23.900000000000006,26.614599665169674,23.79591836734694,0.0,1.0,0.28768020969855823
premier-league,2017-2018,Arsenal,Arsenal,0,6,38,19,6,13,74,51,23,63,0,1.6578947368421053,1.9473684210526316,1.3421052631578947,0.6052631578947368,0.5,0.15789473684210525,0,0,0.3,2.473684210526316,0.8421052631578947,15.605263157894736,11.131578947368421,6.157894736842105,0.12478920741989882,0.34210526315789475,45,25.4,27,15.42,694.0,0.6,6.542471960506805,152.85,162.4,-9.550000000000011,9,16,4,6,-0.013760806916426529,23.844444444444445,4.856839392947731,26.25589503379997,0.10693564698993985,0.2177303454516421,0.21951349337307713,30.0,0.05376026746619589,0.36924469047745784,37574.0,0,0.0,0,0,1,0,0,,1.3874199999999999,0.7850199999999999,2.5799999999999996,1.3058442799999999,0.8864943985217997,2017,1.9736842105263157,5.0,75.0,0.868421052631579,542.0,102.65,26.293788323113837,23.738095238095237,0.0,0.0,0.28044280442804426
premier-league,2017-2018,Burnley,Burnley,0,7,38,14,12,12,36,39,-3,54,0,1.4210526315789473,0.9473684210526315,1.0263157894736843,-0.07894736842105263,0.3684210526315789,0.3157894736842105,0,0,0.35,1.368421052631579,1.4736842105263157,9.973684210526315,14.789473684210526,3.3421052631578947,0.09498680738786279,0.3157894736842105,30,28.3,16,5.64,169.3,0.5333333333333333,5.13167228913909,35.739999999999995,50.0,-14.260000000000005,19,22,10,9,-0.08422917897223865,26.8,4.0120508127562315,26.921505062046606,2.657242313926607e-05,0.031196024765498365,0.13435017139212924,24.0,0.058965524516822417,0.39260755188265617,37633.0,0,0.0,0,0,1,0,0,,1.3874199999999999,0.7850199999999999,2.5799999999999996,1.3058442799999999,0.8864943985217997,2017,1.0526315789473684,16.0,40.0,-0.42105263157894735,107.18,44.4,27.13797512186027,25.63888888888889,1.0,0.0,0.5795857436088823
premier-league,2017-2018,Everton,Everton,0,8,38,13,10,15,44,58,-14,49,0,1.2894736842105263,1.1578947368421053,1.5263157894736843,-0.3684210526315789,0.34210526315789475,0.2631578947368421,0,0,0.4,1.7894736842105263,0.7894736842105263,9.473684210526315,14.263157894736842,3.210526315789474,0.12222222222222222,0.2631578947368421,48,25.4,31,7.94,381.25,0.6458333333333334,5.943455327921622,203.2,126.38000000000001,76.81999999999998,20,21,9,11,0.20149508196721305,23.916666666666668,5.270687037187053,26.12923289564616,0.20631545372388496,0.29721971187071394,0.2362713306044336,30.0,0.051553664458992655,0.3531975971506034,37622.0,0,0.0,0,0,1,0,0,,1.3874199999999999,0.7850199999999999,2.5799999999999996,1.3058442799999999,0.8864943985217997,2017,1.605263157894737,7.0,61.0,0.47368421052631576,311.25,25.199999999999996,26.871896327376053,24.871794871794872,0.0,0.0,0.2248995983935742
premier-league,2017-2018,Leicester,Leicester City,0,9,38,12,11,15,56,60,-4,47,0,1.236842105263158,1.4736842105263157,1.5789473684210527,-0.10526315789473684,0.3157894736842105,0.2894736842105263,0,0,0.45,1.4210526315789473,1.0526315789473684,11.105263157894736,12.894736842105264,3.8947368421052633,0.13270142180094788,0.23684210526315788,34,27.0,23,8.95,304.25,0.6764705882352942,5.717849731867637,83.845,50.1,33.745,13,13,5,8,0.11091207888249793,25.529411764705884,4.756082511438902,26.672014070244632,0.21944784949101956,0.2325054628790705,0.3967116132814582,27.0,0.06092468599269441,0.4131268986835794,37526.0,0,0.0,0,0,1,1,1,King Power,1.3874199999999999,0.7850199999999999,2.5799999999999996,1.3058442799999999,0.8864943985217997,2017,1.1578947368421053,12.0,44.0,-0.39473684210526316,218.65,26.049999999999997,27.257620530841518,25.612903225806452,0.0,0.0,0.3914932540589984
premier-league,2017-2018,Newcastle,Newcastle United,0,10,38,12,8,18,39,47,-8,44,0,1.1578947368421053,1.0263157894736843,1.236842105263158,-0.21052631578947367,0.3157894736842105,0.21052631578947367,0,0,0.5,1.4736842105263157,0.8421052631578947,11.81578947368421,12.605263157894736,3.9473684210526314,0.08685968819599109,0.23684210526315788,37,25.9,27,5.63,208.28,0.7297297297297297,5.338883328294698,46.5,21.22,25.28,27,29,22,17,0.12137507201843672,24.37837837837838,3.20027213557562,25.068093592129756,0.06700345652751928,0.42265354958787554,0.09518745014623771,27.0,0.052102404779711675,0.35487902153682527,37610.0,1,0.0,0,0,1,0,0,,1.3874199999999999,0.7850199999999999,2.5799999999999996,1.3058442799999999,0.8864943985217997,2017,,,,,,,,,,,
premier-league,2017-2018,Crystal Palace,Crystal Palace,0,11,38,11,11,16,45,55,-10,44,0,1.1578947368421053,1.1842105263157894,1.4473684210526316,-0.2631578947368421,0.2894736842105263,0.2894736842105263,0,0,0.55,1.368421052631579,0.9473684210526315,12.5,12.157894736842104,3.973684210526316,0.09473684210526316,0.23684210526315788,41,26.3,24,5.38,220.73,0.5853658536585366,5.39694023515312,55.95,3.0,52.95,14,18,8,7,0.23988583337108688,24.75609756097561,5.068434116198405,26.52700656234225,0.13098116315523792,0.13098116315523792,0.2101809293551901,28.0,0.055667732855971555,0.36201811950370627,37639.0,0,0.0,0,0,1,0,0,,1.3874199999999999,0.7850199999999999,2.5799999999999996,1.3058442799999999,0.8864943985217997,2017,1.0789473684210527,14.0,41.0,-0.34210526315789475,228.43,51.00000000000001,27.138891840203993,25.11111111111111,0.0,0.0,-0.03370835704592223
premier-league,2017-2018,Bournemouth,Bournemouth,0,12,38,11,11,16,45,61,-16,44,0,1.1578947368421053,1.1842105263157894,1.605263157894737,-0.42105263157894735,0.2894736842105263,0.2894736842105263,0,0,0.6,1.368421052631579,0.9473684210526315,12.289473684210526,14.473684210526315,4.157894736842105,0.09635974304068523,0.15789473684210525,35,26.4,14,4.13,144.5,0.4,4.973279507552487,34.3,0.0,34.3,14,14,10,11,0.23737024221453285,24.97142857142857,4.961532698943853,26.365838096504056,0.13186228898045993,0.2744383889405822,0.34725508440781605,22.0,0.061464064413992846,0.4054233683370996,37615.0,0,0.0,0,0,1,0,0,,1.3874199999999999,0.7850199999999999,2.5799999999999996,1.3058442799999999,0.8864943985217997,2017,1.2105263157894737,9.0,46.0,-0.3157894736842105,131.6,16.999999999999996,26.49082153878897,23.365853658536587,0.0,0.0,0.09802431610942253
premier-league,2017-2018,West Ham,West Ham,0,13,38,10,12,16,48,68,-20,42,0,1.105263157894737,1.263157894736842,1.7894736842105263,-0.5263157894736842,0.2631578947368421,0.3157894736842105,0,0,0.65,1.4210526315789473,0.7894736842105263,9.81578947368421,14.763157894736842,3.5,0.128686327077748,0.2631578947368421,42,25.8,26,6.38,268.1,0.6190476190476191,5.591360045241914,56.8,64.02,-7.219999999999999,15,25,9,10,-0.026930249906751205,24.357142857142858,5.225740365664752,27.558076297619365,0.06083548825677801,0.11735224334195303,0.2954599984004692,27.0,0.05462921478234281,0.3851936765215537,37511.0,0,0.0,0,0,1,0,0,,1.3874199999999999,0.7850199999999999,2.5799999999999996,1.3058442799999999,0.8864943985217997,2017,1.1842105263157894,11.0,45.0,-0.4473684210526316,273.05,42.5,26.521426478813222,23.65909090909091,0.0,0.0,-0.018128547885002733
premier-league,2017-2018,Watford,Watford,0,14,38,11,8,19,44,64,-20,41,0,1.0789473684210527,1.1578947368421053,1.6842105263157894,-0.5263157894736842,0.2894736842105263,0.21052631578947367,0,0,0.7,1.4210526315789473,0.7368421052631579,11.578947368421053,10.868421052631579,3.473684210526316,0.1,0.23684210526315788,37,27.4,28,5.3,196.0,0.7567567567567568,5.278114659230517,73.4,18.74,54.66000000000001,32,30,18,19,0.27887755102040823,25.83783783783784,4.481526981296004,27.339159439626417,0.07661107404936625,0.12685790527018012,0.29859906604402936,29.0,0.050235913913700976,0.34887258172114743,37475.0,0,0.0,0,0,1,1,1,Pozzo family,1.3874199999999999,0.7850199999999999,2.5799999999999996,1.3058442799999999,0.8864943985217997,2017,1.0526315789473684,17.0,40.0,-0.7368421052631579,175.65,12.350000000000001,28.43565462573815,25.782608695652176,0.0,0.0,0.11585539424992874
premier-league,2017-2018,Brighton,Brighton,0,15,38,9,13,16,34,54,-20,40,0,1.0526315789473684,0.8947368421052632,1.4210526315789473,-0.5263157894736842,0.23684210526315788,0.34210526315789475,0,0,0.75,1.5263157894736843,0.5789473684210527,10.078947368421053,14.605263157894736,3.1052631578947367,0.08877284595300261,0.2631578947368421,39,27.3,27,3.8,148.2,0.6923076923076923,4.998562712861986,70.0,0.4,69.6,23,22,11,14,0.46963562753036436,25.743589743589745,4.761235734764379,26.905496317174993,0.008376100194112798,0.06331268114978594,0.1776530964979924,24.0,0.06717650520315492,0.43858856064030627,37607.0,1,0.0,0,0,1,0,0,,1.3874199999999999,0.7850199999999999,2.5799999999999996,1.3058442799999999,0.8864943985217997,2017,,,,,,,,,,,
premier-league,2017-2018,Huddersfield,Huddersfield,0,16,38,9,10,19,28,58,-30,37,0,0.9736842105263158,0.7368421052631579,1.5263157894736843,-0.7894736842105263,0.23684210526315788,0.2631578947368421,0,0,0.8,1.2105263157894737,0.7368421052631579,9.473684210526315,11.605263157894736,2.9210526315789473,0.07777777777777778,0.2631578947368421,35,26.1,19,3.03,106.05,0.5428571428571428,4.663910681010692,56.75,6.455,50.295,22,16,11,7,0.4742574257425743,24.62857142857143,4.393080885194984,25.925155039791328,0.030555481621463362,0.15240478028266483,0.006627452024167576,25.0,0.05977655715521696,0.4160123499507599,37571.0,1,0.0,0,0,1,0,0,,1.3874199999999999,0.7850199999999999,2.5799999999999996,1.3058442799999999,0.8864943985217997,2017,,,,,,,,,,,
premier-league,2017-2018,Southampton,Southampton,0,17,38,7,15,16,37,56,-19,36,0,0.9473684210526315,0.9736842105263158,1.4736842105263157,-0.5,0.18421052631578946,0.39473684210526316,0,0,0.85,1.0,0.8947368421052632,11.868421052631579,12.973684210526315,3.8157894736842106,0.082039911308204,0.21052631578947367,29,26.4,16,10.24,297.0,0.5517241379310345,5.6937321388027,61.25,98.35000000000001,-37.10000000000001,11,14,6,8,-0.12491582491582494,24.79310344827586,4.082885099891528,25.494605654761905,0.06470556972789115,0.363546981292517,0.08237670068027211,26.0,0.05425914669253118,0.3765678146258503,37632.0,0,0.0,0,0,1,0,0,,1.3874199999999999,0.7850199999999999,2.5799999999999996,1.3058442799999999,0.8864943985217997,2017,1.2105263157894737,8.0,46.0,-0.18421052631578946,263.75,-16.14999999999999,25.3174430049746,24.305555555555557,0.0,0.0,0.12606635071090055
premier-league,2017-2018,Swansea,Swansea City,0,18,38,8,9,21,28,56,-28,33,0,0.868421052631579,0.7368421052631579,1.4736842105263157,-0.7368421052631579,0.21052631578947367,0.23684210526315788,0,0,0.9,1.105263157894737,0.631578947368421,8.842105263157896,14.157894736842104,2.736842105263158,0.08333333333333333,0.23684210526315788,36,26.8,25,4.6,165.49,0.6944444444444444,5.108910770030852,73.385,81.1,-7.714999999999989,20,24,12,13,-0.0466191310653211,25.27777777777778,4.326734902976483,26.603577703242294,0.07911409253047968,0.17060639940371614,0.11478464569025182,26.0,0.061285165137344576,0.42288239365383595,37566.0,0,1.0,0,0,1,0,0,,1.3874199999999999,0.7850199999999999,2.5799999999999996,1.3058442799999999,0.8864943985217997,2017,1.0789473684210527,15.0,41.0,-0.6578947368421053,157.1,8.799999999999997,26.85622460091901,25.864864864864863,0.0,0.0,0.05340547422024189
premier-league,2017-2018,Stoke,Stoke City,0,19,38,7,12,19,35,68,-33,33,0,0.868421052631579,0.9210526315789473,1.7894736842105263,-0.868421052631579,0.18421052631578946,0.3157894736842105,0,0,0.95,1.0526315789473684,0.6842105263157895,10.052631578947368,15.210526315789474,3.4473684210526314,0.09162303664921466,0.15789473684210525,35,26.8,27,5.5,192.45,0.7714285714285715,5.259836379729755,57.699999999999996,35.14,22.559999999999995,17,17,10,9,0.1172252533125487,25.228571428571428,5.30308297838439,26.84381738320245,0.05457207506987888,0.15330760015972314,0.1815519765739385,30.0,0.057671324183651576,0.3979502196193265,37565.0,0,1.0,0,0,1,0,0,,1.3874199999999999,0.7850199999999999,2.5799999999999996,1.3058442799999999,0.8864943985217997,2017,1.1578947368421053,13.0,44.0,-0.39473684210526316,186.0,38.365,28.087308347529813,26.11764705882353,0.0,0.0,0.0346774193548387
premier-league,2017-2018,West Brom,West Brom,0,20,38,6,13,19,31,56,-25,31,0,0.8157894736842105,0.8157894736842105,1.4736842105263157,-0.6578947368421053,0.15789473684210525,0.34210526315789475,0,0,1.0,0.9473684210526315,0.6842105263157895,9.868421052631579,13.552631578947368,3.0,0.08266666666666667,0.2631578947368421,33,27.0,17,5.03,165.95,0.5151515151515151,5.1116865381659835,53.5,2.05,51.45,15,11,9,7,0.3100331425128051,25.454545454545453,6.088364461674565,28.513539369137145,0.02436820706332545,0.02436820706332545,0.21081023624139672,24.0,0.06277420739143545,0.40251388482899736,37631.0,0,1.0,0,0,1,0,0,,1.3874199999999999,0.7850199999999999,2.5799999999999996,1.3058442799999999,0.8864943985217997,2017,1.1842105263157894,10.0,45.0,-0.21052631578947367,123.2,10.924999999999997,28.90097221484354,26.266666666666666,0.0,0.0,0.34699675324675305
premier-league,2018-2019,Man City,Manchester City,0,1,38,32,2,4,95,23,72,98,0,2.5789473684210527,2.5,0.6052631578947368,1.894736842105263,0.8421052631578947,0.05263157894736842,1,1,0.05,2.8421052631578947,2.3157894736842106,17.973684210526315,6.2105263157894735,6.842105263157895,0.1390922401171303,0.5263157894736842,47,24.6,36,25.61,1200.0,0.7659574468085106,7.090076835776092,78.59,57.6,20.990000000000002,17,22,12,14,0.01749166666666667,23.127659574468087,4.888393624639612,26.205830764324443,0.06651961305410864,0.2896778994365898,0.25855745721271395,21.0,0.05905859122367581,0.3955565004783672,37628.0,0,0.0,1,0,1,1,1,City Football Group,1.3285899999999997,0.6064600000000001,2.03,1.60139155,0.8799350566296631,2018,2.6315789473684212,1.0,100.0,2.0789473684210527,1010.0,226.15,25.94548212005109,24.0625,0.0,1.0,0.18811881188118806
premier-league,2018-2019,Liverpool,Liverpool,0,2,38,30,7,1,89,22,67,97,0,2.5526315789473686,2.3421052631578947,0.5789473684210527,1.763157894736842,0.7894736842105263,0.18421052631578946,0,1,0.1,2.789473684210526,2.3157894736842106,15.105263157894736,8.078947368421053,5.947368421052632,0.15505226480836237,0.5526315789473685,39,25.2,25,30.06,1170.0,0.6410256410256411,7.064759027791802,192.2,41.32,150.88,16,21,12,15,0.12895726495726495,23.71794871794872,4.06492518186289,25.47928129069984,0.09377242644127262,0.14060548069000345,0.05980384339366877,23.0,0.06600776161258559,0.43513276453233396,37623.0,0,0.0,1,0,1,0,0,,1.3285899999999997,0.6064600000000001,2.03,1.60139155,0.8799350566296631,2018,1.9736842105263157,4.0,75.0,1.2105263157894737,857.5,-10.849999999999994,25.016606786427147,23.885714285714286,0.0,1.0,0.36443148688046656
premier-league,2018-2019,Chelsea,Chelsea,1,3,38,21,9,8,63,39,24,72,0,1.894736842105263,1.6578947368421053,1.0263157894736843,0.631578947368421,0.5526315789473685,0.23684210526315788,0,1,0.15,2.210526315789474,1.5789473684210527,15.947368421052632,9.131578947368421,5.2105263157894735,0.10396039603960396,0.42105263157894735,54,26.2,40,21.6,1170.0,0.7407407407407407,7.064759027791802,208.8,83.25,125.55000000000001,27,31,23,27,0.10730769230769231,24.96078431372549,4.677438548238664,26.66869454332926,0.010387333297911907,0.15642101907443812,0.19449019712023805,24.0,0.06608608048575981,0.42882949896392325,37642.0,0,0.0,1,0,1,0,0,,1.3285899999999997,0.6064600000000001,2.03,1.60139155,0.8799350566296631,2018,1.8421052631578947,5.0,70.0,0.631578947368421,884.25,65.9,26.131476442025505,23.695652173913043,0.0,0.0,0.32315521628498733
premier-league,2018-2019,Tottenham,Tottenham Hotspur,0,4,38,23,2,13,67,39,28,71,0,1.868421052631579,1.763157894736842,1.0263157894736843,0.7368421052631579,0.6052631578947368,0.05263157894736842,0,1,0.2,2.0,1.736842105263158,14.105263157894736,12.18421052631579,4.973684210526316,0.125,0.34210526315789475,34,26.0,20,26.43,898.6,0.5882352941176471,6.8008379966360595,0.0,5.35,-5.35,3,4,3,3,-0.00595370576452259,24.441176470588236,4.349790496317476,26.14828330181392,0.03952800788429268,0.18259062941160803,0.1668486801800602,28.0,0.053863737495130716,0.3577231441280665,37543.0,0,0.0,1,0,1,0,0,,1.3285899999999997,0.6064600000000001,2.03,1.60139155,0.8799350566296631,2018,2.026315789473684,3.0,77.0,1.0,829.6,17.200000000000003,25.207136964794167,23.735294117647058,0.0,1.0,0.08317261330761805
premier-league,2018-2019,Arsenal,Arsenal,0,5,38,21,7,10,73,51,22,70,0,1.8421052631578947,1.9210526315789473,1.3421052631578947,0.5789473684210527,0.5526315789473685,0.18421052631578946,0,0,0.25,2.3684210526315788,1.3157894736842106,12.263157894736842,13.0,4.473684210526316,0.15665236051502146,0.21052631578947367,42,25.4,28,15.69,659.05,0.6666666666666666,6.490799404158475,80.15,9.100000000000001,71.05000000000001,15,12,10,6,0.10780669144981415,23.904761904761905,4.957426180203987,26.284182519622185,0.09075429027537582,0.26888386324331515,0.18398297193029134,28.0,0.053518002536010384,0.3508846614340827,37585.0,0,0.0,0,0,1,0,0,,1.3285899999999997,0.6064600000000001,2.03,1.60139155,0.8799350566296631,2018,1.6578947368421053,6.0,63.0,0.6052631578947368,694.0,-9.550000000000011,26.25589503379997,23.844444444444445,0.0,0.0,-0.050360230547550455
premier-league,2018-2019,Man United,Manchester United,0,6,38,19,9,10,65,54,11,66,0,1.736842105263158,1.7105263157894737,1.4210526315789473,0.2894736842105263,0.5,0.23684210526315788,0,0,0.3,1.894736842105263,1.5789473684210527,13.842105263157896,12.973684210526315,5.921052631578948,0.12357414448669202,0.18421052631578946,36,25.9,23,22.16,797.6,0.6388888888888888,6.6816072186476285,82.7,30.55,52.150000000000006,9,10,6,6,0.06538365095285859,24.333333333333332,4.945416348210013,25.594780804426474,0.1171259842519685,0.3145084060438391,0.13532134496701426,28.0,0.05485769924242551,0.3776069376463077,37592.0,0,0.0,0,0,1,0,0,,1.3285899999999997,0.6064600000000001,2.03,1.60139155,0.8799350566296631,2018,2.1315789473684212,2.0,81.0,1.0526315789473684,849.5,152.9,25.97840522736932,25.057142857142857,0.0,1.0,-0.06109476162448502
premier-league,2018-2019,Wolves,Wolves,0,7,38,16,9,13,47,46,1,57,0,1.5,1.236842105263158,1.2105263157894737,0.02631578947368421,0.42105263157894735,0.23684210526315788,0,0,0.35,1.7894736842105263,1.2105263157894737,12.473684210526315,12.0,3.973684210526316,0.09915611814345991,0.23684210526315788,40,24.5,26,7.57,302.9,0.65,5.713402718033191,117.5,23.3,94.2,34,45,24,32,0.3109937273027402,23.075,3.654203761177684,25.606173397495542,0.17924653710153404,0.2424693589982187,0.17174912929040492,21.0,0.07145053254035237,0.43048945843192515,37613.0,1,0.0,0,0,1,0,0,,1.3285899999999997,0.6064600000000001,2.03,1.60139155,0.8799350566296631,2018,,,,,,,,,,,
premier-league,2018-2019,Everton,Everton,0,8,38,15,9,14,54,46,8,54,0,1.4210526315789473,1.4210526315789473,1.2105263157894737,0.21052631578947367,0.39473684210526316,0.23684210526315788,0,0,0.4,1.7894736842105263,1.0526315789473684,13.026315789473685,10.578947368421053,4.447368421052632,0.10909090909090909,0.3684210526315789,40,26.6,29,13.23,529.1,0.725,6.271177449910086,99.8,28.65,71.15,19,23,15,18,0.13447363447363447,25.025,4.405634504202021,25.049580167932824,0.19272291083566573,0.2861522057843529,0.018819139011062243,23.0,0.06306939288347924,0.40823670531787287,37515.0,0,0.0,0,0,1,0,0,,1.3285899999999997,0.6064600000000001,2.03,1.60139155,0.8799350566296631,2018,1.2894736842105263,8.0,49.0,-0.3684210526315789,381.25,76.81999999999998,26.12923289564616,23.916666666666668,0.0,0.0,0.3878032786885246
premier-league,2018-2019,Leicester,Leicester City,0,9,38,15,7,16,51,48,3,52,0,1.368421052631579,1.3421052631578947,1.263157894736842,0.07894736842105263,0.39473684210526316,0.18421052631578946,0,0,0.45,1.4210526315789473,1.3157894736842106,13.552631578947368,11.210526315789474,4.842105263157895,0.09902912621359224,0.2631578947368421,37,26.9,28,11.73,434.1,0.7567567567567568,6.073274922305548,114.6,95.8,18.799999999999997,16,18,8,10,0.043307993549873296,25.405405405405407,4.704958728473252,25.351467678981983,0.34793883334224457,0.4298240923915949,0.29583489279794684,25.0,0.06334923974136482,0.42592097524461314,37406.0,0,0.0,0,0,1,1,1,King Power,1.3285899999999997,0.6064600000000001,2.03,1.60139155,0.8799350566296631,2018,1.236842105263158,9.0,47.0,-0.10526315789473684,304.25,33.745,26.672014070244632,25.529411764705884,0.0,0.0,0.4267871815940838
premier-league,2018-2019,West Ham,West Ham,0,10,38,15,7,16,52,55,-3,52,0,1.368421052631579,1.368421052631579,1.4473684210526316,-0.07894736842105263,0.39473684210526316,0.18421052631578946,0,0,0.5,1.631578947368421,1.105263157894737,11.605263157894736,13.894736842105264,4.131578947368421,0.11791383219954649,0.18421052631578946,37,27.1,24,9.7,359.0,0.6486486486486487,5.883322388488279,100.9,13.764999999999999,87.135,17,13,6,9,0.24271587743732592,25.64864864864865,4.583886125550242,27.148539349757883,0.17719363592827117,0.17719363592827117,0.3656414622465812,26.0,0.05741183363918624,0.392619592401426,37586.0,0,0.0,0,0,1,0,0,,1.3285899999999997,0.6064600000000001,2.03,1.60139155,0.8799350566296631,2018,1.105263157894737,13.0,42.0,-0.5263157894736842,268.1,-7.219999999999999,27.558076297619365,24.357142857142858,0.0,0.0,0.3390525923162997
premier-league,2018-2019,Watford,Watford,0,11,38,14,8,16,52,59,-7,50,0,1.3157894736842106,1.368421052631579,1.5526315789473684,-0.18421052631578946,0.3684210526315789,0.21052631578947367,0,0,0.55,1.4210526315789473,1.2105263157894737,11.421052631578947,12.894736842105264,3.973684210526316,0.11981566820276497,0.18421052631578946,39,26.7,32,6.13,239.1,0.8205128205128205,5.476881874464279,30.1,51.84,-21.740000000000002,26,27,17,20,-0.09092429945629445,25.17948717948718,4.930420046543461,27.99375233619907,0.009638489880920595,0.1117904629679073,0.2799433972339403,25.0,0.06237306531123026,0.40986276499172314,37454.0,0,0.0,0,0,1,1,1,Pozzo family,1.3285899999999997,0.6064600000000001,2.03,1.60139155,0.8799350566296631,2018,1.0789473684210527,14.0,41.0,-0.5263157894736842,196.0,54.66000000000001,27.339159439626417,25.83783783783784,0.0,0.0,0.21989795918367339
premier-league,2018-2019,Crystal Palace,Crystal Palace,0,12,38,14,7,17,51,53,-2,49,0,1.2894736842105263,1.3421052631578947,1.394736842105263,-0.05263157894736842,0.3684210526315789,0.18421052631578946,0,0,0.6,1.0526315789473684,1.5263157894736843,12.921052631578947,13.81578947368421,3.8421052631578947,0.10386965376782077,0.3157894736842105,36,26.9,22,8.03,289.0,0.6111111111111112,5.666426688112432,11.85,0.35,11.5,11,16,7,8,0.039792387543252594,25.36111111111111,4.751858450139138,26.776906514978336,0.0833576991573855,0.1255150049174663,0.1912229871614258,26.0,0.06400339563441933,0.4218122856915021,37621.0,0,0.0,0,0,1,0,0,,1.3285899999999997,0.6064600000000001,2.03,1.60139155,0.8799350566296631,2018,1.1578947368421053,11.0,44.0,-0.2631578947368421,220.73,52.95,26.52700656234225,24.75609756097561,0.0,0.0,0.30929189507543153
premier-league,2018-2019,Newcastle,Newcastle United,0,13,38,12,9,17,42,48,-6,45,0,1.1842105263157894,1.105263157894737,1.263157894736842,-0.15789473684210525,0.3157894736842105,0.23684210526315788,0,0,0.65,1.3157894736842106,1.0526315789473684,11.68421052631579,12.868421052631579,3.736842105263158,0.0945945945945946,0.2894736842105263,37,26.6,25,6.61,244.65,0.6756756756756757,5.499828617735132,59.75,51.05,8.700000000000003,21,23,14,13,0.03556100551808707,25.027027027027028,3.491946977503194,26.211967221837916,0.018278082264673017,0.11171712871813973,0.05762784015324855,24.0,0.05603193713300274,0.38955994253179377,37586.0,0,0.0,0,0,1,0,0,,1.3285899999999997,0.6064600000000001,2.03,1.60139155,0.8799350566296631,2018,1.1578947368421053,10.0,44.0,-0.21052631578947367,208.28,25.28,25.068093592129756,24.37837837837838,1.0,0.0,0.17462070289994247
premier-league,2018-2019,Bournemouth,Bournemouth,0,14,38,13,6,19,56,70,-14,45,0,1.1842105263157894,1.4736842105263157,1.8421052631578947,-0.3684210526315789,0.34210526315789475,0.15789473684210525,0,0,0.7,1.5263157894736843,0.8421052631578947,11.763157894736842,13.710526315789474,4.2894736842105265,0.12527964205816555,0.2631578947368421,37,26.2,17,8.38,310.0,0.4594594594594595,5.736572297479192,91.6,20.2,71.39999999999999,14,16,9,9,0.23032258064516126,24.7027027027027,5.060000356087301,26.047715250272468,0.12743560434886628,0.3162763497168984,0.1997129110290013,28.0,0.056935507436380095,0.39557138679922377,37619.0,0,0.0,0,0,1,0,0,,1.3285899999999997,0.6064600000000001,2.03,1.60139155,0.8799350566296631,2018,1.1578947368421053,12.0,44.0,-0.42105263157894735,144.5,34.3,26.365838096504056,24.97142857142857,0.0,0.0,1.1453287197231834
premier-league,2018-2019,Burnley,Burnley,0,15,38,11,7,20,45,68,-23,40,0,1.0526315789473684,1.1842105263157894,1.7894736842105263,-0.6052631578947368,0.2894736842105263,0.18421052631578946,0,0,0.75,1.2105263157894737,0.8947368421052632,9.447368421052632,17.105263157894736,3.026315789473684,0.12534818941504178,0.21052631578947367,33,28.6,14,5.98,197.25,0.42424242424242425,5.284471959725984,33.0,8.0,25.0,9,13,5,7,0.1267427122940431,27.060606060606062,4.999621197772099,27.4574290040645,0.04245145179714688,0.04245145179714688,0.18805621231038971,23.0,0.06224099241972935,0.42191111229179395,37643.0,0,0.0,0,0,1,0,0,,1.3285899999999997,0.6064600000000001,2.03,1.60139155,0.8799350566296631,2018,1.4210526315789473,7.0,54.0,-0.07894736842105263,169.3,-14.260000000000005,26.921505062046606,26.8,0.0,0.0,0.1650915534554045
premier-league,2018-2019,Southampton,Southampton,0,16,38,9,12,17,45,65,-20,39,0,1.0263157894736843,1.1842105263157894,1.7105263157894737,-0.5263157894736842,0.23684210526315788,0.3157894736842105,0,0,0.8,1.2105263157894737,0.8421052631578947,12.631578947368421,13.763157894736842,4.2631578947368425,0.09375,0.18421052631578946,40,25.5,20,7.64,305.4,0.5,5.721622392784532,62.25,26.1,36.15,14,18,10,12,0.11836935166994106,23.875,3.673798425580107,24.68546025661502,0.06016078368737688,0.32489485172762606,0.03881169142309535,30.0,0.04993413299809854,0.33546291859660327,37566.0,0,0.0,0,0,1,0,0,,1.3285899999999997,0.6064600000000001,2.03,1.60139155,0.8799350566296631,2018,0.9473684210526315,17.0,36.0,-0.5,297.0,-37.10000000000001,25.494605654761905,24.79310344827586,0.0,0.0,0.028282828282828243
premier-league,2018-2019,Brighton,Brighton,0,17,38,9,9,20,35,60,-25,36,0,0.9473684210526315,0.9210526315789473,1.5789473684210527,-0.6578947368421053,0.23684210526315788,0.23684210526315788,0,0,0.85,1.2105263157894737,0.6842105263157895,9.605263157894736,15.31578947368421,2.8421052631578947,0.0958904109589041,0.18421052631578946,41,26.3,29,4.74,194.35,0.7073170731707317,5.269660657298232,90.62,13.62,77.0,27,29,11,16,0.3961924363262156,24.78048780487805,4.666434372848028,26.82296893348991,0.04721362229102167,0.1599231344080282,0.18631899220668305,21.0,0.05812106741035507,0.38342051884274575,37468.0,0,0.0,0,0,1,1,1,Tony Bloom,1.3285899999999997,0.6064600000000001,2.03,1.60139155,0.8799350566296631,2018,1.0526315789473684,15.0,40.0,-0.5263157894736842,148.2,69.6,26.905496317174993,25.743589743589745,1.0,0.0,0.3114035087719298
premier-league,2018-2019,Cardiff,Cardiff City,0,18,38,10,4,24,34,69,-35,34,0,0.8947368421052632,0.8947368421052632,1.8157894736842106,-0.9210526315789473,0.2631578947368421,0.10526315789473684,0,0,0.9,1.0526315789473684,0.7368421052631579,10.973684210526315,15.026315789473685,3.3157894736842106,0.0815347721822542,0.2631578947368421,35,27.8,21,3.23,113.0,0.6,4.727387818712341,51.2,0.0,51.2,18,18,12,10,0.4530973451327434,26.285714285714285,3.502700038973536,27.187002899475964,0.0,0.1029180964541271,0.1068816002979278,25.0,0.060079611789656734,0.400473492405501,37593.0,1,1.0,0,0,1,0,0,,1.3285899999999997,0.6064600000000001,2.03,1.60139155,0.8799350566296631,2018,,,,,,,,,,,
premier-league,2018-2019,Fulham,Fulham,0,19,38,7,5,26,34,81,-47,26,0,0.6842105263157895,0.8947368421052632,2.1315789473684212,-1.236842105263158,0.18421052631578946,0.13157894736842105,0,0,0.95,1.105263157894737,0.2631578947368421,11.921052631578947,15.342105263157896,3.9210526315789473,0.07505518763796909,0.13157894736842105,33,26.2,26,7.7,254.25,0.7878787878787878,5.538318034928669,116.5,5.35,111.15,18,11,9,7,0.4371681415929204,24.666666666666668,4.036293679437445,25.294544777508843,0.08295874670851398,0.29778971726467535,0.16179482405511078,28.0,0.054079095997443094,0.35699656887517617,37597.0,1,1.0,0,0,1,0,0,,1.3285899999999997,0.6064600000000001,2.03,1.60139155,0.8799350566296631,2018,,,,,,,,,,,
premier-league,2018-2019,Huddersfield,Huddersfield,0,20,38,3,7,28,22,76,-54,16,0,0.42105263157894735,0.5789473684210527,2.0,-1.4210526315789473,0.07894736842105263,0.18421052631578946,0,0,1.0,0.47368421052631576,0.3684210526315789,10.526315789473685,13.68421052631579,3.1052631578947367,0.055,0.13157894736842105,33,25.8,21,4.17,137.45,0.6363636363636364,4.923260214611255,50.7,12.33,38.370000000000005,14,16,5,8,0.2791560567479084,24.303030303030305,4.073426448372799,25.737768871075488,0.08424849699398798,0.2872678690714763,0.02501002004008016,31.0,0.053286815001635415,0.3597862391449566,37425.0,0,1.0,0,0,1,0,0,,1.3285899999999997,0.6064600000000001,2.03,1.60139155,0.8799350566296631,2018,0.9736842105263158,16.0,37.0,-0.7894736842105263,106.05,50.295,25.925155039791328,24.62857142857143,1.0,0.0,0.296086751532296
premier-league,2019-2020,Liverpool,Liverpool,0,1,38,32,3,3,85,33,52,99,0,2.6052631578947367,2.236842105263158,0.868421052631579,1.368421052631579,0.8421052631578947,0.07894736842105263,1,1,0.05,2.8947368421052633,2.3157894736842106,15.526315789473685,9.026315789473685,6.078947368421052,0.1440677966101695,0.39473684210526316,56,23.8,32,17.9,1000.0,0.5714285714285714,6.907755278982137,10.4,48.0,-37.6,12,16,8,8,-0.0376,22.84313725490196,5.033378781771178,26.03623554433072,0.09397846603748504,0.14712215871327927,0.057769506845673266,24.0,0.0645571059155574,0.41637644556692804,37615.0,0,0.0,1,1,1,0,0,,0.5858200000000001,-0.09671999999999999,1.44,0.94799573,0.8730630005692845,2019,2.5526315789473686,2.0,97.0,1.763157894736842,1170.0,150.88,25.47928129069984,23.71794871794872,0.0,1.0,-0.14529914529914534
premier-league,2019-2020,Man City,Manchester City,0,2,38,26,3,9,102,35,67,81,0,2.1315789473684212,2.6842105263157894,0.9210526315789473,1.763157894736842,0.6842105263157895,0.07894736842105263,0,1,0.1,2.473684210526316,1.7894736842105263,19.605263157894736,7.342105263157895,6.921052631578948,0.13691275167785236,0.4473684210526316,35,25.4,25,29.96,1050.0,0.7142857142857143,6.956545443151569,169.82,71.0,98.82,22,26,15,17,0.0941142857142857,23.97142857142857,5.387816944604877,26.47971767212678,0.04533226794513251,0.21134638433879344,0.206472233320016,24.0,0.05402335912224725,0.35757091490211745,37545.0,0,0.0,1,1,1,1,1,City Football Group,0.5858200000000001,-0.09671999999999999,1.44,0.94799573,0.8730630005692845,2019,2.5789473684210527,1.0,98.0,1.894736842105263,1200.0,20.990000000000002,26.205830764324443,23.127659574468087,0.0,1.0,-0.125
premier-league,2019-2020,Man United,Manchester United,0,3,38,18,12,8,66,36,30,66,0,1.736842105263158,1.736842105263158,0.9473684210526315,0.7894736842105263,0.47368421052631576,0.3157894736842105,0,1,0.15,1.9473684210526316,1.5263157894736843,14.289473684210526,10.18421052631579,5.684210526315789,0.12154696132596685,0.34210526315789475,43,24.4,27,15.59,670.45,0.627906976744186,6.5079491287256515,236.8,81.18,155.62,9,12,5,6,0.23211276008650905,22.88372093023256,4.98191635687839,24.105883915526633,0.28659848585469516,0.48944082879532474,0.09007836366051268,29.0,0.06019028914116313,0.4159914995351308,37645.0,0,0.0,1,1,1,0,0,,0.5858200000000001,-0.09671999999999999,1.44,0.94799573,0.8730630005692845,2019,1.736842105263158,6.0,66.0,0.2894736842105263,797.6,52.150000000000006,25.594780804426474,24.333333333333332,0.0,0.0,-0.15941574724172514
premier-league,2019-2020,Chelsea,Chelsea,1,4,38,20,6,12,69,54,15,66,0,1.736842105263158,1.8157894736842106,1.4210526315789473,0.39473684210526316,0.5263157894736842,0.15789473684210525,0,1,0.2,1.894736842105263,1.5789473684210527,16.44736842105263,8.473684210526315,5.868421052631579,0.1104,0.23684210526315788,36,24.7,23,19.61,705.85,0.6388888888888888,6.559402750330209,45.0,165.066,-120.066,18,29,17,19,-0.17010129630941417,23.055555555555557,5.148894163906568,24.84498245987031,0.28510683533538855,0.33711597746359095,0.12530562347188265,27.0,0.05470943930539705,0.37371106622727757,37628.0,0,0.0,1,1,1,0,0,,0.5858200000000001,-0.09671999999999999,1.44,0.94799573,0.8730630005692845,2019,1.894736842105263,3.0,72.0,0.631578947368421,1170.0,125.55000000000001,26.66869454332926,24.96078431372549,0.0,1.0,-0.3967094017094017
premier-league,2019-2020,Leicester,Leicester City,0,5,38,18,8,12,67,41,26,62,0,1.631578947368421,1.763157894736842,1.0789473684210527,0.6842105263157895,0.47368421052631576,0.21052631578947367,0,0,0.25,1.9473684210526316,1.3157894736842106,14.131578947368421,10.0,5.0,0.12476722532588454,0.34210526315789475,32,26.4,21,12.85,411.1,0.65625,6.018836493903833,104.3,88.5,15.799999999999997,13,13,7,9,0.03843347117489661,24.875,4.6818110639697625,25.578041448296045,0.11354385591529437,0.5157359865918221,0.2937029450105084,24.0,0.06390680807132246,0.41796802255979143,37589.0,0,0.0,0,1,1,1,1,King Power,0.5858200000000001,-0.09671999999999999,1.44,0.94799573,0.8730630005692845,2019,1.368421052631579,9.0,52.0,0.07894736842105263,434.1,18.799999999999997,25.351467678981983,25.405405405405407,0.0,0.0,-0.05298318359824927
premier-league,2019-2020,Tottenham,Tottenham Hotspur,0,6,38,16,11,11,61,47,14,59,0,1.5526315789473684,1.605263157894737,1.236842105263158,0.3684210526315789,0.42105263157894735,0.2894736842105263,0,0,0.3,2.0526315789473686,1.0526315789473684,11.710526315789474,14.105263157894736,4.2105263157894735,0.13707865168539327,0.21052631578947367,36,25.3,23,22.41,806.8,0.6388888888888888,6.693075806080056,150.5,64.5,86.0,10,14,5,6,0.1065939514129896,23.805555555555557,4.615622195757388,26.059905748289353,0.047738225192364016,0.2940174126041694,0.17071807023616178,29.0,0.05278924858002424,0.35139380707686574,37559.0,0,0.0,0,1,1,0,0,,0.5858200000000001,-0.09671999999999999,1.44,0.94799573,0.8730630005692845,2019,1.868421052631579,4.0,71.0,0.7368421052631579,898.6,-5.35,26.14828330181392,24.441176470588236,0.0,1.0,-0.10215891386601383
premier-league,2019-2020,Wolves,Wolves,0,7,38,15,14,9,51,40,11,59,0,1.5526315789473684,1.3421052631578947,1.0526315789473684,0.2894736842105263,0.39473684210526316,0.3684210526315789,0,0,0.35,1.631578947368421,1.4736842105263157,12.078947368421053,10.421052631578947,3.8157894736842106,0.1111111111111111,0.34210526315789475,44,23.6,30,7.28,320.33,0.6818181818181818,5.769351714420779,116.7,24.1,92.6,26,26,18,18,0.2890768894577467,22.136363636363637,4.480401295829448,26.165519257861302,0.053268121527870076,0.2818372717365301,0.1735201084500678,21.0,0.0723773163928502,0.4322054171872093,37621.0,0,0.0,0,1,1,0,0,,0.5858200000000001,-0.09671999999999999,1.44,0.94799573,0.8730630005692845,2019,1.5,7.0,57.0,0.02631578947368421,302.9,94.2,25.606173397495542,23.075,1.0,0.0,0.05754374380983829
premier-league,2019-2020,Arsenal,Arsenal,0,8,38,14,14,10,56,48,8,56,0,1.4736842105263157,1.4736842105263157,1.263157894736842,0.21052631578947367,0.3684210526315789,0.3684210526315789,0,0,0.4,1.894736842105263,1.0526315789473684,10.789473684210526,14.578947368421053,3.973684210526316,0.13658536585365855,0.2631578947368421,38,24.8,24,15.99,607.65,0.631578947368421,6.409599058316809,160.8,53.65,107.15,13,19,8,8,0.1763350613017362,23.289473684210527,4.660981770706289,25.32945291431928,0.20673911302165382,0.334525939177102,0.2530371398819854,29.0,0.048652743428747446,0.35260192774944593,37453.0,0,0.0,0,1,1,0,0,,0.5858200000000001,-0.09671999999999999,1.44,0.94799573,0.8730630005692845,2019,1.8421052631578947,5.0,70.0,0.5789473684210527,659.05,71.05000000000001,26.284182519622185,23.904761904761905,0.0,0.0,-0.07799104772020327
premier-league,2019-2020,Sheffield United,Sheffield United,0,9,38,14,12,12,39,39,0,54,0,1.4210526315789473,1.0263157894736843,1.0263157894736843,0.0,0.3684210526315789,0.3157894736842105,0,0,0.45,1.736842105263158,1.105263157894737,9.31578947368421,11.31578947368421,3.026315789473684,0.11016949152542373,0.34210526315789475,34,27.9,16,4.08,138.6,0.47058823529411764,4.931592086755803,72.5,0.35,72.15,22,21,11,11,0.5205627705627707,26.294117647058822,3.9353057080794605,26.316250232830416,0.025252122082967458,0.20348048215853756,0.1702722120220324,26.0,0.06890607820949206,0.4377211888986456,37581.0,1,0.0,0,1,1,1,1,United World (Prince Abdullah),0.5858200000000001,-0.09671999999999999,1.44,0.94799573,0.8730630005692845,2019,,,,,,,,,,,
premier-league,2019-2020,Burnley,Burnley,0,10,38,15,9,14,43,50,-7,54,0,1.4210526315789473,1.131578947368421,1.3157894736842106,-0.18421052631578946,0.39473684210526316,0.23684210526315788,0,0,0.5,1.4736842105263157,1.368421052631579,10.210526315789474,14.18421052631579,3.526315789473684,0.11082474226804123,0.39473684210526316,35,26.8,12,4.68,163.88,0.34285714285714286,5.09913445267867,23.85,13.55,10.3,8,11,4,3,0.06285086648767392,25.285714285714285,5.067610114137389,27.439268726915206,0.08893790024712353,0.11035527329737199,0.2232880716392528,22.0,0.06423048514674451,0.4308718412031993,37633.0,0,0.0,0,1,1,0,0,,0.5858200000000001,-0.09671999999999999,1.44,0.94799573,0.8730630005692845,2019,1.0526315789473684,15.0,40.0,-0.6052631578947368,197.25,25.0,27.4574290040645,27.060606060606062,0.0,0.0,-0.16917617237008875
premier-league,2019-2020,Southampton,Southampton,0,11,38,15,7,16,51,60,-9,52,0,1.368421052631579,1.3421052631578947,1.5789473684210527,-0.23684210526315788,0.39473684210526316,0.18421052631578946,0,0,0.55,1.105263157894737,1.631578947368421,13.157894736842104,11.894736842105264,4.7631578947368425,0.102,0.23684210526315788,36,25.0,20,5.85,210.75,0.5555555555555556,5.350672596881965,61.5,27.3,34.2,13,17,10,12,0.1622775800711744,23.416666666666668,3.894134783785188,25.23857299143475,0.08351789097313018,0.3108039597619873,0.052218694132401204,25.0,0.058389793070112286,0.3952290738319503,37477.0,0,0.0,0,1,1,0,0,,0.5858200000000001,-0.09671999999999999,1.44,0.94799573,0.8730630005692845,2019,1.0263157894736843,16.0,39.0,-0.5263157894736842,305.4,36.15,24.68546025661502,23.875,0.0,0.0,-0.30992141453831035
premier-league,2019-2020,Everton,Everton,0,12,38,13,10,15,44,56,-12,49,0,1.2894736842105263,1.1578947368421053,1.4736842105263157,-0.3157894736842105,0.34210526315789475,0.2631578947368421,0,0,0.6,1.631578947368421,0.9473684210526315,12.368421052631579,11.236842105263158,4.2631578947368425,0.09361702127659574,0.23684210526315788,35,26.5,22,12.02,420.55,0.6285714285714286,6.041563378408446,121.0,87.8,33.2,21,22,14,12,0.07894423968612532,24.97142857142857,4.792676485968948,24.92790778159359,0.09583899049596678,0.34877405957990576,0.09413518622048292,24.0,0.05835623691709327,0.39214120277933073,37563.0,0,0.0,0,1,1,0,0,,0.5858200000000001,-0.09671999999999999,1.44,0.94799573,0.8730630005692845,2019,1.4210526315789473,8.0,54.0,0.21052631578947367,529.1,71.15,25.049580167932824,25.025,0.0,0.0,-0.20515970515970516
premier-league,2019-2020,Newcastle,Newcastle United,0,13,38,11,11,16,38,58,-20,44,0,1.1578947368421053,1.0,1.5263157894736843,-0.5263157894736842,0.2894736842105263,0.2894736842105263,0,0,0.65,1.368421052631579,0.9473684210526315,10.394736842105264,14.921052631578947,3.4473684210526314,0.09620253164556962,0.2894736842105263,41,26.6,25,6.16,252.48,0.6097560975609756,5.531332037657509,72.4,35.64,36.760000000000005,12,11,8,7,0.14559569074778203,25.048780487804876,3.8009947350147377,25.942198223120712,0.05218917912432835,0.18641272543490983,0.18111932755226898,28.0,0.05107840845622505,0.3722934510826196,37594.0,0,0.0,0,1,1,0,0,,0.5858200000000001,-0.09671999999999999,1.44,0.94799573,0.8730630005692845,2019,1.1842105263157894,13.0,45.0,-0.15789473684210525,244.65,8.700000000000003,26.211967221837916,25.027027027027028,0.0,0.0,0.03200490496627828
premier-league,2019-2020,Crystal Palace,Crystal Palace,0,14,38,11,10,17,31,50,-19,43,0,1.131578947368421,0.8157894736842105,1.3157894736842106,-0.5,0.2894736842105263,0.2631578947368421,0,0,0.7,1.2105263157894737,1.0526315789473684,9.894736842105264,13.526315789473685,3.1578947368421053,0.08244680851063829,0.2631578947368421,33,27.4,18,5.74,189.33,0.5454545454545454,5.243491524264258,7.6,55.375,-47.775,12,15,8,10,-0.2523371890350182,25.848484848484848,4.829086430949001,28.704386945642337,0.0054836820529201935,0.04309748176542618,0.3072192940424852,25.0,0.06053257817466658,0.40547303412660385,37566.0,0,0.0,0,1,1,0,0,,0.5858200000000001,-0.09671999999999999,1.44,0.94799573,0.8730630005692845,2019,1.2894736842105263,12.0,49.0,-0.05263157894736842,289.0,11.5,26.776906514978336,25.36111111111111,0.0,0.0,-0.344878892733564
premier-league,2019-2020,Brighton,Brighton,0,15,38,9,14,15,39,54,-15,41,0,1.0789473684210527,1.0263157894736843,1.4210526315789473,-0.39473684210526316,0.23684210526315788,0.3684210526315789,0,0,0.75,1.1578947368421053,1.0,12.131578947368421,13.105263157894736,3.736842105263158,0.08459869848156182,0.23684210526315788,45,25.3,29,4.46,200.78,0.6444444444444445,5.302209781263381,61.74,8.5,53.24,23,30,17,21,0.26516585317262675,23.733333333333334,4.802461490073227,25.781759565171054,0.09026963657678781,0.19788447191729724,0.0995683683256954,25.0,0.05977710771890938,0.4034157518917191,37532.0,0,0.0,0,1,1,1,1,Tony Bloom,0.5858200000000001,-0.09671999999999999,1.44,0.94799573,0.8730630005692845,2019,0.9473684210526315,17.0,36.0,-0.6578947368421053,194.35,77.0,26.82296893348991,24.78048780487805,0.0,0.0,0.03308464111139697
premier-league,2019-2020,West Ham,West Ham,0,16,38,10,9,19,49,62,-13,39,0,1.0263157894736843,1.2894736842105263,1.631578947368421,-0.34210526315789475,0.2631578947368421,0.23684210526315788,0,0,0.8,1.1578947368421053,0.8947368421052632,10.973684210526315,13.18421052631579,4.2894736842105265,0.11750599520383694,0.18421052631578946,38,27.0,27,7.99,303.6,0.7105263157894737,5.715711045521475,119.8,55.73,64.07,10,17,3,5,0.21103425559947295,25.526315789473685,5.320723594893599,26.910328326465507,0.11064734813239399,0.2701315964375914,0.29836501395719794,29.0,0.054645971062484464,0.3825867340156852,37615.0,0,0.0,0,1,1,0,0,,0.5858200000000001,-0.09671999999999999,1.44,0.94799573,0.8730630005692845,2019,1.368421052631579,10.0,52.0,-0.07894736842105263,359.0,87.135,27.148539349757883,25.64864864864865,0.0,0.0,-0.15431754874651804
premier-league,2019-2020,Aston Villa,Aston Villa,0,17,38,9,8,21,41,67,-26,35,0,0.9210526315789473,1.0789473684210527,1.763157894736842,-0.6842105263157895,0.23684210526315788,0.21052631578947367,0,0,0.85,1.263157894736842,0.5789473684210527,12.078947368421053,15.973684210526315,3.9473684210526314,0.08932461873638345,0.18421052631578946,38,26.2,22,6.1,231.7,0.5789473684210527,5.44544343143833,159.5,3.0,156.5,22,22,8,9,0.6754423823910229,24.657894736842106,4.51589574359269,25.016065966218907,0.13924724032451125,0.3749966750897726,0.13273041627876048,28.0,0.05269265937826063,0.35528660726160394,37595.0,1,0.0,0,1,1,0,0,,0.5858200000000001,-0.09671999999999999,1.44,0.94799573,0.8730630005692845,2019,,,,,,,,,,,
premier-league,2019-2020,Bournemouth,Bournemouth,0,18,38,9,7,22,40,65,-25,34,0,0.8947368421052632,1.0526315789473684,1.7105263157894737,-0.6578947368421053,0.23684210526315788,0.18421052631578946,0,0,0.9,1.105263157894737,0.6842105263157895,10.236842105263158,14.68421052631579,3.1842105263157894,0.10282776349614396,0.13157894736842105,39,25.4,17,6.98,272.18,0.4358974358974359,5.606463612132171,54.910000000000004,34.625,20.285000000000004,11,12,7,8,0.07452788595782205,23.846153846153847,5.3436556654078435,24.74108642897144,0.19101842715805756,0.40449078642097125,0.03538761033627563,27.0,0.05566356317267512,0.3726766047094589,37499.0,0,1.0,0,1,1,0,0,,0.5858200000000001,-0.09671999999999999,1.44,0.94799573,0.8730630005692845,2019,1.1842105263157894,14.0,45.0,-0.3684210526315789,310.0,71.39999999999999,26.047715250272468,24.7027027027027,0.0,0.0,-0.122
premier-league,2019-2020,Watford,Watford,0,19,38,8,10,20,36,64,-28,34,0,0.8947368421052632,0.9473684210526315,1.6842105263157894,-0.7368421052631579,0.21052631578947367,0.2631578947368421,0,0,0.95,1.263157894736842,0.5263157894736842,11.157894736842104,13.157894736842104,3.1578947368421053,0.08490566037735849,0.23684210526315788,43,26.2,27,4.64,199.6,0.627906976744186,5.296315363877364,56.0,29.4,26.6,21,20,14,13,0.1332665330661323,24.674418604651162,5.55800979382162,28.410948691322524,0.05508959714567191,0.05860425486593711,0.3559123465665522,26.0,0.058102233016674595,0.3745773091567484,37557.0,0,1.0,0,1,1,1,1,Pozzo family,0.5858200000000001,-0.09671999999999999,1.44,0.94799573,0.8730630005692845,2019,1.3157894736842106,11.0,50.0,-0.18421052631578946,239.1,-21.740000000000002,27.99375233619907,25.17948717948718,0.0,0.0,-0.16520284399832708
premier-league,2019-2020,Norwich,Norwich City,0,20,38,5,6,27,26,75,-49,21,0,0.5526315789473685,0.6842105263157895,1.9736842105263157,-1.2894736842105263,0.13157894736842105,0.15789473684210525,0,0,1.0,0.7894736842105263,0.3157894736842105,10.736842105263158,15.921052631578947,3.4473684210526314,0.06372549019607843,0.13157894736842105,38,26.0,25,3.82,145.33,0.6578947368421053,4.979007018638079,8.815000000000001,2.2,6.615000000000001,21,27,15,17,0.04551709901603248,24.526315789473685,4.595749164615959,25.505675459632286,0.2916600053290701,0.35792699173994136,0.18646416200373034,30.0,0.05790401411884081,0.39928057553956836,37530.0,1,1.0,0,1,1,0,0,,0.5858200000000001,-0.09671999999999999,1.44,0.94799573,0.8730630005692845,2019,,,,,,,,,,,
premier-league,2020-2021,Man City,Manchester City,0,1,38,27,5,6,83,32,51,86,0,2.263157894736842,2.1842105263157894,0.8421052631578947,1.3421052631578947,0.7105263157894737,0.13157894736842105,1,1,0.05,2.1578947368421053,2.3684210526315788,15.894736842105264,7.5,5.7631578947368425,0.13741721854304637,0.5,36,25.3,23,29.01,1040.0,0.6388888888888888,6.946975992135418,173.39999999999998,64.0,109.39999999999998,26,27,19,22,0.10519230769230767,23.916666666666668,5.039132578416362,25.70272,0.08906666666666667,0.2591466666666667,0.10074666666666666,24.0,0.05517670257777777,0.36456,37500.0,0,0.0,1,1,1,1,1,City Football Group,0.51488,-0.16551,0.9799999999999999,0.539153825,0.8868919473122258,2020,2.1315789473684212,2.0,81.0,1.763157894736842,1050.0,98.82,26.47971767212678,23.97142857142857,0.0,1.0,-0.00952380952380949
premier-league,2020-2021,Man United,Manchester United,0,2,38,21,11,6,73,44,29,74,0,1.9473684210526316,1.9210526315789473,1.1578947368421053,0.7631578947368421,0.5526315789473685,0.2894736842105263,0,1,0.1,1.631578947368421,2.263157894736842,13.710526315789474,11.0,5.578947368421052,0.1401151631477927,0.34210526315789475,39,25.4,26,19.74,770.05,0.6666666666666666,6.646455447804475,89.95,19.5,70.45,14,17,9,11,0.09148756574248426,23.94871794871795,5.226192726866622,24.92177106061412,0.0626629769570539,0.35924112607099146,0.07961258049066042,29.0,0.05848203112915795,0.393699111276675,37582.0,0,0.0,1,1,1,0,0,,0.51488,-0.16551,0.9799999999999999,0.539153825,0.8868919473122258,2020,1.736842105263158,3.0,66.0,0.7894736842105263,670.45,155.62,24.105883915526633,22.88372093023256,0.0,1.0,0.14855693936908043
premier-league,2020-2021,Liverpool,Liverpool,0,3,38,20,9,9,68,42,26,69,0,1.8157894736842106,1.7894736842105263,1.105263157894737,0.6842105263157895,0.5263157894736842,0.23684210526315788,0,1,0.15,1.736842105263158,1.894736842105263,16.0,8.763157894736842,5.631578947368421,0.1118421052631579,0.3157894736842105,43,24.9,28,22.55,969.65,0.6511627906976745,6.87693518164225,84.8,17.2,67.6,15,13,10,8,0.06971587686278553,23.3953488372093,4.6503432279048,26.24831251660909,0.16218442731862875,0.24610682965718841,0.08073345734786075,28.0,0.06037993755583002,0.4097528567632208,37630.0,0,0.0,1,1,1,0,0,,0.51488,-0.16551,0.9799999999999999,0.539153825,0.8868919473122258,2020,2.6052631578947367,1.0,99.0,1.368421052631579,1000.0,-37.6,26.03623554433072,22.84313725490196,0.0,1.0,-0.030349999999999988
premier-league,2020-2021,Chelsea,Chelsea,1,4,38,19,10,9,58,36,22,67,0,1.763157894736842,1.5263157894736843,0.9473684210526315,0.5789473684210527,0.5,0.2631578947368421,0,1,0.2,1.736842105263158,1.7894736842105263,14.68421052631579,8.842105263157896,5.5,0.1039426523297491,0.47368421052631576,39,25.7,23,22.8,889.2,0.5897435897435898,6.7903221820900415,267.2,57.15,210.04999999999998,31,26,24,20,0.2362235717498875,24.153846153846153,4.782305442370819,25.413981358189083,0.2621571238348868,0.3521970705725699,0.1322769640479361,27.0,0.05241915244831126,0.34404793608521966,37550.0,0,0.0,1,1,1,0,0,,0.51488,-0.16551,0.9799999999999999,0.539153825,0.8868919473122258,2020,1.736842105263158,4.0,66.0,0.39473684210526316,705.85,-120.066,24.84498245987031,23.055555555555557,0.0,1.0,0.2597577388963661
premier-league,2020-2021,Leicester,Leicester City,0,5,38,20,6,12,68,50,18,66,0,1.736842105263158,1.7894736842105263,1.3157894736842106,0.47368421052631576,0.5263157894736842,0.15789473684210525,0,0,0.25,1.4736842105263157,2.0,12.736842105263158,9.710526315789474,4.868421052631579,0.14049586776859505,0.2894736842105263,40,25.8,27,12.77,510.6,0.675,6.235586504807383,59.4,53.77,5.6299999999999955,17,18,15,10,0.011026243634939278,24.275,5.41123001326041,25.90126245847176,0.08847840531561461,0.45281063122923587,0.29817940199335546,27.0,0.05723319151002749,0.3839202657807309,37625.0,0,0.0,0,1,1,1,1,King Power,0.51488,-0.16551,0.9799999999999999,0.539153825,0.8868919473122258,2020,1.631578947368421,5.0,62.0,0.6842105263157895,411.1,15.799999999999997,25.578041448296045,24.875,0.0,0.0,0.2420335684748236
premier-league,2020-2021,West Ham,West Ham,0,6,38,19,8,11,62,47,15,65,0,1.7105263157894737,1.631578947368421,1.236842105263158,0.39473684210526316,0.5,0.21052631578947367,0,0,0.3,1.7894736842105263,1.631578947368421,12.31578947368421,12.210526315789474,4.342105263157895,0.13247863247863248,0.2894736842105263,40,26.8,24,8.41,336.4,0.6,5.818300928098793,54.7,45.41,9.290000000000006,14,17,10,7,0.027615933412604064,25.325,5.11602560086616,27.25834175935288,0.09041562450109095,0.1957319993613964,0.37464743760310787,24.0,0.06181112318182365,0.41714118460965355,37582.0,0,0.0,0,1,1,0,0,,0.51488,-0.16551,0.9799999999999999,0.539153825,0.8868919473122258,2020,1.0263157894736843,16.0,39.0,-0.34210526315789475,303.6,64.07,26.910328326465507,25.526315789473685,0.0,0.0,0.10803689064558619
premier-league,2020-2021,Tottenham,Tottenham Hotspur,0,7,38,18,8,12,68,45,23,62,0,1.631578947368421,1.7894736842105263,1.1842105263157894,0.6052631578947368,0.47368421052631576,0.21052631578947367,0,0,0.35,1.736842105263158,1.5263157894736843,11.68421052631579,12.842105263157896,4.631578947368421,0.15315315315315314,0.3157894736842105,41,25.2,24,17.16,703.5,0.5853658536585366,6.556067876554444,110.5,13.3,97.2,15,11,9,8,0.13816631130063967,23.609756097560975,4.673746082001502,26.484000425237866,0.013022909690107904,0.1806197841917823,0.21687131239036836,24.0,0.05783130880139964,0.41388933184500076,37626.0,0,0.0,0,1,1,0,0,,0.51488,-0.16551,0.9799999999999999,0.539153825,0.8868919473122258,2020,1.5526315789473684,6.0,59.0,0.3684210526315789,806.8,86.0,26.059905748289353,23.805555555555557,0.0,0.0,-0.1280366881507189
premier-league,2020-2021,Arsenal,Arsenal,0,8,38,18,7,13,55,39,16,61,0,1.605263157894737,1.4473684210526316,1.0263157894736843,0.42105263157894735,0.47368421052631576,0.18421052631578946,0,0,0.4,1.4736842105263157,1.736842105263158,12.078947368421053,10.947368421052632,4.0,0.11982570806100218,0.3157894736842105,42,24.9,28,14.74,619.25,0.6666666666666666,6.428509068369469,86.0,19.15,66.85,15,16,9,10,0.10795316915623737,23.38095238095238,4.367018187657988,25.30957398564836,0.16488382639314964,0.3358764371648838,0.1371141995891909,29.0,0.05105888909362776,0.3498279403526556,37487.0,0,0.0,0,1,1,0,0,,0.51488,-0.16551,0.9799999999999999,0.539153825,0.8868919473122258,2020,1.4736842105263157,8.0,56.0,0.21052631578947367,607.65,107.15,25.32945291431928,23.289473684210527,0.0,0.0,0.019089936641158545
premier-league,2020-2021,Leeds,Leeds United,0,9,38,18,5,15,62,54,8,59,0,1.5526315789473684,1.631578947368421,1.4210526315789473,0.21052631578947367,0.47368421052631576,0.13157894736842105,0,0,0.45,1.5263157894736843,1.5789473684210527,13.736842105263158,14.68421052631579,5.2368421052631575,0.11877394636015326,0.3157894736842105,39,25.1,24,6.11,238.1,0.6153846153846154,5.472690753492817,127.8,0.0,127.8,16,16,8,11,0.5367492650146997,23.53846153846154,5.041126408411819,25.437089439110665,0.19765431770431638,0.366532804978591,0.08505092949655595,23.0,0.06450202183076074,0.4223025983351507,37601.0,1,0.0,0,1,1,0,0,,0.51488,-0.16551,0.9799999999999999,0.539153825,0.8868919473122258,2020,,,,,,,,,,,
premier-league,2020-2021,Everton,Everton,0,10,38,17,8,13,47,48,-1,59,0,1.5526315789473684,1.236842105263158,1.263157894736842,-0.02631578947368421,0.4473684210526316,0.21052631578947367,0,0,0.5,1.1578947368421053,1.9473684210526316,10.526315789473685,13.263157894736842,3.8947368421052633,0.1175,0.3157894736842105,44,25.2,27,11.62,511.2,0.6136363636363636,6.236760903063325,74.37,4.43,69.94,19,20,13,10,0.13681533646322377,23.681818181818183,4.83096950774666,25.716586921850077,0.0061403508771929825,0.33118022328548646,0.1269271664008506,29.0,0.060067960446118764,0.376501860712387,37620.0,0,0.0,0,1,1,0,0,,0.51488,-0.16551,0.9799999999999999,0.539153825,0.8868919473122258,2020,1.2894736842105263,12.0,49.0,-0.3157894736842105,420.55,33.2,24.92790778159359,24.97142857142857,0.0,0.0,0.2155510640827487
premier-league,2020-2021,Aston Villa,Aston Villa,0,11,38,16,7,15,55,46,9,55,0,1.4473684210526316,1.4473684210526316,1.2105263157894737,0.23684210526315788,0.42105263157894735,0.18421052631578946,0,0,0.55,1.3157894736842106,1.5789473684210527,13.447368421052632,14.157894736842104,4.921052631578948,0.10763209393346379,0.39473684210526316,53,23.9,25,8.13,430.7,0.4716981132075472,6.065411792060065,101.35,2.77,98.58,11,15,6,7,0.2288832133735779,22.7,4.937362759652987,24.485858101629915,0.016885053797805475,0.2471236816874401,0.022584425268989027,24.0,0.06960347812432982,0.4442047512517311,37548.0,0,0.0,0,1,1,0,0,,0.51488,-0.16551,0.9799999999999999,0.539153825,0.8868919473122258,2020,0.9210526315789473,17.0,35.0,-0.6842105263157895,231.7,156.5,25.016065966218907,24.657894736842106,1.0,0.0,0.858869227449288
premier-league,2020-2021,Newcastle,Newcastle United,0,12,38,12,9,17,46,62,-16,45,0,1.1842105263157894,1.2105263157894737,1.631578947368421,-0.42105263157894735,0.3157894736842105,0.23684210526315788,0,0,0.6,1.2105263157894737,1.1578947368421053,10.447368421052632,15.052631578947368,3.736842105263158,0.11586901763224182,0.18421052631578946,33,27.4,19,7.74,255.35,0.5757575757575758,5.542635153093653,38.75,0.78,37.97,10,15,5,8,0.14869786567456433,25.87878787878788,3.7144782251143273,26.546818375612876,0.036212960989128115,0.21733105947559156,0.19673310594755916,27.0,0.04557161236330168,0.30569175015988065,37528.0,0,0.0,0,1,1,0,0,,0.51488,-0.16551,0.9799999999999999,0.539153825,0.8868919473122258,2020,1.1578947368421053,13.0,44.0,-0.5263157894736842,252.48,36.760000000000005,25.942198223120712,25.048780487804876,0.0,0.0,0.011367237008871989
premier-league,2020-2021,Wolves,Wolves,0,13,38,12,9,17,36,52,-16,45,0,1.1842105263157894,0.9473684210526315,1.368421052631579,-0.42105263157894735,0.3157894736842105,0.23684210526315788,0,0,0.65,1.3157894736842106,1.0526315789473684,12.157894736842104,11.631578947368421,4.052631578947368,0.07792207792207792,0.2631578947368421,38,24.4,32,11.85,450.3,0.8421052631578947,6.109914027307526,87.589,79.2,8.388999999999996,20,22,14,14,0.018629802353986223,22.894736842105264,4.903332973927078,25.776762714114987,0.19115655291461958,0.29826052317089363,0.23856061612003718,27.0,0.06026217769632784,0.39713185499933606,37655.0,0,0.0,0,1,1,0,0,,0.51488,-0.16551,0.9799999999999999,0.539153825,0.8868919473122258,2020,1.5526315789473684,7.0,59.0,0.2894736842105263,320.33,92.6,26.165519257861302,22.136363636363637,0.0,0.0,0.4057378328598633
premier-league,2020-2021,Crystal Palace,Crystal Palace,0,14,38,12,8,18,41,66,-25,44,0,1.1578947368421053,1.0789473684210527,1.736842105263158,-0.6578947368421053,0.3157894736842105,0.21052631578947367,0,0,0.7,1.2105263157894737,1.105263157894737,9.18421052631579,14.105263157894736,3.4473684210526314,0.1174785100286533,0.21052631578947367,36,28.2,19,5.38,193.85,0.5277777777777778,5.267084664116938,32.4,20.0,12.399999999999999,11,8,7,4,0.06396698478204797,26.666666666666668,4.756949803032551,28.43003004599963,0.04546784014464623,0.16772581031136163,0.3764790342737111,24.0,0.05609590789509397,0.3720917865404557,37609.0,0,0.0,0,1,1,0,0,,0.51488,-0.16551,0.9799999999999999,0.539153825,0.8868919473122258,2020,1.131578947368421,14.0,43.0,-0.5,189.33,-47.775,28.704386945642337,25.848484848484848,0.0,0.0,0.02387365974753064
premier-league,2020-2021,Southampton,Southampton,0,15,38,12,7,19,47,68,-21,43,0,1.131578947368421,1.236842105263158,1.7894736842105263,-0.5526315789473685,0.3157894736842105,0.18421052631578946,0,0,0.75,1.4210526315789473,0.8421052631578947,11.131578947368421,11.263157894736842,4.368421052631579,0.1111111111111111,0.23684210526315788,39,25.0,22,7.25,282.8,0.5641025641025641,5.644739934022418,37.3,26.3,10.999999999999996,20,18,17,11,0.03889674681753888,23.512820512820515,4.333904249736482,26.001014198782965,0.0863937226433223,0.2615031493541155,0.20948542756485533,29.0,0.060379898259061995,0.3915074196647806,37468.0,0,0.0,0,1,1,0,0,,0.51488,-0.16551,0.9799999999999999,0.539153825,0.8868919473122258,2020,1.368421052631579,11.0,52.0,-0.23684210526315788,210.75,34.2,25.23857299143475,23.416666666666668,0.0,0.0,0.34187425860023724
premier-league,2020-2021,Brighton,Brighton,0,16,38,9,14,15,40,46,-6,41,0,1.0789473684210527,1.0526315789473684,1.2105263157894737,-0.15789473684210525,0.23684210526315788,0.3684210526315789,0,0,0.8,1.105263157894737,1.0526315789473684,12.81578947368421,9.421052631578947,3.763157894736842,0.08213552361396304,0.3157894736842105,46,24.9,30,6.31,290.4,0.6521739130434783,5.671259282950641,54.6,20.6,34.0,27,22,19,14,0.11707988980716254,23.32608695652174,4.049989562818304,25.121346701061086,0.11996383267292503,0.41951440044677285,0.04228386033029279,27.0,0.05869061217581317,0.3844374119086243,37603.0,0,0.0,0,1,1,1,1,Tony Bloom,0.51488,-0.16551,0.9799999999999999,0.539153825,0.8868919473122258,2020,1.0789473684210527,15.0,41.0,-0.39473684210526316,200.78,53.24,25.781759565171054,23.733333333333334,0.0,0.0,0.4463591991234186
premier-league,2020-2021,Burnley,Burnley,0,17,38,10,9,19,33,55,-22,39,0,1.0263157894736843,0.868421052631579,1.4473684210526316,-0.5789473684210527,0.2631578947368421,0.23684210526315788,0,0,0.85,0.9473684210526315,1.105263157894737,10.105263157894736,15.078947368421053,3.4210526315789473,0.0859375,0.2894736842105263,32,27.1,11,4.13,132.3,0.34375,4.88507207112091,1.1,2.3,-1.1999999999999997,4,6,2,1,-0.009070294784580496,25.59375,4.89146310323635,27.70824473740166,0.08965022326174782,0.10639485434828833,0.3960769721454391,25.0,0.06382624747103167,0.41630342334679993,37624.0,0,0.0,0,1,1,0,0,,0.51488,-0.16551,0.9799999999999999,0.539153825,0.8868919473122258,2020,1.4210526315789473,10.0,54.0,-0.18421052631578946,163.88,10.3,27.439268726915206,25.285714285714285,0.0,0.0,-0.1927019770563826
premier-league,2020-2021,Fulham,Fulham,0,18,38,5,13,20,27,53,-26,28,0,0.7368421052631579,0.7105263157894737,1.394736842105263,-0.6842105263157895,0.13157894736842105,0.34210526315789475,0,0,0.9,0.5263157894736842,0.9473684210526315,11.631578947368421,11.289473684210526,3.5789473684210527,0.06108597285067873,0.23684210526315788,38,27.0,30,6.31,239.75,0.7894736842105263,5.479596713763548,37.25,0.0,37.25,23,19,17,16,0.1553701772679875,25.42105263157895,3.760617969253001,24.544045590115037,0.028706859821048147,0.32413719642096295,0.02721559437579889,28.0,0.05879216184518978,0.3821367703451214,37552.0,1,1.0,0,1,1,0,0,,0.51488,-0.16551,0.9799999999999999,0.539153825,0.8868919473122258,2020,,,,,,,,,,,
premier-league,2020-2021,West Brom,West Brom,0,19,38,5,11,22,35,76,-41,26,0,0.6842105263157895,0.9210526315789473,2.0,-1.0789473684210527,0.13157894736842105,0.2894736842105263,0,0,0.95,0.7894736842105263,0.5789473684210527,8.947368421052632,15.763157894736842,2.9473684210526314,0.10294117647058823,0.15789473684210525,43,26.6,18,3.28,141.15,0.4186046511627907,4.949823154699498,42.14,8.1,34.04,22,22,13,15,0.24116188452001416,25.13953488372093,5.2489518017039645,25.868036444278196,0.12472279370507922,0.2256659630747856,0.12026077430731824,30.0,0.0542070826010293,0.37959227295802495,37427.0,1,1.0,0,1,1,0,0,,0.51488,-0.16551,0.9799999999999999,0.539153825,0.8868919473122258,2020,,,,,,,,,,,
premier-league,2020-2021,Sheffield United,Sheffield United,0,20,38,7,2,29,20,63,-43,23,0,0.6052631578947368,0.5263157894736842,1.6578947368421053,-1.131578947368421,0.18421052631578946,0.05263157894736842,0,0,1.0,0.8421052631578947,0.3684210526315789,8.552631578947368,14.263157894736842,2.6052631578947367,0.06153846153846154,0.13157894736842105,40,25.4,16,3.75,149.85,0.4,5.009634793762673,62.7,0.0,62.7,16,19,9,11,0.4184184184184185,23.875,5.311755226828849,26.018312378206666,0.12351512239395639,0.32030645204345853,0.16665331945223033,27.0,0.05628531337362219,0.37705880782680656,37461.0,0,1.0,0,1,1,1,1,United World (Prince Abdullah),0.51488,-0.16551,0.9799999999999999,0.539153825,0.8868919473122258,2020,1.4210526315789473,9.0,54.0,0.0,138.6,72.15,26.316250232830416,26.294117647058822,1.0,0.0,0.08116883116883122
premier-league,2021-2022,Man City,Manchester City,0,1,38,29,6,3,99,26,73,93,0,2.4473684210526314,2.6052631578947367,0.6842105263157895,1.9210526315789473,0.7631578947368421,0.15789473684210525,1,1,0.05,2.473684210526316,2.4210526315789473,18.81578947368421,6.2368421052631575,6.684210526315789,0.13846153846153847,0.5526315789473685,39,24.7,23,25.74,1000.0,0.5897435897435898,6.907755278982137,138.9,93.8,45.10000000000001,21,24,18,14,0.04510000000000001,23.307692307692307,5.207049099431139,26.593197785820742,0.06908665105386416,0.06908665105386416,0.2199542261017671,26.0,0.06087180169586275,0.4029167553757717,37576.0,0,0.0,1,0,1,1,1,City Football Group,1.22892,0.48492999999999997,5.139999999999999,3.3175438,0.8448367699169672,2021,2.263157894736842,1.0,86.0,1.3421052631578947,1040.0,109.39999999999998,25.70272,23.916666666666668,0.0,1.0,-0.038461538461538436
premier-league,2021-2022,Liverpool,Liverpool,0,2,38,28,8,2,94,26,68,92,0,2.4210526315789473,2.473684210526316,0.6842105263157895,1.7894736842105263,0.7368421052631579,0.21052631578947367,0,1,0.1,2.5789473684210527,2.263157894736842,19.210526315789473,7.7894736842105265,6.7368421052631575,0.12876712328767123,0.5526315789473685,49,24.5,29,18.75,918.9,0.5918367346938775,6.823177302506839,89.0,31.650000000000002,57.349999999999994,13,12,11,8,0.06241157906192186,22.959183673469386,5.123309410891352,27.152783313405074,0.03406403613657499,0.14098578450910057,0.13282848412382092,27.0,0.060320950066673755,0.3924272618573137,37635.0,0,0.0,1,0,1,0,0,,1.22892,0.48492999999999997,5.139999999999999,3.3175438,0.8448367699169672,2021,1.8157894736842106,3.0,69.0,0.6842105263157895,969.65,67.6,26.24831251660909,23.3953488372093,0.0,1.0,-0.05233847264476876
premier-league,2021-2022,Chelsea,Chelsea,1,3,38,21,11,6,76,33,43,74,0,1.9473684210526316,2.0,0.868421052631579,1.131578947368421,0.5526315789473685,0.2894736842105263,0,1,0.15,1.7894736842105263,2.1052631578947367,15.578947368421053,8.973684210526315,5.552631578947368,0.12837837837837837,0.42105263157894735,44,25.6,27,20.78,914.5,0.6136363636363636,6.818377467830921,118.0,157.59,-39.59,20,23,18,10,-0.043291416074357575,24.09090909090909,4.6845524559421445,26.812712675457252,0.1139674606550404,0.27387282007656316,0.2308326244151425,26.0,0.0520038872297208,0.35612505316886434,37616.0,0,0.0,1,0,1,0,0,,1.22892,0.48492999999999997,5.139999999999999,3.3175438,0.8448367699169672,2021,1.763157894736842,4.0,67.0,0.5789473684210527,889.2,210.04999999999998,25.413981358189083,24.153846153846153,0.0,1.0,0.0284525416104362
premier-league,2021-2022,Tottenham,Tottenham Hotspur,0,4,38,22,5,11,69,40,29,71,0,1.868421052631579,1.8157894736842106,1.0526315789473684,0.7631578947368421,0.5789473684210527,0.13157894736842105,0,1,0.2,2.1052631578947367,1.631578947368421,12.921052631578947,12.657894736842104,5.2105263157894735,0.14052953156822812,0.42105263157894735,45,24.0,26,15.32,689.35,0.5777777777777777,6.535749124617638,95.9,34.62,61.28000000000001,13,19,9,10,0.08889533618626243,22.488888888888887,4.05430311365267,25.916961177689796,0.10017803523503309,0.24712353519517444,0.09087768713628996,25.0,0.06011472727185954,0.42372385937873674,37633.0,0,0.0,1,0,1,0,0,,1.22892,0.48492999999999997,5.139999999999999,3.3175438,0.8448367699169672,2021,1.631578947368421,7.0,62.0,0.6052631578947368,703.5,97.2,26.484000425237866,23.609756097560975,0.0,0.0,-0.020113717128642516
premier-league,2021-2022,Arsenal,Arsenal,0,5,38,22,3,13,61,48,13,69,0,1.8157894736842106,1.605263157894737,1.263157894736842,0.34210526315789475,0.5789473684210527,0.07894736842105263,0,0,0.25,2.1578947368421053,1.4736842105263157,15.473684210526315,11.18421052631579,5.184210526315789,0.10374149659863946,0.34210526315789475,41,24.0,26,14.95,613.05,0.6341463414634146,6.418446498678396,167.4,31.4,136.0,12,20,5,13,0.22184161161406085,22.414634146341463,4.2952043592598566,23.869340163825076,0.2447503935537234,0.6337415619413538,0.07564235972144401,27.0,0.056252951175502185,0.3947277141866111,37479.0,0,0.0,0,0,1,0,0,,1.22892,0.48492999999999997,5.139999999999999,3.3175438,0.8448367699169672,2021,1.605263157894737,8.0,61.0,0.42105263157894735,619.25,66.85,25.30957398564836,23.38095238095238,0.0,0.0,-0.010012111425111048
premier-league,2021-2022,Man United,Manchester United,0,6,38,16,10,12,57,57,0,58,0,1.5263157894736843,1.5,1.5,0.0,0.42105263157894735,0.2631578947368421,0,0,0.3,1.8421052631578947,1.2105263157894737,13.368421052631579,13.447368421052632,4.921052631578948,0.11220472440944881,0.21052631578947367,43,26.0,29,17.89,769.15,0.6744186046511628,6.64528600900176,142.0,31.1,110.9,15,14,11,11,0.14418513943964117,24.511627906976745,5.620422340609441,26.622595834109227,0.1193902795881993,0.25123034768960656,0.21983985528450958,29.0,0.05465688260450092,0.36984916602378226,37591.0,0,0.0,0,0,1,0,0,,1.22892,0.48492999999999997,5.139999999999999,3.3175438,0.8448367699169672,2021,1.9473684210526316,2.0,74.0,0.7631578947368421,770.05,70.45,24.92177106061412,23.94871794871795,0.0,1.0,-0.001168755275631428
premier-league,2021-2022,West Ham,West Ham,0,7,38,16,8,14,60,51,9,56,0,1.4736842105263157,1.5789473684210527,1.3421052631578947,0.23684210526315788,0.42105263157894735,0.21052631578947367,0,0,0.35,1.6842105263157894,1.263157894736842,11.394736842105264,14.421052631578947,4.157894736842105,0.13856812933025403,0.21052631578947367,37,26.3,20,9.59,354.9,0.5405405405405406,5.871836059652451,74.5,4.235,70.265,10,8,7,3,0.197985347985348,24.864864864864863,5.701667213106094,27.62975962561157,0.03743884279940438,0.13669963837481386,0.3548447138906616,25.0,0.06590751317196335,0.4132897255903,37608.0,0,0.0,0,0,1,0,0,,1.22892,0.48492999999999997,5.139999999999999,3.3175438,0.8448367699169672,2021,1.7105263157894737,6.0,65.0,0.39473684210526316,336.4,9.290000000000006,27.25834175935288,25.325,0.0,0.0,0.05499405469678953
premier-league,2021-2022,Leicester,Leicester City,0,8,38,14,10,14,62,59,3,52,0,1.368421052631579,1.631578947368421,1.5526315789473684,0.07894736842105263,0.3684210526315789,0.2631578947368421,0,0,0.4,1.7894736842105263,0.9473684210526315,11.447368421052632,14.68421052631579,4.447368421052632,0.1425287356321839,0.18421052631578946,40,25.7,26,13.16,526.55,0.65,6.266346293826606,67.6,4.0,63.599999999999994,10,11,6,5,0.12078625011869717,24.125,5.074761583385483,25.88436061823309,0.06828762203718976,0.3137985156021388,0.21148679205128887,28.0,0.050475158795683185,0.34729057487164483,37591.0,0,0.0,0,0,1,1,1,King Power,1.22892,0.48492999999999997,5.139999999999999,3.3175438,0.8448367699169672,2021,1.736842105263158,5.0,66.0,0.47368421052631576,510.6,5.6299999999999955,25.90126245847176,24.275,0.0,0.0,0.031237759498628836
premier-league,2021-2022,Brighton,Brighton,0,9,38,12,15,11,42,44,-2,51,0,1.3421052631578947,1.105263157894737,1.1578947368421053,-0.05263157894736842,0.3157894736842105,0.39473684210526316,0,0,0.45,1.1578947368421053,1.5263157894736843,12.894736842105264,12.526315789473685,4.0,0.08571428571428572,0.2894736842105263,43,24.6,31,7.4,318.0,0.7209302325581395,5.762051382780177,75.58,78.8,-3.219999999999999,24,29,16,16,-0.01012578616352201,23.093023255813954,4.26399071677925,25.53753290610791,0.06591857898795438,0.3754088334618555,0.1376871327146542,26.0,0.057700282045196914,0.3905124046055256,37607.0,0,0.0,0,0,1,1,1,Tony Bloom,1.22892,0.48492999999999997,5.139999999999999,3.3175438,0.8448367699169672,2021,1.0789473684210527,16.0,41.0,-0.15789473684210525,290.4,34.0,25.121346701061086,23.32608695652174,0.0,0.0,0.0950413223140496
premier-league,2021-2022,Wolves,Wolves,0,10,38,15,6,17,38,43,-5,51,0,1.3421052631578947,1.0,1.131578947368421,-0.13157894736842105,0.39473684210526316,0.15789473684210525,0,0,0.5,1.263157894736842,1.4210526315789473,10.578947368421053,13.447368421052632,3.5789473684210527,0.0945273631840796,0.2894736842105263,38,24.8,30,9.92,376.95,0.7894736842105263,5.932112552657711,37.6,31.8,5.800000000000001,23,22,16,18,0.015386656055179734,23.36842105263158,4.851419700996862,26.855017696995503,0.1308513186257551,0.1404316470181228,0.2877025840274636,26.0,0.0599166939352502,0.39979242621816535,37577.0,0,0.0,0,0,1,0,0,,1.22892,0.48492999999999997,5.139999999999999,3.3175438,0.8448367699169672,2021,1.1842105263157894,13.0,45.0,-0.42105263157894735,450.3,8.388999999999996,25.776762714114987,22.894736842105264,0.0,0.0,-0.16289140572951366
premier-league,2021-2022,Newcastle,Newcastle United,0,11,38,13,10,15,44,62,-18,49,0,1.2894736842105263,1.1578947368421053,1.631578947368421,-0.47368421052631576,0.34210526315789475,0.2631578947368421,0,0,0.55,1.5789473684210527,1.0,11.789473684210526,13.68421052631579,3.8947368421052633,0.09821428571428571,0.21052631578947367,34,27.9,19,9.23,313.9,0.5588235294117647,5.749074463847908,130.5,0.0,130.5,12,10,7,5,0.4157374960178401,26.38235294117647,4.015233914332921,26.919316184694043,0.054454918251051816,0.12786920168290994,0.17028811844277575,29.0,0.04578072786172981,0.3176226234222719,37554.0,0,0.0,0,0,1,0,0,,1.22892,0.48492999999999997,5.139999999999999,3.3175438,0.8448367699169672,2021,1.1842105263157894,12.0,45.0,-0.42105263157894735,255.35,37.97,26.546818375612876,25.87878787878788,0.0,0.0,0.22929312708047767
premier-league,2021-2022,Crystal Palace,Crystal Palace,0,12,38,11,15,12,50,46,4,48,0,1.263157894736842,1.3157894736842106,1.2105263157894737,0.10526315789473684,0.2894736842105263,0.39473684210526316,0,0,0.6,1.5263157894736843,1.0,10.842105263157896,11.657894736842104,3.8684210526315788,0.12135922330097088,0.3157894736842105,33,26.5,17,8.21,271.05,0.5151515151515151,5.602303305706347,85.62,0.0,85.62,13,15,4,5,0.31588267847260654,24.939393939393938,5.243683068341575,26.454584165003325,0.276833000665336,0.3345309381237525,0.32915502328675983,24.0,0.058191549303256415,0.3953426480372588,37575.0,0,0.0,0,0,1,1,1,Eagle Football Holdings (Textor),1.22892,0.48492999999999997,5.139999999999999,3.3175438,0.8448367699169672,2021,1.1578947368421053,14.0,44.0,-0.6578947368421053,193.85,12.399999999999999,28.43003004599963,26.666666666666668,0.0,0.0,0.3982460665462988
premier-league,2021-2022,Brentford,Brentford,0,13,38,13,7,18,48,56,-8,46,0,1.2105263157894737,1.263157894736842,1.4736842105263157,-0.21052631578947367,0.34210526315789475,0.18421052631578946,0,0,0.65,1.263157894736842,1.1578947368421053,11.631578947368421,13.210526315789474,4.052631578947368,0.1085972850678733,0.23684210526315788,38,24.7,28,7.19,273.3,0.7368421052631579,5.610570092934022,38.2,1.0,37.2,18,15,12,10,0.13611416026344678,23.263157894736842,3.8038686603517555,24.896133333333328,0.08312,0.4202666666666667,0.10717333333333333,29.0,0.05829569706666666,0.39970666666666665,37500.0,1,0.0,0,0,1,0,0,,1.22892,0.48492999999999997,5.139999999999999,3.3175438,0.8448367699169672,2021,,,,,,,,,,,
premier-league,2021-2022,Aston Villa,Aston Villa,0,14,38,13,6,19,52,54,-2,45,0,1.1842105263157894,1.368421052631579,1.4210526315789473,-0.05263157894736842,0.34210526315789475,0.15789473684210525,0,0,0.7,1.2105263157894737,1.1578947368421053,11.947368421052632,12.552631578947368,4.2631578947368425,0.1145374449339207,0.2894736842105263,44,24.8,22,11.09,487.75,0.5,6.189802979503221,129.8,127.0,2.8000000000000114,18,18,12,12,0.005740645822655072,23.181818181818183,4.631905164675272,25.4098190526876,0.07695582756785524,0.3391697711548696,0.03533794571580628,31.0,0.061780781450167264,0.42192655667908463,37580.0,0,0.0,0,0,1,0,0,,1.22892,0.48492999999999997,5.139999999999999,3.3175438,0.8448367699169672,2021,1.4473684210526316,11.0,55.0,0.23684210526315788,430.7,98.58,24.485858101629915,22.7,0.0,0.0,0.13245878801950317
premier-league,2021-2022,Southampton,Southampton,0,15,38,9,13,16,43,67,-24,40,0,1.0526315789473684,1.131578947368421,1.763157894736842,-0.631578947368421,0.23684210526315788,0.34210526315789475,0,0,0.75,1.3157894736842106,0.7894736842105263,12.68421052631579,13.078947368421053,4.473684210526316,0.08921161825726141,0.21052631578947367,33,25.6,19,8.31,274.3,0.5757575757575758,5.614222397943558,63.4,60.35,3.049999999999997,10,14,4,4,0.011119212541013479,24.12121212121212,5.452966943311548,25.092336767015357,0.1364955149192153,0.30788682158162317,0.1091857648593255,25.0,0.05511526053190543,0.38199047086693816,37569.0,0,0.0,0,0,1,0,0,,1.22892,0.48492999999999997,5.139999999999999,3.3175438,0.8448367699169672,2021,1.131578947368421,15.0,43.0,-0.5526315789473685,282.8,10.999999999999996,26.001014198782965,23.512820512820515,0.0,0.0,-0.030056577086280067
premier-league,2021-2022,Everton,Everton,0,16,38,11,6,21,43,66,-23,39,0,1.0263157894736843,1.131578947368421,1.736842105263158,-0.6052631578947368,0.2894736842105263,0.15789473684210525,0,0,0.8,1.5263157894736843,0.5263157894736842,11.526315789473685,13.736842105263158,3.6315789473684212,0.09817351598173515,0.21052631578947367,42,26.0,24,11.41,479.05,0.5714285714285714,6.171804976096882,39.5,46.0,-6.5,13,15,5,6,-0.013568521031207597,24.5,4.98901231732685,26.161093496043268,0.07476486104820015,0.16325171191814766,0.1751085769097546,33.0,0.054024682450192686,0.36417894540513174,37531.0,0,0.0,0,0,1,0,0,,1.22892,0.48492999999999997,5.139999999999999,3.3175438,0.8448367699169672,2021,1.5526315789473684,10.0,59.0,-0.02631578947368421,511.2,69.94,25.716586921850077,23.681818181818183,0.0,0.0,-0.06289123630672921
premier-league,2021-2022,Leeds,Leeds United,0,17,38,9,11,18,42,79,-37,38,0,1.0,1.105263157894737,2.0789473684210527,-0.9736842105263158,0.23684210526315788,0.2894736842105263,0,0,0.85,0.9473684210526315,1.0526315789473684,12.763157894736842,15.31578947368421,4.052631578947368,0.0865979381443299,0.13157894736842105,35,24.0,20,8.56,299.45,0.5714285714285714,5.701947458710471,59.300000000000004,0.0,59.300000000000004,9,15,4,7,0.19802972115545167,22.457142857142856,4.441401853037852,25.398756471153334,0.20937183113625446,0.2987404600523029,0.194268025831243,29.0,0.05811975696862799,0.3802102791268613,37474.0,0,0.0,0,0,1,0,0,,1.22892,0.48492999999999997,5.139999999999999,3.3175438,0.8448367699169672,2021,1.5526315789473684,9.0,59.0,0.21052631578947367,238.1,127.8,25.437089439110665,23.53846153846154,1.0,0.0,0.257664846703066
premier-league,2021-2022,Burnley,Burnley,0,18,38,7,14,17,34,53,-19,35,0,0.9210526315789473,0.8947368421052632,1.394736842105263,-0.5,0.18421052631578946,0.3684210526315789,0,0,0.9,1.105263157894737,0.7368421052631579,10.710526315789474,15.868421052631579,3.289473684210526,0.08353808353808354,0.23684210526315788,35,27.9,16,3.94,137.85,0.45714285714285713,4.926166137469806,49.4,40.5,8.899999999999999,7,6,1,1,0.06456293072179906,26.34285714285714,5.640936807590286,27.89046809415015,0.1270389458583497,0.1270389458583497,0.36767440624833964,23.0,0.05700562533599458,0.4022634291482918,37642.0,0,1.0,0,0,1,0,0,,1.22892,0.48492999999999997,5.139999999999999,3.3175438,0.8448367699169672,2021,1.0263157894736843,17.0,39.0,-0.5789473684210527,132.3,-1.1999999999999997,27.70824473740166,25.59375,0.0,0.0,0.041950113378684595
premier-league,2021-2022,Watford,Watford,0,19,38,6,5,27,34,77,-43,23,0,0.6052631578947368,0.8947368421052632,2.026315789473684,-1.131578947368421,0.15789473684210525,0.13157894736842105,0,0,0.95,0.42105263157894735,0.7894736842105263,10.421052631578947,14.763157894736842,3.3421052631578947,0.08585858585858586,0.10526315789473684,47,26.4,36,3.32,156.2,0.7659574468085106,5.051137237405586,43.5,12.85,30.65,31,29,16,15,0.19622279129321382,24.829787234042552,5.631121399385393,27.778903694247187,0.06750179526051225,0.2812574802521344,0.4226708157131839,30.0,0.048181489220099495,0.3403282002180909,37599.0,1,1.0,0,0,1,1,1,Pozzo family,1.22892,0.48492999999999997,5.139999999999999,3.3175438,0.8448367699169672,2021,,,,,,,,,,,
premier-league,2021-2022,Norwich,Norwich City,0,20,38,5,7,26,23,84,-61,22,0,0.5789473684210527,0.6052631578947368,2.210526315789474,-1.605263157894737,0.13157894736842105,0.18421052631578946,0,0,1.0,0.631578947368421,0.5263157894736842,9.842105263157896,16.605263157894736,2.8684210526315788,0.06149732620320856,0.15789473684210525,45,24.7,29,3.63,163.2,0.6444444444444445,5.094976442530006,63.55,38.4,25.15,31,30,24,21,0.15410539215686275,23.22222222222222,4.591934078997496,25.71992766149836,0.2949123693518789,0.36030956623494054,0.1764048828488604,28.0,0.0551201844068388,0.3818781415387889,37601.0,1,1.0,0,0,1,0,0,,1.22892,0.48492999999999997,5.139999999999999,3.3175438,0.8448367699169672,2021,,,,,,,,,,,
premier-league,2022-2023,Man City,Manchester City,0,1,38,28,5,5,94,33,61,89,0,2.3421052631578947,2.473684210526316,0.868421052631579,1.605263157894737,0.7368421052631579,0.13157894736842105,1,1,0.05,2.736842105263158,1.9473684210526316,15.868421052631579,7.7105263157894735,5.7631578947368425,0.1558872305140962,0.34210526315789475,34,26.0,21,33.7,1150.0,0.6176470588235294,7.047517221357296,155.0,161.97,-6.969999999999999,27,24,21,11,-0.00606086956521739,24.470588235294116,5.004454343867811,26.620696999547405,0.11778174170016772,0.20553233406991295,0.23066478528260695,24.0,0.05652379612989179,0.3629296344612763,37561.0,0,0.0,1,0,1,1,1,City Football Group,3.50997,2.63898,8.81,5.864466999999999,0.87278441322353,2022,2.4473684210526314,1.0,93.0,1.9210526315789473,1000.0,45.10000000000001,26.593197785820742,23.307692307692307,0.0,1.0,0.1499999999999999
premier-league,2022-2023,Arsenal,Arsenal,0,2,38,26,6,6,88,43,45,84,0,2.210526315789474,2.3157894736842106,1.131578947368421,1.1842105263157894,0.6842105263157895,0.15789473684210525,0,1,0.1,2.3684210526315788,2.0526315789473686,15.605263157894736,8.973684210526315,5.368421052631579,0.14839797639123103,0.3684210526315789,42,24.0,25,23.83,1000.0,0.5952380952380952,6.907755278982137,186.2,23.8,162.39999999999998,23,18,15,12,0.1624,22.476190476190474,4.013623721460204,24.1521825765828,0.22792847843991604,0.3926512394059353,0.02340657296952629,26.0,0.06725173072815613,0.43152049735646536,37639.0,0,0.0,1,0,1,0,0,,3.50997,2.63898,8.81,5.864466999999999,0.87278441322353,2022,1.8157894736842106,5.0,69.0,0.34210526315789475,613.05,136.0,23.869340163825076,22.414634146341463,0.0,0.0,0.631188320691624
premier-league,2022-2023,Man United,Manchester United,0,3,38,23,6,9,58,43,15,75,0,1.9736842105263157,1.5263157894736843,1.131578947368421,0.39473684210526316,0.6052631578947368,0.15789473684210525,0,1,0.15,2.526315789473684,1.4210526315789473,15.578947368421053,12.657894736842104,5.631578947368421,0.09797297297297297,0.4473684210526316,48,25.4,30,17.66,847.75,0.625,6.742585781005748,242.5,23.65,218.85,18,19,13,9,0.25815393689177235,23.958333333333332,5.132119687056169,26.315677402182594,0.028001064679265372,0.2161298908703753,0.21639606068671813,26.0,0.05488696071830852,0.3817939845621507,37570.0,0,0.0,1,0,1,0,0,,3.50997,2.63898,8.81,5.864466999999999,0.87278441322353,2022,1.5263157894736843,6.0,58.0,0.0,769.15,110.9,26.622595834109227,24.511627906976745,0.0,0.0,0.10219073002665291
premier-league,2022-2023,Newcastle,Newcastle United,0,4,38,19,14,5,68,33,35,71,0,1.868421052631579,1.7894736842105263,0.868421052631579,0.9210526315789473,0.5,0.3684210526315789,0,1,0.2,2.0526315789473686,1.6842105263157894,15.026315789473685,10.18421052631579,5.184210526315789,0.1190893169877408,0.3684210526315789,38,28.3,22,14.25,541.6,0.5789473684210527,6.294527721598065,189.1,14.057,175.043,12,12,6,8,0.3231960856720827,26.789473684210527,4.262710054977029,26.656294087896292,0.023770862725264196,0.21630686506774563,0.4122767322384007,27.0,0.06751780901139419,0.4276359570899992,37567.0,0,0.0,1,0,1,0,0,,3.50997,2.63898,8.81,5.864466999999999,0.87278441322353,2022,1.2894736842105263,11.0,49.0,-0.47368421052631576,313.9,130.5,26.919316184694043,26.38235294117647,0.0,0.0,0.7253902516725073
premier-league,2022-2023,Liverpool,Liverpool,0,5,38,19,10,9,75,47,28,67,0,1.763157894736842,1.9736842105263157,1.236842105263158,0.7368421052631579,0.5,0.2631578947368421,0,0,0.25,2.3157894736842106,1.2105263157894737,15.921052631578947,9.710526315789474,5.578947368421052,0.12396694214876033,0.3684210526315789,39,25.6,24,20.82,811.85,0.6153846153846154,6.6993155940331235,140.9,80.1,60.80000000000001,8,13,5,4,0.0748906817761902,24.102564102564102,5.315295069270783,26.853665673547567,0.0944615875718238,0.30022345179825494,0.3367205788465631,28.0,0.05555665553442137,0.4008831666311981,37592.0,0,0.0,0,0,1,0,0,,3.50997,2.63898,8.81,5.864466999999999,0.87278441322353,2022,2.4210526315789473,2.0,92.0,1.7894736842105263,918.9,57.349999999999994,27.152783313405074,22.959183673469386,0.0,1.0,-0.11649798672325606
premier-league,2022-2023,Brighton,Brighton,0,6,38,18,8,12,72,53,19,62,0,1.631578947368421,1.894736842105263,1.394736842105263,0.5,0.47368421052631576,0.21052631578947367,0,0,0.3,1.7894736842105263,1.4736842105263157,16.105263157894736,10.210526315789474,6.078947368421052,0.11764705882352941,0.3157894736842105,42,24.1,28,12.61,529.8,0.6666666666666666,6.272499576837969,55.7,138.4,-82.7,19,23,13,13,-0.1560966402416006,22.642857142857142,4.482058698211797,25.714441315551777,0.20976568726422612,0.29419265713830295,0.3353700653525317,29.0,0.05944871428902893,0.4048934700600393,37642.0,0,0.0,0,0,1,1,1,Tony Bloom,3.50997,2.63898,8.81,5.864466999999999,0.87278441322353,2022,1.3421052631578947,9.0,51.0,-0.05263157894736842,318.0,-3.219999999999999,25.53753290610791,23.093023255813954,0.0,0.0,0.6660377358490566
premier-league,2022-2023,Aston Villa,Aston Villa,0,7,38,18,7,13,51,46,5,61,0,1.605263157894737,1.3421052631578947,1.2105263157894737,0.13157894736842105,0.47368421052631576,0.18421052631578946,0,0,0.35,2.0,1.2105263157894737,11.342105263157896,11.131578947368421,3.973684210526316,0.11832946635730858,0.3157894736842105,43,25.4,23,11.85,509.55,0.5348837209302325,6.233527983274703,113.0,54.0,59.0,22,22,15,14,0.11578844078108134,23.906976744186046,4.9943489660499685,26.368358066060313,0.07488963353013138,0.12225413541832882,0.08241582894526887,26.0,0.06371610516842904,0.4170256901228658,37602.0,0,0.0,0,0,1,0,0,,3.50997,2.63898,8.81,5.864466999999999,0.87278441322353,2022,1.1842105263157894,14.0,45.0,-0.05263157894736842,487.75,2.8000000000000114,25.4098190526876,23.181818181818183,0.0,0.0,0.044695028190671504
premier-league,2022-2023,Tottenham,Tottenham Hotspur,0,8,38,18,6,14,70,63,7,60,0,1.5789473684210527,1.8421052631578947,1.6578947368421053,0.18421052631578946,0.47368421052631576,0.15789473684210525,0,0,0.4,1.9473684210526316,1.2105263157894737,13.68421052631579,13.605263157894736,5.2631578947368425,0.1346153846153846,0.2631578947368421,34,25.9,21,19.09,649.1,0.6176470588235294,6.475586788039423,181.7,38.75,142.95,15,14,8,10,0.22022800801109227,24.352941176470587,4.715431487960255,26.996436359768097,0.049997340566991115,0.20714323706185842,0.16485825222062656,29.0,0.05702193559925173,0.3888357002287113,37602.0,0,0.0,0,0,1,0,0,,3.50997,2.63898,8.81,5.864466999999999,0.87278441322353,2022,1.868421052631579,4.0,71.0,0.7631578947368421,689.35,61.28000000000001,25.916961177689796,22.488888888888887,0.0,1.0,-0.058388336839051314
premier-league,2022-2023,Brentford,Brentford,0,9,38,15,14,9,58,46,12,59,0,1.5526315789473684,1.5263157894736843,1.2105263157894737,0.3157894736842105,0.39473684210526316,0.3684210526315789,0,0,0.45,1.9473684210526316,1.1578947368421053,10.447368421052632,14.763157894736842,4.2631578947368425,0.14609571788413098,0.3157894736842105,36,25.3,27,10.31,371.2,0.75,5.916741000912046,49.25,3.6,45.65,20,21,15,16,0.12297952586206896,23.805555555555557,3.808407574560298,25.54788844621514,0.1050464807436919,0.2500398406374502,0.1353253652058433,25.0,0.062109129131989085,0.4202124833997344,37650.0,0,0.0,0,0,1,0,0,,3.50997,2.63898,8.81,5.864466999999999,0.87278441322353,2022,1.2105263157894737,13.0,46.0,-0.21052631578947367,273.3,37.2,24.896133333333328,23.263157894736842,1.0,0.0,0.35821441639224294
premier-league,2022-2023,Fulham,Fulham,0,10,38,15,7,16,55,53,2,52,0,1.368421052631579,1.4473684210526316,1.394736842105263,0.05263157894736842,0.39473684210526316,0.18421052631578946,0,0,0.5,1.5263157894736843,1.2105263157894737,11.289473684210526,13.289473684210526,3.9210526315789473,0.1282051282051282,0.23684210526315788,47,25.9,35,6.28,295.1,0.7446808510638298,5.687314281948894,76.1,25.4,50.699999999999996,20,21,11,12,0.17180616740088103,24.340425531914892,4.687061727892335,27.483800548412,0.002582328355030216,0.017570481590927244,0.2724755743683944,29.0,0.0627797245360643,0.4052125762053084,37563.0,1,0.0,0,0,1,0,0,,3.50997,2.63898,8.81,5.864466999999999,0.87278441322353,2022,,,,,,,,,,,
premier-league,2022-2023,Crystal Palace,Crystal Palace,0,11,38,11,12,15,40,49,-9,45,0,1.1842105263157894,1.0526315789473684,1.2894736842105263,-0.23684210526315788,0.2894736842105263,0.3157894736842105,0,0,0.55,1.4736842105263157,0.8947368421052632,11.18421052631579,12.0,3.5789473684210527,0.09411764705882353,0.23684210526315788,39,25.4,20,8.28,323.05,0.5128205128205128,5.777807110004175,46.6,5.46,41.14,13,13,8,8,0.12734870763039777,23.897435897435898,5.398805285942397,26.155320396630774,0.1701673952446956,0.34771830685574157,0.26508689625759674,26.0,0.06288159146137524,0.38786117923019514,37516.0,0,0.0,0,0,1,1,1,Eagle Football Holdings (Textor),3.50997,2.63898,8.81,5.864466999999999,0.87278441322353,2022,1.263157894736842,12.0,48.0,0.10526315789473684,271.05,85.62,26.454584165003325,24.939393939393938,0.0,0.0,0.1918465227817745
premier-league,2022-2023,Chelsea,Chelsea,1,12,38,11,11,16,38,47,-9,44,0,1.1578947368421053,1.0,1.236842105263158,-0.23684210526315788,0.2894736842105263,0.2894736842105263,0,0,0.6,1.3157894736842106,1.0,12.736842105263158,11.526315789473685,4.157894736842105,0.07851239669421488,0.2631578947368421,43,25.2,29,23.14,994.95,0.6744186046511628,6.902692484639675,630.25,67.86,562.39,25,25,10,11,0.5652444846474697,23.697674418604652,4.940285723956663,25.701836207126295,0.16850998054526556,0.49177837592942997,0.2367081523332356,32.0,0.04168998238320945,0.2984302960850678,37523.0,0,0.0,0,0,1,1,1,BlueCo,3.50997,2.63898,8.81,5.864466999999999,0.87278441322353,2022,1.9473684210526316,3.0,74.0,1.131578947368421,914.5,-39.59,26.812712675457252,24.09090909090909,0.0,1.0,0.08797156916347726
premier-league,2022-2023,Wolves,Wolves,0,13,38,11,8,19,31,58,-27,41,0,1.0789473684210527,0.8157894736842105,1.5263157894736843,-0.7105263157894737,0.2894736842105263,0.21052631578947367,0,0,0.65,1.5789473684210527,0.5789473684210527,10.868421052631579,14.605263157894736,3.289473684210526,0.07506053268765134,0.2894736842105263,43,25.8,34,11.57,497.65,0.7906976744186046,6.209897018692073,179.507,64.87,114.637,28,27,17,14,0.23035667637898122,24.25581395348837,4.530809994102358,26.134096855144428,0.1473917454215388,0.296385284852368,0.1616744086710449,32.0,0.05120146652456208,0.3920123872070052,37458.0,0,0.0,0,0,1,0,0,,3.50997,2.63898,8.81,5.864466999999999,0.87278441322353,2022,1.3421052631578947,10.0,51.0,-0.13157894736842105,376.95,5.800000000000001,26.855017696995503,23.36842105263158,0.0,0.0,0.3202016182517575
premier-league,2022-2023,West Ham,West Ham,0,14,38,11,7,20,42,55,-13,40,0,1.0526315789473684,1.105263157894737,1.4473684210526316,-0.34210526315789475,0.2894736842105263,0.18421052631578946,0,0,0.7,1.4736842105263157,0.631578947368421,12.473684210526315,13.157894736842104,3.8157894736842106,0.08860759493670886,0.23684210526315788,44,25.4,25,10.58,465.6,0.5681818181818182,6.1433268964172285,196.6,21.55,175.04999999999998,10,13,1,6,0.37596649484536077,23.90909090909091,5.450914929893759,27.613663539978212,0.0009566072330135785,0.15558153748040285,0.24297823718544895,25.0,0.05740237152249829,0.39003002683814736,37633.0,0,0.0,0,0,1,0,0,,3.50997,2.63898,8.81,5.864466999999999,0.87278441322353,2022,1.4736842105263157,7.0,56.0,0.23684210526315788,354.9,70.265,27.62975962561157,24.864864864864863,0.0,0.0,0.3119188503803889
premier-league,2022-2023,Bournemouth,Bournemouth,0,15,38,11,6,21,37,71,-34,39,0,1.0263157894736843,0.9736842105263158,1.868421052631579,-0.8947368421052632,0.2894736842105263,0.15789473684210525,0,0,0.75,1.1578947368421053,0.8947368421052632,9.342105263157896,16.473684210526315,3.5,0.10422535211267606,0.21052631578947367,47,25.0,23,6.11,287.2,0.48936170212765956,5.660178837174069,93.4,0.0,93.4,17,13,8,10,0.3252089136490251,23.4468085106383,4.417398952552617,25.74070629500704,0.04118725586586241,0.2592937049929583,0.14325193314378337,31.0,0.054345724498917426,0.3815268514335822,37633.0,1,0.0,0,0,1,1,1,Black Knight / Foley,3.50997,2.63898,8.81,5.864466999999999,0.87278441322353,2022,,,,,,,,,,,
premier-league,2022-2023,Nott'm Forest,Nottingham Forest,0,16,38,9,11,18,38,68,-30,38,0,1.0,1.0,1.7894736842105263,-0.7894736842105263,0.23684210526315788,0.2894736842105263,0,0,0.8,1.5789473684210527,0.42105263157894735,9.68421052631579,14.763157894736842,3.1052631578947367,0.10326086956521739,0.21052631578947367,50,26.6,29,7.53,376.25,0.58,5.930253816063085,198.35,5.0,193.35,42,26,17,17,0.5138870431893687,25.12,5.0533480516002705,26.032370372339013,0.15427751348765514,0.25744810907061416,0.25588008610837965,33.0,0.045665489545527446,0.33276636457862707,37627.0,1,0.0,0,0,1,1,1,Marinakis (Olympiacos),3.50997,2.63898,8.81,5.864466999999999,0.87278441322353,2022,,,,,,,,,,,
premier-league,2022-2023,Everton,Everton,0,17,38,8,12,18,34,57,-23,36,0,0.9473684210526315,0.8947368421052632,1.5,-0.6052631578947368,0.21052631578947367,0.3157894736842105,0,0,0.85,1.105263157894737,0.7894736842105263,11.289473684210526,15.131578947368421,4.0,0.07925407925407925,0.23684210526315788,40,26.9,21,10.33,413.15,0.525,6.023810723147193,83.07,103.6,-20.53,16,21,9,11,-0.04969139537698173,25.325,5.525639538342355,26.075683437932135,0.1579619189447931,0.29579300074460163,0.11833847463035847,28.0,0.06010511644076275,0.4090788214019785,37604.0,0,0.0,0,0,1,0,0,,3.50997,2.63898,8.81,5.864466999999999,0.87278441322353,2022,1.0263157894736843,16.0,39.0,-0.6052631578947368,479.05,-6.5,26.161093496043268,24.5,0.0,0.0,-0.1375639286087048
premier-league,2022-2023,Leicester,Leicester City,0,18,38,9,7,22,51,68,-17,34,0,0.8947368421052632,1.3421052631578947,1.7894736842105263,-0.4473684210526316,0.23684210526315788,0.18421052631578946,0,0,0.9,1.0,0.7894736842105263,10.973684210526315,15.052631578947368,4.0,0.1223021582733813,0.18421052631578946,38,26.4,25,12.91,490.7,0.6578947368421053,6.195832943095858,49.0,81.4,-32.400000000000006,10,9,6,6,-0.06602812308946404,24.92105263157895,4.528477931439373,25.569559320230848,0.05763144597218159,0.24002021222839817,0.10342810031648095,28.0,0.05056300263951343,0.361665913140608,37601.0,0,1.0,0,0,1,1,1,King Power,3.50997,2.63898,8.81,5.864466999999999,0.87278441322353,2022,1.368421052631579,8.0,52.0,0.07894736842105263,526.55,63.599999999999994,25.88436061823309,24.125,0.0,0.0,-0.0680847023074731
premier-league,2022-2023,Leeds,Leeds United,0,19,38,7,10,21,48,78,-30,31,0,0.8157894736842105,1.263157894736842,2.0526315789473686,-0.7894736842105263,0.18421052631578946,0.2631578947368421,0,0,0.95,1.1578947368421053,0.47368421052631576,12.236842105263158,13.868421052631579,3.8157894736842106,0.1032258064516129,0.13157894736842105,47,24.0,31,7.34,345.15,0.6595744680851063,5.843979105149485,163.89000000000001,114.5,49.390000000000015,24,19,14,11,0.14309720411415333,22.46808510638298,4.562851243560359,24.55120393774112,0.16301716110150327,0.42208327790341893,0.1735000665158973,29.0,0.05309316301346587,0.3638951709458561,37585.0,0,1.0,0,0,1,0,0,,3.50997,2.63898,8.81,5.864466999999999,0.87278441322353,2022,1.0,17.0,38.0,-0.9736842105263158,299.45,59.300000000000004,25.398756471153334,22.457142857142856,0.0,0.0,0.15261312406077798
premier-league,2022-2023,Southampton,Southampton,0,20,38,6,7,25,36,73,-37,25,0,0.6578947368421053,0.9473684210526315,1.9210526315789473,-0.9736842105263158,0.15789473684210525,0.18421052631578946,0,0,1.0,0.5789473684210527,0.7368421052631579,10.973684210526315,13.81578947368421,3.736842105263158,0.08633093525179857,0.10526315789473684,46,24.8,25,9.13,419.95,0.5434782608695652,6.040135656571636,154.21,5.5,148.71,21,14,7,8,0.35411358495058937,23.217391304347824,5.154989140966086,24.092010843565618,0.2739860734598416,0.3493063307287514,0.08379843725083719,36.0,0.048902512978529315,0.3538776378036464,37626.0,0,1.0,0,0,1,1,1,Sport Republic,3.50997,2.63898,8.81,5.864466999999999,0.87278441322353,2022,1.0526315789473684,15.0,40.0,-0.631578947368421,274.3,3.049999999999997,25.092336767015357,24.12121212121212,0.0,0.0,0.5309879693765949
premier-league,2023-2024,Man City,Manchester City,0,1,38,28,7,3,96,34,62,91,0,2.3947368421052633,2.526315789473684,0.8947368421052632,1.631578947368421,0.7368421052631579,0.18421052631578946,1,1,0.05,2.473684210526316,2.3157894736842106,18.157894736842106,7.7368421052631575,7.315789473684211,0.1391304347826087,0.34210526315789475,36,25.7,21,40.63,1460.0,0.5833333333333334,7.286191714702382,259.6,138.8,120.80000000000001,15,21,10,11,0.08273972602739726,24.194444444444443,5.081166595207637,26.12737091325051,0.133968237078024,0.3504030219999468,0.12311457529727861,25.0,0.0602974715967926,0.3730680216009151,37591.0,0,,1,0,1,1,1,City Football Group,4.21815,3.00687,4.33,3.3763618,0.8600092934658123,2023,2.3421052631578947,1.0,89.0,1.605263157894737,1150.0,-6.969999999999999,26.620696999547405,24.470588235294116,0.0,1.0,0.26956521739130435
premier-league,2023-2024,Arsenal,Arsenal,0,2,38,28,5,5,91,29,62,89,0,2.3421052631578947,2.3947368421052633,0.7631578947368421,1.631578947368421,0.7368421052631579,0.13157894736842105,0,1,0.1,2.473684210526316,2.210526315789474,17.289473684210527,8.473684210526315,5.973684210526316,0.1385083713850837,0.47368421052631576,40,24.6,24,30.08,1200.0,0.6,7.090076835776092,235.1,69.2,165.89999999999998,15,16,12,7,0.13824999999999998,23.125,4.182917029035464,24.474340565837057,0.07841416719846842,0.27411720910444587,0.04775579663901298,25.0,0.06453907393236587,0.41996383748138694,37608.0,0,,1,0,1,0,0,,4.21815,3.00687,4.33,3.3763618,0.8600092934658123,2023,2.210526315789474,2.0,84.0,1.1842105263157894,1000.0,162.39999999999998,24.1521825765828,22.476190476190474,0.0,1.0,0.19999999999999996
premier-league,2023-2024,Liverpool,Liverpool,0,3,38,24,10,4,86,41,45,82,0,2.1578947368421053,2.263157894736842,1.0789473684210527,1.1842105263157894,0.631578947368421,0.2631578947368421,0,1,0.15,2.526315789473684,1.7894736842105263,20.789473684210527,10.973684210526315,7.2894736842105265,0.10886075949367088,0.2631578947368421,45,24.2,30,21.24,955.65,0.6666666666666666,6.862391737230607,172.0,60.7,111.3,9,16,5,10,0.1164652330874274,22.68888888888889,5.0128118684310135,25.813559774626825,0.12147186840770113,0.2089775427915298,0.28684344041229404,30.0,0.052613427564736005,0.360276642901012,37449.0,0,,1,0,1,0,0,,4.21815,3.00687,4.33,3.3763618,0.8600092934658123,2023,1.763157894736842,5.0,67.0,0.7368421052631579,811.85,60.80000000000001,26.853665673547567,24.102564102564102,0.0,0.0,0.17712631643776544
premier-league,2023-2024,Aston Villa,Aston Villa,0,4,38,20,8,10,76,61,15,68,0,1.7894736842105263,2.0,1.605263157894737,0.39473684210526316,0.5263157894736842,0.21052631578947367,0,1,0.2,2.1052631578947367,1.4736842105263157,13.526315789473685,11.947368421052632,5.0,0.14785992217898833,0.21052631578947367,45,25.0,23,15.77,709.65,0.5111111111111111,6.564771890745266,111.5,33.158,78.342,12,14,6,6,0.11039526527161277,23.42222222222222,4.6587595349020114,26.257120841747263,0.034860240195557446,0.1820065894356467,0.16787118716122862,31.0,0.06070644440227635,0.4072430651503879,37636.0,0,,1,0,1,1,1,V Sports,4.21815,3.00687,4.33,3.3763618,0.8600092934658123,2023,1.605263157894737,7.0,61.0,0.13157894736842105,509.55,59.0,26.368358066060313,23.906976744186046,0.0,0.0,0.39269944068295537
premier-league,2023-2024,Tottenham,Tottenham Hotspur,0,5,38,20,6,12,74,61,13,66,0,1.736842105263158,1.9473684210526316,1.605263157894737,0.34210526315789475,0.5263157894736842,0.15789473684210525,0,0,0.25,2.0526315789473686,1.4210526315789473,15.31578947368421,12.789473684210526,5.631578947368421,0.12714776632302405,0.18421052631578946,41,25.6,29,20.45,838.5,0.7073170731707317,6.731614581263264,275.1,120.7,154.40000000000003,26,22,16,17,0.1841383422778772,24.121951219512194,4.7127227902308215,24.56086631814787,0.13274831964152353,0.4367598420996479,0.11021017817134322,29.0,0.05939470437074585,0.4005921263202816,37492.0,0,,0,0,1,0,0,,4.21815,3.00687,4.33,3.3763618,0.8600092934658123,2023,1.5789473684210527,8.0,60.0,0.18421052631578946,649.1,142.95,26.996436359768097,24.352941176470587,0.0,0.0,0.2917886304113386
premier-league,2023-2024,Chelsea,Chelsea,1,6,38,18,9,11,77,63,14,63,0,1.6578947368421053,2.026315789473684,1.6578947368421053,0.3684210526315789,0.47368421052631576,0.23684210526315788,0,0,0.3,1.9473684210526316,1.368421052631579,14.421052631578947,14.631578947368421,5.657894736842105,0.14051094890510948,0.21052631578947367,56,22.2,27,18.1,1010.0,0.48214285714285715,6.917705609835305,448.1,282.2,165.90000000000003,24,32,13,18,0.1642574257425743,20.763636363636362,3.8966445031383583,23.650988121237948,0.3090608853140148,0.6935226122622916,0.06733074095775848,32.0,0.0552647294174878,0.37338198476535445,37546.0,0,,0,0,1,1,1,BlueCo,4.21815,3.00687,4.33,3.3763618,0.8600092934658123,2023,1.1578947368421053,12.0,44.0,-0.23684210526315788,994.95,562.39,25.701836207126295,23.697674418604652,0.0,0.0,0.015126388260716661
premier-league,2023-2024,Newcastle,Newcastle United,0,7,38,18,6,14,85,62,23,60,0,1.5789473684210527,2.236842105263158,1.631578947368421,0.6052631578947368,0.47368421052631576,0.15789473684210525,0,0,0.35,2.1052631578947367,1.0526315789473684,14.5,14.052631578947368,5.605263157894737,0.1542649727767695,0.2631578947368421,45,26.3,21,14.49,652.25,0.4666666666666667,6.480427924016838,156.3,44.6,111.70000000000002,13,14,9,8,0.17125335377539289,24.8,5.2897843228073285,26.563610764285528,0.11587811810960869,0.31270090056584227,0.33395319182849403,32.0,0.05430313488607401,0.39077650559200916,37643.0,0,,0,0,1,1,0,PIF,4.21815,3.00687,4.33,3.3763618,0.8600092934658123,2023,1.868421052631579,4.0,71.0,0.9210526315789473,541.6,175.043,26.656294087896292,26.789473684210527,0.0,1.0,0.20430206794682415
premier-league,2023-2024,Man United,Manchester United,0,8,38,18,6,14,57,58,-1,60,0,1.5789473684210527,1.5,1.5263157894736843,-0.02631578947368421,0.47368421052631576,0.15789473684210525,0,0,0.4,1.736842105263158,1.4210526315789473,14.473684210526315,17.55263157894737,5.078947368421052,0.10363636363636364,0.23684210526315788,46,24.9,28,17.57,808.35,0.6086956521739131,6.694995133047615,212.7,63.769999999999996,148.93,13,24,8,13,0.18423950021649038,23.347826086956523,4.998743803549704,25.572954587728855,0.20670687960035075,0.24388169957218397,0.2004092153163447,31.0,0.054394810718772224,0.3871070602928281,37633.0,0,,0,0,1,1,1,INEOS,4.21815,3.00687,4.33,3.3763618,0.8600092934658123,2023,1.9736842105263157,3.0,75.0,0.39473684210526316,847.75,218.85,26.315677402182594,23.958333333333332,0.0,1.0,-0.0464759657918018
premier-league,2023-2024,West Ham,West Ham,0,9,38,14,10,14,60,74,-14,52,0,1.368421052631579,1.5789473684210527,1.9473684210526316,-0.3684210526315789,0.3684210526315789,0.2631578947368421,0,0,0.45,1.5263157894736843,1.2105263157894737,11.842105263157896,17.157894736842106,3.9473684210526314,0.13333333333333333,0.13157894736842105,36,26.6,20,13.54,487.5,0.5555555555555556,6.189290290437902,144.55,172.85999999999999,-28.309999999999974,9,11,4,4,-0.05807179487179482,25.083333333333332,5.277309920783504,27.65518617021277,0.002872340425531915,0.08340425531914894,0.2586968085106383,26.0,0.06450239927569035,0.40377659574468083,37600.0,0,,0,0,1,0,0,,4.21815,3.00687,4.33,3.3763618,0.8600092934658123,2023,1.0526315789473684,14.0,40.0,-0.34210526315789475,465.6,175.04999999999998,27.613663539978212,23.90909090909091,0.0,0.0,0.04703608247422686
premier-league,2023-2024,Crystal Palace,Crystal Palace,0,10,38,13,10,15,57,58,-1,49,0,1.2894736842105263,1.5,1.5263157894736843,-0.02631578947368421,0.34210526315789475,0.2631578947368421,0,0,0.5,1.4736842105263157,1.105263157894737,12.0,12.078947368421053,4.447368421052632,0.125,0.2631578947368421,40,25.1,18,11.16,446.58,0.45,6.101618555599874,67.8,0.0,67.8,8,9,2,4,0.1518205024855569,23.575,4.781843330874156,26.257503655456603,0.09089458992423236,0.31011564535424696,0.24006380433337765,26.0,0.055246197981469514,0.3686561212282334,37615.0,0,,0,0,1,1,1,Eagle Football Holdings (Textor),4.21815,3.00687,4.33,3.3763618,0.8600092934658123,2023,1.1842105263157894,11.0,45.0,-0.23684210526315788,323.05,41.14,26.155320396630774,23.897435897435898,0.0,0.0,0.38238662745705
premier-league,2023-2024,Brighton,Brighton,0,11,38,12,12,14,55,62,-7,48,0,1.263157894736842,1.4473684210526316,1.631578947368421,-0.18421052631578946,0.3157894736842105,0.3157894736842105,0,0,0.55,1.5789473684210527,0.9473684210526315,14.789473684210526,12.289473684210526,5.473684210526316,0.09786476868327403,0.15789473684210525,49,24.2,33,10.7,524.4,0.673469387755102,6.262254751889545,106.85000000000001,189.0,-82.14999999999999,23,22,16,13,-0.1566552250190694,22.6734693877551,5.018249010287523,25.358704905821007,0.33547940832180484,0.4793551133340428,0.3307438544216239,30.0,0.0468701313215862,0.33819304033202086,37588.0,0,,0,0,1,1,1,Tony Bloom,4.21815,3.00687,4.33,3.3763618,0.8600092934658123,2023,1.631578947368421,6.0,62.0,0.5,529.8,-82.7,25.714441315551777,22.642857142857142,0.0,0.0,-0.010192525481313663
premier-league,2023-2024,Bournemouth,Bournemouth,0,12,38,13,9,16,54,67,-13,48,0,1.263157894736842,1.4210526315789473,1.763157894736842,-0.34210526315789475,0.34210526315789475,0.23684210526315788,0,0,0.6,1.4210526315789473,1.105263157894737,14.263157894736842,14.0,4.868421052631579,0.0996309963099631,0.23684210526315788,42,25.7,26,9.57,401.75,0.6190476190476191,5.995830004617622,129.89,1.5,128.39,23,21,16,14,0.3195768512756689,24.166666666666668,4.304941384641985,25.085058817267264,0.20258689519348486,0.29690743599297387,0.13671687869271304,30.0,0.058764877605560435,0.4059988289774845,37574.0,0,,0,0,1,1,1,Black Knight / Foley,4.21815,3.00687,4.33,3.3763618,0.8600092934658123,2023,1.0263157894736843,15.0,39.0,-0.8947368421052632,287.2,93.4,25.74070629500704,23.4468085106383,1.0,0.0,0.39885097493036215
premier-league,2023-2024,Fulham,Fulham,0,13,38,13,8,17,55,61,-6,47,0,1.236842105263158,1.4473684210526316,1.605263157894737,-0.15789473684210525,0.34210526315789475,0.21052631578947367,0,0,0.65,1.5263157894736843,0.9473684210526315,13.157894736842104,13.763157894736842,4.684210526315789,0.11,0.2631578947368421,35,26.9,31,10.98,384.35,0.8857142857142857,5.951553595795141,73.17,53.2,19.97,14,16,8,8,0.051957850917132814,25.37142857142857,4.747046848464064,27.748701142994165,0.004129699198039059,0.10801161644419577,0.3006421016172435,25.0,0.05697782956300456,0.3909093331201876,37533.0,0,,0,0,1,0,0,,4.21815,3.00687,4.33,3.3763618,0.8600092934658123,2023,1.368421052631579,10.0,52.0,0.05263157894736842,295.1,50.699999999999996,27.483800548412,24.340425531914892,1.0,0.0,0.30243985089800063
premier-league,2023-2024,Wolves,Wolves,0,14,38,13,7,18,50,65,-15,46,0,1.2105263157894737,1.3157894736842106,1.7105263157894737,-0.39473684210526316,0.34210526315789475,0.18421052631578946,0,0,0.7,1.4210526315789473,1.0,11.236842105263158,15.157894736842104,4.184210526315789,0.117096018735363,0.13157894736842105,47,23.9,32,9.42,442.73,0.6808510638297872,6.092960103423562,94.0,169.2,-75.19999999999999,24,31,17,18,-0.1698552164976396,22.382978723404257,4.618268033578416,26.14279240857234,0.09356008103209297,0.26737925151935177,0.21700074634822475,27.0,0.061320267364390606,0.40787930482993917,37516.0,0,,0,0,1,0,0,,4.21815,3.00687,4.33,3.3763618,0.8600092934658123,2023,1.0789473684210527,13.0,41.0,-0.7105263157894737,497.65,114.637,26.134096855144428,24.25581395348837,0.0,0.0,-0.11035868582336972
premier-league,2023-2024,Everton,Everton,0,15,38,13,9,16,40,51,-11,40,-8,1.0526315789473684,1.0526315789473684,1.3421052631578947,-0.2894736842105263,0.34210526315789475,0.23684210526315788,0,0,0.75,1.4736842105263157,1.0526315789473684,13.342105263157896,14.157894736842104,4.2631578947368425,0.07889546351084813,0.34210526315789475,34,26.8,16,11.52,391.75,0.47058823529411764,5.97062388123613,40.5,82.8,-42.3,14,16,11,5,-0.10797702616464581,25.264705882352942,5.2875429565095775,26.535903370846302,0.17647058823529413,0.33351956793572246,0.3018330805863729,26.0,0.06442685449072807,0.4219543991273579,37587.0,0,,0,0,1,0,0,,4.21815,3.00687,4.33,3.3763618,0.8600092934658123,2023,0.9473684210526315,17.0,36.0,-0.6052631578947368,413.15,-20.53,26.075683437932135,25.325,0.0,0.0,-0.051797168098753454
premier-league,2023-2024,Brentford,Brentford,0,16,38,10,9,19,56,65,-9,39,0,1.0263157894736843,1.4736842105263157,1.7105263157894737,-0.23684210526315788,0.2631578947368421,0.23684210526315788,0,0,0.8,1.1578947368421053,0.8947368421052632,12.447368421052632,14.421052631578947,4.526315789473684,0.11839323467230443,0.18421052631578946,42,25.0,30,10.21,428.78,0.7142857142857143,6.060943966877785,72.35,10.25,62.099999999999994,17,16,12,9,0.14482951630206634,23.5,4.2152452696049405,26.179672305847877,0.04758225656054349,0.23109098175036633,0.21763687225256428,28.0,0.054059010755185405,0.37413081124284,37535.0,0,,0,0,1,0,0,,4.21815,3.00687,4.33,3.3763618,0.8600092934658123,2023,1.5526315789473684,9.0,59.0,0.3157894736842105,371.2,45.65,25.54788844621514,23.805555555555557,0.0,0.0,0.15511853448275859
premier-league,2023-2024,Nott'm Forest,Nottingham Forest,0,17,38,9,9,20,49,67,-18,32,-4,0.8421052631578947,1.2894736842105263,1.763157894736842,-0.47368421052631576,0.23684210526315788,0.23684210526315788,0,0,0.85,1.0526315789473684,0.8421052631578947,11.868421052631579,13.421052631578947,3.8947368421052633,0.10864745011086474,0.10526315789473684,46,26.6,36,10.9,501.35,0.782608695652174,6.2173044599699345,131.63,82.82,48.81,35,41,24,23,0.09735713573351949,25.152173913043477,4.8303088988149625,25.152523394385348,0.1669999200191954,0.41080807272921166,0.16276093737503,33.0,0.04562179881986196,0.32610840065051055,37509.0,0,,0,0,1,1,1,Marinakis (Olympiacos),4.21815,3.00687,4.33,3.3763618,0.8600092934658123,2023,1.0,16.0,38.0,-0.7894736842105263,376.25,193.35,26.032370372339013,25.12,1.0,0.0,0.33249169435215964
premier-league,2023-2024,Luton,Luton Town,0,18,38,6,8,24,52,85,-33,26,0,0.6842105263157895,1.368421052631579,2.236842105263158,-0.868421052631579,0.15789473684210525,0.21052631578947367,0,0,0.9,0.8421052631578947,0.5263157894736842,11.342105263157896,17.236842105263158,3.710526315789474,0.12064965197215777,0.05263157894736842,46,25.7,22,3.06,140.9,0.4782608695652174,4.948050418904635,25.9,0.3,25.599999999999998,28,26,15,18,0.18168914123491836,24.217391304347824,4.623192948977823,26.072962628249428,0.06775291053107224,0.2928073999255755,0.13130615065653076,28.0,0.05261813539047113,0.3801764924778055,37622.0,1,,0,0,1,0,0,,4.21815,3.00687,4.33,3.3763618,0.8600092934658123,2023,,,,,,,,,,,
premier-league,2023-2024,Burnley,Burnley,0,19,38,5,9,24,41,78,-37,24,0,0.631578947368421,1.0789473684210527,2.0526315789473686,-0.9736842105263158,0.13157894736842105,0.23684210526315788,0,0,0.95,0.5263157894736842,0.7368421052631579,11.394736842105264,16.157894736842106,3.736842105263158,0.09468822170900693,0.05263157894736842,39,25.3,30,7.01,273.48,0.7692307692307693,5.611228493045593,111.05,3.8,107.25,30,22,17,17,0.3921676173760421,23.692307692307693,3.987835754904804,23.834356319385144,0.2508539709649872,0.4868435098206661,0.05417378309137489,31.0,0.04961974796005953,0.3488204526046114,37472.0,1,,0,0,1,0,0,,4.21815,3.00687,4.33,3.3763618,0.8600092934658123,2023,,,,,,,,,,,
premier-league,2023-2024,Sheffield United,Sheffield United,0,20,38,3,7,28,35,104,-69,16,0,0.42105263157894735,0.9210526315789473,2.736842105263158,-1.8157894736842106,0.07894736842105263,0.18421052631578946,0,0,1.0,0.5263157894736842,0.3157894736842105,9.68421052631579,17.842105263157894,3.3947368421052633,0.09510869565217392,0.02631578947368421,45,24.7,27,3.39,152.35,0.6,5.026180505431718,66.95,30.9,36.050000000000004,15,15,7,7,0.2366261896947818,23.155555555555555,4.790879381963738,25.117291027862954,0.18112251699773363,0.3143580855885882,0.15843220903879482,35.0,0.05163221306971984,0.3712838288228236,37505.0,1,,0,0,1,1,1,United World (Prince Abdullah),4.21815,3.00687,4.33,3.3763618,0.8600092934658123,2023,,,,,,,,,,,
