league,season,club_tm,tm_club_id,player,position,age,in_squad,appearances,minutes
premier-league,2015-2016,Chelsea FC,631,,Goalkeeper,23,24.0,23,2020.0
premier-league,2015-2016,Chelsea FC,631,,Goalkeeper,28,38.0,17,1397.0
premier-league,2015-2016,Chelsea FC,631,,Goalkeeper,21,7.0,0,0.0
premier-league,2015-2016,Chelsea FC,631,,Goalkeeper,33,7.0,0,0.0
premier-league,2015-2016,Chelsea FC,631,,Right-Back,18,1.0,0,0.0
premier-league,2015-2016,Chelsea FC,631,,Centre-Back,17,2.0,1,31.0
premier-league,2015-2016,Chelsea FC,631,,Centre-Back,20,,0,0.0
premier-league,2015-2016,Chelsea FC,631,,Left-Back,20,29.0,15,1016.0
premier-league,2015-2016,Chelsea FC,631,,Centre-Back,19,5.0,2,135.0
premier-league,2015-2016,Chelsea FC,631,,Centre-Back,17,2.0,1,16.0
premier-league,2015-2016,Chelsea FC,631,,Centre-Back,22,,0,0.0
premier-league,2015-2016,Chelsea FC,631,,Centre-Back,22,,0,0.0
premier-league,2015-2016,Chelsea FC,631,,Centre-Back,26,2.0,0,0.0
premier-league,2015-2016,Chelsea FC,631,,Right-Back,31,33.0,33,2918.0
premier-league,2015-2016,Chelsea FC,631,,Centre-Back,20,25.0,23,1918.0
premier-league,2015-2016,Chelsea FC,631,,Centre-Back,29,33.0,23,1955.0
premier-league,2015-2016,Chelsea FC,631,,Centre-Back,34,26.0,24,1991.0
premier-league,2015-2016,Chelsea FC,631,,Centre-Back,25,38.0,37,3202.0
premier-league,2015-2016,Chelsea FC,631,,Central Midfield,19,30.0,13,407.0
premier-league,2015-2016,Chelsea FC,631,,Defensive Midfield,26,37.0,33,2420.0
premier-league,2015-2016,Chelsea FC,631,,Attacking Midfield,18,2.0,0,0.0
premier-league,2015-2016,Chelsea FC,631,,Right Midfield,27,1.0,1,26.0
premier-league,2015-2016,Chelsea FC,631,,Attacking Midfield,21,,0,0.0
premier-league,2015-2016,Chelsea FC,631,,Central Midfield,28,16.0,12,608.0
premier-league,2015-2016,Chelsea FC,631,,Central Midfield,18,1.0,0,0.0
premier-league,2015-2016,Chelsea FC,631,,Central Midfield,28,37.0,37,2897.0
premier-league,2015-2016,Chelsea FC,631,,Attacking Midfield,23,30.0,27,1774.0
premier-league,2015-2016,Chelsea FC,631,,Defensive Midfield,28,35.0,25,1783.0
premier-league,2015-2016,Chelsea FC,631,,Centre-Forward,17,2.0,2,55.0
premier-league,2015-2016,Chelsea FC,631,,Right Winger,19,23.0,10,373.0
premier-league,2015-2016,Chelsea FC,631,,Centre-Forward,21,,0,0.0
premier-league,2015-2016,Chelsea FC,631,,Right Winger,27,29.0,29,2043.0
premier-league,2015-2016,Chelsea FC,631,,Left Winger,19,24.0,14,550.0
premier-league,2015-2016,Chelsea FC,631,,Left Winger,26,35.0,35,2750.0
premier-league,2015-2016,Chelsea FC,631,,Right Winger,24,1.0,0,0.0
premier-league,2015-2016,Chelsea FC,631,,Centre-Forward,29,14.0,10,229.0
premier-league,2015-2016,Chelsea FC,631,,Left Winger,24,31.0,31,2192.0
premier-league,2015-2016,Chelsea FC,631,,Centre-Forward,25,10.0,2,131.0
premier-league,2015-2016,Chelsea FC,631,,Centre-Forward,28,25.0,13,284.0
premier-league,2015-2016,Chelsea FC,631,,Centre-Forward,26,29.0,28,2378.0
premier-league,2015-2016,Manchester City,281,,Goalkeeper,28,36.0,35,3110.0
premier-league,2015-2016,Manchester City,281,,Goalkeeper,33,38.0,4,310.0
premier-league,2015-2016,Manchester City,281,,Goalkeeper,37,2.0,0,0.0
premier-league,2015-2016,Manchester City,281,,Centre-Back,17,,0,0.0
premier-league,2015-2016,Manchester City,281,,Left-Back,18,2.0,0,0.0
premier-league,2015-2016,Manchester City,281,,Right-Back,17,2.0,0,0.0
premier-league,2015-2016,Manchester City,281,,Centre-Back,27,33.0,30,2672.0
premier-league,2015-2016,Manchester City,281,,Centre-Back,16,3.0,0,0.0
premier-league,2015-2016,Manchester City,281,,Centre-Back,20,2.0,0,0.0
premier-league,2015-2016,Manchester City,281,,Right-Back,19,1.0,0,0.0
premier-league,2015-2016,Manchester City,281,,Right-Back,32,34.0,28,2448.0
premier-league,2015-2016,Manchester City,281,,Centre-Back,29,15.0,14,1179.0
premier-league,2015-2016,Manchester City,281,,Right-Back,30,25.0,13,1062.0
premier-league,2015-2016,Manchester City,281,,Left-Back,29,35.0,29,2281.0
premier-league,2015-2016,Manchester City,281,,Centre-Back,24,28.0,23,2010.0
premier-league,2015-2016,Manchester City,281,,Left-Back,29,25.0,14,1088.0
premier-league,2015-2016,Manchester City,281,,Centre-Back,34,37.0,20,1015.0
premier-league,2015-2016,Manchester City,281,,Central Midfield,18,2.0,0,0.0
premier-league,2015-2016,Manchester City,281,,Attacking Midfield,24,26.0,25,2003.0
premier-league,2015-2016,Manchester City,281,,Attacking Midfield,17,8.0,1,10.0
premier-league,2015-2016,Manchester City,281,,Attacking Midfield,18,3.0,1,13.0
premier-league,2015-2016,Manchester City,281,,Defensive Midfield,25,,0,0.0
premier-league,2015-2016,Manchester City,281,,Defensive Midfield,20,1.0,0,0.0
premier-league,2015-2016,Manchester City,281,,Central Midfield,20,,0,0.0
premier-league,2015-2016,Manchester City,281,,Defensive Midfield,27,28.0,24,1697.0
premier-league,2015-2016,Manchester City,281,,Attacking Midfield,28,12.0,12,536.0
premier-league,2015-2016,Manchester City,281,,Right Midfield,29,36.0,34,2279.0
premier-league,2015-2016,Manchester City,281,,Central Midfield,25,19.0,17,753.0
premier-league,2015-2016,Manchester City,281,,Attacking Midfield,29,24.0,24,1801.0
premier-league,2015-2016,Manchester City,281,,Defensive Midfield,30,35.0,33,2732.0
premier-league,2015-2016,Manchester City,281,,Central Midfield,32,32.0,32,2332.0
premier-league,2015-2016,Manchester City,281,,Right Winger,18,8.0,1,4.0
premier-league,2015-2016,Manchester City,281,,Right Winger,20,34.0,31,1924.0
premier-league,2015-2016,Manchester City,281,,Centre-Forward,18,35.0,26,753.0
premier-league,2015-2016,Manchester City,281,,Left Winger,18,2.0,0,0.0
premier-league,2015-2016,Manchester City,281,,Centre-Forward,18,,0,0.0
premier-league,2015-2016,Manchester City,281,,Centre-Forward,27,32.0,30,2374.0
premier-league,2015-2016,Manchester City,281,,Centre-Forward,26,29.0,26,1223.0
premier-league,2015-2016,Arsenal FC,11,,Goalkeeper,22,,0,0.0
premier-league,2015-2016,Arsenal FC,11,,Goalkeeper,20,6.0,0,0.0
premier-league,2015-2016,Arsenal FC,11,,Goalkeeper,26,34.0,4,360.0
premier-league,2015-2016,Arsenal FC,11,,Goalkeeper,33,36.0,34,3060.0
premier-league,2015-2016,Arsenal FC,11,,Right-Back,20,36.0,36,3240.0
premier-league,2015-2016,Arsenal FC,11,,Centre-Back,17,,0,0.0
premier-league,2015-2016,Arsenal FC,11,,Centre-Back,20,29.0,12,315.0
premier-league,2015-2016,Arsenal FC,11,,Centre-Back,24,35.0,21,1761.0
premier-league,2015-2016,Arsenal FC,11,,Right-Back,23,,0,0.0
premier-league,2015-2016,Arsenal FC,11,,Right-Back,29,17.0,2,144.0
premier-league,2015-2016,Arsenal FC,11,,Left-Back,25,32.0,15,381.0
premier-league,2015-2016,Arsenal FC,11,,Centre-Back,30,31.0,24,2049.0
premier-league,2015-2016,Arsenal FC,11,,Centre-Back,29,34.0,33,2846.0
premier-league,2015-2016,Arsenal FC,11,,Left-Back,29,38.0,37,3249.0
premier-league,2015-2016,Arsenal FC,11,,Defensive Midfield,17,,0,0.0
premier-league,2015-2016,Arsenal FC,11,,Defensive Midfield,17,,0,0.0
premier-league,2015-2016,Arsenal FC,11,,Central Midfield,19,,0,0.0
premier-league,2015-2016,Arsenal FC,11,,Defensive Midfield,22,15.0,11,794.0
premier-league,2015-2016,Arsenal FC,11,,Central Midfield,21,23.0,22,924.0
premier-league,2015-2016,Arsenal FC,11,,Defensive Midfield,24,27.0,26,1646.0
premier-league,2015-2016,Arsenal FC,11,,Attacking Midfield,17,6.0,0,0.0
premier-league,2015-2016,Arsenal FC,11,,Attacking Midfield,20,,0,0.0
premier-league,2015-2016,Arsenal FC,11,,Defensive Midfield,20,,0,0.0
premier-league,2015-2016,Arsenal FC,11,,Attacking Midfield,34,,0,0.0
premier-league,2015-2016,Arsenal FC,11,,Central Midfield,33,13.0,9,162.0
premier-league,2015-2016,Arsenal FC,11,,Central Midfield,23,4.0,3,141.0
premier-league,2015-2016,Arsenal FC,11,,Attacking Midfield,26,35.0,35,3048.0
premier-league,2015-2016,Arsenal FC,11,,Central Midfield,24,32.0,31,2622.0
premier-league,2015-2016,Arsenal FC,11,,Central Midfield,30,17.0,15,1292.0
premier-league,2015-2016,Arsenal FC,11,,Defensive Midfield,31,20.0,16,1090.0
premier-league,2015-2016,Arsenal FC,11,,Left Winger,19,21.0,13,632.0
premier-league,2015-2016,Arsenal FC,11,,Second Striker,19,,0,0.0
premier-league,2015-2016,Arsenal FC,11,,Centre-Forward,19,,0,0.0
premier-league,2015-2016,Arsenal FC,11,,Centre-Forward,24,12.0,11,578.0
premier-league,2015-2016,Arsenal FC,11,,Left Winger,17,,0,0.0
premier-league,2015-2016,Arsenal FC,11,,Second Striker,26,30.0,30,2445.0
premier-league,2015-2016,Arsenal FC,11,,Centre-Forward,28,38.0,38,2425.0
premier-league,2015-2016,Arsenal FC,11,,Right Winger,22,,0,0.0
premier-league,2015-2016,Arsenal FC,11,,Second Striker,23,30.0,19,884.0
premier-league,2015-2016,Arsenal FC,11,,Centre-Forward,22,,0,0.0
premier-league,2015-2016,Arsenal FC,11,,Right Winger,26,33.0,28,1374.0
premier-league,2015-2016,Manchester United,985,,Goalkeeper,18,,0,0.0
premier-league,2015-2016,Manchester United,985,,Goalkeeper,24,34.0,34,3060.0
premier-league,2015-2016,Manchester United,985,,Goalkeeper,22,5.0,0,0.0
premier-league,2015-2016,Manchester United,985,,Goalkeeper,19,,0,0.0
premier-league,2015-2016,Manchester United,985,,Goalkeeper,28,37.0,4,360.0
premier-league,2015-2016,Manchester United,985,,Goalkeeper,33,,0,0.0
premier-league,2015-2016,Manchester United,985,,Left-Back,19,5.0,5,450.0
premier-league,2015-2016,Manchester United,985,,Centre-Back,17,2.0,0,0.0
premier-league,2015-2016,Manchester United,985,,Centre-Back,20,23.0,8,310.0
premier-league,2015-2016,Manchester United,985,,Right-Back,25,31.0,28,1929.0
premier-league,2015-2016,Manchester United,985,,Centre-Back,25,37.0,35,3116.0
premier-league,2015-2016,Manchester United,985,,Centre-Back,17,,0,0.0
premier-league,2015-2016,Manchester United,985,,Centre-Back,25,35.0,35,3150.0
premier-league,2015-2016,Manchester United,985,,Right-Back,22,12.0,4,315.0
premier-league,2015-2016,Manchester United,985,,Right-Back,17,10.0,8,254.0
premier-league,2015-2016,Manchester United,985,,Right-Back,20,1.0,1,53.0
premier-league,2015-2016,Manchester United,985,,Centre-Back,25,18.0,16,1252.0
premier-league,2015-2016,Manchester United,985,,Centre-Back,21,,0,0.0
premier-league,2015-2016,Manchester United,985,,Centre-Back,16,,0,0.0
premier-league,2015-2016,Manchester United,985,,Centre-Back,23,13.0,10,529.0
premier-league,2015-2016,Manchester United,985,,Right-Back,29,25.0,18,1063.0
premier-league,2015-2016,Manchester United,985,,Right-Back,29,18.0,14,857.0
premier-league,2015-2016,Manchester United,985,,Left-Back,18,16.0,10,692.0
premier-league,2015-2016,Manchester United,985,,Central Midfield,19,21.0,4,80.0
premier-league,2015-2016,Manchester United,985,,Attacking Midfield,22,25.0,25,1635.0
premier-league,2015-2016,Manchester United,985,,Central Midfield,20,1.0,0,0.0
premier-league,2015-2016,Manchester United,985,,Central Midfield,25,32.0,27,1533.0
premier-league,2015-2016,Manchester United,985,,Attacking Midfield,27,38.0,38,2899.0
premier-league,2015-2016,Manchester United,985,,Defensive Midfield,19,1.0,0,0.0
premier-league,2015-2016,Manchester United,985,,Attacking Midfield,21,1.0,1,16.0
premier-league,2015-2016,Manchester United,985,,Central Midfield,19,5.0,1,1.0
premier-league,2015-2016,Manchester United,985,,Central Midfield,18,2.0,0,0.0
premier-league,2015-2016,Manchester United,985,,Defensive Midfield,33,31.0,28,1975.0
premier-league,2015-2016,Manchester United,985,,Central Midfield,27,27.0,18,1070.0
premier-league,2015-2016,Manchester United,985,,Defensive Midfield,25,37.0,29,2204.0
premier-league,2015-2016,Manchester United,985,,Central Midfield,30,18.0,18,1201.0
premier-league,2015-2016,Manchester United,985,,Left Winger,17,13.0,11,861.0
premier-league,2015-2016,Manchester United,985,,Centre-Forward,21,37.0,29,1475.0
premier-league,2015-2016,Manchester United,985,,Centre-Forward,19,31.0,31,2632.0
premier-league,2015-2016,Manchester United,985,,Right Winger,20,7.0,5,144.0
premier-league,2015-2016,Manchester United,985,,Centre-Forward,22,1.0,1,4.0
premier-league,2015-2016,Manchester United,985,,Centre-Forward,27,4.0,1,23.0
premier-league,2015-2016,Manchester United,985,,Centre-Forward,29,28.0,28,2410.0
premier-league,2015-2016,Manchester United,985,,Centre-Forward,19,1.0,1,8.0
premier-league,2015-2016,Liverpool FC,31,,Goalkeeper,22,15.0,2,180.0
premier-league,2015-2016,Liverpool FC,31,,Goalkeeper,21,,0,0.0
premier-league,2015-2016,Liverpool FC,31,,Goalkeeper,19,1.0,0,0.0
premier-league,2015-2016,Liverpool FC,31,,Goalkeeper,27,37.0,34,3060.0
premier-league,2015-2016,Liverpool FC,31,,Goalkeeper,27,23.0,2,180.0
premier-league,2015-2016,Liverpool FC,31,,Centre-Back,18,8.0,5,438.0
premier-league,2015-2016,Liverpool FC,31,,Centre-Back,21,30.0,30,2492.0
premier-league,2015-2016,Liverpool FC,31,,Left-Back,22,34.0,32,2547.0
premier-league,2015-2016,Liverpool FC,31,,Centre-Back,25,26.0,24,1897.0
premier-league,2015-2016,Liverpool FC,31,,Centre-Back,19,,0,0.0
premier-league,2015-2016,Liverpool FC,31,,Right-Back,24,34.0,33,2970.0
premier-league,2015-2016,Liverpool FC,31,,Left-Back,21,13.0,4,285.0
premier-league,2015-2016,Liverpool FC,31,,Centre-Back,16,,0,0.0
premier-league,2015-2016,Liverpool FC,31,,Centre-Back,22,1.0,0,0.0
premier-league,2015-2016,Liverpool FC,31,,Right-Back,19,14.0,3,163.0
premier-league,2015-2016,Liverpool FC,31,,Left-Back,29,,0,0.0
premier-league,2015-2016,Liverpool FC,31,,Centre-Back,23,4.0,3,4.0
premier-league,2015-2016,Liverpool FC,31,,Left-Back,19,,0,0.0
premier-league,2015-2016,Liverpool FC,31,,Centre-Back,34,30.0,14,859.0
premier-league,2015-2016,Liverpool FC,31,,Centre-Back,25,25.0,22,1855.0
premier-league,2015-2016,Liverpool FC,31,,Centre-Back,30,26.0,22,1886.0
premier-league,2015-2016,Liverpool FC,31,,Right-Back,22,10.0,5,421.0
premier-league,2015-2016,Liverpool FC,31,,Right-Back,22,,0,0.0
premier-league,2015-2016,Liverpool FC,31,,Defensive Midfield,18,3.0,1,45.0
premier-league,2015-2016,Liverpool FC,31,,Attacking Midfield,23,29.0,26,2003.0
premier-league,2015-2016,Liverpool FC,31,,Defensive Midfield,25,19.0,17,1293.0
premier-league,2015-2016,Liverpool FC,31,,Central Midfield,19,5.0,3,112.0
premier-league,2015-2016,Liverpool FC,31,,Attacking Midfield,22,10.0,1,3.0
premier-league,2015-2016,Liverpool FC,31,,Defensive Midfield,18,4.0,1,15.0
premier-league,2015-2016,Liverpool FC,31,,Central Midfield,29,29.0,28,2416.0
premier-league,2015-2016,Liverpool FC,31,,Attacking Midfield,27,32.0,30,2114.0
premier-league,2015-2016,Liverpool FC,31,,Defensive Midfield,28,30.0,27,1954.0
premier-league,2015-2016,Liverpool FC,31,,Central Midfield,25,29.0,19,729.0
premier-league,2015-2016,Liverpool FC,31,,Defensive Midfield,21,8.0,7,564.0
premier-league,2015-2016,Liverpool FC,31,,Centre-Forward,23,31.0,31,1983.0
premier-league,2015-2016,Liverpool FC,31,,Left Winger,18,,0,0.0
premier-league,2015-2016,Liverpool FC,31,,Centre-Forward,24,30.0,29,1520.0
premier-league,2015-2016,Liverpool FC,31,,Centre-Forward,22,9.0,6,340.0
premier-league,2015-2016,Liverpool FC,31,,Left Winger,18,1.0,1,9.0
premier-league,2015-2016,Liverpool FC,31,,Right Winger,18,8.0,8,396.0
premier-league,2015-2016,Liverpool FC,31,,Right Winger,19,33.0,27,1174.0
premier-league,2015-2016,Liverpool FC,31,,Centre-Forward,18,1.0,0,0.0
premier-league,2015-2016,Liverpool FC,31,,Centre-Forward,25,18.0,14,980.0
premier-league,2015-2016,Liverpool FC,31,,Centre-Forward,20,23.0,16,664.0
premier-league,2015-2016,Tottenham Hotspur,148,,Goalkeeper,28,38.0,37,3330.0
premier-league,2015-2016,Tottenham Hotspur,148,,Goalkeeper,19,,0,0.0
premier-league,2015-2016,Tottenham Hotspur,148,,Goalkeeper,31,38.0,1,90.0
premier-league,2015-2016,Tottenham Hotspur,148,,Right-Back,18,1.0,0,0.0
premier-league,2015-2016,Tottenham Hotspur,148,,Centre-Back,17,,0,0.0
premier-league,2015-2016,Tottenham Hotspur,148,,Centre-Back,21,37.0,37,3268.0
premier-league,2015-2016,Tottenham Hotspur,148,,Centre-Back,22,33.0,17,1288.0
premier-league,2015-2016,Tottenham Hotspur,148,,Right-Back,25,36.0,33,2943.0
premier-league,2015-2016,Tottenham Hotspur,148,,Right-Back,24,34.0,6,458.0
premier-league,2015-2016,Tottenham Hotspur,148,,Right-Back,21,,0,0.0
premier-league,2015-2016,Tottenham Hotspur,148,,Centre-Back,22,24.0,10,812.0
premier-league,2015-2016,Tottenham Hotspur,148,,Centre-Back,28,2.0,0,0.0
premier-league,2015-2016,Tottenham Hotspur,148,,Left-Back,24,34.0,24,2132.0
premier-league,2015-2016,Tottenham Hotspur,148,,Centre-Back,26,38.0,38,3420.0
premier-league,2015-2016,Tottenham Hotspur,148,,Centre-Back,28,29.0,29,2595.0
premier-league,2015-2016,Tottenham Hotspur,148,,Defensive Midfield,20,11.0,5,167.0
premier-league,2015-2016,Tottenham Hotspur,148,,Defensive Midfield,19,5.0,0,0.0
premier-league,2015-2016,Tottenham Hotspur,148,,Attacking Midfield,23,35.0,35,2942.0
premier-league,2015-2016,Tottenham Hotspur,148,,Attacking Midfield,19,34.0,33,2480.0
premier-league,2015-2016,Tottenham Hotspur,148,,Central Midfield,18,15.0,8,78.0
premier-league,2015-2016,Tottenham Hotspur,148,,Attacking Midfield,22,1.0,1,5.0
premier-league,2015-2016,Tottenham Hotspur,148,,Central Midfield,20,,0,0.0
premier-league,2015-2016,Tottenham Hotspur,148,,Central Midfield,23,32.0,19,506.0
premier-league,2015-2016,Tottenham Hotspur,148,,Central Midfield,24,25.0,22,799.0
premier-league,2015-2016,Tottenham Hotspur,148,,Central Midfield,27,29.0,29,2273.0
premier-league,2015-2016,Tottenham Hotspur,148,,Centre-Forward,21,38.0,38,3370.0
premier-league,2015-2016,Tottenham Hotspur,148,,Left Winger,22,30.0,28,1105.0
premier-league,2015-2016,Tottenham Hotspur,148,,Right Winger,23,8.0,3,64.0
premier-league,2015-2016,Tottenham Hotspur,148,,Right Winger,21,10.0,8,184.0
premier-league,2015-2016,Tottenham Hotspur,148,,Right Winger,23,36.0,34,2385.0
premier-league,2015-2016,Tottenham Hotspur,148,,Left Winger,25,31.0,29,938.0
premier-league,2015-2016,Everton FC,29,,Goalkeeper,19,2.0,0,0.0
premier-league,2015-2016,Everton FC,29,,Goalkeeper,25,38.0,13,1170.0
premier-league,2015-2016,Everton FC,29,,Goalkeeper,36,36.0,25,2250.0
premier-league,2015-2016,Everton FC,29,,Centre-Back,21,33.0,33,2779.0
premier-league,2015-2016,Everton FC,29,,Right-Back,18,1.0,1,62.0
premier-league,2015-2016,Everton FC,29,,Centre-Back,18,2.0,0,0.0
premier-league,2015-2016,Everton FC,29,,Centre-Back,17,3.0,1,37.0
premier-league,2015-2016,Everton FC,29,,Centre-Back,21,8.0,5,299.0
premier-league,2015-2016,Everton FC,29,,Centre-Back,20,5.0,4,299.0
premier-league,2015-2016,Everton FC,29,,Centre-Back,19,21.0,15,1222.0
premier-league,2015-2016,Everton FC,29,,Right-Back,26,28.0,28,2386.0
premier-league,2015-2016,Everton FC,29,,Left-Back,22,,0,0.0
premier-league,2015-2016,Everton FC,29,,Left-Back,25,21.0,14,998.0
premier-league,2015-2016,Everton FC,29,,Centre-Back,24,31.0,28,2191.0
premier-league,2015-2016,Everton FC,29,,Right-Back,34,1.0,1,45.0
premier-league,2015-2016,Everton FC,29,,Left-Back,30,23.0,18,1477.0
premier-league,2015-2016,Everton FC,29,,Centre-Back,32,22.0,21,1852.0
premier-league,2015-2016,Everton FC,29,,Right-Back,26,,0,0.0
premier-league,2015-2016,Everton FC,29,,Central Midfield,21,38.0,38,3089.0
premier-league,2015-2016,Everton FC,29,,Central Midfield,17,2.0,2,97.0
premier-league,2015-2016,Everton FC,29,,Attacking Midfield,17,3.0,2,72.0
premier-league,2015-2016,Everton FC,29,,Defensive Midfield,22,20.0,12,556.0
premier-league,2015-2016,Everton FC,29,,Central Midfield,20,,0,0.0
premier-league,2015-2016,Everton FC,29,,Central Midfield,27,17.0,7,239.0
premier-league,2015-2016,Everton FC,29,,Central Midfield,25,26.0,22,1614.0
premier-league,2015-2016,Everton FC,29,,Central Midfield,24,29.0,29,2435.0
premier-league,2015-2016,Everton FC,29,,Defensive Midfield,34,33.0,33,2836.0
premier-league,2015-2016,Everton FC,29,,Central Midfield,34,34.0,9,218.0
premier-league,2015-2016,Everton FC,29,,Left Midfield,33,9.0,4,118.0
premier-league,2015-2016,Everton FC,29,,Centre-Forward,22,38.0,37,3174.0
premier-league,2015-2016,Everton FC,29,,Centre-Forward,21,33.0,26,1394.0
premier-league,2015-2016,Everton FC,29,,Centre-Forward,22,1.0,0,0.0
premier-league,2015-2016,Everton FC,29,,Second Striker,28,17.0,10,451.0
premier-league,2015-2016,Everton FC,29,,Left Winger,29,1.0,0,0.0
premier-league,2015-2016,Everton FC,29,,Centre-Forward,31,32.0,25,1459.0
premier-league,2015-2016,Everton FC,29,,Right Winger,27,33.0,23,1017.0
premier-league,2015-2016,Everton FC,29,,Right Winger,28,32.0,25,1540.0
premier-league,2015-2016,Everton FC,29,,Centre-Forward,25,11.0,5,142.0
premier-league,2015-2016,Everton FC,29,,Centre-Forward,22,,0,0.0
premier-league,2015-2016,Southampton FC,180,,Goalkeeper,23,8.0,2,180.0
premier-league,2015-2016,Southampton FC,180,,Goalkeeper,27,18.0,18,1620.0
premier-league,2015-2016,Southampton FC,180,,Goalkeeper,32,33.0,17,1530.0
premier-league,2015-2016,Southampton FC,180,,Goalkeeper,38,17.0,1,90.0
premier-league,2015-2016,Southampton FC,180,,Centre-Back,23,34.0,34,3060.0
premier-league,2015-2016,Southampton FC,180,,Left-Back,19,17.0,14,1068.0
premier-league,2015-2016,Southampton FC,180,,Centre-Back,21,,0,0.0
premier-league,2015-2016,Southampton FC,180,,Right-Back,23,34.0,24,1971.0
premier-league,2015-2016,Southampton FC,180,,Centre-Back,20,,0,0.0
premier-league,2015-2016,Southampton FC,180,,Centre-Back,26,37.0,20,1015.0
premier-league,2015-2016,Southampton FC,180,,Centre-Back,23,13.0,3,145.0
premier-league,2015-2016,Southampton FC,180,,Centre-Back,26,,0,0.0
premier-league,2015-2016,Southampton FC,180,,Centre-Back,31,37.0,37,3168.0
premier-league,2015-2016,Southampton FC,180,,Centre-Back,25,30.0,15,1081.0
premier-league,2015-2016,Southampton FC,180,,Left-Back,25,32.0,32,2880.0
premier-league,2015-2016,Southampton FC,180,,Right-Back,19,,0,0.0
premier-league,2015-2016,Southampton FC,180,,Left-Back,20,,0,0.0
premier-league,2015-2016,Southampton FC,180,,Central Midfield,20,38.0,33,1535.0
premier-league,2015-2016,Southampton FC,180,,Central Midfield,20,7.0,1,10.0
premier-league,2015-2016,Southampton FC,180,,Defensive Midfield,24,28.0,22,1551.0
premier-league,2015-2016,Southampton FC,180,,Defensive Midfield,23,36.0,29,1605.0
premier-league,2015-2016,Southampton FC,180,,Central Midfield,24,6.0,3,28.0
premier-league,2015-2016,Southampton FC,180,,Central Midfield,30,34.0,34,2612.0
premier-league,2015-2016,Southampton FC,180,,Defensive Midfield,24,30.0,30,2500.0
premier-league,2015-2016,Southampton FC,180,,Left Winger,23,38.0,37,2607.0
premier-league,2015-2016,Southampton FC,180,,Right Winger,26,38.0,34,2292.0
premier-league,2015-2016,Southampton FC,180,,Left Winger,22,28.0,12,161.0
premier-league,2015-2016,Southampton FC,180,,Centre-Forward,19,,0,0.0
premier-league,2015-2016,Southampton FC,180,,Centre-Forward,25,14.0,12,346.0
premier-league,2015-2016,Southampton FC,180,,Centre-Forward,19,2.0,0,0.0
premier-league,2015-2016,Southampton FC,180,,Right Winger,17,1.0,0,0.0
premier-league,2015-2016,Southampton FC,180,,Centre-Forward,28,32.0,28,2111.0
premier-league,2015-2016,Southampton FC,180,,Centre-Forward,29,32.0,30,2172.0
premier-league,2015-2016,Southampton FC,180,,Right Winger,22,,0,0.0
premier-league,2015-2016,Southampton FC,180,,Centre-Forward,25,10.0,7,209.0
premier-league,2015-2016,West Ham United,379,,Goalkeeper,22,8.0,0,0.0
premier-league,2015-2016,West Ham United,379,,Goalkeeper,28,36.0,6,540.0
premier-league,2015-2016,West Ham United,379,,Goalkeeper,28,32.0,32,2880.0
premier-league,2015-2016,West Ham United,379,,Goalkeeper,17,,0,0.0
premier-league,2015-2016,West Ham United,379,,Centre-Back,18,,0,0.0
premier-league,2015-2016,West Ham United,379,,Left-Back,21,8.0,4,286.0
premier-league,2015-2016,West Ham United,379,,Left-Back,25,37.0,37,3315.0
premier-league,2015-2016,West Ham United,379,,Centre-Back,16,22.0,7,210.0
premier-league,2015-2016,West Ham United,379,,Right-Back,18,1.0,0,0.0
premier-league,2015-2016,West Ham United,379,,Centre-Back,27,33.0,28,2328.0
premier-league,2015-2016,West Ham United,379,,Right-Back,23,21.0,20,1225.0
premier-league,2015-2016,West Ham United,379,,Centre-Back,26,26.0,24,2136.0
premier-league,2015-2016,West Ham United,379,,Centre-Back,26,32.0,25,1963.0
premier-league,2015-2016,West Ham United,379,,Right-Back,29,4.0,0,0.0
premier-league,2015-2016,West Ham United,379,,Centre-Back,31,29.0,19,1440.0
premier-league,2015-2016,West Ham United,379,,Centre-Back,22,3.0,0,0.0
premier-league,2015-2016,West Ham United,379,,Left-Back,20,5.0,0,0.0
premier-league,2015-2016,West Ham United,379,,Left-Back,19,,0,0.0
premier-league,2015-2016,West Ham United,379,,Right-Back,21,,0,0.0
premier-league,2015-2016,West Ham United,379,,Centre-Back,19,,0,0.0
premier-league,2015-2016,West Ham United,379,,Left-Back,19,,0,0.0
premier-league,2015-2016,West Ham United,379,,Centre-Back,17,,0,0.0
premier-league,2015-2016,West Ham United,379,,Right-Back,18,,0,0.0
premier-league,2015-2016,West Ham United,379,,Central Midfield,19,11.0,1,1.0
premier-league,2015-2016,West Ham United,379,,Defensive Midfield,17,2.0,0,0.0
premier-league,2015-2016,West Ham United,379,,Attacking Midfield,22,28.0,26,1919.0
premier-league,2015-2016,West Ham United,379,,Attacking Midfield,20,1.0,0,0.0
premier-league,2015-2016,West Ham United,379,,Central Midfield,23,33.0,24,1080.0
premier-league,2015-2016,West Ham United,379,,Attacking Midfield,33,3.0,2,56.0
premier-league,2015-2016,West Ham United,379,,Defensive Midfield,27,19.0,12,657.0
premier-league,2015-2016,West Ham United,379,,Defensive Midfield,25,34.0,34,3010.0
premier-league,2015-2016,West Ham United,379,,Central Midfield,28,37.0,37,3205.0
premier-league,2015-2016,West Ham United,379,,Right Midfield,30,,0,0.0
premier-league,2015-2016,West Ham United,379,,Central Midfield,20,1.0,0,0.0
premier-league,2015-2016,West Ham United,379,,Attacking Midfield,28,30.0,30,2573.0
premier-league,2015-2016,West Ham United,379,,Defensive Midfield,19,,0,0.0
premier-league,2015-2016,West Ham United,379,,Centre-Forward,25,22.0,19,1009.0
premier-league,2015-2016,West Ham United,379,,Centre-Forward,25,33.0,26,2062.0
premier-league,2015-2016,West Ham United,379,,Right Winger,24,24.0,21,980.0
premier-league,2015-2016,West Ham United,379,,Left Winger,18,1.0,0,0.0
premier-league,2015-2016,West Ham United,379,,Left Winger,17,1.0,0,0.0
premier-league,2015-2016,West Ham United,379,,Left Winger,18,2.0,0,0.0
premier-league,2015-2016,West Ham United,379,,Centre-Forward,27,3.0,3,25.0
premier-league,2015-2016,West Ham United,379,,Left Winger,29,4.0,3,74.0
premier-league,2015-2016,West Ham United,379,,Centre-Forward,26,28.0,27,1434.0
premier-league,2015-2016,West Ham United,379,,Centre-Forward,28,17.0,15,790.0
premier-league,2015-2016,West Ham United,379,,Centre-Forward,25,21.0,21,1526.0
premier-league,2015-2016,West Ham United,379,,Centre-Forward,29,18.0,13,341.0
premier-league,2015-2016,West Ham United,379,,Centre-Forward,28,14.0,13,509.0
premier-league,2015-2016,West Ham United,379,,Centre-Forward,18,,0,0.0
premier-league,2015-2016,Newcastle United,762,,Goalkeeper,18,13.0,0,0.0
premier-league,2015-2016,Newcastle United,762,,Goalkeeper,24,30.0,9,810.0
premier-league,2015-2016,Newcastle United,762,,Goalkeeper,27,8.0,8,720.0
premier-league,2015-2016,Newcastle United,762,,Goalkeeper,29,25.0,21,1890.0
premier-league,2015-2016,Newcastle United,762,,Right-Back,20,11.0,3,144.0
premier-league,2015-2016,Newcastle United,762,,Centre-Back,20,33.0,33,2924.0
premier-league,2015-2016,Newcastle United,762,,Centre-Back,21,28.0,18,1149.0
premier-league,2015-2016,Newcastle United,762,,Left-Back,22,9.0,7,555.0
premier-league,2015-2016,Newcastle United,762,,Centre-Back,22,,0,0.0
premier-league,2015-2016,Newcastle United,762,,Right-Back,19,9.0,1,6.0
premier-league,2015-2016,Newcastle United,762,,Left-Back,18,1.0,0,0.0
premier-league,2015-2016,Newcastle United,762,,Centre-Back,31,5.0,0,0.0
premier-league,2015-2016,Newcastle United,762,,Centre-Back,33,26.0,26,2293.0
premier-league,2015-2016,Newcastle United,762,,Left-Back,23,24.0,23,1896.0
premier-league,2015-2016,Newcastle United,762,,Right-Back,25,33.0,32,2755.0
premier-league,2015-2016,Newcastle United,762,,Centre-Back,29,17.0,10,810.0
premier-league,2015-2016,Newcastle United,762,,Right-Back,18,1.0,0,0.0
premier-league,2015-2016,Newcastle United,762,,Central Midfield,24,38.0,38,3168.0
premier-league,2015-2016,Newcastle United,762,,Defensive Midfield,18,1.0,0,0.0
premier-league,2015-2016,Newcastle United,762,,Central Midfield,25,37.0,37,3222.0
premier-league,2015-2016,Newcastle United,762,,Central Midfield,24,10.0,4,149.0
premier-league,2015-2016,Newcastle United,762,,Defensive Midfield,21,,0,0.0
premier-league,2015-2016,Newcastle United,762,,Attacking Midfield,29,2.0,0,0.0
premier-league,2015-2016,Newcastle United,762,,Defensive Midfield,25,29.0,29,2397.0
premier-league,2015-2016,Newcastle United,762,,Defensive Midfield,26,29.0,28,2108.0
premier-league,2015-2016,Newcastle United,762,,Attacking Midfield,26,30.0,18,446.0
premier-league,2015-2016,Newcastle United,762,,Central Midfield,23,17.0,15,1048.0
premier-league,2015-2016,Newcastle United,762,,Defensive Midfield,29,25.0,20,1225.0
premier-league,2015-2016,Newcastle United,762,,Centre-Forward,19,5.0,2,10.0
premier-league,2015-2016,Newcastle United,762,,Centre-Forward,20,36.0,34,2116.0
premier-league,2015-2016,Newcastle United,762,,Centre-Forward,18,,0,0.0
premier-league,2015-2016,Newcastle United,762,,Right Winger,22,19.0,13,420.0
premier-league,2015-2016,Newcastle United,762,,Centre-Forward,21,38.0,34,2047.0
premier-league,2015-2016,Newcastle United,762,,Right Winger,23,13.0,13,1089.0
premier-league,2015-2016,Newcastle United,762,,Right Winger,26,9.0,5,281.0
premier-league,2015-2016,Newcastle United,762,,Centre-Forward,30,25.0,21,1069.0
premier-league,2015-2016,Newcastle United,762,,Left Winger,29,18.0,8,224.0
premier-league,2015-2016,Newcastle United,762,,Left Winger,19,16.0,10,377.0
premier-league,2015-2016,Newcastle United,762,,Centre-Forward,27,6.0,3,29.0
premier-league,2015-2016,Newcastle United,762,,Left Winger,23,,0,0.0
premier-league,2015-2016,Newcastle United,762,,Centre-Forward,25,8.0,3,66.0
premier-league,2015-2016,Newcastle United,762,,Second Striker,22,,0,0.0
premier-league,2015-2016,Leicester City,1003,,Goalkeeper,27,,0,0.0
premier-league,2015-2016,Leicester City,1003,,Goalkeeper,20,1.0,0,0.0
premier-league,2015-2016,Leicester City,1003,,Goalkeeper,28,38.0,38,3420.0
premier-league,2015-2016,Leicester City,1003,,Goalkeeper,42,37.0,0,0.0
premier-league,2015-2016,Leicester City,1003,,Left-Back,18,9.0,0,0.0
premier-league,2015-2016,Leicester City,1003,,Centre-Back,20,12.0,5,102.0
premier-league,2015-2016,Leicester City,1003,,Left-Back,34,,0,0.0
premier-league,2015-2016,Leicester City,1003,,Centre-Back,28,11.0,4,65.0
premier-league,2015-2016,Leicester City,1003,,Right-Back,26,18.0,12,656.0
premier-league,2015-2016,Leicester City,1003,,Centre-Back,31,38.0,38,3420.0
premier-league,2015-2016,Leicester City,1003,,Centre-Back,30,35.0,35,3150.0
premier-league,2015-2016,Leicester City,1003,,Right-Back,28,33.0,30,2613.0
premier-league,2015-2016,Leicester City,1003,,Centre-Back,22,,0,0.0
premier-league,2015-2016,Leicester City,1003,,Centre-Back,35,23.0,4,302.0
premier-league,2015-2016,Leicester City,1003,,Left-Back,29,34.0,32,2710.0
premier-league,2015-2016,Leicester City,1003,,Defensive Midfield,24,37.0,37,3020.0
premier-league,2015-2016,Leicester City,1003,,Attacking Midfield,21,,0,0.0
premier-league,2015-2016,Leicester City,1003,,Left Midfield,22,25.0,24,1382.0
premier-league,2015-2016,Leicester City,1003,,Central Midfield,23,,0,0.0
premier-league,2015-2016,Leicester City,1003,,Central Midfield,32,2.0,0,0.0
premier-league,2015-2016,Leicester City,1003,,Central Midfield,25,35.0,35,3039.0
premier-league,2015-2016,Leicester City,1003,,Central Midfield,26,36.0,25,1049.0
premier-league,2015-2016,Leicester City,1003,,Right Midfield,25,38.0,38,2767.0
premier-league,2015-2016,Leicester City,1003,,Defensive Midfield,31,25.0,5,195.0
premier-league,2015-2016,Leicester City,1003,,Right Winger,24,38.0,37,3055.0
premier-league,2015-2016,Leicester City,1003,,Left Winger,19,18.0,12,177.0
premier-league,2015-2016,Leicester City,1003,,Second Striker,24,9.0,2,22.0
premier-league,2015-2016,Leicester City,1003,,Centre-Forward,28,36.0,36,3139.0
premier-league,2015-2016,Leicester City,1003,,Second Striker,20,,0,0.0
premier-league,2015-2016,Leicester City,1003,,Right Winger,27,20.0,12,214.0
premier-league,2015-2016,Leicester City,1003,,Left Winger,20,2.0,1,19.0
premier-league,2015-2016,Leicester City,1003,,Centre-Forward,29,38.0,36,2072.0
premier-league,2015-2016,Leicester City,1003,,Centre-Forward,28,36.0,29,968.0
premier-league,2015-2016,Leicester City,1003,,Centre-Forward,22,,0,0.0
premier-league,2015-2016,Leicester City,1003,,Left Winger,17,,0,0.0
premier-league,2015-2016,Stoke City,512,,Goalkeeper,22,31.0,31,2790.0
premier-league,2015-2016,Stoke City,512,,Goalkeeper,20,2.0,0,0.0
premier-league,2015-2016,Stoke City,512,,Goalkeeper,23,29.0,5,405.0
premier-league,2015-2016,Stoke City,512,,Goalkeeper,39,14.0,3,225.0
premier-league,2015-2016,Stoke City,512,,Centre-Back,23,23.0,15,1111.0
premier-league,2015-2016,Stoke City,512,,Right-Back,30,15.0,11,816.0
premier-league,2015-2016,Stoke City,512,,Left-Back,26,35.0,35,3097.0
premier-league,2015-2016,Stoke City,512,,Right-Back,30,25.0,25,2186.0
premier-league,2015-2016,Stoke City,512,,Centre-Back,27,18.0,4,258.0
premier-league,2015-2016,Stoke City,512,,Centre-Back,27,20.0,20,1697.0
premier-league,2015-2016,Stoke City,512,,Centre-Back,29,30.0,30,2361.0
premier-league,2015-2016,Stoke City,512,,Centre-Back,22,6.0,1,45.0
premier-league,2015-2016,Stoke City,512,,Centre-Back,26,37.0,31,2685.0
premier-league,2015-2016,Stoke City,512,,Attacking Midfield,23,29.0,27,2029.0
premier-league,2015-2016,Stoke City,512,,Central Midfield,32,3.0,1,13.0
premier-league,2015-2016,Stoke City,512,,Central Midfield,22,21.0,17,753.0
premier-league,2015-2016,Stoke City,512,,Defensive Midfield,31,37.0,37,3173.0
premier-league,2015-2016,Stoke City,512,,Attacking Midfield,28,24.0,13,232.0
premier-league,2015-2016,Stoke City,512,,Attacking Midfield,29,32.0,31,2106.0
premier-league,2015-2016,Stoke City,512,,Central Midfield,29,29.0,22,1041.0
premier-league,2015-2016,Stoke City,512,,Defensive Midfield,22,14.0,14,1260.0
premier-league,2015-2016,Stoke City,512,,Central Midfield,17,1.0,0,0.0
premier-league,2015-2016,Stoke City,512,,Centre-Forward,25,34.0,22,1091.0
premier-league,2015-2016,Stoke City,512,,Centre-Forward,26,34.0,34,2819.0
premier-league,2015-2016,Stoke City,512,,Centre-Forward,27,34.0,26,1269.0
premier-league,2015-2016,Stoke City,512,,Left Winger,19,2.0,0,0.0
premier-league,2015-2016,Stoke City,512,,Centre-Forward,20,,0,0.0
premier-league,2015-2016,Stoke City,512,,Centre-Forward,33,8.0,5,101.0
premier-league,2015-2016,Stoke City,512,,Right Winger,31,29.0,27,1725.0
premier-league,2015-2016,Stoke City,512,,Centre-Forward,34,33.0,11,457.0
premier-league,2015-2016,Stoke City,512,,Second Striker,24,35.0,27,1706.0
premier-league,2015-2016,Swansea City,2288,,Goalkeeper,26,37.0,1,90.0
premier-league,2015-2016,Swansea City,2288,,Goalkeeper,19,1.0,0,0.0
premier-league,2015-2016,Swansea City,2288,,Goalkeeper,30,37.0,37,3330.0
premier-league,2015-2016,Swansea City,2288,,Goalkeeper,36,1.0,0,0.0
premier-league,2015-2016,Swansea City,2288,,Centre-Back,17,,0,0.0
premier-league,2015-2016,Swansea City,2288,,Right-Back,19,,0,0.0
premier-league,2015-2016,Swansea City,2288,,Centre-Back,23,22.0,8,461.0
premier-league,2015-2016,Swansea City,2288,,Left-Back,20,5.0,4,356.0
premier-league,2015-2016,Swansea City,2288,,Right-Back,20,,0,0.0
premier-league,2015-2016,Swansea City,2288,,Left-Back,26,3.0,0,0.0
premier-league,2015-2016,Swansea City,2288,,Right-Back,23,,0,0.0
premier-league,2015-2016,Swansea City,2288,,Left-Back,26,34.0,34,2947.0
premier-league,2015-2016,Swansea City,2288,,Centre-Back,30,36.0,36,3240.0
premier-league,2015-2016,Swansea City,2288,,Right-Back,32,37.0,23,1820.0
premier-league,2015-2016,Swansea City,2288,,Right-Back,26,37.0,27,1765.0
premier-league,2015-2016,Swansea City,2288,,Centre-Back,24,17.0,5,284.0
premier-league,2015-2016,Swansea City,2288,,Centre-Back,26,37.0,32,2880.0
premier-league,2015-2016,Swansea City,2288,,Defensive Midfield,19,4.0,1,90.0
premier-league,2015-2016,Swansea City,2288,,Central Midfield,21,4.0,2,20.0
premier-league,2015-2016,Swansea City,2288,,Defensive Midfield,26,32.0,28,1849.0
premier-league,2015-2016,Swansea City,2288,,Attacking Midfield,25,36.0,36,2917.0
premier-league,2015-2016,Swansea City,2288,,Defensive Midfield,25,13.0,11,757.0
premier-league,2015-2016,Swansea City,2288,,Central Midfield,23,16.0,16,1221.0
premier-league,2015-2016,Swansea City,2288,,Central Midfield,32,30.0,25,1527.0
premier-league,2015-2016,Swansea City,2288,,Defensive Midfield,26,38.0,35,2544.0
premier-league,2015-2016,Swansea City,2288,,Right Winger,17,,0,0.0
premier-league,2015-2016,Swansea City,2288,,Left Winger,20,2.0,0,0.0
premier-league,2015-2016,Swansea City,2288,,Centre-Forward,25,35.0,34,2940.0
premier-league,2015-2016,Swansea City,2288,,Centre-Forward,25,12.0,10,669.0
premier-league,2015-2016,Swansea City,2288,,Centre-Forward,27,15.0,13,269.0
premier-league,2015-2016,Swansea City,2288,,Centre-Forward,27,11.0,2,66.0
premier-league,2015-2016,Swansea City,2288,,Right Winger,27,3.0,1,19.0
premier-league,2015-2016,Swansea City,2288,,Left Winger,30,33.0,28,1680.0
premier-league,2015-2016,Swansea City,2288,,Centre-Forward,29,36.0,33,1696.0
premier-league,2015-2016,Swansea City,2288,,Left Winger,25,32.0,23,1357.0
premier-league,2015-2016,Swansea City,2288,,Left Winger,22,28.0,22,782.0
premier-league,2015-2016,Watford FC,1010,,Goalkeeper,27,19.0,1,23.0
premier-league,2015-2016,Watford FC,1010,,Goalkeeper,20,,0,0.0
premier-league,2015-2016,Watford FC,1010,,Goalkeeper,34,38.0,38,3397.0
premier-league,2015-2016,Watford FC,1010,,Goalkeeper,28,3.0,0,0.0
premier-league,2015-2016,Watford FC,1010,,Goalkeeper,28,16.0,0,0.0
premier-league,2015-2016,Watford FC,1010,,Centre-Back,20,27.0,24,1875.0
premier-league,2015-2016,Watford FC,1010,,Right-Back,27,38.0,32,2473.0
premier-league,2015-2016,Watford FC,1010,,Centre-Back,26,2.0,0,0.0
premier-league,2015-2016,Watford FC,1010,,Left-Back,29,1.0,0,0.0
premier-league,2015-2016,Watford FC,1010,,Right-Back,27,4.0,3,132.0
premier-league,2015-2016,Watford FC,1010,,Centre-Back,29,29.0,24,2076.0
premier-league,2015-2016,Watford FC,1010,,Centre-Back,28,33.0,21,1778.0
premier-league,2015-2016,Watford FC,1010,,Centre-Back,26,,0,0.0
premier-league,2015-2016,Watford FC,1010,,Centre-Back,26,36.0,35,3033.0
premier-league,2015-2016,Watford FC,1010,,Left-Back,31,21.0,11,945.0
premier-league,2015-2016,Watford FC,1010,,Centre-Back,26,,0,0.0
premier-league,2015-2016,Watford FC,1010,,Centre-Back,21,2.0,0,0.0
premier-league,2015-2016,Watford FC,1010,,Central Midfield,21,,0,0.0
premier-league,2015-2016,Watford FC,1010,,Left Midfield,32,2.0,0,0.0
premier-league,2015-2016,Watford FC,1010,,Attacking Midfield,32,16.0,3,66.0
premier-league,2015-2016,Watford FC,1010,,Central Midfield,22,,0,0.0
premier-league,2015-2016,Watford FC,1010,,Defensive Midfield,28,15.0,15,753.0
premier-league,2015-2016,Watford FC,1010,,Attacking Midfield,29,29.0,27,2026.0
premier-league,2015-2016,Watford FC,1010,,Central Midfield,30,26.0,21,1287.0
premier-league,2015-2016,Watford FC,1010,,Defensive Midfield,27,26.0,17,767.0
premier-league,2015-2016,Watford FC,1010,,Defensive Midfield,29,29.0,18,421.0
premier-league,2015-2016,Watford FC,1010,,Left Midfield,27,37.0,28,1680.0
premier-league,2015-2016,Watford FC,1010,,Central Midfield,28,36.0,32,1982.0
premier-league,2015-2016,Watford FC,1010,,Central Midfield,29,38.0,35,2815.0
premier-league,2015-2016,Watford FC,1010,,Defensive Midfield,26,33.0,33,2821.0
premier-league,2015-2016,Watford FC,1010,,Right Winger,23,16.0,9,232.0
premier-league,2015-2016,Watford FC,1010,,Centre-Forward,23,3.0,0,0.0
premier-league,2015-2016,Watford FC,1010,,Centre-Forward,26,37.0,37,3152.0
premier-league,2015-2016,Watford FC,1010,,Right Winger,28,16.0,12,502.0
premier-league,2015-2016,Watford FC,1010,,Second Striker,25,1.0,0,0.0
premier-league,2015-2016,Watford FC,1010,,Centre-Forward,20,,0,0.0
premier-league,2015-2016,Watford FC,1010,,Centre-Forward,19,7.0,2,5.0
premier-league,2015-2016,Watford FC,1010,,Second Striker,25,10.0,4,64.0
premier-league,2015-2016,Watford FC,1010,,Centre-Forward,27,38.0,38,3292.0
premier-league,2015-2016,Crystal Palace,873,,Goalkeeper,25,20.0,7,630.0
premier-league,2015-2016,Crystal Palace,873,,Goalkeeper,36,21.0,2,180.0
premier-league,2015-2016,Crystal Palace,873,,Goalkeeper,28,35.0,29,2610.0
premier-league,2015-2016,Crystal Palace,873,,Right-Back,25,31.0,30,2692.0
premier-league,2015-2016,Crystal Palace,873,,Centre-Back,20,1.0,0,0.0
premier-league,2015-2016,Crystal Palace,873,,Left-Back,20,,0,0.0
premier-league,2015-2016,Crystal Palace,873,,Centre-Back,28,16.0,3,256.0
premier-league,2015-2016,Crystal Palace,873,,Centre-Back,34,13.0,7,630.0
premier-league,2015-2016,Crystal Palace,873,,Centre-Back,32,,0,0.0
premier-league,2015-2016,Crystal Palace,873,,Centre-Back,28,36.0,35,3150.0
premier-league,2015-2016,Crystal Palace,873,,Left-Back,22,,0,0.0
premier-league,2015-2016,Crystal Palace,873,,Left-Back,25,34.0,34,3015.0
premier-league,2015-2016,Crystal Palace,873,,Centre-Back,33,34.0,32,2880.0
premier-league,2015-2016,Crystal Palace,873,,Right-Back,25,36.0,13,1043.0
premier-league,2015-2016,Crystal Palace,873,,Attacking Midfield,21,1.0,1,10.0
premier-league,2015-2016,Crystal Palace,873,,Central Midfield,19,3.0,0,0.0
premier-league,2015-2016,Crystal Palace,873,,Central Midfield,29,33.0,33,2702.0
premier-league,2015-2016,Crystal Palace,873,,Defensive Midfield,30,30.0,27,1531.0
premier-league,2015-2016,Crystal Palace,873,,Central Midfield,27,28.0,28,2192.0
premier-league,2015-2016,Crystal Palace,873,,Central Midfield,23,28.0,20,796.0
premier-league,2015-2016,Crystal Palace,873,,Central Midfield,28,27.0,19,980.0
premier-league,2015-2016,Crystal Palace,873,,Central Midfield,19,3.0,1,18.0
premier-league,2015-2016,Crystal Palace,873,,Central Midfield,29,33.0,31,2624.0
premier-league,2015-2016,Crystal Palace,873,,Defensive Midfield,20,1.0,0,0.0
premier-league,2015-2016,Crystal Palace,873,,Central Midfield,16,1.0,0,0.0
premier-league,2015-2016,Crystal Palace,873,,Left Winger,22,34.0,34,2492.0
premier-league,2015-2016,Crystal Palace,873,,Centre-Forward,21,14.0,6,119.0
premier-league,2015-2016,Crystal Palace,873,,Right Winger,26,25.0,13,385.0
premier-league,2015-2016,Crystal Palace,873,,Left Winger,19,2.0,1,45.0
premier-league,2015-2016,Crystal Palace,873,,Centre-Forward,26,26.0,26,2077.0
premier-league,2015-2016,Crystal Palace,873,,Left Winger,27,23.0,20,1071.0
premier-league,2015-2016,Crystal Palace,873,,Centre-Forward,31,3.0,2,127.0
premier-league,2015-2016,Crystal Palace,873,,Centre-Forward,27,23.0,11,358.0
premier-league,2015-2016,Crystal Palace,873,,Centre-Forward,25,19.0,16,769.0
premier-league,2015-2016,Crystal Palace,873,,Centre-Forward,22,21.0,21,1326.0
premier-league,2015-2016,Crystal Palace,873,,Centre-Forward,31,13.0,12,616.0
premier-league,2015-2016,Crystal Palace,873,,Centre-Forward,31,16.0,10,252.0
premier-league,2015-2016,Crystal Palace,873,,Centre-Forward,24,,0,0.0
premier-league,2015-2016,Aston Villa,405,,Goalkeeper,23,,0,0.0
premier-league,2015-2016,Aston Villa,405,,Goalkeeper,30,38.0,28,2520.0
premier-league,2015-2016,Aston Villa,405,,Goalkeeper,22,,0,0.0
premier-league,2015-2016,Aston Villa,405,,Goalkeeper,30,38.0,10,900.0
premier-league,2015-2016,Aston Villa,405,,Goalkeeper,20,,0,0.0
premier-league,2015-2016,Aston Villa,405,,Left-Back,21,12.0,10,836.0
premier-league,2015-2016,Aston Villa,405,,Centre-Back,18,1.0,0,0.0
premier-league,2015-2016,Aston Villa,405,,Centre-Back,17,,0,0.0
premier-league,2015-2016,Aston Villa,405,,Centre-Back,22,1.0,0,0.0
premier-league,2015-2016,Aston Villa,405,,Centre-Back,18,5.0,4,315.0
premier-league,2015-2016,Aston Villa,405,,Right-Back,21,,0,0.0
premier-league,2015-2016,Aston Villa,405,,Centre-Back,27,18.0,18,1603.0
premier-league,2015-2016,Aston Villa,405,,Centre-Back,28,4.0,1,90.0
premier-league,2015-2016,Aston Villa,405,,Centre-Back,24,3.0,0,0.0
premier-league,2015-2016,Aston Villa,405,,Left-Back,25,1.0,0,0.0
premier-league,2015-2016,Aston Villa,405,,Right-Back,27,32.0,24,2045.0
premier-league,2015-2016,Aston Villa,405,,Centre-Back,22,18.0,12,1080.0
premier-league,2015-2016,Aston Villa,405,,Centre-Back,25,31.0,18,1442.0
premier-league,2015-2016,Aston Villa,405,,Centre-Back,32,34.0,30,2630.0
premier-league,2015-2016,Aston Villa,405,,Left-Back,30,22.0,11,723.0
premier-league,2015-2016,Aston Villa,405,,Right-Back,30,31.0,28,2330.0
premier-league,2015-2016,Aston Villa,405,,Central Midfield,22,32.0,25,1824.0
premier-league,2015-2016,Aston Villa,405,,Attacking Midfield,22,34.0,23,1440.0
premier-league,2015-2016,Aston Villa,405,,Defensive Midfield,25,35.0,35,3075.0
premier-league,2015-2016,Aston Villa,405,,Defensive Midfield,25,35.0,32,2719.0
premier-league,2015-2016,Aston Villa,405,,Central Midfield,23,38.0,31,2419.0
premier-league,2015-2016,Aston Villa,405,,Central Midfield,23,,0,0.0
premier-league,2015-2016,Aston Villa,405,,Attacking Midfield,33,3.0,0,0.0
premier-league,2015-2016,Aston Villa,405,,Defensive Midfield,29,26.0,20,1369.0
premier-league,2015-2016,Aston Villa,405,,Central Midfield,19,18.0,4,152.0
premier-league,2015-2016,Aston Villa,405,,Left Winger,19,25.0,16,832.0
premier-league,2015-2016,Aston Villa,405,,Centre-Forward,17,2.0,0,0.0
premier-league,2015-2016,Aston Villa,405,,Right Winger,19,14.0,10,196.0
premier-league,2015-2016,Aston Villa,405,,Centre-Forward,23,34.0,30,2353.0
premier-league,2015-2016,Aston Villa,405,,Centre-Forward,20,,0,0.0
premier-league,2015-2016,Aston Villa,405,,Left Winger,17,,0,0.0
premier-league,2015-2016,Aston Villa,405,,Centre-Forward,16,2.0,1,1.0
premier-league,2015-2016,Aston Villa,405,,Left Winger,16,3.0,2,57.0
premier-league,2015-2016,Aston Villa,405,,Left Winger,19,,0,0.0
premier-league,2015-2016,Aston Villa,405,,Left Winger,26,37.0,27,1596.0
premier-league,2015-2016,Aston Villa,405,,Centre-Forward,28,15.0,15,1036.0
premier-league,2015-2016,Aston Villa,405,,Centre-Forward,26,6.0,4,258.0
premier-league,2015-2016,Aston Villa,405,,Right Winger,29,2.0,2,41.0
premier-league,2015-2016,Aston Villa,405,,Centre-Forward,26,34.0,32,1658.0
premier-league,2015-2016,Norwich City,1123,,Goalkeeper,21,,0,0.0
premier-league,2015-2016,Norwich City,1123,,Goalkeeper,28,38.0,27,2430.0
premier-league,2015-2016,Norwich City,1123,,Goalkeeper,24,38.0,11,990.0
premier-league,2015-2016,Norwich City,1123,,Goalkeeper,24,,0,0.0
premier-league,2015-2016,Norwich City,1123,,Left-Back,19,,0,0.0
premier-league,2015-2016,Norwich City,1123,,Right-Back,25,14.0,10,811.0
premier-league,2015-2016,Norwich City,1123,,Left-Back,27,33.0,24,1774.0
premier-league,2015-2016,Norwich City,1123,,Centre-Back,31,,0,0.0
premier-league,2015-2016,Norwich City,1123,,Right-Back,22,17.0,10,823.0
premier-league,2015-2016,Norwich City,1123,,Right-Back,31,19.0,8,660.0
premier-league,2015-2016,Norwich City,1123,,Centre-Back,29,33.0,30,2698.0
premier-league,2015-2016,Norwich City,1123,,Centre-Back,28,35.0,32,2789.0
premier-league,2015-2016,Norwich City,1123,,Centre-Back,27,11.0,10,850.0
premier-league,2015-2016,Norwich City,1123,,Centre-Back,25,32.0,22,1838.0
premier-league,2015-2016,Norwich City,1123,,Attacking Midfield,18,,0,0.0
premier-league,2015-2016,Norwich City,1123,,Central Midfield,19,,0,0.0
premier-league,2015-2016,Norwich City,1123,,Central Midfield,20,,0,0.0
premier-league,2015-2016,Norwich City,1123,,Left Midfield,23,36.0,36,2987.0
premier-league,2015-2016,Norwich City,1123,,Central Midfield,27,36.0,36,2953.0
premier-league,2015-2016,Norwich City,1123,,Right Midfield,26,,0,0.0
premier-league,2015-2016,Norwich City,1123,,Central Midfield,28,4.0,4,151.0
premier-league,2015-2016,Norwich City,1123,,Attacking Midfield,33,36.0,30,2004.0
premier-league,2015-2016,Norwich City,1123,,Central Midfield,28,33.0,21,1294.0
premier-league,2015-2016,Norwich City,1123,,Central Midfield,27,1.0,0,0.0
premier-league,2015-2016,Norwich City,1123,,Defensive Midfield,28,22.0,7,371.0
premier-league,2015-2016,Norwich City,1123,,Defensive Midfield,29,23.0,23,1952.0
premier-league,2015-2016,Norwich City,1123,,Central Midfield,32,34.0,27,1750.0
premier-league,2015-2016,Norwich City,1123,,Central Midfield,26,15.0,10,282.0
premier-league,2015-2016,Norwich City,1123,,Right Winger,20,,0,0.0
premier-league,2015-2016,Norwich City,1123,,Left Winger,20,,0,0.0
premier-league,2015-2016,Norwich City,1123,,Centre-Forward,21,9.0,7,236.0
premier-league,2015-2016,Norwich City,1123,,Right Winger,21,36.0,35,2337.0
premier-league,2015-2016,Norwich City,1123,,Centre-Forward,26,1.0,0,0.0
premier-league,2015-2016,Norwich City,1123,,Centre-Forward,27,10.0,6,249.0
premier-league,2015-2016,Norwich City,1123,,Centre-Forward,27,4.0,2,13.0
premier-league,2015-2016,Norwich City,1123,,Centre-Forward,21,,0,0.0
premier-league,2015-2016,Norwich City,1123,,Second Striker,28,14.0,13,880.0
premier-league,2015-2016,Norwich City,1123,,Centre-Forward,29,32.0,29,1588.0
premier-league,2015-2016,Norwich City,1123,,Centre-Forward,28,38.0,34,1776.0
premier-league,2015-2016,Norwich City,1123,,Left Winger,29,24.0,19,1020.0
premier-league,2015-2016,Norwich City,1123,,Centre-Forward,27,6.0,1,13.0
premier-league,2015-2016,West Bromwich Albion,984,,Goalkeeper,18,1.0,0,0.0
premier-league,2015-2016,West Bromwich Albion,984,,Goalkeeper,32,17.0,15,1350.0
premier-league,2015-2016,West Bromwich Albion,984,,Goalkeeper,32,38.0,23,2070.0
premier-league,2015-2016,West Bromwich Albion,984,,Goalkeeper,31,16.0,0,0.0
premier-league,2015-2016,West Bromwich Albion,984,,Goalkeeper,20,4.0,0,0.0
premier-league,2015-2016,West Bromwich Albion,984,,Centre-Back,25,38.0,38,3385.0
premier-league,2015-2016,West Bromwich Albion,984,,Centre-Back,32,4.0,2,180.0
premier-league,2015-2016,West Bromwich Albion,984,,Centre-Back,18,,0,0.0
premier-league,2015-2016,West Bromwich Albion,984,,Centre-Back,32,36.0,28,2017.0
premier-league,2015-2016,West Bromwich Albion,984,,Centre-Back,26,37.0,13,962.0
premier-league,2015-2016,West Bromwich Albion,984,,Centre-Back,27,30.0,30,2593.0
premier-league,2015-2016,West Bromwich Albion,984,,Left-Back,27,5.0,1,36.0
premier-league,2015-2016,West Bromwich Albion,984,,Right-Back,25,6.0,1,28.0
premier-league,2015-2016,West Bromwich Albion,984,,Centre-Back,35,34.0,34,3060.0
premier-league,2015-2016,West Bromwich Albion,984,,Defensive Midfield,17,2.0,1,4.0
premier-league,2015-2016,West Bromwich Albion,984,,Attacking Midfield,22,8.0,2,62.0
premier-league,2015-2016,West Bromwich Albion,984,,Left Midfield,26,35.0,35,2413.0
premier-league,2015-2016,West Bromwich Albion,984,,Central Midfield,26,15.0,12,380.0
premier-league,2015-2016,West Bromwich Albion,984,,Defensive Midfield,27,35.0,34,2852.0
premier-league,2015-2016,West Bromwich Albion,984,,Central Midfield,29,19.0,18,1342.0
premier-league,2015-2016,West Bromwich Albion,984,,Central Midfield,28,38.0,34,2035.0
premier-league,2015-2016,West Bromwich Albion,984,,Central Midfield,30,22.0,22,1803.0
premier-league,2015-2016,West Bromwich Albion,984,,Central Midfield,31,38.0,38,3375.0
premier-league,2015-2016,West Bromwich Albion,984,,Attacking Midfield,31,27.0,25,1760.0
premier-league,2015-2016,West Bromwich Albion,984,,Attacking Midfield,18,,0,0.0
premier-league,2015-2016,West Bromwich Albion,984,,Second Striker,19,6.0,1,12.0
premier-league,2015-2016,West Bromwich Albion,984,,Second Striker,16,5.0,1,17.0
premier-league,2015-2016,West Bromwich Albion,984,,Centre-Forward,25,34.0,34,2567.0
premier-league,2015-2016,West Bromwich Albion,984,,Right Winger,16,8.0,5,271.0
premier-league,2015-2016,West Bromwich Albion,984,,Left Winger,17,,0,0.0
premier-league,2015-2016,West Bromwich Albion,984,,Right Winger,24,26.0,12,277.0
premier-league,2015-2016,West Bromwich Albion,984,,Centre-Forward,26,2.0,0,0.0
premier-league,2015-2016,West Bromwich Albion,984,,Centre-Forward,27,30.0,10,365.0
premier-league,2015-2016,West Bromwich Albion,984,,Centre-Forward,33,33.0,19,618.0
premier-league,2015-2016,West Bromwich Albion,984,,Centre-Forward,21,35.0,31,1742.0
premier-league,2015-2016,Sunderland AFC,289,,Goalkeeper,21,18.0,2,180.0
premier-league,2015-2016,Sunderland AFC,289,,Goalkeeper,18,,0,0.0
premier-league,2015-2016,Sunderland AFC,289,,Goalkeeper,28,20.0,17,1530.0
premier-league,2015-2016,Sunderland AFC,289,,Goalkeeper,27,38.0,19,1710.0
premier-league,2015-2016,Sunderland AFC,289,,Goalkeeper,40,,0,0.0
premier-league,2015-2016,Sunderland AFC,289,,Right-Back,21,31.0,23,1812.0
premier-league,2015-2016,Sunderland AFC,289,,Right-Back,19,1.0,0,0.0
premier-league,2015-2016,Sunderland AFC,289,,Right-Back,21,,0,0.0
premier-league,2015-2016,Sunderland AFC,289,,Centre-Back,24,21.0,16,1230.0
premier-league,2015-2016,Sunderland AFC,289,,Left-Back,24,37.0,33,2970.0
premier-league,2015-2016,Sunderland AFC,289,,Right-Back,23,6.0,1,37.0
premier-league,2015-2016,Sunderland AFC,289,,Centre-Back,19,1.0,0,0.0
premier-league,2015-2016,Sunderland AFC,289,,Centre-Back,28,,0,0.0
premier-league,2015-2016,Sunderland AFC,289,,Left-Back,19,1.0,1,90.0
premier-league,2015-2016,Sunderland AFC,289,,Right-Back,17,,0,0.0
premier-league,2015-2016,Sunderland AFC,289,,Right-Back,28,35.0,24,2033.0
premier-league,2015-2016,Sunderland AFC,289,,Centre-Back,35,15.0,6,540.0
premier-league,2015-2016,Sunderland AFC,289,,Centre-Back,24,29.0,22,1158.0
premier-league,2015-2016,Sunderland AFC,289,,Centre-Back,29,24.0,23,2009.0
premier-league,2015-2016,Sunderland AFC,289,,Centre-Back,34,34.0,28,2008.0
premier-league,2015-2016,Sunderland AFC,289,,Centre-Back,26,15.0,15,1315.0
premier-league,2015-2016,Sunderland AFC,289,,Attacking Midfield,20,2.0,1,38.0
premier-league,2015-2016,Sunderland AFC,289,,Defensive Midfield,25,37.0,37,3189.0
premier-league,2015-2016,Sunderland AFC,289,,Left Midfield,30,2.0,0,0.0
premier-league,2015-2016,Sunderland AFC,289,,Attacking Midfield,18,1.0,1,52.0
premier-league,2015-2016,Sunderland AFC,289,,Defensive Midfield,26,3.0,0,0.0
premier-league,2015-2016,Sunderland AFC,289,,Defensive Midfield,27,32.0,31,2216.0
premier-league,2015-2016,Sunderland AFC,289,,Central Midfield,30,24.0,18,547.0
premier-league,2015-2016,Sunderland AFC,289,,Central Midfield,30,11.0,6,355.0
premier-league,2015-2016,Sunderland AFC,289,,Defensive Midfield,24,15.0,15,1084.0
premier-league,2015-2016,Sunderland AFC,289,,Centre-Forward,20,1.0,0,0.0
premier-league,2015-2016,Sunderland AFC,289,,Centre-Forward,24,29.0,26,1900.0
premier-league,2015-2016,Sunderland AFC,289,,Right Winger,27,20.0,19,1141.0
premier-league,2015-2016,Sunderland AFC,289,,Centre-Forward,28,21.0,16,1015.0
premier-league,2015-2016,Sunderland AFC,289,,Right Winger,25,,0,0.0
premier-league,2015-2016,Sunderland AFC,289,,Centre-Forward,30,16.0,11,566.0
premier-league,2015-2016,Sunderland AFC,289,,Right Winger,27,26.0,20,1294.0
premier-league,2015-2016,Sunderland AFC,289,,Centre-Forward,32,37.0,33,2551.0
premier-league,2015-2016,Sunderland AFC,289,,Centre-Forward,29,16.0,10,358.0
premier-league,2015-2016,Sunderland AFC,289,,Centre-Forward,28,24.0,12,663.0
premier-league,2015-2016,Sunderland AFC,289,,Left Winger,24,15.0,14,1077.0
premier-league,2015-2016,Sunderland AFC,289,,Right Winger,21,26.0,23,907.0
premier-league,2015-2016,AFC Bournemouth,989,,Goalkeeper,18,,0,0.0
premier-league,2015-2016,AFC Bournemouth,989,,Goalkeeper,23,4.0,1,45.0
premier-league,2015-2016,AFC Bournemouth,989,,Goalkeeper,18,1.0,0,0.0
premier-league,2015-2016,AFC Bournemouth,989,,Goalkeeper,35,33.0,32,2880.0
premier-league,2015-2016,AFC Bournemouth,989,,Goalkeeper,30,37.0,6,495.0
premier-league,2015-2016,AFC Bournemouth,989,,Centre-Back,22,4.0,1,12.0
premier-league,2015-2016,AFC Bournemouth,989,,Right-Back,24,32.0,31,2097.0
premier-league,2015-2016,AFC Bournemouth,989,,Centre-Back,18,,0,0.0
premier-league,2015-2016,AFC Bournemouth,989,,Centre-Back,24,37.0,36,3195.0
premier-league,2015-2016,AFC Bournemouth,989,,Centre-Back,19,7.0,0,0.0
premier-league,2015-2016,AFC Bournemouth,989,,Centre-Back,30,,0,0.0
premier-league,2015-2016,AFC Bournemouth,989,,Left-Back,25,7.0,0,0.0
premier-league,2015-2016,AFC Bournemouth,989,,Right-Back,30,38.0,38,3387.0
premier-league,2015-2016,AFC Bournemouth,989,,Centre-Back,27,17.0,12,1012.0
premier-league,2015-2016,AFC Bournemouth,989,,Left-Back,28,37.0,37,3285.0
premier-league,2015-2016,AFC Bournemouth,989,,Centre-Back,27,14.0,3,29.0
premier-league,2015-2016,AFC Bournemouth,989,,Centre-Back,37,31.0,12,842.0
premier-league,2015-2016,AFC Bournemouth,989,,Left-Back,27,4.0,0,0.0
premier-league,2015-2016,AFC Bournemouth,989,,Centre-Back,28,,0,0.0
premier-league,2015-2016,AFC Bournemouth,989,,Left-Back,19,,0,0.0
premier-league,2015-2016,AFC Bournemouth,989,,Right-Back,18,,0,0.0
premier-league,2015-2016,AFC Bournemouth,989,,Centre-Back,16,1.0,0,0.0
premier-league,2015-2016,AFC Bournemouth,989,,Left Midfield,20,,0,0.0
premier-league,2015-2016,AFC Bournemouth,989,,Defensive Midfield,18,1.0,0,0.0
premier-league,2015-2016,AFC Bournemouth,989,,Central Midfield,25,37.0,34,2398.0
premier-league,2015-2016,AFC Bournemouth,989,,Central Midfield,28,38.0,38,3420.0
premier-league,2015-2016,AFC Bournemouth,989,,Central Midfield,25,21.0,21,1671.0
premier-league,2015-2016,AFC Bournemouth,989,,Right Midfield,25,37.0,37,2977.0
premier-league,2015-2016,AFC Bournemouth,989,,Central Midfield,24,32.0,16,752.0
premier-league,2015-2016,AFC Bournemouth,989,,Central Midfield,21,,0,0.0
premier-league,2015-2016,AFC Bournemouth,989,,Centre-Forward,16,,0,0.0
premier-league,2015-2016,AFC Bournemouth,989,,Centre-Forward,23,13.0,13,771.0
premier-league,2015-2016,AFC Bournemouth,989,,Left Winger,21,,0,0.0
premier-league,2015-2016,AFC Bournemouth,989,,Centre-Forward,23,31.0,31,1924.0
premier-league,2015-2016,AFC Bournemouth,989,,Centre-Forward,20,,0,0.0
premier-league,2015-2016,AFC Bournemouth,989,,Second Striker,22,11.0,2,55.0
premier-league,2015-2016,AFC Bournemouth,989,,Left Winger,27,14.0,14,899.0
premier-league,2015-2016,AFC Bournemouth,989,,Centre-Forward,21,,0,0.0
premier-league,2015-2016,AFC Bournemouth,989,,Centre-Forward,18,,0,0.0
premier-league,2015-2016,AFC Bournemouth,989,,Centre-Forward,33,17.0,7,169.0
premier-league,2015-2016,AFC Bournemouth,989,,Left Winger,23,,0,0.0
premier-league,2015-2016,AFC Bournemouth,989,,Right Winger,20,,0,0.0
premier-league,2015-2016,AFC Bournemouth,989,,Left Winger,28,32.0,26,1334.0
premier-league,2015-2016,AFC Bournemouth,989,,Centre-Forward,24,8.0,3,38.0
premier-league,2015-2016,AFC Bournemouth,989,,Left Winger,25,24.0,21,1441.0
premier-league,2015-2016,AFC Bournemouth,989,,Centre-Forward,22,15.0,15,942.0
premier-league,2015-2016,AFC Bournemouth,989,,Second Striker,26,10.0,6,289.0
premier-league,2015-2016,AFC Bournemouth,989,,Centre-Forward,31,23.0,19,669.0
premier-league,2015-2016,AFC Bournemouth,989,,Centre-Forward,27,16.0,15,570.0
premier-league,2016-2017,Chelsea FC,631,,Goalkeeper,24,36.0,36,3240.0
premier-league,2016-2017,Chelsea FC,631,,Goalkeeper,23,,0,0.0
premier-league,2016-2017,Chelsea FC,631,,Goalkeeper,29,38.0,2,180.0
premier-league,2016-2017,Chelsea FC,631,,Goalkeeper,22,,0,0.0
premier-league,2016-2017,Chelsea FC,631,,Goalkeeper,33,2.0,0,0.0
premier-league,2016-2017,Chelsea FC,631,,Right-Back,19,11.0,3,24.0
premier-league,2016-2017,Chelsea FC,631,,Centre-Back,21,10.0,2,98.0
premier-league,2016-2017,Chelsea FC,631,,Centre-Back,20,,0,0.0
premier-league,2016-2017,Chelsea FC,631,,Left-Back,21,,0,0.0
premier-league,2016-2017,Chelsea FC,631,,Centre-Back,20,,0,0.0
premier-league,2016-2017,Chelsea FC,631,,Centre-Back,25,34.0,31,2694.0
premier-league,2016-2017,Chelsea FC,631,,Centre-Back,22,,0,0.0
premier-league,2016-2017,Chelsea FC,631,,Centre-Back,23,,0,0.0
premier-league,2016-2017,Chelsea FC,631,,Centre-Back,29,34.0,33,2956.0
premier-league,2016-2017,Chelsea FC,631,,Centre-Back,23,,0,0.0
premier-league,2016-2017,Chelsea FC,631,,Right-Back,32,19.0,13,584.0
premier-league,2016-2017,Chelsea FC,631,,Right-Back,22,,0,0.0
premier-league,2016-2017,Chelsea FC,631,,Right-Back,22,,0,0.0
premier-league,2016-2017,Chelsea FC,631,,Centre-Back,21,22.0,9,246.0
premier-league,2016-2017,Chelsea FC,631,,Centre-Back,30,38.0,37,3298.0
premier-league,2016-2017,Chelsea FC,631,,Centre-Back,35,22.0,9,492.0
premier-league,2016-2017,Chelsea FC,631,,Centre-Back,26,38.0,38,3420.0
premier-league,2016-2017,Chelsea FC,631,,Central Midfield,20,15.0,6,32.0
premier-league,2016-2017,Chelsea FC,631,,Central Midfield,21,,0,0.0
premier-league,2016-2017,Chelsea FC,631,,Defensive Midfield,25,36.0,35,3139.0
premier-league,2016-2017,Chelsea FC,631,,Defensive Midfield,27,36.0,35,2697.0
premier-league,2016-2017,Chelsea FC,631,,Central Midfield,21,,0,0.0
premier-league,2016-2017,Chelsea FC,631,,Right Midfield,28,,0,0.0
premier-league,2016-2017,Chelsea FC,631,,Attacking Midfield,20,,0,0.0
premier-league,2016-2017,Chelsea FC,631,,Defensive Midfield,21,29.0,10,159.0
premier-league,2016-2017,Chelsea FC,631,,Attacking Midfield,22,,0,0.0
premier-league,2016-2017,Chelsea FC,631,,Attacking Midfield,19,,0,0.0
premier-league,2016-2017,Chelsea FC,631,,Central Midfield,19,,0,0.0
premier-league,2016-2017,Chelsea FC,631,,Attacking Midfield,24,13.0,9,457.0
premier-league,2016-2017,Chelsea FC,631,,Central Midfield,23,,0,0.0
premier-league,2016-2017,Chelsea FC,631,,Central Midfield,29,34.0,29,1328.0
premier-league,2016-2017,Chelsea FC,631,,Centre-Forward,18,1.0,0,0.0
premier-league,2016-2017,Chelsea FC,631,,Left Winger,19,,0,0.0
premier-league,2016-2017,Chelsea FC,631,,Right Winger,20,,0,0.0
premier-league,2016-2017,Chelsea FC,631,,Centre-Forward,22,37.0,20,238.0
premier-league,2016-2017,Chelsea FC,631,,Right Winger,28,37.0,35,2151.0
premier-league,2016-2017,Chelsea FC,631,,Left Winger,21,,0,0.0
premier-league,2016-2017,Chelsea FC,631,,Left Winger,20,1.0,1,75.0
premier-league,2016-2017,Chelsea FC,631,,Left Winger,27,34.0,34,1530.0
premier-league,2016-2017,Chelsea FC,631,,Right Winger,25,35.0,34,2498.0
premier-league,2016-2017,Chelsea FC,631,,Centre-Forward,29,,0,0.0
premier-league,2016-2017,Chelsea FC,631,,Left Winger,24,,0,0.0
premier-league,2016-2017,Chelsea FC,631,,Left Winger,25,36.0,36,3005.0
premier-league,2016-2017,Chelsea FC,631,,Centre-Forward,27,36.0,35,3090.0
premier-league,2016-2017,Manchester City,281,,Goalkeeper,20,5.0,0,0.0
premier-league,2016-2017,Manchester City,281,,Goalkeeper,29,3.0,0,0.0
premier-league,2016-2017,Manchester City,281,,Goalkeeper,33,30.0,22,1969.0
premier-league,2016-2017,Manchester City,281,,Goalkeeper,34,38.0,17,1451.0
premier-league,2016-2017,Manchester City,281,,Centre-Back,18,1.0,0,0.0
premier-league,2016-2017,Manchester City,281,,Centre-Back,22,31.0,27,2013.0
premier-league,2016-2017,Manchester City,281,,Left-Back,19,,0,0.0
premier-league,2016-2017,Manchester City,281,,Left-Back,19,,0,0.0
premier-league,2016-2017,Manchester City,281,,Right-Back,18,2.0,0,0.0
premier-league,2016-2017,Manchester City,281,,Centre-Back,28,33.0,30,2592.0
premier-league,2016-2017,Manchester City,281,,Right-Back,33,24.0,17,1345.0
premier-league,2016-2017,Manchester City,281,,Centre-Back,30,20.0,11,823.0
premier-league,2016-2017,Manchester City,281,,Right-Back,31,32.0,20,1059.0
premier-league,2016-2017,Manchester City,281,,Left-Back,30,38.0,29,2533.0
premier-league,2016-2017,Manchester City,281,,Centre-Back,25,,0,0.0
premier-league,2016-2017,Manchester City,281,,Left-Back,30,35.0,25,2125.0
premier-league,2016-2017,Manchester City,281,,Attacking Midfield,16,,0,0.0
premier-league,2016-2017,Manchester City,281,,Central Midfield,19,14.0,4,76.0
premier-league,2016-2017,Manchester City,281,,Attacking Midfield,25,37.0,36,2884.0
premier-league,2016-2017,Manchester City,281,,Central Midfield,25,10.0,10,710.0
premier-league,2016-2017,Manchester City,281,,Attacking Midfield,29,1.0,1,15.0
premier-league,2016-2017,Manchester City,281,,Defensive Midfield,28,30.0,15,559.0
premier-league,2016-2017,Manchester City,281,,Right Midfield,30,33.0,24,1057.0
premier-league,2016-2017,Manchester City,281,,Central Midfield,26,13.0,7,220.0
premier-league,2016-2017,Manchester City,281,,Attacking Midfield,30,35.0,34,2768.0
premier-league,2016-2017,Manchester City,281,,Defensive Midfield,31,32.0,32,2755.0
premier-league,2016-2017,Manchester City,281,,Central Midfield,33,26.0,25,1948.0
premier-league,2016-2017,Manchester City,281,,Right Winger,16,,0,0.0
premier-league,2016-2017,Manchester City,281,,Right Winger,20,31.0,26,1787.0
premier-league,2016-2017,Manchester City,281,,Centre-Forward,19,10.0,10,651.0
premier-league,2016-2017,Manchester City,281,,Right Winger,21,35.0,33,2515.0
premier-league,2016-2017,Manchester City,281,,Centre-Forward,19,28.0,20,527.0
premier-league,2016-2017,Manchester City,281,,Left Winger,29,26.0,19,778.0
premier-league,2016-2017,Manchester City,281,,Centre-Forward,28,31.0,31,2406.0
premier-league,2016-2017,Manchester City,281,,Centre-Forward,27,,0,0.0
premier-league,2016-2017,Tottenham Hotspur,148,,Goalkeeper,21,5.0,0,0.0
premier-league,2016-2017,Tottenham Hotspur,148,,Goalkeeper,29,34.0,34,3005.0
premier-league,2016-2017,Tottenham Hotspur,148,,Goalkeeper,20,2.0,0,0.0
premier-league,2016-2017,Tottenham Hotspur,148,,Goalkeeper,17,,0,0.0
premier-league,2016-2017,Tottenham Hotspur,148,,Goalkeeper,32,35.0,5,415.0
premier-league,2016-2017,Tottenham Hotspur,148,,Right-Back,19,,0,0.0
premier-league,2016-2017,Tottenham Hotspur,148,,Centre-Back,18,16.0,0,0.0
premier-league,2016-2017,Tottenham Hotspur,148,,Centre-Back,22,37.0,36,3046.0
premier-league,2016-2017,Tottenham Hotspur,148,,Centre-Back,23,34.0,23,1735.0
premier-league,2016-2017,Tottenham Hotspur,148,,Right-Back,26,35.0,33,2706.0
premier-league,2016-2017,Tottenham Hotspur,148,,Right-Back,25,29.0,12,570.0
premier-league,2016-2017,Tottenham Hotspur,148,,Centre-Back,23,27.0,5,356.0
premier-league,2016-2017,Tottenham Hotspur,148,,Centre-Back,29,,0,0.0
premier-league,2016-2017,Tottenham Hotspur,148,,Centre-Back,19,,0,0.0
premier-league,2016-2017,Tottenham Hotspur,148,,Left-Back,25,18.0,18,1533.0
premier-league,2016-2017,Tottenham Hotspur,148,,Centre-Back,27,30.0,30,2603.0
premier-league,2016-2017,Tottenham Hotspur,148,,Centre-Back,29,33.0,33,2897.0
premier-league,2016-2017,Tottenham Hotspur,148,,Defensive Midfield,21,,0,0.0
premier-league,2016-2017,Tottenham Hotspur,148,,Attacking Midfield,24,38.0,36,3167.0
premier-league,2016-2017,Tottenham Hotspur,148,,Defensive Midfield,20,27.0,21,478.0
premier-league,2016-2017,Tottenham Hotspur,148,,Attacking Midfield,20,37.0,37,3044.0
premier-league,2016-2017,Tottenham Hotspur,148,,Defensive Midfield,20,2.0,1,4.0
premier-league,2016-2017,Tottenham Hotspur,148,,Central Midfield,19,,0,0.0
premier-league,2016-2017,Tottenham Hotspur,148,,Central Midfield,19,15.0,5,22.0
premier-league,2016-2017,Tottenham Hotspur,148,,Central Midfield,26,31.0,25,903.0
premier-league,2016-2017,Tottenham Hotspur,148,,Central Midfield,24,1.0,1,1.0
premier-league,2016-2017,Tottenham Hotspur,148,,Central Midfield,25,2.0,0,0.0
premier-league,2016-2017,Tottenham Hotspur,148,,Defensive Midfield,25,36.0,36,3015.0
premier-league,2016-2017,Tottenham Hotspur,148,,Central Midfield,28,31.0,30,2065.0
premier-league,2016-2017,Tottenham Hotspur,148,,Centre-Forward,22,30.0,30,2537.0
premier-league,2016-2017,Tottenham Hotspur,148,,Left Winger,23,36.0,34,2070.0
premier-league,2016-2017,Tottenham Hotspur,148,,Right Winger,17,,0,0.0
premier-league,2016-2017,Tottenham Hotspur,148,,Centre-Forward,22,31.0,27,832.0
premier-league,2016-2017,Tottenham Hotspur,148,,Left Winger,21,22.0,8,50.0
premier-league,2016-2017,Tottenham Hotspur,148,,Right Winger,22,,0,0.0
premier-league,2016-2017,Tottenham Hotspur,148,,Left Winger,17,1.0,0,0.0
premier-league,2016-2017,Tottenham Hotspur,148,,Centre-Forward,18,,0,0.0
premier-league,2016-2017,Tottenham Hotspur,148,,Right Winger,24,9.0,9,593.0
premier-league,2016-2017,Arsenal FC,11,,Goalkeeper,23,5.0,2,180.0
premier-league,2016-2017,Arsenal FC,11,,Goalkeeper,26,,0,0.0
premier-league,2016-2017,Arsenal FC,11,,Goalkeeper,21,2.0,0,0.0
premier-league,2016-2017,Arsenal FC,11,,Goalkeeper,27,34.0,2,142.0
premier-league,2016-2017,Arsenal FC,11,,Goalkeeper,34,35.0,35,3098.0
premier-league,2016-2017,Arsenal FC,11,,Right-Back,18,8.0,1,2.0
premier-league,2016-2017,Arsenal FC,11,,Centre-Back,20,21.0,9,810.0
premier-league,2016-2017,Arsenal FC,11,,Right-Back,21,34.0,33,2499.0
premier-league,2016-2017,Arsenal FC,11,,Centre-Back,18,,0,0.0
premier-league,2016-2017,Arsenal FC,11,,Left-Back,18,,0,0.0
premier-league,2016-2017,Arsenal FC,11,,Centre-Back,21,3.0,1,90.0
premier-league,2016-2017,Arsenal FC,11,,Centre-Back,25,32.0,19,1516.0
premier-league,2016-2017,Arsenal FC,11,,Right-Back,24,2.0,1,83.0
premier-league,2016-2017,Arsenal FC,11,,Right-Back,30,1.0,1,16.0
premier-league,2016-2017,Arsenal FC,11,,Left-Back,26,31.0,11,703.0
premier-league,2016-2017,Arsenal FC,11,,Centre-Back,31,4.0,1,37.0
premier-league,2016-2017,Arsenal FC,11,,Centre-Back,30,33.0,33,2823.0
premier-league,2016-2017,Arsenal FC,11,,Left-Back,30,37.0,36,3153.0
premier-league,2016-2017,Arsenal FC,11,,Centre-Back,24,27.0,26,2275.0
premier-league,2016-2017,Arsenal FC,11,,Defensive Midfield,23,33.0,32,2486.0
premier-league,2016-2017,Arsenal FC,11,,Defensive Midfield,18,,0,0.0
premier-league,2016-2017,Arsenal FC,11,,Central Midfield,17,,0,0.0
premier-league,2016-2017,Arsenal FC,11,,Defensive Midfield,23,28.0,14,694.0
premier-league,2016-2017,Arsenal FC,11,,Central Midfield,22,33.0,29,1562.0
premier-league,2016-2017,Arsenal FC,11,,Defensive Midfield,25,35.0,29,1785.0
premier-league,2016-2017,Arsenal FC,11,,Attacking Midfield,18,7.0,0,0.0
premier-league,2016-2017,Arsenal FC,11,,Defensive Midfield,19,,0,0.0
premier-league,2016-2017,Arsenal FC,11,,Central Midfield,24,3.0,2,37.0
premier-league,2016-2017,Arsenal FC,11,,Central Midfield,25,24.0,23,1229.0
premier-league,2016-2017,Arsenal FC,11,,Attacking Midfield,27,33.0,33,2847.0
premier-league,2016-2017,Arsenal FC,11,,Central Midfield,31,8.0,8,619.0
premier-league,2016-2017,Arsenal FC,11,,Left Winger,20,35.0,26,1462.0
premier-league,2016-2017,Arsenal FC,11,,Left Winger,18,,0,0.0
premier-league,2016-2017,Arsenal FC,11,,Centre-Forward,20,1.0,0,0.0
premier-league,2016-2017,Arsenal FC,11,,Centre-Forward,25,16.0,16,755.0
premier-league,2016-2017,Arsenal FC,11,,Left Winger,18,,0,0.0
premier-league,2016-2017,Arsenal FC,11,,Second Striker,27,38.0,38,3224.0
premier-league,2016-2017,Arsenal FC,11,,Centre-Forward,29,32.0,29,1194.0
premier-league,2016-2017,Arsenal FC,11,,Second Striker,24,,0,0.0
premier-league,2016-2017,Arsenal FC,11,,Centre-Forward,27,17.0,11,265.0
premier-league,2016-2017,Arsenal FC,11,,Centre-Forward,23,,0,0.0
premier-league,2016-2017,Arsenal FC,11,,Right Winger,27,32.0,28,1924.0
premier-league,2016-2017,Manchester United,985,,Goalkeeper,19,,0,0.0
premier-league,2016-2017,Manchester United,985,,Goalkeeper,25,35.0,35,3150.0
premier-league,2016-2017,Manchester United,985,,Goalkeeper,23,,0,0.0
premier-league,2016-2017,Manchester United,985,,Goalkeeper,20,3.0,1,90.0
premier-league,2016-2017,Manchester United,985,,Goalkeeper,20,1.0,0,0.0
premier-league,2016-2017,Manchester United,985,,Goalkeeper,29,37.0,2,180.0
premier-league,2016-2017,Manchester United,985,,Left-Back,20,15.0,11,691.0
premier-league,2016-2017,Manchester United,985,,Centre-Back,18,9.0,4,305.0
premier-league,2016-2017,Manchester United,985,,Right-Back,26,26.0,18,1333.0
premier-league,2016-2017,Manchester United,985,,Centre-Back,22,27.0,25,2060.0
premier-league,2016-2017,Manchester United,985,,Centre-Back,26,35.0,23,1829.0
premier-league,2016-2017,Manchester United,985,,Right-Back,23,,0,0.0
premier-league,2016-2017,Manchester United,985,,Centre-Back,26,22.0,18,1215.0
premier-league,2016-2017,Manchester United,985,,Right-Back,18,10.0,4,96.0
premier-league,2016-2017,Manchester United,985,,Left-Back,19,3.0,1,90.0
premier-league,2016-2017,Manchester United,985,,Centre-Back,26,24.0,21,1664.0
premier-league,2016-2017,Manchester United,985,,Centre-Back,24,19.0,18,1585.0
premier-league,2016-2017,Manchester United,985,,Right-Back,30,21.0,12,758.0
premier-league,2016-2017,Manchester United,985,,Right-Back,30,28.0,28,2483.0
premier-league,2016-2017,Manchester United,985,,Left-Back,19,,0,0.0
premier-league,2016-2017,Manchester United,985,,Central Midfield,19,5.0,2,96.0
premier-league,2016-2017,Manchester United,985,,Central Midfield,20,,0,0.0
premier-league,2016-2017,Manchester United,985,,Attacking Midfield,15,1.0,1,2.0
premier-league,2016-2017,Manchester United,985,,Central Midfield,27,26.0,24,1349.0
premier-league,2016-2017,Manchester United,985,,Central Midfield,23,31.0,30,2610.0
premier-league,2016-2017,Manchester United,985,,Attacking Midfield,23,32.0,25,1366.0
premier-league,2016-2017,Manchester United,985,,Central Midfield,26,34.0,31,2467.0
premier-league,2016-2017,Manchester United,985,,Attacking Midfield,28,31.0,25,1632.0
premier-league,2016-2017,Manchester United,985,,Central Midfield,31,4.0,0,0.0
premier-league,2016-2017,Manchester United,985,,Defensive Midfield,26,7.0,3,11.0
premier-league,2016-2017,Manchester United,985,,Attacking Midfield,20,1.0,1,90.0
premier-league,2016-2017,Manchester United,985,,Central Midfield,19,2.0,0,0.0
premier-league,2016-2017,Manchester United,985,,Defensive Midfield,34,33.0,23,1599.0
premier-league,2016-2017,Manchester United,985,,Central Midfield,28,32.0,28,1599.0
premier-league,2016-2017,Manchester United,985,,Left Winger,18,37.0,32,1703.0
premier-league,2016-2017,Manchester United,985,,Centre-Forward,22,5.0,4,24.0
premier-league,2016-2017,Manchester United,985,,Centre-Forward,20,31.0,25,1560.0
premier-league,2016-2017,Manchester United,985,,Right Winger,21,,0,0.0
premier-league,2016-2017,Manchester United,985,,Centre-Forward,34,28.0,28,2437.0
premier-league,2016-2017,Manchester United,985,,Centre-Forward,30,28.0,25,1540.0
premier-league,2016-2017,Manchester United,985,,Centre-Forward,20,,0,0.0
premier-league,2016-2017,Manchester United,985,,Centre-Forward,17,1.0,0,0.0
premier-league,2016-2017,Liverpool FC,31,,Goalkeeper,23,35.0,10,900.0
premier-league,2016-2017,Liverpool FC,31,,Goalkeeper,23,,0,0.0
premier-league,2016-2017,Liverpool FC,31,,Goalkeeper,39,3.0,0,0.0
premier-league,2016-2017,Liverpool FC,31,,Goalkeeper,28,38.0,28,2520.0
premier-league,2016-2017,Liverpool FC,31,,Goalkeeper,28,,0,0.0
premier-league,2016-2017,Liverpool FC,31,,Right-Back,17,23.0,7,165.0
premier-league,2016-2017,Liverpool FC,31,,Centre-Back,19,5.0,0,0.0
premier-league,2016-2017,Liverpool FC,31,,Centre-Back,22,33.0,32,2368.0
premier-league,2016-2017,Liverpool FC,31,,Left-Back,23,38.0,12,298.0
premier-league,2016-2017,Liverpool FC,31,,Centre-Back,26,31.0,29,2554.0
premier-league,2016-2017,Liverpool FC,31,,Right-Back,25,37.0,37,3324.0
premier-league,2016-2017,Liverpool FC,31,,Right-Back,20,1.0,0,0.0
premier-league,2016-2017,Liverpool FC,31,,Right-Back,23,,0,0.0
premier-league,2016-2017,Liverpool FC,31,,Right-Back,23,,0,0.0
premier-league,2016-2017,Liverpool FC,31,,Centre-Back,26,,0,0.0
premier-league,2016-2017,Liverpool FC,31,,Centre-Back,30,33.0,20,1408.0
premier-league,2016-2017,Liverpool FC,31,,Centre-Back,24,31.0,29,2456.0
premier-league,2016-2017,Liverpool FC,31,,Attacking Midfield,24,31.0,31,2244.0
premier-league,2016-2017,Liverpool FC,31,,Central Midfield,25,37.0,36,2978.0
premier-league,2016-2017,Liverpool FC,31,,Defensive Midfield,20,17.0,5,39.0
premier-league,2016-2017,Liverpool FC,31,,Defensive Midfield,26,24.0,24,2118.0
premier-league,2016-2017,Liverpool FC,31,,Attacking Midfield,16,17.0,5,83.0
premier-league,2016-2017,Liverpool FC,31,,Defensive Midfield,20,,0,0.0
premier-league,2016-2017,Liverpool FC,31,,Central Midfield,18,,0,0.0
premier-league,2016-2017,Liverpool FC,31,,Central Midfield,30,36.0,36,3159.0
premier-league,2016-2017,Liverpool FC,31,,Attacking Midfield,28,31.0,31,2348.0
premier-league,2016-2017,Liverpool FC,31,,Defensive Midfield,29,35.0,24,1105.0
premier-league,2016-2017,Liverpool FC,31,,Defensive Midfield,22,9.0,4,18.0
premier-league,2016-2017,Liverpool FC,31,,Right Winger,19,1.0,0,0.0
premier-league,2016-2017,Liverpool FC,31,,Left Winger,24,27.0,27,2247.0
premier-league,2016-2017,Liverpool FC,31,,Centre-Forward,24,35.0,35,3069.0
premier-league,2016-2017,Liverpool FC,31,,Centre-Forward,16,1.0,0,0.0
premier-league,2016-2017,Liverpool FC,31,,Centre-Forward,23,,0,0.0
premier-league,2016-2017,Liverpool FC,31,,Right Winger,19,,0,0.0
premier-league,2016-2017,Liverpool FC,31,,Right Winger,22,,0,0.0
premier-league,2016-2017,Liverpool FC,31,,Left Winger,18,10.0,2,6.0
premier-league,2016-2017,Liverpool FC,31,,Centre-Forward,26,27.0,20,769.0
premier-league,2016-2017,Liverpool FC,31,,Centre-Forward,21,38.0,34,1460.0
premier-league,2016-2017,Everton FC,29,,Goalkeeper,26,38.0,20,1736.0
premier-league,2016-2017,Everton FC,29,,Goalkeeper,19,6.0,0,0.0
premier-league,2016-2017,Everton FC,29,,Goalkeeper,33,32.0,19,1684.0
premier-league,2016-2017,Everton FC,29,,Right-Back,19,8.0,1,13.0
premier-league,2016-2017,Everton FC,29,,Centre-Back,19,38.0,18,1371.0
premier-league,2016-2017,Everton FC,29,,Centre-Back,22,,0,0.0
premier-league,2016-2017,Everton FC,29,,Centre-Back,20,1.0,0,0.0
premier-league,2016-2017,Everton FC,29,,Centre-Back,21,9.0,3,180.0
premier-league,2016-2017,Everton FC,29,,Right-Back,27,26.0,26,2317.0
premier-league,2016-2017,Everton FC,29,,Left-Back,23,,0,0.0
premier-league,2016-2017,Everton FC,29,,Left-Back,26,10.0,6,477.0
premier-league,2016-2017,Everton FC,29,,Centre-Back,25,29.0,23,1539.0
premier-league,2016-2017,Everton FC,29,,Left-Back,31,32.0,32,2821.0
premier-league,2016-2017,Everton FC,29,,Centre-Back,31,36.0,36,3159.0
premier-league,2016-2017,Everton FC,29,,Centre-Back,33,37.0,27,2251.0
premier-league,2016-2017,Everton FC,29,,Central Midfield,22,38.0,36,2911.0
premier-league,2016-2017,Everton FC,29,,Central Midfield,18,26.0,24,1543.0
premier-league,2016-2017,Everton FC,29,,Central Midfield,19,5.0,0,0.0
premier-league,2016-2017,Everton FC,29,,Defensive Midfield,26,34.0,33,2686.0
premier-league,2016-2017,Everton FC,29,,Defensive Midfield,23,2.0,0,0.0
premier-league,2016-2017,Everton FC,29,,Central Midfield,28,,0,0.0
premier-league,2016-2017,Everton FC,29,,Central Midfield,26,18.0,10,403.0
premier-league,2016-2017,Everton FC,29,,Defensive Midfield,26,14.0,14,1059.0
premier-league,2016-2017,Everton FC,29,,Central Midfield,25,14.0,12,613.0
premier-league,2016-2017,Everton FC,29,,Defensive Midfield,35,36.0,33,2113.0
premier-league,2016-2017,Everton FC,29,,Left Winger,18,16.0,8,292.0
premier-league,2016-2017,Everton FC,29,,Centre-Forward,19,14.0,11,345.0
premier-league,2016-2017,Everton FC,29,,Centre-Forward,23,37.0,37,3267.0
premier-league,2016-2017,Everton FC,29,,Centre-Forward,26,32.0,21,708.0
premier-league,2016-2017,Everton FC,29,,Centre-Forward,22,16.0,11,463.0
premier-league,2016-2017,Everton FC,29,,Centre-Forward,27,13.0,13,1028.0
premier-league,2016-2017,Everton FC,29,,Centre-Forward,23,,0,0.0
premier-league,2016-2017,Everton FC,29,,Left Winger,30,,0,0.0
premier-league,2016-2017,Everton FC,29,,Second Striker,21,,0,0.0
premier-league,2016-2017,Everton FC,29,,Centre-Forward,32,9.0,6,72.0
premier-league,2016-2017,Everton FC,29,,Right Winger,28,36.0,35,2092.0
premier-league,2016-2017,Everton FC,29,,Right Winger,29,22.0,11,514.0
premier-league,2016-2017,Everton FC,29,,Centre-Forward,26,,0,0.0
premier-league,2016-2017,Everton FC,29,,Centre-Forward,23,,0,0.0
premier-league,2016-2017,West Ham United,379,,Goalkeeper,23,2.0,0,0.0
premier-league,2016-2017,West Ham United,379,,Goalkeeper,29,36.0,22,1980.0
premier-league,2016-2017,West Ham United,379,,Goalkeeper,29,38.0,16,1440.0
premier-league,2016-2017,West Ham United,379,,Left-Back,22,16.0,13,971.0
premier-league,2016-2017,West Ham United,379,,Centre-Back,19,2.0,0,0.0
premier-league,2016-2017,West Ham United,379,,Left-Back,22,22.0,18,1248.0
premier-league,2016-2017,West Ham United,379,,Left-Back,26,27.0,26,2120.0
premier-league,2016-2017,West Ham United,379,,Centre-Back,17,8.0,0,0.0
premier-league,2016-2017,West Ham United,379,,Centre-Back,28,24.0,20,1755.0
premier-league,2016-2017,West Ham United,379,,Left-Back,21,,0,0.0
premier-league,2016-2017,West Ham United,379,,Left-Back,20,,0,0.0
premier-league,2016-2017,West Ham United,379,,Centre-Back,27,30.0,30,2590.0
premier-league,2016-2017,West Ham United,379,,Right-Back,33,3.0,3,256.0
premier-league,2016-2017,West Ham United,379,,Centre-Back,32,31.0,22,1654.0
premier-league,2016-2017,West Ham United,379,,Centre-Back,32,16.0,16,1405.0
premier-league,2016-2017,West Ham United,379,,Centre-Back,23,,0,0.0
premier-league,2016-2017,West Ham United,379,,Right-Back,22,,0,0.0
premier-league,2016-2017,West Ham United,379,,Right-Back,19,2.0,0,0.0
premier-league,2016-2017,West Ham United,379,,Central Midfield,17,6.0,1,1.0
premier-league,2016-2017,West Ham United,379,,Central Midfield,20,,0,0.0
premier-league,2016-2017,West Ham United,379,,Defensive Midfield,20,33.0,28,985.0
premier-league,2016-2017,West Ham United,379,,Central Midfield,16,12.0,0,0.0
premier-league,2016-2017,West Ham United,379,,Attacking Midfield,23,35.0,35,2714.0
premier-league,2016-2017,West Ham United,379,,Attacking Midfield,17,1.0,0,0.0
premier-league,2016-2017,West Ham United,379,,Central Midfield,24,28.0,22,1766.0
premier-league,2016-2017,West Ham United,379,,Attacking Midfield,26,31.0,21,1040.0
premier-league,2016-2017,West Ham United,379,,Attacking Midfield,29,18.0,18,1515.0
premier-league,2016-2017,West Ham United,379,,Central Midfield,20,2.0,0,0.0
premier-league,2016-2017,West Ham United,379,,Defensive Midfield,26,28.0,16,956.0
premier-league,2016-2017,West Ham United,379,,Defensive Midfield,26,31.0,31,2728.0
premier-league,2016-2017,West Ham United,379,,Central Midfield,29,32.0,30,2400.0
premier-league,2016-2017,West Ham United,379,,Right Winger,18,,0,0.0
premier-league,2016-2017,West Ham United,379,,Centre-Forward,22,22.0,16,536.0
premier-league,2016-2017,West Ham United,379,,Centre-Forward,26,3.0,3,213.0
premier-league,2016-2017,West Ham United,379,,Centre-Forward,26,29.0,29,2440.0
premier-league,2016-2017,West Ham United,379,,Centre-Forward,20,31.0,16,354.0
premier-league,2016-2017,West Ham United,379,,Centre-Forward,26,25.0,25,1442.0
premier-league,2016-2017,West Ham United,379,,Left Winger,18,2.0,0,0.0
premier-league,2016-2017,West Ham United,379,,Right Winger,24,6.0,5,239.0
premier-league,2016-2017,West Ham United,379,,Centre-Forward,25,11.0,8,460.0
premier-league,2016-2017,West Ham United,379,,Left Winger,18,1.0,0,0.0
premier-league,2016-2017,West Ham United,379,,Centre-Forward,27,19.0,18,1314.0
premier-league,2016-2017,West Ham United,379,,Right Winger,28,15.0,15,844.0
premier-league,2016-2017,West Ham United,379,,Centre-Forward,26,5.0,4,181.0
premier-league,2016-2017,Southampton FC,180,,Goalkeeper,24,,0,0.0
premier-league,2016-2017,Southampton FC,180,,Goalkeeper,28,38.0,38,3420.0
premier-league,2016-2017,Southampton FC,180,,Goalkeeper,21,13.0,0,0.0
premier-league,2016-2017,Southampton FC,180,,Goalkeeper,26,9.0,0,0.0
premier-league,2016-2017,Southampton FC,180,,Goalkeeper,18,1.0,0,0.0
premier-league,2016-2017,Southampton FC,180,,Goalkeeper,35,15.0,0,0.0
premier-league,2016-2017,Southampton FC,180,,Centre-Back,24,21.0,21,1854.0
premier-league,2016-2017,Southampton FC,180,,Left-Back,20,7.0,5,374.0
premier-league,2016-2017,Southampton FC,180,,Centre-Back,22,20.0,17,1469.0
premier-league,2016-2017,Southampton FC,180,,Right-Back,24,30.0,30,2520.0
premier-league,2016-2017,Southampton FC,180,,Centre-Back,27,38.0,23,2070.0
premier-league,2016-2017,Southampton FC,180,,Centre-Back,29,13.0,1,90.0
premier-league,2016-2017,Southampton FC,180,,Centre-Back,32,20.0,17,1530.0
premier-league,2016-2017,Southampton FC,180,,Centre-Back,27,3.0,0,0.0
premier-league,2016-2017,Southampton FC,180,,Centre-Back,26,16.0,9,591.0
premier-league,2016-2017,Southampton FC,180,,Left-Back,26,32.0,28,2508.0
premier-league,2016-2017,Southampton FC,180,,Right-Back,27,9.0,4,129.0
premier-league,2016-2017,Southampton FC,180,,Left-Back,21,19.0,13,608.0
premier-league,2016-2017,Southampton FC,180,,Defensive Midfield,20,34.0,22,1299.0
premier-league,2016-2017,Southampton FC,180,,Central Midfield,21,35.0,30,1884.0
premier-league,2016-2017,Southampton FC,180,,Central Midfield,21,11.0,3,62.0
premier-league,2016-2017,Southampton FC,180,,Attacking Midfield,22,24.0,24,1101.0
premier-league,2016-2017,Southampton FC,180,,Defensive Midfield,25,31.0,16,1026.0
premier-league,2016-2017,Southampton FC,180,,Defensive Midfield,24,35.0,35,3072.0
premier-league,2016-2017,Southampton FC,180,,Attacking Midfield,20,1.0,0,0.0
premier-league,2016-2017,Southampton FC,180,,Central Midfield,31,34.0,32,2644.0
premier-league,2016-2017,Southampton FC,180,,Right Winger,27,33.0,33,2426.0
premier-league,2016-2017,Southampton FC,180,,Centre-Forward,20,,0,0.0
premier-league,2016-2017,Southampton FC,180,,Right Winger,22,37.0,37,2908.0
premier-league,2016-2017,Southampton FC,180,,Centre-Forward,24,11.0,11,730.0
premier-league,2016-2017,Southampton FC,180,,Centre-Forward,26,31.0,24,882.0
premier-league,2016-2017,Southampton FC,180,,Right Winger,18,2.0,0,0.0
premier-league,2016-2017,Southampton FC,180,,Centre-Forward,29,33.0,32,1249.0
premier-league,2016-2017,Southampton FC,180,,Centre-Forward,26,17.0,15,939.0
premier-league,2016-2017,Southampton FC,180,,Right Winger,23,1.0,0,0.0
premier-league,2016-2017,Southampton FC,180,,Right Winger,19,10.0,7,206.0
premier-league,2016-2017,Crystal Palace,873,,Goalkeeper,21,,0,0.0
premier-league,2016-2017,Crystal Palace,873,,Goalkeeper,37,30.0,0,0.0
premier-league,2016-2017,Crystal Palace,873,,Goalkeeper,29,37.0,29,2610.0
premier-league,2016-2017,Crystal Palace,873,,Goalkeeper,31,9.0,9,810.0
premier-league,2016-2017,Crystal Palace,873,,Right-Back,18,3.0,0,0.0
premier-league,2016-2017,Crystal Palace,873,,Left-Back,25,12.0,11,717.0
premier-league,2016-2017,Crystal Palace,873,,Right-Back,26,38.0,38,3418.0
premier-league,2016-2017,Crystal Palace,873,,Centre-Back,26,10.0,8,687.0
premier-league,2016-2017,Crystal Palace,873,,Centre-Back,21,,0,0.0
premier-league,2016-2017,Crystal Palace,873,,Centre-Back,21,,0,0.0
premier-league,2016-2017,Crystal Palace,873,,Centre-Back,27,27.0,24,1979.0
premier-league,2016-2017,Crystal Palace,873,,Centre-Back,29,24.0,23,1744.0
premier-league,2016-2017,Crystal Palace,873,,Left-Back,23,20.0,8,182.0
premier-league,2016-2017,Crystal Palace,873,,Left-Back,26,3.0,3,270.0
premier-league,2016-2017,Crystal Palace,873,,Centre-Back,34,36.0,30,2007.0
premier-league,2016-2017,Crystal Palace,873,,Right-Back,26,33.0,29,2129.0
premier-league,2016-2017,Crystal Palace,873,,Right-Back,18,1.0,0,0.0
premier-league,2016-2017,Crystal Palace,873,,Left Midfield,23,16.0,15,997.0
premier-league,2016-2017,Crystal Palace,873,,Defensive Midfield,25,14.0,14,1227.0
premier-league,2016-2017,Crystal Palace,873,,Attacking Midfield,22,,0,0.0
premier-league,2016-2017,Crystal Palace,873,,Defensive Midfield,31,1.0,1,90.0
premier-league,2016-2017,Crystal Palace,873,,Central Midfield,19,4.0,0,0.0
premier-league,2016-2017,Crystal Palace,873,,Defensive Midfield,32,26.0,10,269.0
premier-league,2016-2017,Crystal Palace,873,,Central Midfield,30,32.0,32,2139.0
premier-league,2016-2017,Crystal Palace,873,,Central Midfield,29,22.0,18,1161.0
premier-league,2016-2017,Crystal Palace,873,,Central Midfield,28,30.0,29,2009.0
premier-league,2016-2017,Crystal Palace,873,,Central Midfield,24,7.0,4,50.0
premier-league,2016-2017,Crystal Palace,873,,Central Midfield,20,1.0,0,0.0
premier-league,2016-2017,Crystal Palace,873,,Central Midfield,30,36.0,36,3096.0
premier-league,2016-2017,Crystal Palace,873,,Defensive Midfield,18,2.0,0,0.0
premier-league,2016-2017,Crystal Palace,873,,Central Midfield,17,1.0,0,0.0
premier-league,2016-2017,Crystal Palace,873,,Left Winger,23,35.0,35,3025.0
premier-league,2016-2017,Crystal Palace,873,,Centre-Forward,25,36.0,36,3137.0
premier-league,2016-2017,Crystal Palace,873,,Left Winger,21,2.0,0,0.0
premier-league,2016-2017,Crystal Palace,873,,Right Winger,24,37.0,36,2534.0
premier-league,2016-2017,Crystal Palace,873,,Right Winger,27,26.0,15,466.0
premier-league,2016-2017,Crystal Palace,873,,Centre-Forward,27,1.0,1,24.0
premier-league,2016-2017,Crystal Palace,873,,Left Winger,20,6.0,1,23.0
premier-league,2016-2017,Crystal Palace,873,,Centre-Forward,23,2.0,0,0.0
premier-league,2016-2017,Crystal Palace,873,,Left Winger,28,21.0,7,142.0
premier-league,2016-2017,Crystal Palace,873,,Centre-Forward,29,7.0,5,135.0
premier-league,2016-2017,Crystal Palace,873,,Centre-Forward,25,,0,0.0
premier-league,2016-2017,Crystal Palace,873,,Centre-Forward,21,1.0,1,6.0
premier-league,2016-2017,Crystal Palace,873,,Centre-Forward,28,24.0,12,154.0
premier-league,2016-2017,Crystal Palace,873,,Centre-Forward,23,11.0,8,411.0
premier-league,2016-2017,Leicester City,1003,,Goalkeeper,27,38.0,9,754.0
premier-league,2016-2017,Leicester City,1003,,Goalkeeper,28,8.0,0,0.0
premier-league,2016-2017,Leicester City,1003,,Goalkeeper,29,30.0,30,2667.0
premier-league,2016-2017,Leicester City,1003,,Left-Back,19,27.0,12,696.0
premier-league,2016-2017,Leicester City,1003,,Centre-Back,21,34.0,24,1666.0
premier-league,2016-2017,Leicester City,1003,,Centre-Back,19,1.0,0,0.0
premier-league,2016-2017,Leicester City,1003,,Centre-Back,27,15.0,4,326.0
premier-league,2016-2017,Leicester City,1003,,Centre-Back,25,,0,0.0
premier-league,2016-2017,Leicester City,1003,,Centre-Back,32,27.0,27,2430.0
premier-league,2016-2017,Leicester City,1003,,Centre-Back,31,33.0,33,2929.0
premier-league,2016-2017,Leicester City,1003,,Right-Back,29,37.0,35,2990.0
premier-league,2016-2017,Leicester City,1003,,Centre-Back,36,8.0,1,90.0
premier-league,2016-2017,Leicester City,1003,,Left-Back,30,36.0,36,3103.0
premier-league,2016-2017,Leicester City,1003,,Centre-Back,29,14.0,11,921.0
premier-league,2016-2017,Leicester City,1003,,Defensive Midfield,19,17.0,17,1522.0
premier-league,2016-2017,Leicester City,1003,,Attacking Midfield,22,,0,0.0
premier-league,2016-2017,Leicester City,1003,,Left Midfield,23,9.0,4,140.0
premier-league,2016-2017,Leicester City,1003,,Attacking Midfield,19,8.0,0,0.0
premier-league,2016-2017,Leicester City,1003,,Defensive Midfield,24,11.0,4,271.0
premier-league,2016-2017,Leicester City,1003,,Central Midfield,24,2.0,1,1.0
premier-league,2016-2017,Leicester City,1003,,Central Midfield,26,29.0,29,2468.0
premier-league,2016-2017,Leicester City,1003,,Central Midfield,27,37.0,23,1446.0
premier-league,2016-2017,Leicester City,1003,,Right Midfield,26,37.0,33,2424.0
premier-league,2016-2017,Leicester City,1003,,Left Winger,18,,0,0.0
premier-league,2016-2017,Leicester City,1003,,Right Winger,25,36.0,36,2834.0
premier-league,2016-2017,Leicester City,1003,,Left Winger,20,38.0,30,1037.0
premier-league,2016-2017,Leicester City,1003,,Centre-Forward,29,35.0,35,2809.0
premier-league,2016-2017,Leicester City,1003,,Left Winger,23,32.0,21,753.0
premier-league,2016-2017,Leicester City,1003,,Centre-Forward,28,25.0,23,1279.0
premier-league,2016-2017,Leicester City,1003,,Centre-Forward,30,36.0,30,1572.0
premier-league,2016-2017,Leicester City,1003,,Centre-Forward,29,24.0,16,435.0
premier-league,2016-2017,Stoke City,512,,Goalkeeper,23,6.0,5,450.0
premier-league,2016-2017,Stoke City,512,,Goalkeeper,24,3.0,0,0.0
premier-league,2016-2017,Stoke City,512,,Goalkeeper,21,,0,0.0
premier-league,2016-2017,Stoke City,512,,Goalkeeper,40,32.0,5,450.0
premier-league,2016-2017,Stoke City,512,,Goalkeeper,33,35.0,28,2520.0
premier-league,2016-2017,Stoke City,512,,Centre-Back,19,,0,0.0
premier-league,2016-2017,Stoke City,512,,Centre-Back,24,30.0,10,648.0
premier-league,2016-2017,Stoke City,512,,Centre-Back,24,35.0,35,3147.0
premier-league,2016-2017,Stoke City,512,,Right-Back,17,1.0,0,0.0
premier-league,2016-2017,Stoke City,512,,Centre-Back,27,2.0,2,180.0
premier-league,2016-2017,Stoke City,512,,Right-Back,31,27.0,15,1171.0
premier-league,2016-2017,Stoke City,512,,Left-Back,27,38.0,36,3151.0
premier-league,2016-2017,Stoke City,512,,Right-Back,31,25.0,23,1955.0
premier-league,2016-2017,Stoke City,512,,Centre-Back,28,35.0,35,3150.0
premier-league,2016-2017,Stoke City,512,,Centre-Back,30,21.0,19,1628.0
premier-league,2016-2017,Stoke City,512,,Left-Back,20,1.0,0,0.0
premier-league,2016-2017,Stoke City,512,,Attacking Midfield,24,24.0,21,1709.0
premier-league,2016-2017,Stoke City,512,,Central Midfield,26,36.0,36,2936.0
premier-league,2016-2017,Stoke City,512,,Defensive Midfield,32,35.0,30,2278.0
premier-league,2016-2017,Stoke City,512,,Attacking Midfield,29,,0,0.0
premier-league,2016-2017,Stoke City,512,,Attacking Midfield,30,14.0,12,377.0
premier-league,2016-2017,Stoke City,512,,Central Midfield,30,38.0,24,1495.0
premier-league,2016-2017,Stoke City,512,,Defensive Midfield,23,27.0,12,796.0
premier-league,2016-2017,Stoke City,512,,Attacking Midfield,19,26.0,17,849.0
premier-league,2016-2017,Stoke City,512,,Centre-Forward,26,,0,0.0
premier-league,2016-2017,Stoke City,512,,Centre-Forward,27,32.0,32,2725.0
premier-league,2016-2017,Stoke City,512,,Left Winger,16,2.0,0,0.0
premier-league,2016-2017,Stoke City,512,,Centre-Forward,18,8.0,5,44.0
premier-league,2016-2017,Stoke City,512,,Centre-Forward,28,32.0,27,1382.0
premier-league,2016-2017,Stoke City,512,,Second Striker,25,21.0,9,479.0
premier-league,2016-2017,Stoke City,512,,Centre-Forward,27,18.0,10,691.0
premier-league,2016-2017,Stoke City,512,,Centre-Forward,22,16.0,13,726.0
premier-league,2016-2017,Stoke City,512,,Right Winger,32,26.0,23,1296.0
premier-league,2016-2017,Stoke City,512,,Centre-Forward,35,38.0,27,1335.0
premier-league,2016-2017,Watford FC,1010,,Goalkeeper,35,38.0,38,3339.0
premier-league,2016-2017,Watford FC,1010,,Goalkeeper,29,1.0,0,0.0
premier-league,2016-2017,Watford FC,1010,,Goalkeeper,29,33.0,2,81.0
premier-league,2016-2017,Watford FC,1010,,Goalkeeper,28,5.0,0,0.0
premier-league,2016-2017,Watford FC,1010,,Centre-Back,25,22.0,16,767.0
premier-league,2016-2017,Watford FC,1010,,Right-Back,28,2.0,0,0.0
premier-league,2016-2017,Watford FC,1010,,Left-Back,18,8.0,2,112.0
premier-league,2016-2017,Watford FC,1010,,Centre-Back,30,28.0,27,2284.0
premier-league,2016-2017,Watford FC,1010,,Centre-Back,30,24.0,22,1825.0
premier-league,2016-2017,Watford FC,1010,,Centre-Back,29,35.0,33,2773.0
premier-league,2016-2017,Watford FC,1010,,Centre-Back,29,17.0,7,561.0
premier-league,2016-2017,Watford FC,1010,,Centre-Back,27,20.0,15,1161.0
premier-league,2016-2017,Watford FC,1010,,Right-Back,26,27.0,27,1616.0
premier-league,2016-2017,Watford FC,1010,,Left-Back,32,34.0,33,2910.0
premier-league,2016-2017,Watford FC,1010,,Centre-Back,22,1.0,0,0.0
premier-league,2016-2017,Watford FC,1010,,Right-Back,18,8.0,1,51.0
premier-league,2016-2017,Watford FC,1010,,Centre-Back,18,1.0,0,0.0
premier-league,2016-2017,Watford FC,1010,,Attacking Midfield,23,24.0,20,1359.0
premier-league,2016-2017,Watford FC,1010,,Central Midfield,25,13.0,13,1040.0
premier-league,2016-2017,Watford FC,1010,,Defensive Midfield,29,,0,0.0
premier-league,2016-2017,Watford FC,1010,,Left Midfield,30,32.0,21,814.0
premier-league,2016-2017,Watford FC,1010,,Central Midfield,28,,0,0.0
premier-league,2016-2017,Watford FC,1010,,Central Midfield,26,17.0,17,1442.0
premier-league,2016-2017,Watford FC,1010,,Defensive Midfield,30,20.0,12,722.0
premier-league,2016-2017,Watford FC,1010,,Defensive Midfield,28,,0,0.0
premier-league,2016-2017,Watford FC,1010,,Left Midfield,28,2.0,1,9.0
premier-league,2016-2017,Watford FC,1010,,Central Midfield,19,2.0,0,0.0
premier-league,2016-2017,Watford FC,1010,,Central Midfield,31,31.0,27,2039.0
premier-league,2016-2017,Watford FC,1010,,Central Midfield,30,19.0,4,51.0
premier-league,2016-2017,Watford FC,1010,,Defensive Midfield,25,,0,0.0
premier-league,2016-2017,Watford FC,1010,,Defensive Midfield,27,38.0,37,3213.0
premier-league,2016-2017,Watford FC,1010,,Right Winger,24,,0,0.0
premier-league,2016-2017,Watford FC,1010,,Centre-Forward,21,16.0,16,1254.0
premier-league,2016-2017,Watford FC,1010,,Left Winger,20,3.0,1,15.0
premier-league,2016-2017,Watford FC,1010,,Centre-Forward,20,24.0,19,504.0
premier-league,2016-2017,Watford FC,1010,,Centre-Forward,24,2.0,1,3.0
premier-league,2016-2017,Watford FC,1010,,Centre-Forward,27,22.0,18,1292.0
premier-league,2016-2017,Watford FC,1010,,Left Winger,17,5.0,2,23.0
premier-league,2016-2017,Watford FC,1010,,Right Winger,29,29.0,29,2100.0
premier-league,2016-2017,Watford FC,1010,,Centre-Forward,26,23.0,19,963.0
premier-league,2016-2017,Watford FC,1010,,Centre-Forward,20,,0,0.0
premier-league,2016-2017,Watford FC,1010,,Centre-Forward,32,,0,0.0
premier-league,2016-2017,Watford FC,1010,,Centre-Forward,28,38.0,37,2942.0
premier-league,2016-2017,Watford FC,1010,,Centre-Forward,19,15.0,5,114.0
premier-league,2016-2017,Watford FC,1010,,Centre-Forward,29,3.0,3,206.0
premier-league,2016-2017,Watford FC,1010,,Centre-Forward,18,2.0,1,9.0
premier-league,2016-2017,Swansea City,2288,,Goalkeeper,27,38.0,1,90.0
premier-league,2016-2017,Swansea City,2288,,Goalkeeper,31,37.0,37,3330.0
premier-league,2016-2017,Swansea City,2288,,Goalkeeper,25,,0,0.0
premier-league,2016-2017,Swansea City,2288,,Goalkeeper,37,1.0,0,0.0
premier-league,2016-2017,Swansea City,2288,,Right-Back,20,2.0,0,0.0
premier-league,2016-2017,Swansea City,2288,,Centre-Back,23,24.0,8,661.0
premier-league,2016-2017,Swansea City,2288,,Centre-Back,24,31.0,17,1408.0
premier-league,2016-2017,Swansea City,2288,,Left-Back,21,23.0,13,1036.0
premier-league,2016-2017,Swansea City,2288,,Left-Back,28,15.0,15,1253.0
premier-league,2016-2017,Swansea City,2288,,Left-Back,27,,0,0.0
premier-league,2016-2017,Swansea City,2288,,Left-Back,27,14.0,11,922.0
premier-league,2016-2017,Swansea City,2288,,Centre-Back,25,,0,0.0
premier-league,2016-2017,Swansea City,2288,,Centre-Back,22,30.0,27,2430.0
premier-league,2016-2017,Swansea City,2288,,Right-Back,33,27.0,18,824.0
premier-league,2016-2017,Swansea City,2288,,Right-Back,27,36.0,31,2718.0
premier-league,2016-2017,Swansea City,2288,,Centre-Back,27,29.0,27,2430.0
premier-league,2016-2017,Swansea City,2288,,Defensive Midfield,20,,0,0.0
premier-league,2016-2017,Swansea City,2288,,Central Midfield,22,17.0,11,692.0
premier-league,2016-2017,Swansea City,2288,,Defensive Midfield,27,25.0,23,1287.0
premier-league,2016-2017,Swansea City,2288,,Attacking Midfield,26,38.0,38,3327.0
premier-league,2016-2017,Swansea City,2288,,Central Midfield,24,17.0,17,1389.0
premier-league,2016-2017,Swansea City,2288,,Central Midfield,33,25.0,16,1177.0
premier-league,2016-2017,Swansea City,2288,,Defensive Midfield,26,38.0,34,2404.0
premier-league,2016-2017,Swansea City,2288,,Defensive Midfield,27,36.0,30,2238.0
premier-league,2016-2017,Swansea City,2288,,Right Winger,18,1.0,0,0.0
premier-league,2016-2017,Swansea City,2288,,Centre-Forward,20,11.0,5,76.0
premier-league,2016-2017,Swansea City,2288,,Centre-Forward,24,14.0,14,864.0
premier-league,2016-2017,Swansea City,2288,,Left Winger,21,,0,0.0
premier-league,2016-2017,Swansea City,2288,,Centre-Forward,23,28.0,18,561.0
premier-league,2016-2017,Swansea City,2288,,Right Winger,25,15.0,13,410.0
premier-league,2016-2017,Swansea City,2288,,Centre-Forward,30,,0,0.0
premier-league,2016-2017,Swansea City,2288,,Centre-Forward,31,33.0,33,2454.0
premier-league,2016-2017,Swansea City,2288,,Centre-Forward,28,,0,0.0
premier-league,2016-2017,Swansea City,2288,,Right Winger,28,12.0,8,211.0
premier-league,2016-2017,Swansea City,2288,,Left Winger,31,30.0,27,1933.0
premier-league,2016-2017,Swansea City,2288,,Left Winger,23,19.0,18,1149.0
premier-league,2016-2017,Swansea City,2288,,Left Winger,26,18.0,13,375.0
premier-league,2016-2017,Hull City,3008,,Goalkeeper,18,,0,0.0
premier-league,2016-2017,Hull City,3008,,Goalkeeper,34,,0,0.0
premier-league,2016-2017,Hull City,3008,,Goalkeeper,31,3.0,0,0.0
premier-league,2016-2017,Hull City,3008,,Goalkeeper,31,38.0,22,1980.0
premier-league,2016-2017,Hull City,3008,,Goalkeeper,31,35.0,16,1440.0
premier-league,2016-2017,Hull City,3008,,Left-Back,17,17.0,5,325.0
premier-league,2016-2017,Hull City,3008,,Centre-Back,23,34.0,29,2307.0
premier-league,2016-2017,Hull City,3008,,Left-Back,22,34.0,33,2736.0
premier-league,2016-2017,Hull City,3008,,Centre-Back,19,,0,0.0
premier-league,2016-2017,Hull City,3008,,Right-Back,22,,0,0.0
premier-league,2016-2017,Hull City,3008,,Centre-Back,31,,0,0.0
premier-league,2016-2017,Hull City,3008,,Centre-Back,28,16.0,16,1331.0
premier-league,2016-2017,Hull City,3008,,Right-Back,24,10.0,8,617.0
premier-league,2016-2017,Hull City,3008,,Centre-Back,31,28.0,26,2137.0
premier-league,2016-2017,Hull City,3008,,Centre-Back,32,24.0,22,1721.0
premier-league,2016-2017,Hull City,3008,,Right-Back,28,33.0,33,2519.0
premier-league,2016-2017,Hull City,3008,,Right-Back,22,,0,0.0
premier-league,2016-2017,Hull City,3008,,Right-Back,19,3.0,0,0.0
premier-league,2016-2017,Hull City,3008,,Central Midfield,25,37.0,37,3190.0
premier-league,2016-2017,Hull City,3008,,Defensive Midfield,26,21.0,21,1674.0
premier-league,2016-2017,Hull City,3008,,Defensive Midfield,26,15.0,15,1278.0
premier-league,2016-2017,Hull City,3008,,Central Midfield,20,14.0,0,0.0
premier-league,2016-2017,Hull City,3008,,Central Midfield,18,1.0,0,0.0
premier-league,2016-2017,Hull City,3008,,Central Midfield,27,31.0,20,954.0
premier-league,2016-2017,Hull City,3008,,Defensive Midfield,29,35.0,31,2024.0
premier-league,2016-2017,Hull City,3008,,Attacking Midfield,33,32.0,9,278.0
premier-league,2016-2017,Hull City,3008,,Central Midfield,23,23.0,15,633.0
premier-league,2016-2017,Hull City,3008,,Central Midfield,25,18.0,16,928.0
premier-league,2016-2017,Hull City,3008,,Attacking Midfield,29,12.0,11,581.0
premier-league,2016-2017,Hull City,3008,,Attacking Midfield,20,5.0,0,0.0
premier-league,2016-2017,Hull City,3008,,Right Winger,19,18.0,7,179.0
premier-league,2016-2017,Hull City,3008,,Right Winger,22,12.0,12,1012.0
premier-league,2016-2017,Hull City,3008,,Centre-Forward,23,8.0,5,282.0
premier-league,2016-2017,Hull City,3008,,Left Winger,28,15.0,15,1147.0
premier-league,2016-2017,Hull City,3008,,Centre-Forward,25,26.0,24,1428.0
premier-league,2016-2017,Hull City,3008,,Right Winger,28,20.0,20,1712.0
premier-league,2016-2017,Hull City,3008,,Centre-Forward,30,17.0,12,763.0
premier-league,2016-2017,Hull City,3008,,Centre-Forward,26,17.0,17,1100.0
premier-league,2016-2017,Hull City,3008,,Centre-Forward,26,29.0,22,1169.0
premier-league,2016-2017,Hull City,3008,,Centre-Forward,21,2.0,0,0.0
premier-league,2016-2017,Hull City,3008,,Centre-Forward,21,,0,0.0
premier-league,2016-2017,Hull City,3008,,Left Winger,18,,0,0.0
premier-league,2016-2017,Sunderland AFC,289,,Goalkeeper,22,31.0,29,2610.0
premier-league,2016-2017,Sunderland AFC,289,,Goalkeeper,19,1.0,0,0.0
premier-league,2016-2017,Sunderland AFC,289,,Goalkeeper,25,16.0,0,0.0
premier-league,2016-2017,Sunderland AFC,289,,Goalkeeper,28,28.0,9,810.0
premier-league,2016-2017,Sunderland AFC,289,,Centre-Back,21,11.0,9,354.0
premier-league,2016-2017,Sunderland AFC,289,,Right-Back,20,19.0,11,364.0
premier-league,2016-2017,Sunderland AFC,289,,Centre-Back,21,25.0,24,1879.0
premier-league,2016-2017,Sunderland AFC,289,,Left-Back,25,21.0,21,1783.0
premier-league,2016-2017,Sunderland AFC,289,,Right-Back,24,,0,0.0
premier-league,2016-2017,Sunderland AFC,289,,Right-Back,21,25.0,12,607.0
premier-league,2016-2017,Sunderland AFC,289,,Left-Back,26,11.0,10,849.0
premier-league,2016-2017,Sunderland AFC,289,,Centre-Back,27,30.0,18,1577.0
premier-league,2016-2017,Sunderland AFC,289,,Centre-Back,30,1.0,1,90.0
premier-league,2016-2017,Sunderland AFC,289,,Right-Back,22,32.0,20,1428.0
premier-league,2016-2017,Sunderland AFC,289,,Left-Back,20,2.0,0,0.0
premier-league,2016-2017,Sunderland AFC,289,,Centre-Back,18,1.0,0,0.0
premier-league,2016-2017,Sunderland AFC,289,,Right-Back,18,1.0,0,0.0
premier-league,2016-2017,Sunderland AFC,289,,Right-Back,29,28.0,27,2271.0
premier-league,2016-2017,Sunderland AFC,289,,Centre-Back,25,25.0,20,1493.0
premier-league,2016-2017,Sunderland AFC,289,,Centre-Back,33,9.0,2,123.0
premier-league,2016-2017,Sunderland AFC,289,,Centre-Back,35,34.0,28,2160.0
premier-league,2016-2017,Sunderland AFC,289,,Centre-Back,27,31.0,30,2545.0
premier-league,2016-2017,Sunderland AFC,289,,Defensive Midfield,22,31.0,31,2519.0
premier-league,2016-2017,Sunderland AFC,289,,Attacking Midfield,21,15.0,5,233.0
premier-league,2016-2017,Sunderland AFC,289,,Central Midfield,19,2.0,0,0.0
premier-league,2016-2017,Sunderland AFC,289,,Attacking Midfield,19,,0,0.0
premier-league,2016-2017,Sunderland AFC,289,,Attacking Midfield,17,6.0,0,0.0
premier-league,2016-2017,Sunderland AFC,289,,Defensive Midfield,28,9.0,8,640.0
premier-league,2016-2017,Sunderland AFC,289,,Central Midfield,31,23.0,21,1471.0
premier-league,2016-2017,Sunderland AFC,289,,Left Midfield,34,19.0,15,808.0
premier-league,2016-2017,Sunderland AFC,289,,Central Midfield,28,13.0,12,641.0
premier-league,2016-2017,Sunderland AFC,289,,Defensive Midfield,25,7.0,7,438.0
premier-league,2016-2017,Sunderland AFC,289,,Centre-Forward,17,4.0,0,0.0
premier-league,2016-2017,Sunderland AFC,289,,Right Winger,21,31.0,25,1630.0
premier-league,2016-2017,Sunderland AFC,289,,Right Winger,17,9.0,1,9.0
premier-league,2016-2017,Sunderland AFC,289,,Centre-Forward,25,26.0,24,1741.0
premier-league,2016-2017,Sunderland AFC,289,,Right Winger,28,3.0,2,69.0
premier-league,2016-2017,Sunderland AFC,289,,Right Winger,26,,0,0.0
premier-league,2016-2017,Sunderland AFC,289,,Left Winger,25,33.0,21,839.0
premier-league,2016-2017,Sunderland AFC,289,,Right Winger,22,14.0,14,1029.0
premier-league,2016-2017,Sunderland AFC,289,,Centre-Forward,33,37.0,37,3323.0
premier-league,2016-2017,Sunderland AFC,289,,Centre-Forward,28,20.0,18,1216.0
premier-league,2016-2017,AFC Bournemouth,989,,Goalkeeper,18,1.0,0,0.0
premier-league,2016-2017,AFC Bournemouth,989,,Goalkeeper,24,18.0,1,90.0
premier-league,2016-2017,AFC Bournemouth,989,,Goalkeeper,19,,0,0.0
premier-league,2016-2017,AFC Bournemouth,989,,Goalkeeper,36,35.0,35,3150.0
premier-league,2016-2017,AFC Bournemouth,989,,Goalkeeper,31,22.0,2,180.0
premier-league,2016-2017,AFC Bournemouth,989,,Centre-Back,21,18.0,10,733.0
premier-league,2016-2017,AFC Bournemouth,989,,Centre-Back,23,25.0,7,506.0
premier-league,2016-2017,AFC Bournemouth,989,,Right-Back,25,36.0,36,3099.0
premier-league,2016-2017,AFC Bournemouth,989,,Left-Back,22,31.0,5,272.0
premier-league,2016-2017,AFC Bournemouth,989,,Centre-Back,19,,0,0.0
premier-league,2016-2017,AFC Bournemouth,989,,Centre-Back,25,38.0,38,3420.0
premier-league,2016-2017,AFC Bournemouth,989,,Centre-Back,20,11.0,1,12.0
premier-league,2016-2017,AFC Bournemouth,989,,Right-Back,31,34.0,34,2940.0
premier-league,2016-2017,AFC Bournemouth,989,,Left-Back,29,34.0,34,3060.0
premier-league,2016-2017,AFC Bournemouth,989,,Centre-Back,28,1.0,0,0.0
premier-league,2016-2017,AFC Bournemouth,989,,Left-Back,28,,0,0.0
premier-league,2016-2017,AFC Bournemouth,989,,Left-Back,20,,0,0.0
premier-league,2016-2017,AFC Bournemouth,989,,Right-Back,19,,0,0.0
premier-league,2016-2017,AFC Bournemouth,989,,Centre-Back,17,,0,0.0
premier-league,2016-2017,AFC Bournemouth,989,,Left-Back,18,,0,0.0
premier-league,2016-2017,AFC Bournemouth,989,,Central Midfield,19,9.0,6,431.0
premier-league,2016-2017,AFC Bournemouth,989,,Central Midfield,20,,0,0.0
premier-league,2016-2017,AFC Bournemouth,989,,Central Midfield,25,,0,0.0
premier-league,2016-2017,AFC Bournemouth,989,,Central Midfield,24,28.0,27,1913.0
premier-league,2016-2017,AFC Bournemouth,989,,Central Midfield,26,33.0,27,1370.0
premier-league,2016-2017,AFC Bournemouth,989,,Central Midfield,29,22.0,22,1802.0
premier-league,2016-2017,AFC Bournemouth,989,,Central Midfield,26,36.0,35,2960.0
premier-league,2016-2017,AFC Bournemouth,989,,Right Midfield,16,,0,0.0
premier-league,2016-2017,AFC Bournemouth,989,,Central Midfield,18,1.0,1,16.0
premier-league,2016-2017,AFC Bournemouth,989,,Centre-Forward,17,1.0,0,0.0
premier-league,2016-2017,AFC Bournemouth,989,,Centre-Forward,24,22.0,20,1367.0
premier-league,2016-2017,AFC Bournemouth,989,,Left Winger,22,32.0,28,1767.0
premier-league,2016-2017,AFC Bournemouth,989,,Centre-Forward,24,36.0,36,2720.0
premier-league,2016-2017,AFC Bournemouth,989,,Centre-Forward,21,,0,0.0
premier-league,2016-2017,AFC Bournemouth,989,,Left Winger,28,21.0,11,125.0
premier-league,2016-2017,AFC Bournemouth,989,,Centre-Forward,20,17.0,11,265.0
premier-league,2016-2017,AFC Bournemouth,989,,Right Winger,20,34.0,25,1058.0
premier-league,2016-2017,AFC Bournemouth,989,,Left Winger,29,25.0,21,1332.0
premier-league,2016-2017,AFC Bournemouth,989,,Centre-Forward,23,35.0,31,1468.0
premier-league,2016-2017,AFC Bournemouth,989,,Left Winger,26,25.0,21,1475.0
premier-league,2016-2017,AFC Bournemouth,989,,Centre-Forward,28,3.0,3,57.0
premier-league,2016-2017,Middlesbrough FC,641,,Goalkeeper,23,,0,0.0
premier-league,2016-2017,Middlesbrough FC,641,,Goalkeeper,27,,0,0.0
premier-league,2016-2017,Middlesbrough FC,641,,Goalkeeper,37,12.0,0,0.0
premier-league,2016-2017,Middlesbrough FC,641,,Goalkeeper,31,36.0,10,900.0
premier-league,2016-2017,Middlesbrough FC,641,,Goalkeeper,34,28.0,28,2520.0
premier-league,2016-2017,Middlesbrough FC,641,,Centre-Back,18,4.0,0,0.0
premier-league,2016-2017,Middlesbrough FC,641,,Centre-Back,21,26.0,24,2160.0
premier-league,2016-2017,Middlesbrough FC,641,,Centre-Back,23,38.0,38,3420.0
premier-league,2016-2017,Middlesbrough FC,641,,Left-Back,23,1.0,0,0.0
premier-league,2016-2017,Middlesbrough FC,641,,Left-Back,22,1.0,1,59.0
premier-league,2016-2017,Middlesbrough FC,641,,Right-Back,25,28.0,24,1850.0
premier-league,2016-2017,Middlesbrough FC,641,,Left-Back,28,24.0,24,1960.0
premier-league,2016-2017,Middlesbrough FC,641,,Centre-Back,25,21.0,14,916.0
premier-league,2016-2017,Middlesbrough FC,641,,Centre-Back,26,34.0,11,975.0
premier-league,2016-2017,Middlesbrough FC,641,,Centre-Back,30,2.0,0,0.0
premier-league,2016-2017,Middlesbrough FC,641,,Right-Back,29,30.0,26,2196.0
premier-league,2016-2017,Middlesbrough FC,641,,Defensive Midfield,21,3.0,0,0.0
premier-league,2016-2017,Middlesbrough FC,641,,Defensive Midfield,25,35.0,33,2777.0
premier-league,2016-2017,Middlesbrough FC,641,,Central Midfield,24,38.0,34,2700.0
premier-league,2016-2017,Middlesbrough FC,641,,Central Midfield,25,24.0,24,1549.0
premier-league,2016-2017,Middlesbrough FC,641,,Central Midfield,30,26.0,13,707.0
premier-league,2016-2017,Middlesbrough FC,641,,Central Midfield,27,38.0,34,2806.0
premier-league,2016-2017,Middlesbrough FC,641,,Left Midfield,31,37.0,30,2212.0
premier-league,2016-2017,Middlesbrough FC,641,,Defensive Midfield,30,8.0,5,135.0
premier-league,2016-2017,Middlesbrough FC,641,,Right Winger,20,34.0,27,1548.0
premier-league,2016-2017,Middlesbrough FC,641,,Centre-Forward,22,11.0,8,281.0
premier-league,2016-2017,Middlesbrough FC,641,,Left Winger,24,,0,0.0
premier-league,2016-2017,Middlesbrough FC,641,,Centre-Forward,29,31.0,23,1362.0
premier-league,2016-2017,Middlesbrough FC,641,,Centre-Forward,26,11.0,4,322.0
premier-league,2016-2017,Middlesbrough FC,641,,Right Winger,28,2.0,2,121.0
premier-league,2016-2017,Middlesbrough FC,641,,Centre-Forward,30,37.0,36,2879.0
premier-league,2016-2017,Middlesbrough FC,641,,Centre-Forward,31,9.0,4,40.0
premier-league,2016-2017,Middlesbrough FC,641,,Centre-Forward,26,14.0,6,208.0
premier-league,2016-2017,Middlesbrough FC,641,,Left Winger,22,24.0,13,438.0
premier-league,2016-2017,Middlesbrough FC,641,,Centre-Forward,27,17.0,16,525.0
premier-league,2016-2017,West Bromwich Albion,984,,Goalkeeper,19,5.0,0,0.0
premier-league,2016-2017,West Bromwich Albion,984,,Goalkeeper,33,38.0,38,3420.0
premier-league,2016-2017,West Bromwich Albion,984,,Goalkeeper,33,32.0,0,0.0
premier-league,2016-2017,West Bromwich Albion,984,,Goalkeeper,21,1.0,0,0.0
premier-league,2016-2017,West Bromwich Albion,984,,Centre-Back,26,37.0,37,3278.0
premier-league,2016-2017,West Bromwich Albion,984,,Right-Back,16,8.0,0,0.0
premier-league,2016-2017,West Bromwich Albion,984,,Centre-Back,20,16.0,3,248.0
premier-league,2016-2017,West Bromwich Albion,984,,Right-Back,28,34.0,32,2637.0
premier-league,2016-2017,West Bromwich Albion,984,,Left-Back,28,,0,0.0
premier-league,2016-2017,West Bromwich Albion,984,,Centre-Back,33,27.0,7,591.0
premier-league,2016-2017,West Bromwich Albion,984,,Centre-Back,28,14.0,4,257.0
premier-league,2016-2017,West Bromwich Albion,984,,Centre-Back,28,31.0,31,2638.0
premier-league,2016-2017,West Bromwich Albion,984,,Centre-Back,36,36.0,36,3143.0
premier-league,2016-2017,West Bromwich Albion,984,,Defensive Midfield,18,22.0,8,276.0
premier-league,2016-2017,West Bromwich Albion,984,,Central Midfield,16,3.0,0,0.0
premier-league,2016-2017,West Bromwich Albion,984,,Left Midfield,27,37.0,34,1465.0
premier-league,2016-2017,West Bromwich Albion,984,,Central Midfield,29,20.0,9,213.0
premier-league,2016-2017,West Bromwich Albion,984,,Defensive Midfield,28,36.0,33,2422.0
premier-league,2016-2017,West Bromwich Albion,984,,Central Midfield,30,35.0,31,1747.0
premier-league,2016-2017,West Bromwich Albion,984,,Defensive Midfield,26,17.0,16,1304.0
premier-league,2016-2017,West Bromwich Albion,984,,Central Midfield,31,31.0,31,2478.0
premier-league,2016-2017,West Bromwich Albion,984,,Central Midfield,32,38.0,38,3235.0
premier-league,2016-2017,West Bromwich Albion,984,,Centre-Forward,26,38.0,38,2896.0
premier-league,2016-2017,West Bromwich Albion,984,,Right Winger,25,28.0,27,2195.0
premier-league,2016-2017,West Bromwich Albion,984,,Right Winger,17,26.0,9,111.0
premier-league,2016-2017,West Bromwich Albion,984,,Right Winger,25,,0,0.0
premier-league,2016-2017,West Bromwich Albion,984,,Centre-Forward,34,3.0,1,12.0
premier-league,2016-2017,West Bromwich Albion,984,,Centre-Forward,22,6.0,4,246.0
premier-league,2016-2017,West Bromwich Albion,984,,Centre-Forward,27,32.0,29,681.0
premier-league,2016-2017,West Bromwich Albion,984,,Left Winger,26,33.0,31,2153.0
premier-league,2016-2017,Burnley FC,1132,,Goalkeeper,24,11.0,0,0.0
premier-league,2016-2017,Burnley FC,1132,,Goalkeeper,30,35.0,35,3150.0
premier-league,2016-2017,Burnley FC,1132,,Goalkeeper,36,30.0,3,270.0
premier-league,2016-2017,Burnley FC,1132,,Centre-Back,23,38.0,19,556.0
premier-league,2016-2017,Burnley FC,1132,,Centre-Back,23,35.0,35,3150.0
premier-league,2016-2017,Burnley FC,1132,,Right-Back,24,18.0,0,0.0
premier-league,2016-2017,Burnley FC,1132,,Centre-Back,25,5.0,3,270.0
premier-league,2016-2017,Burnley FC,1132,,Centre-Back,22,,0,0.0
premier-league,2016-2017,Burnley FC,1132,,Left-Back,27,,0,0.0
premier-league,2016-2017,Burnley FC,1132,,Right-Back,23,31.0,6,359.0
premier-league,2016-2017,Burnley FC,1132,,Right-Back,27,37.0,36,3240.0
premier-league,2016-2017,Burnley FC,1132,,Centre-Back,26,34.0,34,3015.0
premier-league,2016-2017,Burnley FC,1132,,Left-Back,30,37.0,37,3232.0
premier-league,2016-2017,Burnley FC,1132,,Right-Back,19,,0,0.0
premier-league,2016-2017,Burnley FC,1132,,Defensive Midfield,17,8.0,3,83.0
premier-league,2016-2017,Burnley FC,1132,,Defensive Midfield,26,15.0,9,550.0
premier-league,2016-2017,Burnley FC,1132,,Defensive Midfield,24,1.0,0,0.0
premier-league,2016-2017,Burnley FC,1132,,Left Midfield,24,15.0,14,716.0
premier-league,2016-2017,Burnley FC,1132,,Central Midfield,27,34.0,31,2107.0
premier-league,2016-2017,Burnley FC,1132,,Central Midfield,31,1.0,1,87.0
premier-league,2016-2017,Burnley FC,1132,,Central Midfield,32,21.0,21,1770.0
premier-league,2016-2017,Burnley FC,1132,,Central Midfield,24,32.0,32,2695.0
premier-league,2016-2017,Burnley FC,1132,,Defensive Midfield,28,29.0,21,1078.0
premier-league,2016-2017,Burnley FC,1132,,Central Midfield,33,14.0,14,1104.0
premier-league,2016-2017,Burnley FC,1132,,Right Winger,19,8.0,3,23.0
premier-league,2016-2017,Burnley FC,1132,,Centre-Forward,22,13.0,6,34.0
premier-league,2016-2017,Burnley FC,1132,,Right Winger,25,24.0,20,995.0
premier-league,2016-2017,Burnley FC,1132,,Centre-Forward,25,34.0,32,2268.0
premier-league,2016-2017,Burnley FC,1132,,Centre-Forward,21,,0,0.0
premier-league,2016-2017,Burnley FC,1132,,Centre-Forward,26,28.0,28,1777.0
premier-league,2016-2017,Burnley FC,1132,,Centre-Forward,28,,0,0.0
premier-league,2016-2017,Burnley FC,1132,,Centre-Forward,27,3.0,2,11.0
premier-league,2016-2017,Burnley FC,1132,,Centre-Forward,26,37.0,37,2055.0
premier-league,2016-2017,Burnley FC,1132,,Left Winger,30,20.0,5,103.0
premier-league,2016-2017,Burnley FC,1132,,Left Winger,30,36.0,36,2845.0
premier-league,2016-2017,Burnley FC,1132,,Centre-Forward,19,,0,0.0
premier-league,2017-2018,Manchester City,281,,Goalkeeper,23,38.0,36,3195.0
premier-league,2017-2018,Manchester City,281,,Goalkeeper,21,,0,0.0
premier-league,2017-2018,Manchester City,281,,Goalkeeper,30,,0,0.0
premier-league,2017-2018,Manchester City,281,,Goalkeeper,34,38.0,3,225.0
premier-league,2017-2018,Manchester City,281,,Centre-Back,19,7.0,0,0.0
premier-league,2017-2018,Manchester City,281,,Centre-Back,23,22.0,18,1306.0
premier-league,2017-2018,Manchester City,281,,Centre-Back,23,14.0,9,807.0
premier-league,2017-2018,Manchester City,281,,Left-Back,20,20.0,8,533.0
premier-league,2017-2018,Manchester City,281,,Centre-Back,25,36.0,23,1341.0
premier-league,2017-2018,Manchester City,281,,Right-Back,27,36.0,32,2787.0
premier-league,2017-2018,Manchester City,281,,Centre-Back,29,35.0,34,2968.0
premier-league,2017-2018,Manchester City,281,,Left-Back,22,8.0,7,364.0
premier-league,2017-2018,Manchester City,281,,Right-Back,18,,0,0.0
premier-league,2017-2018,Manchester City,281,,Centre-Back,31,22.0,17,1396.0
premier-league,2017-2018,Manchester City,281,,Centre-Back,26,24.0,9,483.0
premier-league,2017-2018,Manchester City,281,,Attacking Midfield,17,13.0,5,44.0
premier-league,2017-2018,Manchester City,281,,Attacking Midfield,22,38.0,35,1520.0
premier-league,2017-2018,Manchester City,281,,Attacking Midfield,26,38.0,37,3085.0
premier-league,2017-2018,Manchester City,281,,Central Midfield,26,34.0,30,1510.0
premier-league,2017-2018,Manchester City,281,,Defensive Midfield,17,,0,0.0
premier-league,2017-2018,Manchester City,281,,Central Midfield,27,25.0,22,1746.0
premier-league,2017-2018,Manchester City,281,,Attacking Midfield,31,30.0,29,2437.0
premier-league,2017-2018,Manchester City,281,,Defensive Midfield,32,34.0,34,2885.0
premier-league,2017-2018,Manchester City,281,,Central Midfield,34,28.0,10,228.0
premier-league,2017-2018,Manchester City,281,,Right Winger,17,10.0,5,49.0
premier-league,2017-2018,Manchester City,281,,Right Winger,21,34.0,32,2424.0
premier-league,2017-2018,Manchester City,281,,Centre-Forward,20,32.0,29,1672.0
premier-league,2017-2018,Manchester City,281,,Centre-Forward,18,4.0,2,16.0
premier-league,2017-2018,Manchester City,281,,Left Winger,20,,0,0.0
premier-league,2017-2018,Manchester City,281,,Right Winger,20,,0,0.0
premier-league,2017-2018,Manchester City,281,,Right Winger,22,34.0,33,2594.0
premier-league,2017-2018,Manchester City,281,,Centre-Forward,29,29.0,25,1969.0
premier-league,2017-2018,Chelsea FC,631,,Goalkeeper,25,35.0,35,3150.0
premier-league,2017-2018,Chelsea FC,631,,Goalkeeper,24,,0,0.0
premier-league,2017-2018,Chelsea FC,631,,Goalkeeper,23,,0,0.0
premier-league,2017-2018,Chelsea FC,631,,Goalkeeper,35,38.0,3,270.0
premier-league,2017-2018,Chelsea FC,631,,Goalkeeper,34,3.0,0,0.0
premier-league,2017-2018,Chelsea FC,631,,Centre-Back,17,1.0,0,0.0
premier-league,2017-2018,Chelsea FC,631,,Right-Back,20,,0,0.0
premier-league,2017-2018,Chelsea FC,631,,Centre-Back,19,3.0,0,0.0
premier-league,2017-2018,Chelsea FC,631,,Left-Back,22,12.0,5,279.0
premier-league,2017-2018,Chelsea FC,631,,Centre-Back,21,36.0,27,2071.0
premier-league,2017-2018,Chelsea FC,631,,Centre-Back,24,36.0,27,2336.0
premier-league,2017-2018,Chelsea FC,631,,Right-Back,17,1.0,0,0.0
premier-league,2017-2018,Chelsea FC,631,,Centre-Back,26,34.0,33,2860.0
premier-league,2017-2018,Chelsea FC,631,,Centre-Back,19,,0,0.0
premier-league,2017-2018,Chelsea FC,631,,Centre-Back,24,,0,0.0
premier-league,2017-2018,Chelsea FC,631,,Centre-Back,30,13.0,10,839.0
premier-league,2017-2018,Chelsea FC,631,,Centre-Back,24,,0,0.0
premier-league,2017-2018,Chelsea FC,631,,Right-Back,23,,0,0.0
premier-league,2017-2018,Chelsea FC,631,,Centre-Back,22,,0,0.0
premier-league,2017-2018,Chelsea FC,631,,Right-Back,23,,0,0.0
premier-league,2017-2018,Chelsea FC,631,,Centre-Back,31,34.0,27,2084.0
premier-league,2017-2018,Chelsea FC,631,,Centre-Back,27,38.0,37,3330.0
premier-league,2017-2018,Chelsea FC,631,,Defensive Midfield,16,12.0,1,10.0
premier-league,2017-2018,Chelsea FC,631,,Central Midfield,21,,0,0.0
premier-league,2017-2018,Chelsea FC,631,,Defensive Midfield,26,34.0,34,2998.0
premier-league,2017-2018,Chelsea FC,631,,Central Midfield,23,8.0,2,131.0
premier-league,2017-2018,Chelsea FC,631,,Right Midfield,25,31.0,22,1094.0
premier-league,2017-2018,Chelsea FC,631,,Central Midfield,22,,0,0.0
premier-league,2017-2018,Chelsea FC,631,,Defensive Midfield,22,34.0,29,2124.0
premier-league,2017-2018,Chelsea FC,631,,Attacking Midfield,23,,0,0.0
premier-league,2017-2018,Chelsea FC,631,,Central Midfield,19,3.0,0,0.0
premier-league,2017-2018,Chelsea FC,631,,Central Midfield,30,36.0,32,2310.0
premier-league,2017-2018,Chelsea FC,631,,Central Midfield,27,20.0,12,528.0
premier-league,2017-2018,Chelsea FC,631,,Central Midfield,24,,0,0.0
premier-league,2017-2018,Chelsea FC,631,,Left Winger,16,4.0,2,27.0
premier-league,2017-2018,Chelsea FC,631,,Centre-Forward,19,,0,0.0
premier-league,2017-2018,Chelsea FC,631,,Left Winger,20,1.0,1,18.0
premier-league,2017-2018,Chelsea FC,631,,Centre-Forward,24,31.0,31,2066.0
premier-league,2017-2018,Chelsea FC,631,,Centre-Forward,23,21.0,12,353.0
premier-league,2017-2018,Chelsea FC,631,,Right Winger,29,35.0,31,1523.0
premier-league,2017-2018,Chelsea FC,631,,Centre-Forward,30,13.0,13,611.0
premier-league,2017-2018,Chelsea FC,631,,Left Winger,21,4.0,0,0.0
premier-league,2017-2018,Chelsea FC,631,,Left Winger,28,37.0,36,1883.0
premier-league,2017-2018,Chelsea FC,631,,Right Winger,26,33.0,28,2119.0
premier-league,2017-2018,Chelsea FC,631,,Left Winger,26,35.0,34,2433.0
premier-league,2017-2018,Chelsea FC,631,,Left Winger,20,8.0,3,35.0
premier-league,2017-2018,Liverpool FC,31,,Goalkeeper,24,38.0,19,1710.0
premier-league,2017-2018,Liverpool FC,31,,Goalkeeper,24,1.0,0,0.0
premier-league,2017-2018,Liverpool FC,31,,Goalkeeper,29,37.0,19,1710.0
premier-league,2017-2018,Liverpool FC,31,,Goalkeeper,29,,0,0.0
premier-league,2017-2018,Liverpool FC,31,,Right-Back,18,35.0,19,1576.0
premier-league,2017-2018,Liverpool FC,31,,Centre-Back,25,15.0,14,1260.0
premier-league,2017-2018,Liverpool FC,31,,Centre-Back,20,29.0,23,1901.0
premier-league,2017-2018,Liverpool FC,31,,Left-Back,23,27.0,22,1943.0
premier-league,2017-2018,Liverpool FC,31,,Centre-Back,23,29.0,26,2094.0
premier-league,2017-2018,Liverpool FC,31,,Left-Back,24,25.0,16,1264.0
premier-league,2017-2018,Liverpool FC,31,,Centre-Back,27,34.0,29,2125.0
premier-league,2017-2018,Liverpool FC,31,,Right-Back,26,5.0,3,174.0
premier-league,2017-2018,Liverpool FC,31,,Centre-Back,18,1.0,0,0.0
premier-league,2017-2018,Liverpool FC,31,,Right-Back,21,,0,0.0
premier-league,2017-2018,Liverpool FC,31,,Right-Back,24,1.0,0,0.0
premier-league,2017-2018,Liverpool FC,31,,Centre-Back,31,30.0,19,1449.0
premier-league,2017-2018,Liverpool FC,31,,Centre-Back,25,26.0,25,1995.0
premier-league,2017-2018,Liverpool FC,31,,Central Midfield,16,1.0,0,0.0
premier-league,2017-2018,Liverpool FC,31,,Attacking Midfield,25,15.0,14,1117.0
premier-league,2017-2018,Liverpool FC,31,,Central Midfield,26,35.0,33,2387.0
premier-league,2017-2018,Liverpool FC,31,,Defensive Midfield,21,6.0,3,16.0
premier-league,2017-2018,Liverpool FC,31,,Defensive Midfield,27,31.0,27,2172.0
premier-league,2017-2018,Liverpool FC,31,,Central Midfield,23,32.0,32,1484.0
premier-league,2017-2018,Liverpool FC,31,,Attacking Midfield,17,6.0,1,6.0
premier-league,2017-2018,Liverpool FC,31,,Central Midfield,31,37.0,32,1763.0
premier-league,2017-2018,Liverpool FC,31,,Attacking Midfield,29,14.0,12,236.0
premier-league,2017-2018,Liverpool FC,31,,Centre-Forward,19,35.0,21,582.0
premier-league,2017-2018,Liverpool FC,31,,Right Winger,25,36.0,36,2920.0
premier-league,2017-2018,Liverpool FC,31,,Left Winger,25,32.0,29,2208.0
premier-league,2017-2018,Liverpool FC,31,,Centre-Forward,25,38.0,37,2778.0
premier-league,2017-2018,Liverpool FC,31,,Centre-Forward,24,17.0,8,265.0
premier-league,2017-2018,Liverpool FC,31,,Right Winger,20,,0,0.0
premier-league,2017-2018,Liverpool FC,31,,Right Winger,23,,0,0.0
premier-league,2017-2018,Liverpool FC,31,,Centre-Forward,27,14.0,9,431.0
premier-league,2017-2018,Liverpool FC,31,,Centre-Forward,22,2.0,1,9.0
premier-league,2017-2018,Manchester United,985,,Goalkeeper,26,37.0,37,3330.0
premier-league,2017-2018,Manchester United,985,,Goalkeeper,24,,0,0.0
premier-league,2017-2018,Manchester United,985,,Goalkeeper,21,9.0,0,0.0
premier-league,2017-2018,Manchester United,985,,Goalkeeper,30,30.0,1,90.0
premier-league,2017-2018,Manchester United,985,,Left-Back,21,21.0,11,788.0
premier-league,2017-2018,Manchester United,985,,Centre-Back,22,26.0,17,1284.0
premier-league,2017-2018,Manchester United,985,,Centre-Back,19,4.0,1,1.0
premier-league,2017-2018,Manchester United,985,,Right-Back,27,17.0,8,445.0
premier-league,2017-2018,Manchester United,985,,Centre-Back,23,18.0,13,1000.0
premier-league,2017-2018,Manchester United,985,,Centre-Back,27,18.0,7,361.0
premier-league,2017-2018,Manchester United,985,,Centre-Back,27,35.0,29,2535.0
premier-league,2017-2018,Manchester United,985,,Right-Back,19,,0,0.0
premier-league,2017-2018,Manchester United,985,,Centre-Back,27,20.0,9,640.0
premier-league,2017-2018,Manchester United,985,,Centre-Back,25,26.0,23,1975.0
premier-league,2017-2018,Manchester United,985,,Right-Back,31,32.0,30,2448.0
premier-league,2017-2018,Manchester United,985,,Right-Back,31,32.0,31,2743.0
premier-league,2017-2018,Manchester United,985,,Left-Back,20,,0,0.0
premier-league,2017-2018,Manchester United,985,,Central Midfield,20,23.0,13,629.0
premier-league,2017-2018,Manchester United,985,,Attacking Midfield,16,,0,0.0
premier-league,2017-2018,Manchester United,985,,Central Midfield,28,16.0,15,932.0
premier-league,2017-2018,Manchester United,985,,Central Midfield,24,27.0,27,2153.0
premier-league,2017-2018,Manchester United,985,,Attacking Midfield,24,37.0,33,1824.0
premier-league,2017-2018,Manchester United,985,,Defensive Midfield,28,36.0,36,3119.0
premier-league,2017-2018,Manchester United,985,,Central Midfield,18,,0,0.0
premier-league,2017-2018,Manchester United,985,,Central Midfield,27,33.0,26,1260.0
premier-league,2017-2018,Manchester United,985,,Attacking Midfield,29,36.0,28,1937.0
premier-league,2017-2018,Manchester United,985,,Defensive Midfield,35,9.0,2,109.0
premier-league,2017-2018,Manchester United,985,,Central Midfield,29,16.0,16,623.0
premier-league,2017-2018,Manchester United,985,,Left Winger,19,37.0,35,1807.0
premier-league,2017-2018,Manchester United,985,,Centre-Forward,24,34.0,34,2869.0
premier-league,2017-2018,Manchester United,985,,Centre-Forward,21,34.0,30,1595.0
premier-league,2017-2018,Manchester United,985,,Second Striker,28,13.0,12,1049.0
premier-league,2017-2018,Manchester United,985,,Centre-Forward,35,8.0,5,102.0
premier-league,2017-2018,Manchester United,985,,Centre-Forward,31,,0,0.0
premier-league,2017-2018,Manchester United,985,,Centre-Forward,21,,0,0.0
premier-league,2017-2018,Tottenham Hotspur,148,,Goalkeeper,25,2.0,1,90.0
premier-league,2017-2018,Tottenham Hotspur,148,,Goalkeeper,30,36.0,36,3240.0
premier-league,2017-2018,Tottenham Hotspur,148,,Goalkeeper,18,1.0,0,0.0
premier-league,2017-2018,Tottenham Hotspur,148,,Goalkeeper,33,37.0,1,90.0
premier-league,2017-2018,Tottenham Hotspur,148,,Centre-Back,21,32.0,31,2535.0
premier-league,2017-2018,Tottenham Hotspur,148,,Right-Back,20,14.0,3,189.0
premier-league,2017-2018,Tottenham Hotspur,148,,Centre-Back,19,1.0,0,0.0
premier-league,2017-2018,Tottenham Hotspur,148,,Centre-Back,19,16.0,0,0.0
premier-league,2017-2018,Tottenham Hotspur,148,,Centre-Back,23,37.0,34,2829.0
premier-league,2017-2018,Tottenham Hotspur,148,,Centre-Back,24,36.0,29,2325.0
premier-league,2017-2018,Tottenham Hotspur,148,,Right-Back,26,35.0,24,1917.0
premier-league,2017-2018,Tottenham Hotspur,148,,Right-Back,24,30.0,17,1428.0
premier-league,2017-2018,Tottenham Hotspur,148,,Centre-Back,24,2.0,0,0.0
premier-league,2017-2018,Tottenham Hotspur,148,,Left-Back,26,20.0,10,803.0
premier-league,2017-2018,Tottenham Hotspur,148,,Centre-Back,28,15.0,14,1177.0
premier-league,2017-2018,Tottenham Hotspur,148,,Centre-Back,30,36.0,36,3206.0
premier-league,2017-2018,Tottenham Hotspur,148,,Attacking Midfield,25,37.0,37,3226.0
premier-league,2017-2018,Tottenham Hotspur,148,,Defensive Midfield,21,21.0,16,771.0
premier-league,2017-2018,Tottenham Hotspur,148,,Attacking Midfield,21,36.0,36,2971.0
premier-league,2017-2018,Tottenham Hotspur,148,,Central Midfield,20,,0,0.0
premier-league,2017-2018,Tottenham Hotspur,148,,Central Midfield,20,,0,0.0
premier-league,2017-2018,Tottenham Hotspur,148,,Central Midfield,27,38.0,33,1395.0
premier-league,2017-2018,Tottenham Hotspur,148,,Central Midfield,17,1.0,0,0.0
premier-league,2017-2018,Tottenham Hotspur,148,,Left Midfield,20,,0,0.0
premier-league,2017-2018,Tottenham Hotspur,148,,Defensive Midfield,26,20.0,18,839.0
premier-league,2017-2018,Tottenham Hotspur,148,,Central Midfield,29,30.0,28,1886.0
premier-league,2017-2018,Tottenham Hotspur,148,,Centre-Forward,23,37.0,37,3085.0
premier-league,2017-2018,Tottenham Hotspur,148,,Left Winger,24,38.0,37,2311.0
premier-league,2017-2018,Tottenham Hotspur,148,,Centre-Forward,23,3.0,1,1.0
premier-league,2017-2018,Tottenham Hotspur,148,,Left Winger,22,6.0,1,1.0
premier-league,2017-2018,Tottenham Hotspur,148,,Right Winger,24,12.0,6,208.0
premier-league,2017-2018,Tottenham Hotspur,148,,Centre-Forward,18,1.0,0,0.0
premier-league,2017-2018,Tottenham Hotspur,148,,Right Winger,25,25.0,25,832.0
premier-league,2017-2018,Tottenham Hotspur,148,,Centre-Forward,32,29.0,16,224.0
premier-league,2017-2018,Arsenal FC,11,,Goalkeeper,22,,0,0.0
premier-league,2017-2018,Arsenal FC,11,,Goalkeeper,22,7.0,0,0.0
premier-league,2017-2018,Arsenal FC,11,,Goalkeeper,28,34.0,5,380.0
premier-league,2017-2018,Arsenal FC,11,,Goalkeeper,35,35.0,34,3040.0
premier-league,2017-2018,Arsenal FC,11,,Centre-Back,19,3.0,3,195.0
premier-league,2017-2018,Arsenal FC,11,,Right-Back,19,26.0,15,914.0
premier-league,2017-2018,Arsenal FC,11,,Centre-Back,24,36.0,27,2152.0
premier-league,2017-2018,Arsenal FC,11,,Centre-Back,21,18.0,12,820.0
premier-league,2017-2018,Arsenal FC,11,,Right-Back,22,35.0,35,3052.0
premier-league,2017-2018,Arsenal FC,11,,Centre-Back,19,,0,0.0
premier-league,2017-2018,Arsenal FC,11,,Centre-Back,22,19.0,12,869.0
premier-league,2017-2018,Arsenal FC,11,,Right-Back,18,2.0,0,0.0
premier-league,2017-2018,Arsenal FC,11,,Left-Back,21,,0,0.0
premier-league,2017-2018,Arsenal FC,11,,Right-Back,25,,0,0.0
premier-league,2017-2018,Arsenal FC,11,,Right-Back,31,1.0,0,0.0
premier-league,2017-2018,Arsenal FC,11,,Centre-Back,32,22.0,6,365.0
premier-league,2017-2018,Arsenal FC,11,,Centre-Back,31,26.0,25,2227.0
premier-league,2017-2018,Arsenal FC,11,,Left-Back,31,30.0,28,2242.0
premier-league,2017-2018,Arsenal FC,11,,Centre-Back,25,30.0,27,2274.0
premier-league,2017-2018,Arsenal FC,11,,Central Midfield,17,5.0,2,82.0
premier-league,2017-2018,Arsenal FC,11,,Defensive Midfield,24,38.0,38,3266.0
premier-league,2017-2018,Arsenal FC,11,,Defensive Midfield,19,,0,0.0
premier-league,2017-2018,Arsenal FC,11,,Central Midfield,28,11.0,11,796.0
premier-league,2017-2018,Arsenal FC,11,,Attacking Midfield,18,,0,0.0
premier-league,2017-2018,Arsenal FC,11,,Central Midfield,18,,0,0.0
premier-league,2017-2018,Arsenal FC,11,,Defensive Midfield,24,24.0,13,870.0
premier-league,2017-2018,Arsenal FC,11,,Central Midfield,23,3.0,3,242.0
premier-league,2017-2018,Arsenal FC,11,,Defensive Midfield,26,19.0,7,161.0
premier-league,2017-2018,Arsenal FC,11,,Attacking Midfield,19,,0,0.0
premier-league,2017-2018,Arsenal FC,11,,Defensive Midfield,18,,0,0.0
premier-league,2017-2018,Arsenal FC,11,,Defensive Midfield,18,,0,0.0
premier-league,2017-2018,Arsenal FC,11,,Central Midfield,26,24.0,24,1847.0
premier-league,2017-2018,Arsenal FC,11,,Central Midfield,25,26.0,20,1187.0
premier-league,2017-2018,Arsenal FC,11,,Attacking Midfield,28,27.0,26,2166.0
premier-league,2017-2018,Arsenal FC,11,,Central Midfield,32,,0,0.0
premier-league,2017-2018,Arsenal FC,11,,Left Winger,21,36.0,26,1844.0
premier-league,2017-2018,Arsenal FC,11,,Centre-Forward,18,11.0,3,17.0
premier-league,2017-2018,Arsenal FC,11,,Left Winger,17,7.0,3,146.0
premier-league,2017-2018,Arsenal FC,11,,Centre-Forward,26,33.0,32,2218.0
premier-league,2017-2018,Arsenal FC,11,,Centre-Forward,21,,0,0.0
premier-league,2017-2018,Arsenal FC,11,,Centre-Forward,26,30.0,28,1199.0
premier-league,2017-2018,Arsenal FC,11,,Centre-Forward,28,13.0,13,1059.0
premier-league,2017-2018,Arsenal FC,11,,Second Striker,28,19.0,19,1507.0
premier-league,2017-2018,Arsenal FC,11,,Centre-Forward,30,18.0,16,374.0
premier-league,2017-2018,Arsenal FC,11,,Right Winger,28,16.0,6,63.0
premier-league,2017-2018,Everton FC,29,,Goalkeeper,23,38.0,38,3420.0
premier-league,2017-2018,Everton FC,29,,Goalkeeper,27,30.0,0,0.0
premier-league,2017-2018,Everton FC,29,,Goalkeeper,20,,0,0.0
premier-league,2017-2018,Everton FC,29,,Goalkeeper,34,8.0,0,0.0
premier-league,2017-2018,Everton FC,29,,Centre-Back,24,34.0,30,2562.0
premier-league,2017-2018,Everton FC,29,,Right-Back,20,24.0,19,1590.0
premier-league,2017-2018,Everton FC,29,,Centre-Back,20,27.0,15,1183.0
premier-league,2017-2018,Everton FC,29,,Centre-Back,23,,0,0.0
premier-league,2017-2018,Everton FC,29,,Centre-Back,21,,0,0.0
premier-league,2017-2018,Everton FC,29,,Centre-Back,22,,0,0.0
premier-league,2017-2018,Everton FC,29,,Right-Back,28,12.0,12,1035.0
premier-league,2017-2018,Everton FC,29,,Left-Back,24,1.0,0,0.0
premier-league,2017-2018,Everton FC,29,,Centre-Back,26,7.0,4,119.0
premier-league,2017-2018,Everton FC,29,,Centre-Back,26,2.0,2,134.0
premier-league,2017-2018,Everton FC,29,,Centre-Back,18,,0,0.0
premier-league,2017-2018,Everton FC,29,,Left-Back,32,23.0,22,1911.0
premier-league,2017-2018,Everton FC,29,,Centre-Back,32,29.0,24,1833.0
premier-league,2017-2018,Everton FC,29,,Centre-Back,34,30.0,25,2065.0
premier-league,2017-2018,Everton FC,29,,Centre-Back,27,35.0,21,1831.0
premier-league,2017-2018,Everton FC,29,,Centre-Back,16,,0,0.0
premier-league,2017-2018,Everton FC,29,,Attacking Midfield,19,17.0,12,580.0
premier-league,2017-2018,Everton FC,29,,Central Midfield,24,12.0,7,250.0
premier-league,2017-2018,Everton FC,29,,Central Midfield,19,35.0,33,1901.0
premier-league,2017-2018,Everton FC,29,,Defensive Midfield,18,14.0,8,193.0
premier-league,2017-2018,Everton FC,29,,Defensive Midfield,27,34.0,33,2757.0
premier-league,2017-2018,Everton FC,29,,Attacking Midfield,27,29.0,27,2262.0
premier-league,2017-2018,Everton FC,29,,Right Midfield,16,,0,0.0
premier-league,2017-2018,Everton FC,29,,Defensive Midfield,24,6.0,2,46.0
premier-league,2017-2018,Everton FC,29,,Defensive Midfield,36,,0,0.0
premier-league,2017-2018,Everton FC,29,,Central Midfield,20,,0,0.0
premier-league,2017-2018,Everton FC,29,,Defensive Midfield,17,,0,0.0
premier-league,2017-2018,Everton FC,29,,Defensive Midfield,27,34.0,30,2127.0
premier-league,2017-2018,Everton FC,29,,Central Midfield,26,4.0,4,206.0
premier-league,2017-2018,Everton FC,29,,Left Winger,16,,0,0.0
premier-league,2017-2018,Everton FC,29,,Left Winger,19,17.0,7,159.0
premier-league,2017-2018,Everton FC,29,,Centre-Forward,20,33.0,32,1875.0
premier-league,2017-2018,Everton FC,29,,Left Winger,19,,0,0.0
premier-league,2017-2018,Everton FC,29,,Centre-Forward,17,,0,0.0
premier-league,2017-2018,Everton FC,29,,Centre-Forward,21,12.0,8,281.0
premier-league,2017-2018,Everton FC,29,,Centre-Forward,26,16.0,14,993.0
premier-league,2017-2018,Everton FC,29,,Centre-Forward,18,,0,0.0
premier-league,2017-2018,Everton FC,29,,Centre-Forward,28,20.0,16,855.0
premier-league,2017-2018,Everton FC,29,,Right Winger,30,15.0,15,793.0
premier-league,2017-2018,Everton FC,29,,Right Winger,29,8.0,5,140.0
premier-league,2017-2018,Everton FC,29,,Second Striker,22,,0,0.0
premier-league,2017-2018,Everton FC,29,,Centre-Forward,31,34.0,31,2287.0
premier-league,2017-2018,Everton FC,29,,Right Winger,28,14.0,14,1153.0
premier-league,2017-2018,Everton FC,29,,Centre-Forward,27,30.0,22,1081.0
premier-league,2017-2018,Leicester City,1003,,Goalkeeper,29,33.0,4,274.0
premier-league,2017-2018,Leicester City,1003,,Goalkeeper,30,33.0,33,2966.0
premier-league,2017-2018,Leicester City,1003,,Goalkeeper,32,10.0,2,180.0
premier-league,2017-2018,Leicester City,1003,,Left-Back,20,32.0,24,1852.0
premier-league,2017-2018,Leicester City,1003,,Centre-Back,24,38.0,38,3420.0
premier-league,2017-2018,Leicester City,1003,,Centre-Back,19,,0,0.0
premier-league,2017-2018,Leicester City,1003,,Centre-Back,26,29.0,11,767.0
premier-league,2017-2018,Leicester City,1003,,Centre-Back,22,19.0,8,490.0
premier-league,2017-2018,Leicester City,1003,,Centre-Back,20,2.0,0,0.0
premier-league,2017-2018,Leicester City,1003,,Right-Back,30,30.0,28,2313.0
premier-league,2017-2018,Leicester City,1003,,Centre-Back,33,33.0,32,2818.0
premier-league,2017-2018,Leicester City,1003,,Centre-Back,32,,0,0.0
premier-league,2017-2018,Leicester City,1003,,Left-Back,31,36.0,25,1917.0
premier-league,2017-2018,Leicester City,1003,,Centre-Back,30,9.0,1,90.0
premier-league,2017-2018,Leicester City,1003,,Defensive Midfield,20,33.0,33,2899.0
premier-league,2017-2018,Leicester City,1003,,Defensive Midfield,19,8.0,8,376.0
premier-league,2017-2018,Leicester City,1003,,Defensive Midfield,25,,0,0.0
premier-league,2017-2018,Leicester City,1003,,Central Midfield,25,15.0,13,997.0
premier-league,2017-2018,Leicester City,1003,,Central Midfield,28,20.0,11,535.0
premier-league,2017-2018,Leicester City,1003,,Attacking Midfield,20,3.0,0,0.0
premier-league,2017-2018,Leicester City,1003,,Attacking Midfield,18,1.0,0,0.0
premier-league,2017-2018,Leicester City,1003,,Right Midfield,27,35.0,34,2543.0
premier-league,2017-2018,Leicester City,1003,,Central Midfield,28,15.0,12,762.0
premier-league,2017-2018,Leicester City,1003,,Defensive Midfield,29,29.0,19,1416.0
premier-league,2017-2018,Leicester City,1003,,Left Winger,19,6.0,3,8.0
premier-league,2017-2018,Leicester City,1003,,Right Winger,26,36.0,36,2960.0
premier-league,2017-2018,Leicester City,1003,,Left Winger,21,38.0,35,1694.0
premier-league,2017-2018,Leicester City,1003,,Centre-Forward,20,32.0,21,824.0
premier-league,2017-2018,Leicester City,1003,,Centre-Forward,30,37.0,37,3258.0
premier-league,2017-2018,Leicester City,1003,,Right Winger,21,15.0,14,582.0
premier-league,2017-2018,Leicester City,1003,,Left Winger,24,1.0,0,0.0
premier-league,2017-2018,Leicester City,1003,,Centre-Forward,29,19.0,12,240.0
premier-league,2017-2018,Leicester City,1003,,Centre-Forward,30,8.0,4,18.0
premier-league,2017-2018,Leicester City,1003,,Centre-Forward,31,29.0,27,1327.0
premier-league,2017-2018,Southampton FC,180,,Goalkeeper,29,38.0,20,1800.0
premier-league,2017-2018,Southampton FC,180,,Goalkeeper,27,37.0,18,1620.0
premier-league,2017-2018,Southampton FC,180,,Goalkeeper,36,1.0,0,0.0
premier-league,2017-2018,Southampton FC,180,,Centre-Back,25,14.0,12,993.0
premier-league,2017-2018,Southampton FC,180,,Centre-Back,21,14.0,5,428.0
premier-league,2017-2018,Southampton FC,180,,Left-Back,21,6.0,2,167.0
premier-league,2017-2018,Southampton FC,180,,Centre-Back,23,34.0,28,2520.0
premier-league,2017-2018,Southampton FC,180,,Centre-Back,23,27.0,22,1980.0
premier-league,2017-2018,Southampton FC,180,,Right-Back,25,32.0,32,2797.0
premier-league,2017-2018,Southampton FC,180,,Centre-Back,28,32.0,24,2051.0
premier-league,2017-2018,Southampton FC,180,,Left-Back,27,35.0,35,3137.0
premier-league,2017-2018,Southampton FC,180,,Right-Back,28,13.0,2,180.0
premier-league,2017-2018,Southampton FC,180,,Left-Back,22,17.0,7,142.0
premier-league,2017-2018,Southampton FC,180,,Defensive Midfield,21,31.0,23,1671.0
premier-league,2017-2018,Southampton FC,180,,Central Midfield,22,37.0,30,1715.0
premier-league,2017-2018,Southampton FC,180,,Defensive Midfield,23,31.0,25,1721.0
premier-league,2017-2018,Southampton FC,180,,Central Midfield,22,,0,0.0
premier-league,2017-2018,Southampton FC,180,,Attacking Midfield,23,32.0,26,1214.0
premier-league,2017-2018,Southampton FC,180,,Defensive Midfield,25,37.0,34,2903.0
premier-league,2017-2018,Southampton FC,180,,Central Midfield,32,28.0,23,1521.0
premier-league,2017-2018,Southampton FC,180,,Right Winger,28,38.0,36,2814.0
premier-league,2017-2018,Southampton FC,180,,Centre-Forward,21,,0,0.0
premier-league,2017-2018,Southampton FC,180,,Centre-Forward,16,1.0,1,8.0
premier-league,2017-2018,Southampton FC,180,,Right Winger,23,35.0,31,1954.0
premier-league,2017-2018,Southampton FC,180,,Centre-Forward,25,38.0,28,1074.0
premier-league,2017-2018,Southampton FC,180,,Centre-Forward,26,8.0,7,452.0
premier-league,2017-2018,Southampton FC,180,,Centre-Forward,30,33.0,30,1579.0
premier-league,2017-2018,Southampton FC,180,,Centre-Forward,27,25.0,24,1030.0
premier-league,2017-2018,Southampton FC,180,,Right Winger,20,10.0,6,161.0
premier-league,2017-2018,West Ham United,379,,Goalkeeper,18,3.0,0,0.0
premier-league,2017-2018,West Ham United,379,,Goalkeeper,30,38.0,19,1710.0
premier-league,2017-2018,West Ham United,379,,Goalkeeper,30,35.0,19,1710.0
premier-league,2017-2018,West Ham United,379,,Right-Back,17,1.0,0,0.0
premier-league,2017-2018,West Ham United,379,,Left-Back,23,32.0,27,1873.0
premier-league,2017-2018,West Ham United,379,,Centre-Back,20,2.0,0,0.0
premier-league,2017-2018,West Ham United,379,,Left-Back,23,12.0,5,247.0
premier-league,2017-2018,West Ham United,379,,Left-Back,27,37.0,36,3072.0
premier-league,2017-2018,West Ham United,379,,Centre-Back,18,1.0,1,5.0
premier-league,2017-2018,West Ham United,379,,Centre-Back,29,37.0,32,2880.0
premier-league,2017-2018,West Ham United,379,,Centre-Back,28,20.0,17,1454.0
premier-league,2017-2018,West Ham United,379,,Centre-Back,33,13.0,8,690.0
premier-league,2017-2018,West Ham United,379,,Right-Back,32,37.0,37,3291.0
premier-league,2017-2018,West Ham United,379,,Centre-Back,33,16.0,13,1050.0
premier-league,2017-2018,West Ham United,379,,Left-Back,36,12.0,5,228.0
premier-league,2017-2018,West Ham United,379,,Centre-Back,19,2.0,0,0.0
premier-league,2017-2018,West Ham United,379,,Left-Back,17,,0,0.0
premier-league,2017-2018,West Ham United,379,,Central Midfield,18,36.0,26,1424.0
premier-league,2017-2018,West Ham United,379,,Central Midfield,21,14.0,2,6.0
premier-league,2017-2018,West Ham United,379,,Defensive Midfield,21,19.0,14,847.0
premier-league,2017-2018,West Ham United,379,,Attacking Midfield,24,14.0,13,1027.0
premier-league,2017-2018,West Ham United,379,,Central Midfield,17,8.0,0,0.0
premier-league,2017-2018,West Ham United,379,,Attacking Midfield,24,27.0,27,2048.0
premier-league,2017-2018,West Ham United,379,,Central Midfield,25,25.0,21,1564.0
premier-league,2017-2018,West Ham United,379,,Attacking Midfield,27,,0,0.0
premier-league,2017-2018,West Ham United,379,,Defensive Midfield,27,33.0,33,2802.0
premier-league,2017-2018,West Ham United,379,,Central Midfield,30,33.0,29,2404.0
premier-league,2017-2018,West Ham United,379,,Central Midfield,21,2.0,0,0.0
premier-league,2017-2018,West Ham United,379,,Centre-Forward,20,6.0,0,0.0
premier-league,2017-2018,West Ham United,379,,Left Winger,18,6.0,0,0.0
premier-league,2017-2018,West Ham United,379,,Centre-Forward,28,32.0,31,2326.0
premier-league,2017-2018,West Ham United,379,,Right Winger,19,2.0,0,0.0
premier-league,2017-2018,West Ham United,379,,Centre-Forward,27,21.0,21,1358.0
premier-league,2017-2018,West Ham United,379,,Centre-Forward,29,31.0,28,1543.0
premier-league,2017-2018,West Ham United,379,,Centre-Forward,27,22.0,18,892.0
premier-league,2017-2018,West Ham United,379,,Left Winger,20,,0,0.0
premier-league,2017-2018,West Ham United,379,,Left Winger,19,2.0,0,0.0
premier-league,2017-2018,West Ham United,379,,Centre-Forward,25,12.0,3,22.0
premier-league,2017-2018,West Ham United,379,,Centre-Forward,28,21.0,16,745.0
premier-league,2017-2018,West Ham United,379,,Right Winger,29,,0,0.0
premier-league,2017-2018,West Ham United,379,,Centre-Forward,27,18.0,14,293.0
premier-league,2017-2018,West Ham United,379,,Left Winger,19,,0,0.0
premier-league,2017-2018,Crystal Palace,873,,Goalkeeper,19,4.0,0,0.0
premier-league,2017-2018,Crystal Palace,873,,Goalkeeper,38,29.0,11,990.0
premier-league,2017-2018,Crystal Palace,873,,Goalkeeper,30,36.0,27,2430.0
premier-league,2017-2018,Crystal Palace,873,,Goalkeeper,34,6.0,0,0.0
premier-league,2017-2018,Crystal Palace,873,,Right-Back,19,14.0,7,628.0
premier-league,2017-2018,Crystal Palace,873,,Left-Back,26,36.0,28,2185.0
premier-league,2017-2018,Crystal Palace,873,,Right-Back,19,30.0,21,1594.0
premier-league,2017-2018,Crystal Palace,873,,Right-Back,27,23.0,19,1616.0
premier-league,2017-2018,Crystal Palace,873,,Centre-Back,22,,0,0.0
premier-league,2017-2018,Crystal Palace,873,,Centre-Back,28,34.0,28,2389.0
premier-league,2017-2018,Crystal Palace,873,,Centre-Back,30,19.0,17,1435.0
premier-league,2017-2018,Crystal Palace,873,,Centre-Back,27,21.0,19,1600.0
premier-league,2017-2018,Crystal Palace,873,,Left-Back,27,17.0,1,8.0
premier-league,2017-2018,Crystal Palace,873,,Centre-Back,35,10.0,2,95.0
premier-league,2017-2018,Crystal Palace,873,,Centre-Back,23,1.0,0,0.0
premier-league,2017-2018,Crystal Palace,873,,Right-Back,27,28.0,15,1194.0
premier-league,2017-2018,Crystal Palace,873,,Central Midfield,21,24.0,24,1875.0
premier-league,2017-2018,Crystal Palace,873,,Defensive Midfield,20,29.0,12,435.0
premier-league,2017-2018,Crystal Palace,873,,Left Midfield,24,27.0,24,1748.0
premier-league,2017-2018,Crystal Palace,873,,Defensive Midfield,26,37.0,36,3081.0
premier-league,2017-2018,Crystal Palace,873,,Defensive Midfield,21,3.0,0,0.0
premier-league,2017-2018,Crystal Palace,873,,Attacking Midfield,23,,0,0.0
premier-league,2017-2018,Crystal Palace,873,,Central Midfield,25,1.0,0,0.0
premier-league,2017-2018,Crystal Palace,873,,Central Midfield,17,1.0,0,0.0
premier-league,2017-2018,Crystal Palace,873,,Central Midfield,31,33.0,31,2391.0
premier-league,2017-2018,Crystal Palace,873,,Central Midfield,29,35.0,33,2434.0
premier-league,2017-2018,Crystal Palace,873,,Central Midfield,31,19.0,10,570.0
premier-league,2017-2018,Crystal Palace,873,,Defensive Midfield,19,,0,0.0
premier-league,2017-2018,Crystal Palace,873,,Centre-Forward,21,9.0,4,360.0
premier-league,2017-2018,Crystal Palace,873,,Left Winger,24,29.0,29,2551.0
premier-league,2017-2018,Crystal Palace,873,,Centre-Forward,26,31.0,31,2235.0
premier-league,2017-2018,Crystal Palace,873,,Left Winger,22,1.0,0,0.0
premier-league,2017-2018,Crystal Palace,873,,Right Winger,18,4.0,0,0.0
premier-league,2017-2018,Crystal Palace,873,,Right Winger,25,37.0,36,3130.0
premier-league,2017-2018,Crystal Palace,873,,Right Winger,28,25.0,7,131.0
premier-league,2017-2018,Crystal Palace,873,,Left Winger,21,5.0,1,13.0
premier-league,2017-2018,Crystal Palace,873,,Centre-Forward,24,2.0,1,16.0
premier-league,2017-2018,Crystal Palace,873,,Left Winger,29,20.0,16,480.0
premier-league,2017-2018,Crystal Palace,873,,Left Winger,18,1.0,1,25.0
premier-league,2017-2018,Crystal Palace,873,,Left Winger,17,1.0,0,0.0
premier-league,2017-2018,Crystal Palace,873,,Centre-Forward,24,,0,0.0
premier-league,2017-2018,Newcastle United,762,,Goalkeeper,20,6.0,0,0.0
premier-league,2017-2018,Newcastle United,762,,Goalkeeper,28,13.0,12,1080.0
premier-league,2017-2018,Newcastle United,762,,Goalkeeper,26,35.0,10,900.0
premier-league,2017-2018,Newcastle United,762,,Goalkeeper,31,22.0,16,1440.0
premier-league,2017-2018,Newcastle United,762,,Centre-Back,22,12.0,9,673.0
premier-league,2017-2018,Newcastle United,762,,Centre-Back,26,28.0,24,2104.0
premier-league,2017-2018,Newcastle United,762,,Centre-Back,23,34.0,33,2928.0
premier-league,2017-2018,Newcastle United,762,,Centre-Back,21,,0,0.0
premier-league,2017-2018,Newcastle United,762,,Right-Back,23,35.0,34,2842.0
premier-league,2017-2018,Newcastle United,762,,Left-Back,24,7.0,1,3.0
premier-league,2017-2018,Newcastle United,762,,Centre-Back,24,,0,0.0
premier-league,2017-2018,Newcastle United,762,,Centre-Back,25,,0,0.0
premier-league,2017-2018,Newcastle United,762,,Right-Back,21,,0,0.0
premier-league,2017-2018,Newcastle United,762,,Centre-Back,27,34.0,20,1745.0
premier-league,2017-2018,Newcastle United,762,,Left-Back,25,22.0,20,1603.0
premier-league,2017-2018,Newcastle United,762,,Right-Back,23,38.0,21,1760.0
premier-league,2017-2018,Newcastle United,762,,Right-Back,32,11.0,2,97.0
premier-league,2017-2018,Newcastle United,762,,Central Midfield,21,31.0,24,1353.0
premier-league,2017-2018,Newcastle United,762,,Defensive Midfield,20,,0,0.0
premier-league,2017-2018,Newcastle United,762,,Defensive Midfield,22,34.0,26,1372.0
premier-league,2017-2018,Newcastle United,762,,Central Midfield,26,4.0,1,84.0
premier-league,2017-2018,Newcastle United,762,,Defensive Midfield,27,,0,0.0
premier-league,2017-2018,Newcastle United,762,,Left Midfield,25,,0,0.0
premier-league,2017-2018,Newcastle United,762,,Central Midfield,25,33.0,30,2267.0
premier-league,2017-2018,Newcastle United,762,,Central Midfield,30,37.0,31,2043.0
premier-league,2017-2018,Newcastle United,762,,Right Midfield,27,38.0,35,2812.0
premier-league,2017-2018,Newcastle United,762,,Centre-Forward,21,,0,0.0
premier-league,2017-2018,Newcastle United,762,,Right Winger,22,36.0,25,1145.0
premier-league,2017-2018,Newcastle United,762,,Centre-Forward,22,10.0,6,158.0
premier-league,2017-2018,Newcastle United,762,,Centre-Forward,20,,0,0.0
premier-league,2017-2018,Newcastle United,762,,Centre-Forward,23,38.0,36,2498.0
premier-league,2017-2018,Newcastle United,762,,Centre-Forward,27,34.0,30,1666.0
premier-league,2017-2018,Newcastle United,762,,Left Winger,21,13.0,13,1030.0
premier-league,2017-2018,Newcastle United,762,,Centre-Forward,29,4.0,4,130.0
premier-league,2017-2018,Newcastle United,762,,Centre-Forward,27,36.0,35,1958.0
premier-league,2017-2018,Newcastle United,762,,Left Winger,21,11.0,4,137.0
premier-league,2017-2018,Newcastle United,762,,Left Winger,25,28.0,28,1782.0
premier-league,2017-2018,Watford FC,1010,,Goalkeeper,22,8.0,0,0.0
premier-league,2017-2018,Watford FC,1010,,Goalkeeper,31,32.0,15,1291.0
premier-league,2017-2018,Watford FC,1010,,Goalkeeper,30,3.0,0,0.0
premier-league,2017-2018,Watford FC,1010,,Goalkeeper,36,33.0,24,2129.0
premier-league,2017-2018,Watford FC,1010,,Centre-Back,26,29.0,28,2332.0
premier-league,2017-2018,Watford FC,1010,,Right-Back,26,24.0,23,1716.0
premier-league,2017-2018,Watford FC,1010,,Centre-Back,17,2.0,0,0.0
premier-league,2017-2018,Watford FC,1010,,Right-Back,27,35.0,23,1822.0
premier-league,2017-2018,Watford FC,1010,,Centre-Back,31,19.0,12,798.0
premier-league,2017-2018,Watford FC,1010,,Centre-Back,31,2.0,2,152.0
premier-league,2017-2018,Watford FC,1010,,Centre-Back,30,27.0,21,1572.0
premier-league,2017-2018,Watford FC,1010,,Centre-Back,30,33.0,28,2208.0
premier-league,2017-2018,Watford FC,1010,,Centre-Back,26,13.0,6,440.0
premier-league,2017-2018,Watford FC,1010,,Centre-Back,28,9.0,7,495.0
premier-league,2017-2018,Watford FC,1010,,Left-Back,26,17.0,12,995.0
premier-league,2017-2018,Watford FC,1010,,Left-Back,33,32.0,28,2382.0
premier-league,2017-2018,Watford FC,1010,,Centre-Back,23,,0,0.0
premier-league,2017-2018,Watford FC,1010,,Attacking Midfield,24,37.0,37,3325.0
premier-league,2017-2018,Watford FC,1010,,Central Midfield,22,17.0,15,994.0
premier-league,2017-2018,Watford FC,1010,,Defensive Midfield,23,3.0,0,0.0
premier-league,2017-2018,Watford FC,1010,,Central Midfield,26,31.0,28,1537.0
premier-league,2017-2018,Watford FC,1010,,Central Midfield,26,32.0,32,1622.0
premier-league,2017-2018,Watford FC,1010,,Defensive Midfield,22,6.0,6,449.0
premier-league,2017-2018,Watford FC,1010,,Central Midfield,31,21.0,8,458.0
premier-league,2017-2018,Watford FC,1010,,Central Midfield,20,1.0,0,0.0
premier-league,2017-2018,Watford FC,1010,,Central Midfield,27,23.0,23,1907.0
premier-league,2017-2018,Watford FC,1010,,Defensive Midfield,28,36.0,23,1547.0
premier-league,2017-2018,Watford FC,1010,,Centre-Forward,20,38.0,38,2827.0
premier-league,2017-2018,Watford FC,1010,,Right Winger,19,5.0,1,15.0
premier-league,2017-2018,Watford FC,1010,,Centre-Forward,21,6.0,0,0.0
premier-league,2017-2018,Watford FC,1010,,Centre-Forward,23,7.0,7,440.0
premier-league,2017-2018,Watford FC,1010,,Centre-Forward,26,38.0,31,1497.0
premier-league,2017-2018,Watford FC,1010,,Right Winger,30,3.0,3,200.0
premier-league,2017-2018,Watford FC,1010,,Centre-Forward,27,18.0,15,456.0
premier-league,2017-2018,Watford FC,1010,,Centre-Forward,29,30.0,29,1840.0
premier-league,2017-2018,Watford FC,1010,,Centre-Forward,20,13.0,4,29.0
premier-league,2017-2018,Watford FC,1010,,Centre-Forward,19,1.0,0,0.0
premier-league,2017-2018,Stoke City,512,,Goalkeeper,24,35.0,35,3150.0
premier-league,2017-2018,Stoke City,512,,Goalkeeper,25,13.0,0,0.0
premier-league,2017-2018,Stoke City,512,,Goalkeeper,34,28.0,3,270.0
premier-league,2017-2018,Stoke City,512,,Left-Back,18,8.0,3,162.0
premier-league,2017-2018,Stoke City,512,,Centre-Back,18,5.0,0,0.0
premier-league,2017-2018,Stoke City,512,,Right-Back,17,3.0,1,76.0
premier-league,2017-2018,Stoke City,512,,Centre-Back,20,,0,0.0
premier-league,2017-2018,Stoke City,512,,Left-Back,23,6.0,5,336.0
premier-league,2017-2018,Stoke City,512,,Centre-Back,25,22.0,17,1246.0
premier-league,2017-2018,Stoke City,512,,Centre-Back,24,19.0,17,1321.0
premier-league,2017-2018,Stoke City,512,,Right-Back,18,12.0,6,483.0
premier-league,2017-2018,Stoke City,512,,Centre-Back,28,,0,0.0
premier-league,2017-2018,Stoke City,512,,Centre-Back,22,34.0,34,2888.0
premier-league,2017-2018,Stoke City,512,,Right-Back,25,16.0,15,1309.0
premier-league,2017-2018,Stoke City,512,,Left-Back,28,32.0,31,2720.0
premier-league,2017-2018,Stoke City,512,,Right-Back,32,19.0,9,550.0
premier-league,2017-2018,Stoke City,512,,Centre-Back,29,29.0,27,2372.0
premier-league,2017-2018,Stoke City,512,,Centre-Back,31,28.0,20,1524.0
premier-league,2017-2018,Stoke City,512,,Attacking Midfield,25,37.0,36,3049.0
premier-league,2017-2018,Stoke City,512,,Defensive Midfield,26,13.0,13,1140.0
premier-league,2017-2018,Stoke City,512,,Central Midfield,27,37.0,36,3142.0
premier-league,2017-2018,Stoke City,512,,Attacking Midfield,30,10.0,4,128.0
premier-league,2017-2018,Stoke City,512,,Attacking Midfield,31,16.0,6,163.0
premier-league,2017-2018,Stoke City,512,,Central Midfield,31,32.0,11,408.0
premier-league,2017-2018,Stoke City,512,,Central Midfield,33,35.0,27,2222.0
premier-league,2017-2018,Stoke City,512,,Attacking Midfield,20,36.0,24,1235.0
premier-league,2017-2018,Stoke City,512,,Centre-Forward,17,8.0,4,75.0
premier-league,2017-2018,Stoke City,512,,Left Winger,17,,0,0.0
premier-league,2017-2018,Stoke City,512,,Centre-Forward,28,31.0,30,2248.0
premier-league,2017-2018,Stoke City,512,,Centre-Forward,19,3.0,1,19.0
premier-league,2017-2018,Stoke City,512,,Left Winger,24,18.0,13,615.0
premier-league,2017-2018,Stoke City,512,,Centre-Forward,29,35.0,35,2602.0
premier-league,2017-2018,Stoke City,512,,Second Striker,26,3.0,1,72.0
premier-league,2017-2018,Stoke City,512,,Centre-Forward,23,26.0,15,485.0
premier-league,2017-2018,Stoke City,512,,Centre-Forward,36,35.0,31,1555.0
premier-league,2017-2018,Burnley FC,1132,,Goalkeeper,25,38.0,35,3114.0
premier-league,2017-2018,Burnley FC,1132,,Goalkeeper,31,11.0,4,306.0
premier-league,2017-2018,Burnley FC,1132,,Goalkeeper,33,25.0,0,0.0
premier-league,2017-2018,Burnley FC,1132,,Goalkeeper,30,2.0,0,0.0
premier-league,2017-2018,Burnley FC,1132,,Centre-Back,24,31.0,31,2790.0
premier-league,2017-2018,Burnley FC,1132,,Left-Back,23,29.0,11,949.0
premier-league,2017-2018,Burnley FC,1132,,Centre-Back,26,38.0,16,1440.0
premier-league,2017-2018,Burnley FC,1132,,Right-Back,28,34.0,26,2295.0
premier-league,2017-2018,Burnley FC,1132,,Centre-Back,27,29.0,29,2610.0
premier-league,2017-2018,Burnley FC,1132,,Left-Back,31,29.0,28,2462.0
premier-league,2017-2018,Burnley FC,1132,,Right-Back,32,33.0,13,1125.0
premier-league,2017-2018,Burnley FC,1132,,Defensive Midfield,18,2.0,0,0.0
premier-league,2017-2018,Burnley FC,1132,,Defensive Midfield,27,38.0,19,1107.0
premier-league,2017-2018,Burnley FC,1132,,Defensive Midfield,25,3.0,0,0.0
premier-league,2017-2018,Burnley FC,1132,,Left Midfield,25,15.0,15,1279.0
premier-league,2017-2018,Burnley FC,1132,,Central Midfield,28,26.0,18,1335.0
premier-league,2017-2018,Burnley FC,1132,,Defensive Midfield,28,38.0,38,3420.0
premier-league,2017-2018,Burnley FC,1132,,Central Midfield,33,11.0,0,0.0
premier-league,2017-2018,Burnley FC,1132,,Central Midfield,25,35.0,34,2346.0
premier-league,2017-2018,Burnley FC,1132,,Defensive Midfield,29,24.0,24,2009.0
premier-league,2017-2018,Burnley FC,1132,,Left Winger,17,1.0,1,1.0
premier-league,2017-2018,Burnley FC,1132,,Centre-Forward,25,25.0,24,1635.0
premier-league,2017-2018,Burnley FC,1132,,Left Winger,22,13.0,8,224.0
premier-league,2017-2018,Burnley FC,1132,,Right Winger,26,36.0,35,2841.0
premier-league,2017-2018,Burnley FC,1132,,Centre-Forward,27,20.0,9,45.0
premier-league,2017-2018,Burnley FC,1132,,Centre-Forward,22,,0,0.0
premier-league,2017-2018,Burnley FC,1132,,Centre-Forward,27,37.0,36,2157.0
premier-league,2017-2018,Burnley FC,1132,,Centre-Forward,27,37.0,30,980.0
premier-league,2017-2018,Burnley FC,1132,,Right Winger,33,10.0,3,39.0
premier-league,2017-2018,Burnley FC,1132,,Right Winger,30,14.0,14,1124.0
premier-league,2017-2018,West Bromwich Albion,984,,Goalkeeper,20,1.0,0,0.0
premier-league,2017-2018,West Bromwich Albion,984,,Goalkeeper,34,37.0,37,3330.0
premier-league,2017-2018,West Bromwich Albion,984,,Goalkeeper,34,38.0,1,90.0
premier-league,2017-2018,West Bromwich Albion,984,,Centre-Back,26,38.0,38,3387.0
premier-league,2017-2018,West Bromwich Albion,984,,Centre-Back,27,29.0,28,2509.0
premier-league,2017-2018,West Bromwich Albion,984,,Right-Back,17,3.0,0,0.0
premier-league,2017-2018,West Bromwich Albion,984,,Right-Back,29,37.0,29,2308.0
premier-league,2017-2018,West Bromwich Albion,984,,Centre-Back,28,2.0,0,0.0
premier-league,2017-2018,West Bromwich Albion,984,,Left-Back,18,1.0,0,0.0
premier-league,2017-2018,West Bromwich Albion,984,,Centre-Back,18,1.0,0,0.0
premier-league,2017-2018,West Bromwich Albion,984,,Centre-Back,16,1.0,0,0.0
premier-league,2017-2018,West Bromwich Albion,984,,Left-Back,27,33.0,33,2832.0
premier-league,2017-2018,West Bromwich Albion,984,,Centre-Back,29,29.0,28,2273.0
premier-league,2017-2018,West Bromwich Albion,984,,Centre-Back,37,27.0,9,456.0
premier-league,2017-2018,West Bromwich Albion,984,,Defensive Midfield,19,19.0,10,539.0
premier-league,2017-2018,West Bromwich Albion,984,,Central Midfield,17,5.0,1,20.0
premier-league,2017-2018,West Bromwich Albion,984,,Left Midfield,28,38.0,30,1396.0
premier-league,2017-2018,West Bromwich Albion,984,,Defensive Midfield,29,34.0,16,900.0
premier-league,2017-2018,West Bromwich Albion,984,,Central Midfield,31,5.0,4,208.0
premier-league,2017-2018,West Bromwich Albion,984,,Defensive Midfield,27,34.0,34,2675.0
premier-league,2017-2018,West Bromwich Albion,984,,Central Midfield,32,35.0,26,1922.0
premier-league,2017-2018,West Bromwich Albion,984,,Defensive Midfield,36,25.0,25,1927.0
premier-league,2017-2018,West Bromwich Albion,984,,Defensive Midfield,27,33.0,27,1642.0
premier-league,2017-2018,West Bromwich Albion,984,,Centre-Forward,20,25.0,15,358.0
premier-league,2017-2018,West Bromwich Albion,984,,Second Striker,18,,0,0.0
premier-league,2017-2018,West Bromwich Albion,984,,Centre-Forward,27,37.0,36,2773.0
premier-league,2017-2018,West Bromwich Albion,984,,Centre-Forward,27,38.0,37,2825.0
premier-league,2017-2018,West Bromwich Albion,984,,Right Winger,26,31.0,30,2103.0
premier-league,2017-2018,West Bromwich Albion,984,,Right Winger,18,3.0,0,0.0
premier-league,2017-2018,West Bromwich Albion,984,,Left Winger,16,1.0,0,0.0
premier-league,2017-2018,West Bromwich Albion,984,,Centre-Forward,27,7.0,6,120.0
premier-league,2017-2018,West Bromwich Albion,984,,Centre-Forward,28,26.0,21,821.0
premier-league,2017-2018,West Bromwich Albion,984,,Left Winger,27,11.0,5,217.0
premier-league,2017-2018,Swansea City,2288,,Goalkeeper,28,35.0,0,0.0
premier-league,2017-2018,Swansea City,2288,,Goalkeeper,32,38.0,38,3420.0
premier-league,2017-2018,Swansea City,2288,,Goalkeeper,28,3.0,0,0.0
premier-league,2017-2018,Swansea City,2288,,Centre-Back,19,1.0,0,0.0
premier-league,2017-2018,Swansea City,2288,,Right-Back,21,9.0,4,268.0
premier-league,2017-2018,Swansea City,2288,,Centre-Back,24,37.0,24,1949.0
premier-league,2017-2018,Swansea City,2288,,Left-Back,29,36.0,36,3154.0
premier-league,2017-2018,Swansea City,2288,,Centre-Back,23,38.0,38,3420.0
premier-league,2017-2018,Swansea City,2288,,Right-Back,34,21.0,4,155.0
premier-league,2017-2018,Swansea City,2288,,Right-Back,28,35.0,34,3033.0
premier-league,2017-2018,Swansea City,2288,,Centre-Back,26,15.0,5,234.0
premier-league,2017-2018,Swansea City,2288,,Centre-Back,28,34.0,30,2677.0
premier-league,2017-2018,Swansea City,2288,,Defensive Midfield,21,,0,0.0
premier-league,2017-2018,Swansea City,2288,,Central Midfield,19,17.0,12,703.0
premier-league,2017-2018,Swansea City,2288,,Central Midfield,23,5.0,2,17.0
premier-league,2017-2018,Swansea City,2288,,Defensive Midfield,28,25.0,25,1869.0
premier-league,2017-2018,Swansea City,2288,,Central Midfield,21,,0,0.0
premier-league,2017-2018,Swansea City,2288,,Central Midfield,28,20.0,11,757.0
premier-league,2017-2018,Swansea City,2288,,Central Midfield,25,38.0,37,2569.0
premier-league,2017-2018,Swansea City,2288,,Central Midfield,26,35.0,29,2044.0
premier-league,2017-2018,Swansea City,2288,,Central Midfield,28,12.0,11,718.0
premier-league,2017-2018,Swansea City,2288,,Central Midfield,21,,0,0.0
premier-league,2017-2018,Swansea City,2288,,Defensive Midfield,20,,0,0.0
premier-league,2017-2018,Swansea City,2288,,Central Midfield,34,7.0,5,305.0
premier-league,2017-2018,Swansea City,2288,,Defensive Midfield,27,24.0,20,1399.0
premier-league,2017-2018,Swansea City,2288,,Centre-Forward,19,33.0,31,1732.0
premier-league,2017-2018,Swansea City,2288,,Right Winger,19,,0,0.0
premier-league,2017-2018,Swansea City,2288,,Centre-Forward,21,13.0,11,269.0
premier-league,2017-2018,Swansea City,2288,,Centre-Forward,25,36.0,36,2859.0
premier-league,2017-2018,Swansea City,2288,,Left Winger,22,,0,0.0
premier-league,2017-2018,Swansea City,2288,,Centre-Forward,27,12.0,12,951.0
premier-league,2017-2018,Swansea City,2288,,Centre-Forward,21,,0,0.0
premier-league,2017-2018,Swansea City,2288,,Right Winger,26,32.0,18,621.0
premier-league,2017-2018,Swansea City,2288,,Centre-Forward,28,15.0,15,704.0
premier-league,2017-2018,Swansea City,2288,,Right Winger,29,31.0,24,1307.0
premier-league,2017-2018,Swansea City,2288,,Left Winger,32,27.0,15,432.0
premier-league,2017-2018,Brighton & Hove Albion,1237,,Goalkeeper,21,,0,0.0
premier-league,2017-2018,Brighton & Hove Albion,1237,,Goalkeeper,25,38.0,38,3420.0
premier-league,2017-2018,Brighton & Hove Albion,1237,,Goalkeeper,32,5.0,0,0.0
premier-league,2017-2018,Brighton & Hove Albion,1237,,Goalkeeper,29,33.0,0,0.0
premier-league,2017-2018,Brighton & Hove Albion,1237,,Centre-Back,25,38.0,38,3420.0
premier-league,2017-2018,Brighton & Hove Albion,1237,,Centre-Back,24,31.0,3,199.0
premier-league,2017-2018,Brighton & Hove Albion,1237,,Centre-Back,21,,0,0.0
premier-league,2017-2018,Brighton & Hove Albion,1237,,Centre-Back,25,37.0,37,3294.0
premier-league,2017-2018,Brighton & Hove Albion,1237,,Right-Back,36,35.0,25,2017.0
premier-league,2017-2018,Brighton & Hove Albion,1237,,Left-Back,29,27.0,25,2239.0
premier-league,2017-2018,Brighton & Hove Albion,1237,,Centre-Back,31,10.0,1,17.0
premier-league,2017-2018,Brighton & Hove Albion,1237,,Right-Back,32,8.0,3,163.0
premier-league,2017-2018,Brighton & Hove Albion,1237,,Left-Back,30,22.0,14,1177.0
premier-league,2017-2018,Brighton & Hove Albion,1237,,Central Midfield,17,3.0,0,0.0
premier-league,2017-2018,Brighton & Hove Albion,1237,,Central Midfield,26,38.0,38,2949.0
premier-league,2017-2018,Brighton & Hove Albion,1237,,Central Midfield,18,,0,0.0
premier-league,2017-2018,Brighton & Hove Albion,1237,,Central Midfield,26,,0,0.0
premier-league,2017-2018,Brighton & Hove Albion,1237,,Central Midfield,28,36.0,36,3240.0
premier-league,2017-2018,Brighton & Hove Albion,1237,,Central Midfield,29,26.0,19,740.0
premier-league,2017-2018,Brighton & Hove Albion,1237,,Central Midfield,34,2.0,0,0.0
premier-league,2017-2018,Brighton & Hove Albion,1237,,Right Midfield,28,34.0,20,1315.0
premier-league,2017-2018,Brighton & Hove Albion,1237,,Central Midfield,25,35.0,35,3120.0
premier-league,2017-2018,Brighton & Hove Albion,1237,,Defensive Midfield,24,,0,0.0
premier-league,2017-2018,Brighton & Hove Albion,1237,,Attacking Midfield,25,,0,0.0
premier-league,2017-2018,Brighton & Hove Albion,1237,,Defensive Midfield,20,,0,0.0
premier-league,2017-2018,Brighton & Hove Albion,1237,,Centre-Forward,17,,0,0.0
premier-league,2017-2018,Brighton & Hove Albion,1237,,Right Winger,22,38.0,36,1843.0
premier-league,2017-2018,Brighton & Hove Albion,1237,,Right Winger,19,,0,0.0
premier-league,2017-2018,Brighton & Hove Albion,1237,,Left Winger,21,,0,0.0
premier-league,2017-2018,Brighton & Hove Albion,1237,,Centre-Forward,23,12.0,6,223.0
premier-league,2017-2018,Brighton & Hove Albion,1237,,Left Winger,25,3.0,0,0.0
premier-league,2017-2018,Brighton & Hove Albion,1237,,Left Winger,27,6.0,4,166.0
premier-league,2017-2018,Brighton & Hove Albion,1237,,Centre-Forward,28,12.0,2,30.0
premier-league,2017-2018,Brighton & Hove Albion,1237,,Centre-Forward,30,22.0,16,847.0
premier-league,2017-2018,Brighton & Hove Albion,1237,,Right Winger,25,34.0,33,2426.0
premier-league,2017-2018,Brighton & Hove Albion,1237,,Centre-Forward,30,13.0,10,262.0
premier-league,2017-2018,Brighton & Hove Albion,1237,,Centre-Forward,33,36.0,35,2198.0
premier-league,2017-2018,Brighton & Hove Albion,1237,,Left Winger,24,35.0,32,1987.0
premier-league,2017-2018,Brighton & Hove Albion,1237,,Left Winger,20,15.0,13,315.0
premier-league,2017-2018,AFC Bournemouth,989,,Goalkeeper,19,1.0,0,0.0
premier-league,2017-2018,AFC Bournemouth,989,,Goalkeeper,25,,0,0.0
premier-league,2017-2018,AFC Bournemouth,989,,Goalkeeper,30,38.0,38,3420.0
premier-league,2017-2018,AFC Bournemouth,989,,Goalkeeper,37,37.0,0,0.0
premier-league,2017-2018,AFC Bournemouth,989,,Goalkeeper,32,,0,0.0
premier-league,2017-2018,AFC Bournemouth,989,,Centre-Back,22,38.0,38,3353.0
premier-league,2017-2018,AFC Bournemouth,989,,Centre-Back,24,8.0,4,202.0
premier-league,2017-2018,AFC Bournemouth,989,,Right-Back,26,28.0,27,2068.0
premier-league,2017-2018,AFC Bournemouth,989,,Left-Back,23,8.0,0,0.0
premier-league,2017-2018,AFC Bournemouth,989,,Centre-Back,20,17.0,1,72.0
premier-league,2017-2018,AFC Bournemouth,989,,Centre-Back,26,37.0,34,2766.0
premier-league,2017-2018,AFC Bournemouth,989,,Centre-Back,21,,0,0.0
premier-league,2017-2018,AFC Bournemouth,989,,Right-Back,32,32.0,32,2707.0
premier-league,2017-2018,AFC Bournemouth,989,,Left-Back,30,36.0,35,3004.0
premier-league,2017-2018,AFC Bournemouth,989,,Left-Back,29,,0,0.0
premier-league,2017-2018,AFC Bournemouth,989,,Centre-Back,19,,0,0.0
premier-league,2017-2018,AFC Bournemouth,989,,Central Midfield,20,35.0,29,2239.0
premier-league,2017-2018,AFC Bournemouth,989,,Defensive Midfield,20,1.0,0,0.0
premier-league,2017-2018,AFC Bournemouth,989,,Central Midfield,21,3.0,1,59.0
premier-league,2017-2018,AFC Bournemouth,989,,Central Midfield,17,4.0,0,0.0
premier-league,2017-2018,AFC Bournemouth,989,,Central Midfield,27,38.0,28,1948.0
premier-league,2017-2018,AFC Bournemouth,989,,Central Midfield,30,36.0,25,1852.0
premier-league,2017-2018,AFC Bournemouth,989,,Central Midfield,27,24.0,13,962.0
premier-league,2017-2018,AFC Bournemouth,989,,Centre-Forward,25,29.0,28,1991.0
premier-league,2017-2018,AFC Bournemouth,989,,Left Winger,23,35.0,26,2010.0
premier-league,2017-2018,AFC Bournemouth,989,,Centre-Forward,25,33.0,33,2456.0
premier-league,2017-2018,AFC Bournemouth,989,,Centre-Forward,18,,0,0.0
premier-league,2017-2018,AFC Bournemouth,989,,Right Winger,20,2.0,0,0.0
premier-league,2017-2018,AFC Bournemouth,989,,Centre-Forward,21,32.0,23,585.0
premier-league,2017-2018,AFC Bournemouth,989,,Right Winger,21,35.0,32,2005.0
premier-league,2017-2018,AFC Bournemouth,989,,Centre-Forward,29,,0,0.0
premier-league,2017-2018,AFC Bournemouth,989,,Centre-Forward,24,21.0,17,544.0
premier-league,2017-2018,AFC Bournemouth,989,,Left Winger,30,31.0,20,982.0
premier-league,2017-2018,AFC Bournemouth,989,,Centre-Forward,34,26.0,24,1097.0
premier-league,2017-2018,AFC Bournemouth,989,,Left Winger,27,19.0,19,1293.0
premier-league,2017-2018,Huddersfield Town,1110,,Goalkeeper,17,,0,0.0
premier-league,2017-2018,Huddersfield Town,1110,,Goalkeeper,21,30.0,0,0.0
premier-league,2017-2018,Huddersfield Town,1110,,Goalkeeper,28,38.0,38,3420.0
premier-league,2017-2018,Huddersfield Town,1110,,Goalkeeper,37,8.0,0,0.0
premier-league,2017-2018,Huddersfield Town,1110,,Right-Back,17,,0,0.0
premier-league,2017-2018,Huddersfield Town,1110,,Centre-Back,27,38.0,38,3420.0
premier-league,2017-2018,Huddersfield Town,1110,,Left-Back,26,34.0,22,1114.0
premier-league,2017-2018,Huddersfield Town,1110,,Centre-Back,30,16.0,3,181.0
premier-league,2017-2018,Huddersfield Town,1110,,Left-Back,21,,0,0.0
premier-league,2017-2018,Huddersfield Town,1110,,Right-Back,25,36.0,24,1908.0
premier-league,2017-2018,Huddersfield Town,1110,,Centre-Back,23,14.0,13,1049.0
premier-league,2017-2018,Huddersfield Town,1110,,Left-Back,28,31.0,23,1596.0
premier-league,2017-2018,Huddersfield Town,1110,,Centre-Back,27,37.0,37,3266.0
premier-league,2017-2018,Huddersfield Town,1110,,Centre-Back,26,11.0,2,32.0
premier-league,2017-2018,Huddersfield Town,1110,,Central Midfield,18,,0,0.0
premier-league,2017-2018,Huddersfield Town,1110,,Central Midfield,21,20.0,16,760.0
premier-league,2017-2018,Huddersfield Town,1110,,Defensive Midfield,21,3.0,0,0.0
premier-league,2017-2018,Huddersfield Town,1110,,Right Midfield,22,33.0,23,1671.0
premier-league,2017-2018,Huddersfield Town,1110,,Attacking Midfield,20,4.0,4,169.0
premier-league,2017-2018,Huddersfield Town,1110,,Attacking Midfield,20,13.0,5,219.0
premier-league,2017-2018,Huddersfield Town,1110,,Attacking Midfield,22,,0,0.0
premier-league,2017-2018,Huddersfield Town,1110,,Attacking Midfield,24,16.0,14,1002.0
premier-league,2017-2018,Huddersfield Town,1110,,Defensive Midfield,28,32.0,30,2410.0
premier-league,2017-2018,Huddersfield Town,1110,,Central Midfield,35,10.0,4,68.0
premier-league,2017-2018,Huddersfield Town,1110,,Central Midfield,26,36.0,36,3067.0
premier-league,2017-2018,Huddersfield Town,1110,,Defensive Midfield,28,26.0,20,1116.0
premier-league,2017-2018,Huddersfield Town,1110,,Centre-Forward,22,34.0,28,1858.0
premier-league,2017-2018,Huddersfield Town,1110,,Right Winger,24,8.0,6,219.0
premier-league,2017-2018,Huddersfield Town,1110,,Right Winger,25,36.0,33,2457.0
premier-league,2017-2018,Huddersfield Town,1110,,Left Winger,26,34.0,33,2151.0
premier-league,2017-2018,Huddersfield Town,1110,,Centre-Forward,25,20.0,19,1338.0
premier-league,2017-2018,Huddersfield Town,1110,,Centre-Forward,22,,0,0.0
premier-league,2017-2018,Huddersfield Town,1110,,Right Winger,26,,0,0.0
premier-league,2017-2018,Huddersfield Town,1110,,Centre-Forward,28,35.0,33,1809.0
premier-league,2017-2018,Huddersfield Town,1110,,Centre-Forward,26,31.0,26,1271.0
premier-league,2018-2019,Manchester City,281,,Goalkeeper,24,38.0,38,3420.0
premier-league,2018-2019,Manchester City,281,,Goalkeeper,19,36.0,0,0.0
premier-league,2018-2019,Manchester City,281,,Goalkeeper,20,,0,0.0
premier-league,2018-2019,Manchester City,281,,Goalkeeper,35,2.0,0,0.0
premier-league,2018-2019,Manchester City,281,,Centre-Back,17,,0,0.0
premier-league,2018-2019,Manchester City,281,,Centre-Back,24,34.0,24,1763.0
premier-league,2018-2019,Manchester City,281,,Centre-Back,24,36.0,35,3057.0
premier-league,2018-2019,Manchester City,281,,Left-Back,21,21.0,14,1153.0
premier-league,2018-2019,Manchester City,281,,Centre-Back,24,,0,0.0
premier-league,2018-2019,Manchester City,281,,Centre-Back,26,26.0,11,806.0
premier-league,2018-2019,Manchester City,281,,Centre-Back,21,1.0,0,0.0
premier-league,2018-2019,Manchester City,281,,Centre-Back,21,,0,0.0
premier-league,2018-2019,Manchester City,281,,Right-Back,28,37.0,33,2777.0
premier-league,2018-2019,Manchester City,281,,Centre-Back,30,35.0,18,1234.0
premier-league,2018-2019,Manchester City,281,,Centre-Back,19,,0,0.0
premier-league,2018-2019,Manchester City,281,,Left-Back,23,11.0,10,900.0
premier-league,2018-2019,Manchester City,281,,Right-Back,18,,0,0.0
premier-league,2018-2019,Manchester City,281,,Centre-Back,32,26.0,17,1223.0
premier-league,2018-2019,Manchester City,281,,Centre-Back,27,,0,0.0
premier-league,2018-2019,Manchester City,281,,Attacking Midfield,18,29.0,13,329.0
premier-league,2018-2019,Manchester City,281,,Central Midfield,17,,0,0.0
premier-league,2018-2019,Manchester City,281,,Attacking Midfield,23,37.0,36,2853.0
premier-league,2018-2019,Manchester City,281,,Central Midfield,21,,0,0.0
premier-league,2018-2019,Manchester City,281,,Central Midfield,20,,0,0.0
premier-league,2018-2019,Manchester City,281,,Central Midfield,17,,0,0.0
premier-league,2018-2019,Manchester City,281,,Attacking Midfield,27,20.0,19,974.0
premier-league,2018-2019,Manchester City,281,,Central Midfield,27,32.0,31,2135.0
premier-league,2018-2019,Manchester City,281,,Defensive Midfield,17,,0,0.0
premier-league,2018-2019,Manchester City,281,,Attacking Midfield,18,,0,0.0
premier-league,2018-2019,Manchester City,281,,Right Midfield,17,,0,0.0
premier-league,2018-2019,Manchester City,281,,Attacking Midfield,25,,0,0.0
premier-league,2018-2019,Manchester City,281,,Defensive Midfield,28,,0,0.0
premier-league,2018-2019,Manchester City,281,,Central Midfield,17,,0,0.0
premier-league,2018-2019,Manchester City,281,,Central Midfield,27,,0,0.0
premier-league,2018-2019,Manchester City,281,,Central Midfield,28,17.0,11,728.0
premier-league,2018-2019,Manchester City,281,,Attacking Midfield,32,35.0,33,2411.0
premier-league,2018-2019,Manchester City,281,,Defensive Midfield,33,29.0,29,2381.0
premier-league,2018-2019,Manchester City,281,,Right Winger,18,,0,0.0
premier-league,2018-2019,Manchester City,281,,Right Winger,22,37.0,31,1867.0
premier-league,2018-2019,Manchester City,281,,Centre-Forward,21,36.0,29,1021.0
premier-league,2018-2019,Manchester City,281,,Left Winger,21,,0,0.0
premier-league,2018-2019,Manchester City,281,,Right Winger,27,37.0,27,1339.0
premier-league,2018-2019,Manchester City,281,,Right Winger,21,,0,0.0
premier-league,2018-2019,Manchester City,281,,Right Winger,23,38.0,34,2777.0
premier-league,2018-2019,Manchester City,281,,Right Winger,18,,0,0.0
premier-league,2018-2019,Manchester City,281,,Left Winger,21,,0,0.0
premier-league,2018-2019,Manchester City,281,,Centre-Forward,30,34.0,33,2480.0
premier-league,2018-2019,Liverpool FC,31,,Goalkeeper,19,,0,0.0
premier-league,2018-2019,Liverpool FC,31,,Goalkeeper,25,38.0,38,3420.0
premier-league,2018-2019,Liverpool FC,31,,Goalkeeper,19,,0,0.0
premier-league,2018-2019,Liverpool FC,31,,Goalkeeper,25,1.0,0,0.0
premier-league,2018-2019,Liverpool FC,31,,Goalkeeper,30,37.0,0,0.0
premier-league,2018-2019,Liverpool FC,31,,Goalkeeper,30,,0,0.0
premier-league,2018-2019,Liverpool FC,31,,Right-Back,19,33.0,29,2467.0
premier-league,2018-2019,Liverpool FC,31,,Centre-Back,26,38.0,38,3385.0
premier-league,2018-2019,Liverpool FC,31,,Centre-Back,21,18.0,16,1060.0
premier-league,2018-2019,Liverpool FC,31,,Left-Back,24,37.0,36,3219.0
premier-league,2018-2019,Liverpool FC,31,,Right-Back,16,,0,0.0
premier-league,2018-2019,Liverpool FC,31,,Left-Back,25,18.0,2,156.0
premier-league,2018-2019,Liverpool FC,31,,Centre-Back,28,19.0,13,986.0
premier-league,2018-2019,Liverpool FC,31,,Right-Back,27,6.0,4,108.0
premier-league,2018-2019,Liverpool FC,31,,Right-Back,22,,0,0.0
premier-league,2018-2019,Liverpool FC,31,,Centre-Back,26,31.0,22,1535.0
premier-league,2018-2019,Liverpool FC,31,,Central Midfield,17,1.0,0,0.0
premier-league,2018-2019,Liverpool FC,31,,Defensive Midfield,24,34.0,28,2013.0
premier-league,2018-2019,Liverpool FC,31,,Central Midfield,27,35.0,35,2736.0
premier-league,2018-2019,Liverpool FC,31,,Defensive Midfield,22,,0,0.0
premier-league,2018-2019,Liverpool FC,31,,Central Midfield,23,32.0,25,1395.0
premier-league,2018-2019,Liverpool FC,31,,Attacking Midfield,26,37.0,24,1058.0
premier-league,2018-2019,Liverpool FC,31,,Defensive Midfield,28,33.0,32,1982.0
premier-league,2018-2019,Liverpool FC,31,,Central Midfield,24,3.0,2,19.0
premier-league,2018-2019,Liverpool FC,31,,Attacking Midfield,18,,0,0.0
premier-league,2018-2019,Liverpool FC,31,,Attacking Midfield,20,,0,0.0
premier-league,2018-2019,Liverpool FC,31,,Central Midfield,32,33.0,31,1786.0
premier-league,2018-2019,Liverpool FC,31,,Attacking Midfield,30,24.0,13,464.0
premier-league,2018-2019,Liverpool FC,31,,Centre-Forward,20,,0,0.0
premier-league,2018-2019,Liverpool FC,31,,Right Winger,21,,0,0.0
premier-league,2018-2019,Liverpool FC,31,,Right Winger,26,38.0,38,3261.0
premier-league,2018-2019,Liverpool FC,31,,Left Winger,26,36.0,36,3086.0
premier-league,2018-2019,Liverpool FC,31,,Centre-Forward,26,34.0,34,2620.0
premier-league,2018-2019,Liverpool FC,31,,Centre-Forward,18,,0,0.0
premier-league,2018-2019,Liverpool FC,31,,Centre-Forward,25,,0,0.0
premier-league,2018-2019,Liverpool FC,31,,Right Winger,21,,0,0.0
premier-league,2018-2019,Liverpool FC,31,,Right Winger,18,8.0,1,1.0
premier-league,2018-2019,Liverpool FC,31,,Centre-Forward,28,35.0,18,499.0
premier-league,2018-2019,Liverpool FC,31,,Centre-Forward,23,25.0,12,367.0
premier-league,2018-2019,Chelsea FC,631,,Goalkeeper,23,38.0,36,3240.0
premier-league,2018-2019,Chelsea FC,631,,Goalkeeper,35,,0,0.0
premier-league,2018-2019,Chelsea FC,631,,Goalkeeper,36,38.0,2,180.0
premier-league,2018-2019,Chelsea FC,631,,Goalkeeper,38,,0,0.0
premier-league,2018-2019,Chelsea FC,631,,Goalkeeper,24,,0,0.0
premier-league,2018-2019,Chelsea FC,631,,Centre-Back,17,1.0,0,0.0
premier-league,2018-2019,Chelsea FC,631,,Right-Back,21,,0,0.0
premier-league,2018-2019,Chelsea FC,631,,Left-Back,23,16.0,10,660.0
premier-league,2018-2019,Chelsea FC,631,,Centre-Back,22,30.0,8,615.0
premier-league,2018-2019,Chelsea FC,631,,Centre-Back,25,35.0,33,2874.0
premier-league,2018-2019,Chelsea FC,631,,Left-Back,23,,0,0.0
premier-league,2018-2019,Chelsea FC,631,,Centre-Back,22,,0,0.0
premier-league,2018-2019,Chelsea FC,631,,Centre-Back,27,32.0,31,2761.0
premier-league,2018-2019,Chelsea FC,631,,Centre-Back,24,,0,0.0
premier-league,2018-2019,Chelsea FC,631,,Centre-Back,25,,0,0.0
premier-league,2018-2019,Chelsea FC,631,,Centre-Back,31,38.0,36,3239.0
premier-league,2018-2019,Chelsea FC,631,,Centre-Back,25,,0,0.0
premier-league,2018-2019,Chelsea FC,631,,Right-Back,24,,0,0.0
premier-league,2018-2019,Chelsea FC,631,,Centre-Back,23,,0,0.0
premier-league,2018-2019,Chelsea FC,631,,Centre-Back,32,10.0,2,22.0
premier-league,2018-2019,Chelsea FC,631,,Centre-Back,28,38.0,38,3403.0
premier-league,2018-2019,Chelsea FC,631,,Defensive Midfield,17,4.0,0,0.0
premier-league,2018-2019,Chelsea FC,631,,Central Midfield,24,36.0,32,1744.0
premier-league,2018-2019,Chelsea FC,631,,Central Midfield,22,26.0,24,982.0
premier-league,2018-2019,Chelsea FC,631,,Central Midfield,23,,0,0.0
premier-league,2018-2019,Chelsea FC,631,,Defensive Midfield,26,38.0,37,3165.0
premier-league,2018-2019,Chelsea FC,631,,Defensive Midfield,27,37.0,36,3095.0
premier-league,2018-2019,Chelsea FC,631,,Central Midfield,24,36.0,27,1255.0
premier-league,2018-2019,Chelsea FC,631,,Right Midfield,26,23.0,4,125.0
premier-league,2018-2019,Chelsea FC,631,,Central Midfield,23,,0,0.0
premier-league,2018-2019,Chelsea FC,631,,Attacking Midfield,22,,0,0.0
premier-league,2018-2019,Chelsea FC,631,,Defensive Midfield,23,,0,0.0
premier-league,2018-2019,Chelsea FC,631,,Central Midfield,17,,0,0.0
premier-league,2018-2019,Chelsea FC,631,,Attacking Midfield,24,,0,0.0
premier-league,2018-2019,Chelsea FC,631,,Attacking Midfield,21,,0,0.0
premier-league,2018-2019,Chelsea FC,631,,Central Midfield,31,15.0,6,175.0
premier-league,2018-2019,Chelsea FC,631,,Central Midfield,28,1.0,0,0.0
premier-league,2018-2019,Chelsea FC,631,,Central Midfield,25,,0,0.0
premier-league,2018-2019,Chelsea FC,631,,Right Winger,19,,0,0.0
premier-league,2018-2019,Chelsea FC,631,,Left Winger,17,13.0,10,391.0
premier-league,2018-2019,Chelsea FC,631,,Centre-Forward,20,,0,0.0
premier-league,2018-2019,Chelsea FC,631,,Centre-Forward,25,17.0,16,948.0
premier-league,2018-2019,Chelsea FC,631,,Centre-Forward,24,,0,0.0
premier-league,2018-2019,Chelsea FC,631,,Right Winger,30,33.0,31,1780.0
premier-league,2018-2019,Chelsea FC,631,,Centre-Forward,31,36.0,27,833.0
premier-league,2018-2019,Chelsea FC,631,,Left Winger,22,,0,0.0
premier-league,2018-2019,Chelsea FC,631,,Left Winger,29,37.0,32,2109.0
premier-league,2018-2019,Chelsea FC,631,,Right Winger,27,4.0,2,28.0
premier-league,2018-2019,Chelsea FC,631,,Centre-Forward,30,15.0,14,1092.0
premier-league,2018-2019,Chelsea FC,631,,Left Winger,27,37.0,37,2926.0
premier-league,2018-2019,Chelsea FC,631,,Left Winger,21,,0,0.0
premier-league,2018-2019,Tottenham Hotspur,148,,Goalkeeper,26,35.0,3,270.0
premier-league,2018-2019,Tottenham Hotspur,148,,Goalkeeper,31,33.0,33,2970.0
premier-league,2018-2019,Tottenham Hotspur,148,,Goalkeeper,34,6.0,2,180.0
premier-league,2018-2019,Tottenham Hotspur,148,,Goalkeeper,19,2.0,0,0.0
premier-league,2018-2019,Tottenham Hotspur,148,,Centre-Back,22,30.0,23,1943.0
premier-league,2018-2019,Tottenham Hotspur,148,,Right-Back,21,23.0,6,376.0
premier-league,2018-2019,Tottenham Hotspur,148,,Centre-Back,20,,0,0.0
premier-league,2018-2019,Tottenham Hotspur,148,,Centre-Back,20,23.0,12,890.0
premier-league,2018-2019,Tottenham Hotspur,148,,Centre-Back,24,24.0,20,1512.0
premier-league,2018-2019,Tottenham Hotspur,148,,Centre-Back,25,34.0,27,1839.0
premier-league,2018-2019,Tottenham Hotspur,148,,Right-Back,27,31.0,27,2279.0
premier-league,2018-2019,Tottenham Hotspur,148,,Right-Back,25,19.0,8,563.0
premier-league,2018-2019,Tottenham Hotspur,148,,Centre-Back,18,1.0,0,0.0
premier-league,2018-2019,Tottenham Hotspur,148,,Left-Back,27,31.0,26,1804.0
premier-league,2018-2019,Tottenham Hotspur,148,,Centre-Back,29,37.0,34,2923.0
premier-league,2018-2019,Tottenham Hotspur,148,,Centre-Back,31,23.0,22,1914.0
premier-league,2018-2019,Tottenham Hotspur,148,,Defensive Midfield,17,21.0,8,216.0
premier-league,2018-2019,Tottenham Hotspur,148,,Defensive Midfield,22,28.0,26,1592.0
premier-league,2018-2019,Tottenham Hotspur,148,,Attacking Midfield,26,36.0,35,2772.0
premier-league,2018-2019,Tottenham Hotspur,148,,Attacking Midfield,22,25.0,25,1832.0
premier-league,2018-2019,Tottenham Hotspur,148,,Central Midfield,21,1.0,1,2.0
premier-league,2018-2019,Tottenham Hotspur,148,,Central Midfield,21,,0,0.0
premier-league,2018-2019,Tottenham Hotspur,148,,Central Midfield,28,30.0,29,2337.0
premier-league,2018-2019,Tottenham Hotspur,148,,Defensive Midfield,27,20.0,13,513.0
premier-league,2018-2019,Tottenham Hotspur,148,,Central Midfield,30,10.0,10,516.0
premier-league,2018-2019,Tottenham Hotspur,148,,Defensive Midfield,19,2.0,0,0.0
premier-league,2018-2019,Tottenham Hotspur,148,,Centre-Forward,24,28.0,28,2428.0
premier-league,2018-2019,Tottenham Hotspur,148,,Left Winger,25,33.0,31,2048.0
premier-league,2018-2019,Tottenham Hotspur,148,,Centre-Forward,24,5.0,3,36.0
premier-league,2018-2019,Tottenham Hotspur,148,,Left Winger,23,3.0,1,4.0
premier-league,2018-2019,Tottenham Hotspur,148,,Right Winger,25,36.0,32,2128.0
premier-league,2018-2019,Tottenham Hotspur,148,,Right Winger,26,23.0,19,972.0
premier-league,2018-2019,Tottenham Hotspur,148,,Centre-Forward,33,30.0,20,684.0
premier-league,2018-2019,Tottenham Hotspur,148,,Centre-Forward,19,1.0,0,0.0
premier-league,2018-2019,Manchester United,985,,Goalkeeper,27,38.0,38,3420.0
premier-league,2018-2019,Manchester United,985,,Goalkeeper,22,,0,0.0
premier-league,2018-2019,Manchester United,985,,Goalkeeper,35,9.0,0,0.0
premier-league,2018-2019,Manchester United,985,,Goalkeeper,31,29.0,0,0.0
premier-league,2018-2019,Manchester United,985,,Right-Back,19,22.0,16,1019.0
premier-league,2018-2019,Manchester United,985,,Left-Back,22,30.0,29,2592.0
premier-league,2018-2019,Manchester United,985,,Centre-Back,23,32.0,30,2602.0
premier-league,2018-2019,Manchester United,985,,Centre-Back,20,,0,0.0
premier-league,2018-2019,Manchester United,985,,Right-Back,28,16.0,6,444.0
premier-league,2018-2019,Manchester United,985,,Centre-Back,24,21.0,12,639.0
premier-league,2018-2019,Manchester United,985,,Centre-Back,28,28.0,24,2128.0
premier-league,2018-2019,Manchester United,985,,Left-Back,17,,0,0.0
premier-league,2018-2019,Manchester United,985,,Right-Back,20,,0,0.0
premier-league,2018-2019,Manchester United,985,,Centre-Back,28,11.0,5,211.0
premier-league,2018-2019,Manchester United,985,,Left-Back,21,,0,0.0
premier-league,2018-2019,Manchester United,985,,Centre-Back,26,22.0,18,1262.0
premier-league,2018-2019,Manchester United,985,,Right-Back,32,36.0,30,2569.0
premier-league,2018-2019,Manchester United,985,,Right-Back,32,9.0,6,466.0
premier-league,2018-2019,Manchester United,985,,Defensive Midfield,17,2.0,1,1.0
premier-league,2018-2019,Manchester United,985,,Central Midfield,21,23.0,16,862.0
premier-league,2018-2019,Manchester United,985,,Central Midfield,22,23.0,15,594.0
premier-league,2018-2019,Manchester United,985,,Attacking Midfield,17,3.0,2,25.0
premier-league,2018-2019,Manchester United,985,,Central Midfield,25,32.0,17,1044.0
premier-league,2018-2019,Manchester United,985,,Attacking Midfield,18,3.0,2,37.0
premier-league,2018-2019,Manchester United,985,,Central Midfield,25,37.0,35,3012.0
premier-league,2018-2019,Manchester United,985,,Attacking Midfield,25,29.0,27,1670.0
premier-league,2018-2019,Manchester United,985,,Defensive Midfield,29,30.0,28,2441.0
premier-league,2018-2019,Manchester United,985,,Central Midfield,28,25.0,22,1404.0
premier-league,2018-2019,Manchester United,985,,Attacking Midfield,30,33.0,22,1300.0
premier-league,2018-2019,Manchester United,985,,Central Midfield,30,17.0,14,752.0
premier-league,2018-2019,Manchester United,985,,Right Winger,16,3.0,3,115.0
premier-league,2018-2019,Manchester United,985,,Left Winger,20,35.0,33,2344.0
premier-league,2018-2019,Manchester United,985,,Centre-Forward,25,33.0,32,2130.0
premier-league,2018-2019,Manchester United,985,,Centre-Forward,22,30.0,27,1632.0
premier-league,2018-2019,Manchester United,985,,Second Striker,29,23.0,20,877.0
premier-league,2018-2019,Manchester United,985,,Centre-Forward,22,,0,0.0
premier-league,2018-2019,Arsenal FC,11,,Goalkeeper,25,2.0,0,0.0
premier-league,2018-2019,Arsenal FC,11,,Goalkeeper,26,38.0,32,2835.0
premier-league,2018-2019,Arsenal FC,11,,Goalkeeper,23,,0,0.0
premier-league,2018-2019,Arsenal FC,11,,Goalkeeper,23,,0,0.0
premier-league,2018-2019,Arsenal FC,11,,Goalkeeper,29,,0,0.0
premier-league,2018-2019,Arsenal FC,11,,Goalkeeper,36,36.0,7,585.0
premier-league,2018-2019,Arsenal FC,11,,Centre-Back,20,7.0,4,149.0
premier-league,2018-2019,Arsenal FC,11,,Right-Back,20,23.0,16,986.0
premier-league,2018-2019,Arsenal FC,11,,Centre-Back,25,29.0,24,1890.0
premier-league,2018-2019,Arsenal FC,11,,Centre-Back,22,14.0,10,807.0
premier-league,2018-2019,Arsenal FC,11,,Right-Back,23,19.0,19,1536.0
premier-league,2018-2019,Arsenal FC,11,,Centre-Back,20,,0,0.0
premier-league,2018-2019,Arsenal FC,11,,Centre-Back,23,,0,0.0
premier-league,2018-2019,Arsenal FC,11,,Centre-Back,21,,0,0.0
premier-league,2018-2019,Arsenal FC,11,,Right-Back,19,,0,0.0
premier-league,2018-2019,Arsenal FC,11,,Centre-Back,17,1.0,0,0.0
premier-league,2018-2019,Arsenal FC,11,,Right-Back,26,5.0,3,165.0
premier-league,2018-2019,Arsenal FC,11,,Centre-Back,30,28.0,25,2199.0
premier-league,2018-2019,Arsenal FC,11,,Centre-Back,32,19.0,17,1330.0
premier-league,2018-2019,Arsenal FC,11,,Right-Back,34,27.0,14,940.0
premier-league,2018-2019,Arsenal FC,11,,Left-Back,32,26.0,22,1861.0
premier-league,2018-2019,Arsenal FC,11,,Centre-Back,26,35.0,31,2615.0
premier-league,2018-2019,Arsenal FC,11,,Central Midfield,19,37.0,33,2142.0
premier-league,2018-2019,Arsenal FC,11,,Attacking Midfield,17,3.0,0,0.0
premier-league,2018-2019,Arsenal FC,11,,Central Midfield,18,6.0,2,64.0
premier-league,2018-2019,Arsenal FC,11,,Defensive Midfield,22,34.0,34,2380.0
premier-league,2018-2019,Arsenal FC,11,,Defensive Midfield,25,31.0,29,2501.0
premier-league,2018-2019,Arsenal FC,11,,Central Midfield,29,28.0,25,1644.0
premier-league,2018-2019,Arsenal FC,11,,Defensive Midfield,25,29.0,8,379.0
premier-league,2018-2019,Arsenal FC,11,,Attacking Midfield,24,8.0,4,71.0
premier-league,2018-2019,Arsenal FC,11,,Defensive Midfield,19,,0,0.0
premier-league,2018-2019,Arsenal FC,11,,Central Midfield,27,31.0,28,1327.0
premier-league,2018-2019,Arsenal FC,11,,Attacking Midfield,29,27.0,24,1746.0
premier-league,2018-2019,Arsenal FC,11,,Right Winger,16,3.0,1,7.0
premier-league,2018-2019,Arsenal FC,11,,Left Winger,22,36.0,35,1972.0
premier-league,2018-2019,Arsenal FC,11,,Centre-Forward,19,19.0,5,63.0
premier-league,2018-2019,Arsenal FC,11,,Left Winger,18,,0,0.0
premier-league,2018-2019,Arsenal FC,11,,Centre-Forward,27,37.0,35,2505.0
premier-league,2018-2019,Arsenal FC,11,,Centre-Forward,27,10.0,8,154.0
premier-league,2018-2019,Arsenal FC,11,,Centre-Forward,29,36.0,36,2732.0
premier-league,2018-2019,Arsenal FC,11,,Right Winger,23,,0,0.0
premier-league,2018-2019,Arsenal FC,11,,Centre-Forward,17,,0,0.0
premier-league,2018-2019,Everton FC,29,,Goalkeeper,24,38.0,38,3420.0
premier-league,2018-2019,Everton FC,29,,Goalkeeper,18,,0,0.0
premier-league,2018-2019,Everton FC,29,,Goalkeeper,35,38.0,0,0.0
premier-league,2018-2019,Everton FC,29,,Left-Back,24,36.0,35,2966.0
premier-league,2018-2019,Everton FC,29,,Centre-Back,25,35.0,33,2970.0
premier-league,2018-2019,Everton FC,29,,Centre-Back,23,19.0,13,892.0
premier-league,2018-2019,Everton FC,29,,Right-Back,21,16.0,10,792.0
premier-league,2018-2019,Everton FC,29,,Centre-Back,21,8.0,5,407.0
premier-league,2018-2019,Everton FC,29,,Centre-Back,24,1.0,0,0.0
premier-league,2018-2019,Everton FC,29,,Centre-Back,22,,0,0.0
premier-league,2018-2019,Everton FC,29,,Centre-Back,23,,0,0.0
premier-league,2018-2019,Everton FC,29,,Right-Back,29,32.0,29,2560.0
premier-league,2018-2019,Everton FC,29,,Left-Back,25,,0,0.0
premier-league,2018-2019,Everton FC,29,,Centre-Back,33,,0,0.0
premier-league,2018-2019,Everton FC,29,,Left-Back,33,31.0,6,376.0
premier-league,2018-2019,Everton FC,29,,Centre-Back,23,34.0,32,2613.0
premier-league,2018-2019,Everton FC,29,,Centre-Back,35,13.0,7,330.0
premier-league,2018-2019,Everton FC,29,,Centre-Back,28,,0,0.0
premier-league,2018-2019,Everton FC,29,,Attacking Midfield,20,,0,0.0
premier-league,2018-2019,Everton FC,29,,Central Midfield,24,27.0,27,1986.0
premier-league,2018-2019,Everton FC,29,,Central Midfield,20,36.0,16,976.0
premier-league,2018-2019,Everton FC,29,,Defensive Midfield,19,,0,0.0
premier-league,2018-2019,Everton FC,29,,Attacking Midfield,20,3.0,0,0.0
premier-league,2018-2019,Everton FC,29,,Defensive Midfield,28,33.0,33,2825.0
premier-league,2018-2019,Everton FC,29,,Attacking Midfield,28,38.0,38,3134.0
premier-league,2018-2019,Everton FC,29,,Defensive Midfield,25,,0,0.0
premier-league,2018-2019,Everton FC,29,,Central Midfield,27,7.0,1,14.0
premier-league,2018-2019,Everton FC,29,,Defensive Midfield,28,19.0,14,835.0
premier-league,2018-2019,Everton FC,29,,Left Winger,20,30.0,21,601.0
premier-league,2018-2019,Everton FC,29,,Centre-Forward,21,35.0,35,2679.0
premier-league,2018-2019,Everton FC,29,,Centre-Forward,21,37.0,35,1775.0
premier-league,2018-2019,Everton FC,29,,Left Winger,21,,0,0.0
premier-league,2018-2019,Everton FC,29,,Left Winger,25,35.0,34,2128.0
premier-league,2018-2019,Everton FC,29,,Centre-Forward,22,1.0,0,0.0
premier-league,2018-2019,Everton FC,29,,Centre-Forward,27,36.0,25,1050.0
premier-league,2018-2019,Everton FC,29,,Centre-Forward,29,,0,0.0
premier-league,2018-2019,Everton FC,29,,Right Winger,30,,0,0.0
premier-league,2018-2019,Everton FC,29,,Second Striker,23,,0,0.0
premier-league,2018-2019,Everton FC,29,,Right Winger,29,38.0,37,2123.0
premier-league,2018-2019,Everton FC,29,,Centre-Forward,28,8.0,5,63.0
premier-league,2018-2019,Leicester City,1003,,Goalkeeper,25,38.0,0,0.0
premier-league,2018-2019,Leicester City,1003,,Goalkeeper,31,38.0,38,3420.0
premier-league,2018-2019,Leicester City,1003,,Goalkeeper,33,,0,0.0
premier-league,2018-2019,Leicester City,1003,,Left-Back,21,36.0,36,3240.0
premier-league,2018-2019,Leicester City,1003,,Centre-Back,25,32.0,31,2599.0
premier-league,2018-2019,Leicester City,1003,,Centre-Back,22,14.0,6,372.0
premier-league,2018-2019,Leicester City,1003,,Right-Back,24,38.0,35,3125.0
premier-league,2018-2019,Leicester City,1003,,Centre-Back,20,,0,0.0
premier-league,2018-2019,Leicester City,1003,,Centre-Back,20,1.0,0,0.0
premier-league,2018-2019,Leicester City,1003,,Centre-Back,23,10.0,9,640.0
premier-league,2018-2019,Leicester City,1003,,Left-Back,23,,0,0.0
premier-league,2018-2019,Leicester City,1003,,Right-Back,31,13.0,6,291.0
premier-league,2018-2019,Leicester City,1003,,Centre-Back,34,32.0,22,1926.0
premier-league,2018-2019,Leicester City,1003,,Centre-Back,30,34.0,24,1995.0
premier-league,2018-2019,Leicester City,1003,,Left-Back,32,32.0,3,206.0
premier-league,2018-2019,Leicester City,1003,,Central Midfield,21,13.0,13,1092.0
premier-league,2018-2019,Leicester City,1003,,Attacking Midfield,21,37.0,36,2849.0
premier-league,2018-2019,Leicester City,1003,,Defensive Midfield,21,38.0,38,3298.0
premier-league,2018-2019,Leicester City,1003,,Defensive Midfield,20,13.0,9,597.0
premier-league,2018-2019,Leicester City,1003,,Attacking Midfield,21,,0,0.0
premier-league,2018-2019,Leicester City,1003,,Defensive Midfield,26,35.0,31,2089.0
premier-league,2018-2019,Leicester City,1003,,Central Midfield,26,,0,0.0
premier-league,2018-2019,Leicester City,1003,,Attacking Midfield,21,,0,0.0
premier-league,2018-2019,Leicester City,1003,,Right Midfield,28,29.0,27,1626.0
premier-league,2018-2019,Leicester City,1003,,Defensive Midfield,30,17.0,8,225.0
premier-league,2018-2019,Leicester City,1003,,Central Midfield,29,4.0,2,89.0
premier-league,2018-2019,Leicester City,1003,,Central Midfield,29,,0,0.0
premier-league,2018-2019,Leicester City,1003,,Central Midfield,18,,0,0.0
premier-league,2018-2019,Leicester City,1003,,Left Winger,20,17.0,16,1009.0
premier-league,2018-2019,Leicester City,1003,,Left Winger,22,35.0,34,1996.0
premier-league,2018-2019,Leicester City,1003,,Centre-Forward,21,36.0,30,930.0
premier-league,2018-2019,Leicester City,1003,,Centre-Forward,31,34.0,34,2733.0
premier-league,2018-2019,Leicester City,1003,,Right Winger,22,3.0,1,55.0
premier-league,2018-2019,Leicester City,1003,,Right Winger,26,26.0,19,734.0
premier-league,2018-2019,Leicester City,1003,,Centre-Forward,30,,0,0.0
premier-league,2018-2019,Leicester City,1003,,Centre-Forward,31,,0,0.0
premier-league,2018-2019,Leicester City,1003,,Centre-Forward,32,29.0,21,270.0
premier-league,2018-2019,West Ham United,379,,Goalkeeper,33,38.0,38,3420.0
premier-league,2018-2019,West Ham United,379,,Goalkeeper,31,38.0,0,0.0
premier-league,2018-2019,West Ham United,379,,Centre-Back,21,38.0,33,2970.0
premier-league,2018-2019,West Ham United,379,,Right-Back,18,1.0,1,63.0
premier-league,2018-2019,West Ham United,379,,Left-Back,24,35.0,23,1757.0
premier-league,2018-2019,West Ham United,379,,Centre-Back,26,27.0,23,2014.0
premier-league,2018-2019,West Ham United,379,,Left-Back,24,,0,0.0
premier-league,2018-2019,West Ham United,379,,Left-Back,28,27.0,20,1590.0
premier-league,2018-2019,West Ham United,379,,Centre-Back,19,,0,0.0
premier-league,2018-2019,West Ham United,379,,Centre-Back,30,36.0,24,1871.0
premier-league,2018-2019,West Ham United,379,,Centre-Back,29,,0,0.0
premier-league,2018-2019,West Ham United,379,,Right-Back,33,33.0,26,2091.0
premier-league,2018-2019,West Ham United,379,,Right-Back,25,23.0,15,1086.0
premier-league,2018-2019,West Ham United,379,,Central Midfield,19,36.0,34,3004.0
premier-league,2018-2019,West Ham United,379,,Central Midfield,22,,0,0.0
premier-league,2018-2019,West Ham United,379,,Defensive Midfield,22,,0,0.0
premier-league,2018-2019,West Ham United,379,,Defensive Midfield,18,4.0,0,0.0
premier-league,2018-2019,West Ham United,379,,Attacking Midfield,25,10.0,10,689.0
premier-league,2018-2019,West Ham United,379,,Central Midfield,19,1.0,0,0.0
premier-league,2018-2019,West Ham United,379,,Central Midfield,26,34.0,24,1121.0
premier-league,2018-2019,West Ham United,379,,Defensive Midfield,32,7.0,7,240.0
premier-league,2018-2019,West Ham United,379,,Central Midfield,31,35.0,31,2310.0
premier-league,2018-2019,West Ham United,379,,Attacking Midfield,31,9.0,5,245.0
premier-league,2018-2019,West Ham United,379,,Central Midfield,26,9.0,8,389.0
premier-league,2018-2019,West Ham United,379,,Central Midfield,22,,0,0.0
premier-league,2018-2019,West Ham United,379,,Centre-Forward,29,28.0,28,2004.0
premier-league,2018-2019,West Ham United,379,,Right Winger,20,23.0,17,605.0
premier-league,2018-2019,West Ham United,379,,Left Winger,25,36.0,36,3053.0
premier-league,2018-2019,West Ham United,379,,Right Winger,28,9.0,9,460.0
premier-league,2018-2019,West Ham United,379,,Left Winger,21,5.0,1,18.0
premier-league,2018-2019,West Ham United,379,,Centre-Forward,28,35.0,33,2099.0
premier-league,2018-2019,West Ham United,379,,Centre-Forward,30,29.0,25,1337.0
premier-league,2018-2019,West Ham United,379,,Centre-Forward,29,24.0,15,466.0
premier-league,2018-2019,West Ham United,379,,Centre-Forward,26,,0,0.0
premier-league,2018-2019,West Ham United,379,,Centre-Forward,29,16.0,12,455.0
premier-league,2018-2019,West Ham United,379,,Right Winger,30,36.0,33,2229.0
premier-league,2018-2019,West Ham United,379,,Left Winger,20,1.0,0,0.0
premier-league,2018-2019,AFC Bournemouth,989,,Goalkeeper,20,,0,0.0
premier-league,2018-2019,AFC Bournemouth,989,,Goalkeeper,19,2.0,2,180.0
premier-league,2018-2019,AFC Bournemouth,989,,Goalkeeper,31,36.0,24,2160.0
premier-league,2018-2019,AFC Bournemouth,989,,Goalkeeper,38,38.0,12,1080.0
premier-league,2018-2019,AFC Bournemouth,989,,Centre-Back,23,38.0,38,3412.0
premier-league,2018-2019,AFC Bournemouth,989,,Centre-Back,25,13.0,5,141.0
premier-league,2018-2019,AFC Bournemouth,989,,Centre-Back,20,15.0,13,850.0
premier-league,2018-2019,AFC Bournemouth,989,,Left-Back,25,27.0,12,608.0
premier-league,2018-2019,AFC Bournemouth,989,,Right-Back,27,25.0,25,2073.0
premier-league,2018-2019,AFC Bournemouth,989,,Right-Back,27,15.0,14,1147.0
premier-league,2018-2019,AFC Bournemouth,989,,Left-Back,24,,0,0.0
premier-league,2018-2019,AFC Bournemouth,989,,Centre-Back,21,17.0,6,403.0
premier-league,2018-2019,AFC Bournemouth,989,,Centre-Back,27,31.0,31,2787.0
premier-league,2018-2019,AFC Bournemouth,989,,Right-Back,33,18.0,17,1227.0
premier-league,2018-2019,AFC Bournemouth,989,,Left-Back,31,25.0,21,1585.0
premier-league,2018-2019,AFC Bournemouth,989,,Central Midfield,21,15.0,13,722.0
premier-league,2018-2019,AFC Bournemouth,989,,Defensive Midfield,23,32.0,30,2510.0
premier-league,2018-2019,AFC Bournemouth,989,,Defensive Midfield,21,1.0,0,0.0
premier-league,2018-2019,AFC Bournemouth,989,,Central Midfield,18,2.0,0,0.0
premier-league,2018-2019,AFC Bournemouth,989,,Central Midfield,22,4.0,1,37.0
premier-league,2018-2019,AFC Bournemouth,989,,Central Midfield,28,26.0,25,1743.0
premier-league,2018-2019,AFC Bournemouth,989,,Central Midfield,31,30.0,18,1439.0
premier-league,2018-2019,AFC Bournemouth,989,,Central Midfield,28,,0,0.0
premier-league,2018-2019,AFC Bournemouth,989,,Central Midfield,18,6.0,0,0.0
premier-league,2018-2019,AFC Bournemouth,989,,Centre-Forward,20,11.0,10,349.0
premier-league,2018-2019,AFC Bournemouth,989,,Right Winger,20,33.0,30,2279.0
premier-league,2018-2019,AFC Bournemouth,989,,Centre-Forward,19,10.0,2,11.0
premier-league,2018-2019,AFC Bournemouth,989,,Centre-Forward,26,30.0,30,2535.0
premier-league,2018-2019,AFC Bournemouth,989,,Right Winger,19,,0,0.0
premier-league,2018-2019,AFC Bournemouth,989,,Left Winger,24,38.0,38,3173.0
premier-league,2018-2019,AFC Bournemouth,989,,Centre-Forward,26,35.0,35,2974.0
premier-league,2018-2019,AFC Bournemouth,989,,Right Winger,21,,0,0.0
premier-league,2018-2019,AFC Bournemouth,989,,Centre-Forward,22,34.0,24,350.0
premier-league,2018-2019,AFC Bournemouth,989,,Right Winger,22,31.0,19,795.0
premier-league,2018-2019,AFC Bournemouth,989,,Left Winger,31,3.0,0,0.0
premier-league,2018-2019,AFC Bournemouth,989,,Centre-Forward,35,20.0,4,22.0
premier-league,2018-2019,AFC Bournemouth,989,,Left Winger,28,23.0,23,1027.0
premier-league,2018-2019,Southampton FC,180,,Goalkeeper,22,38.0,12,1080.0
premier-league,2018-2019,Southampton FC,180,,Goalkeeper,30,5.0,1,90.0
premier-league,2018-2019,Southampton FC,180,,Goalkeeper,28,33.0,25,2250.0
premier-league,2018-2019,Southampton FC,180,,Goalkeeper,20,,0,0.0
premier-league,2018-2019,Southampton FC,180,,Goalkeeper,23,,0,0.0
premier-league,2018-2019,Southampton FC,180,,Centre-Back,22,26.0,25,2150.0
premier-league,2018-2019,Southampton FC,180,,Centre-Back,20,2.0,0,0.0
premier-league,2018-2019,Southampton FC,180,,Left-Back,22,28.0,16,1187.0
premier-league,2018-2019,Southampton FC,180,,Right-Back,19,24.0,23,1714.0
premier-league,2018-2019,Southampton FC,180,,Centre-Back,24,17.0,13,1170.0
premier-league,2018-2019,Southampton FC,180,,Centre-Back,25,30.0,23,2030.0
premier-league,2018-2019,Southampton FC,180,,Centre-Back,24,32.0,24,1697.0
premier-league,2018-2019,Southampton FC,180,,Right-Back,17,11.0,1,90.0
premier-league,2018-2019,Southampton FC,180,,Right-Back,26,18.0,18,1496.0
premier-league,2018-2019,Southampton FC,180,,Centre-Back,29,29.0,17,1520.0
premier-league,2018-2019,Southampton FC,180,,Left-Back,23,,0,0.0
premier-league,2018-2019,Southampton FC,180,,Left-Back,28,25.0,24,2160.0
premier-league,2018-2019,Southampton FC,180,,Defensive Midfield,22,33.0,31,2764.0
premier-league,2018-2019,Southampton FC,180,,Central Midfield,23,35.0,26,1942.0
premier-league,2018-2019,Southampton FC,180,,Defensive Midfield,24,23.0,21,1615.0
premier-league,2018-2019,Southampton FC,180,,Central Midfield,23,,0,0.0
premier-league,2018-2019,Southampton FC,180,,Attacking Midfield,24,,0,0.0
premier-league,2018-2019,Southampton FC,180,,Defensive Midfield,27,,0,0.0
premier-league,2018-2019,Southampton FC,180,,Central Midfield,19,10.0,3,110.0
premier-league,2018-2019,Southampton FC,180,,Defensive Midfield,26,33.0,31,2139.0
premier-league,2018-2019,Southampton FC,180,,Central Midfield,26,34.0,29,1432.0
premier-league,2018-2019,Southampton FC,180,,Central Midfield,33,10.0,3,98.0
premier-league,2018-2019,Southampton FC,180,,Attacking Midfield,22,,0,0.0
premier-league,2018-2019,Southampton FC,180,,Left Midfield,19,1.0,1,1.0
premier-league,2018-2019,Southampton FC,180,,Second Striker,23,24.0,16,790.0
premier-league,2018-2019,Southampton FC,180,,Centre-Forward,25,26.0,24,1666.0
premier-league,2018-2019,Southampton FC,180,,Centre-Forward,22,8.0,4,32.0
premier-league,2018-2019,Southampton FC,180,,Right Winger,24,38.0,38,3278.0
premier-league,2018-2019,Southampton FC,180,,Centre-Forward,17,6.0,6,136.0
premier-league,2018-2019,Southampton FC,180,,Centre-Forward,26,12.0,12,470.0
premier-league,2018-2019,Southampton FC,180,,Centre-Forward,27,,0,0.0
premier-league,2018-2019,Southampton FC,180,,Centre-Forward,31,28.0,26,1270.0
premier-league,2018-2019,Southampton FC,180,,Centre-Forward,28,35.0,25,980.0
premier-league,2018-2019,Southampton FC,180,,Right Winger,21,10.0,7,209.0
premier-league,2018-2019,Southampton FC,180,,Centre-Forward,21,,0,0.0
premier-league,2018-2019,Wolverhampton Wanderers,543,,Goalkeeper,24,2.0,1,1.0
premier-league,2018-2019,Wolverhampton Wanderers,543,,Goalkeeper,31,37.0,1,90.0
premier-league,2018-2019,Wolverhampton Wanderers,543,,Goalkeeper,21,,0,0.0
premier-league,2018-2019,Wolverhampton Wanderers,543,,Goalkeeper,30,37.0,37,3330.0
premier-league,2018-2019,Wolverhampton Wanderers,543,,Goalkeeper,20,,0,0.0
premier-league,2018-2019,Wolverhampton Wanderers,543,,Centre-Back,21,6.0,1,1.0
premier-league,2018-2019,Wolverhampton Wanderers,543,,Left-Back,18,2.0,0,0.0
premier-league,2018-2019,Wolverhampton Wanderers,543,,Right-Back,24,34.0,33,2781.0
premier-league,2018-2019,Wolverhampton Wanderers,543,,Centre-Back,28,34.0,19,1144.0
premier-league,2018-2019,Wolverhampton Wanderers,543,,Right-Back,26,38.0,38,3150.0
premier-league,2018-2019,Wolverhampton Wanderers,543,,Centre-Back,25,38.0,38,3420.0
premier-league,2018-2019,Wolverhampton Wanderers,543,,Centre-Back,27,,0,0.0
premier-league,2018-2019,Wolverhampton Wanderers,543,,Centre-Back,22,11.0,0,0.0
premier-league,2018-2019,Wolverhampton Wanderers,543,,Centre-Back,27,36.0,36,3169.0
premier-league,2018-2019,Wolverhampton Wanderers,543,,Right-Back,26,,0,0.0
premier-league,2018-2019,Wolverhampton Wanderers,543,,Centre-Back,21,,0,0.0
premier-league,2018-2019,Wolverhampton Wanderers,543,,Centre-Back,25,,0,0.0
premier-league,2018-2019,Wolverhampton Wanderers,543,,Centre-Back,28,36.0,34,3060.0
premier-league,2018-2019,Wolverhampton Wanderers,543,,Left-Back,18,1.0,0,0.0
premier-league,2018-2019,Wolverhampton Wanderers,543,,Attacking Midfield,18,36.0,26,650.0
premier-league,2018-2019,Wolverhampton Wanderers,543,,Defensive Midfield,21,37.0,35,3009.0
premier-league,2018-2019,Wolverhampton Wanderers,543,,Defensive Midfield,18,,0,0.0
premier-league,2018-2019,Wolverhampton Wanderers,543,,Defensive Midfield,23,27.0,19,1469.0
premier-league,2018-2019,Wolverhampton Wanderers,543,,Left Midfield,19,36.0,17,713.0
premier-league,2018-2019,Wolverhampton Wanderers,543,,Central Midfield,20,,0,0.0
premier-league,2018-2019,Wolverhampton Wanderers,543,,Central Midfield,31,38.0,38,3040.0
premier-league,2018-2019,Wolverhampton Wanderers,543,,Defensive Midfield,22,,0,0.0
premier-league,2018-2019,Wolverhampton Wanderers,543,,Left Winger,20,,0,0.0
premier-league,2018-2019,Wolverhampton Wanderers,543,,Right Winger,22,37.0,29,909.0
premier-league,2018-2019,Wolverhampton Wanderers,543,,Centre-Forward,21,,0,0.0
premier-league,2018-2019,Wolverhampton Wanderers,543,,Centre-Forward,27,38.0,38,3123.0
premier-league,2018-2019,Wolverhampton Wanderers,543,,Centre-Forward,24,19.0,7,130.0
premier-league,2018-2019,Wolverhampton Wanderers,543,,Centre-Forward,19,,0,0.0
premier-league,2018-2019,Wolverhampton Wanderers,543,,Left Winger,24,32.0,23,700.0
premier-league,2018-2019,Wolverhampton Wanderers,543,,Right Winger,23,,0,0.0
premier-league,2018-2019,Wolverhampton Wanderers,543,,Centre-Forward,20,1.0,0,0.0
premier-league,2018-2019,Wolverhampton Wanderers,543,,Centre-Forward,25,,0,0.0
premier-league,2018-2019,Wolverhampton Wanderers,543,,Right Winger,24,38.0,25,1355.0
premier-league,2018-2019,Wolverhampton Wanderers,543,,Left Winger,21,33.0,33,2369.0
premier-league,2018-2019,Wolverhampton Wanderers,543,,Centre-Forward,19,,0,0.0
premier-league,2018-2019,Crystal Palace,873,,Goalkeeper,31,37.0,20,1755.0
premier-league,2018-2019,Crystal Palace,873,,Goalkeeper,39,5.0,1,90.0
premier-league,2018-2019,Crystal Palace,873,,Goalkeeper,31,33.0,18,1575.0
premier-league,2018-2019,Crystal Palace,873,,Goalkeeper,20,,0,0.0
premier-league,2018-2019,Crystal Palace,873,,Goalkeeper,20,1.0,0,0.0
premier-league,2018-2019,Crystal Palace,873,,Right-Back,20,35.0,35,3135.0
premier-league,2018-2019,Crystal Palace,873,,Left-Back,27,38.0,36,3198.0
premier-league,2018-2019,Crystal Palace,873,,Right-Back,28,32.0,7,551.0
premier-league,2018-2019,Crystal Palace,873,,Centre-Back,29,29.0,29,2563.0
premier-league,2018-2019,Crystal Palace,873,,Centre-Back,31,19.0,10,661.0
premier-league,2018-2019,Crystal Palace,873,,Centre-Back,28,27.0,27,2417.0
premier-league,2018-2019,Crystal Palace,873,,Left-Back,28,1.0,1,1.0
premier-league,2018-2019,Crystal Palace,873,,Centre-Back,23,,0,0.0
premier-league,2018-2019,Crystal Palace,873,,Right-Back,28,34.0,13,1110.0
premier-league,2018-2019,Crystal Palace,873,,Centre-Back,19,1.0,0,0.0
premier-league,2018-2019,Crystal Palace,873,,Defensive Midfield,21,17.0,0,0.0
premier-league,2018-2019,Crystal Palace,873,,Central Midfield,22,35.0,29,1413.0
premier-league,2018-2019,Crystal Palace,873,,Left Midfield,25,34.0,30,1666.0
premier-league,2018-2019,Crystal Palace,873,,Defensive Midfield,27,38.0,38,3420.0
premier-league,2018-2019,Crystal Palace,873,,Attacking Midfield,24,,0,0.0
premier-league,2018-2019,Crystal Palace,873,,Defensive Midfield,28,35.0,31,1897.0
premier-league,2018-2019,Crystal Palace,873,,Central Midfield,30,38.0,38,3073.0
premier-league,2018-2019,Crystal Palace,873,,Central Midfield,18,,0,0.0
premier-league,2018-2019,Crystal Palace,873,,Central Midfield,32,16.0,5,11.0
premier-league,2018-2019,Crystal Palace,873,,Central Midfield,19,1.0,1,1.0
premier-league,2018-2019,Crystal Palace,873,,Attacking Midfield,19,,0,0.0
premier-league,2018-2019,Crystal Palace,873,,Centre-Forward,22,17.0,12,173.0
premier-league,2018-2019,Crystal Palace,873,,Left Winger,25,34.0,34,3043.0
premier-league,2018-2019,Crystal Palace,873,,Centre-Forward,24,14.0,11,756.0
premier-league,2018-2019,Crystal Palace,873,,Centre-Forward,27,20.0,16,813.0
premier-league,2018-2019,Crystal Palace,873,,Centre-Forward,26,36.0,20,1187.0
premier-league,2018-2019,Crystal Palace,873,,Right Winger,19,,0,0.0
premier-league,2018-2019,Crystal Palace,873,,Right Winger,26,38.0,38,3022.0
premier-league,2018-2019,Crystal Palace,873,,Left Winger,22,2.0,0,0.0
premier-league,2018-2019,Crystal Palace,873,,Left Winger,30,7.0,4,29.0
premier-league,2018-2019,Crystal Palace,873,,Centre-Forward,25,10.0,6,61.0
premier-league,2018-2019,Fulham FC,931,,Goalkeeper,24,35.0,29,2610.0
premier-league,2018-2019,Fulham FC,931,,Goalkeeper,26,22.0,7,630.0
premier-league,2018-2019,Fulham FC,931,,Goalkeeper,30,19.0,2,180.0
premier-league,2018-2019,Fulham FC,931,,Left-Back,18,36.0,35,2307.0
premier-league,2018-2019,Fulham FC,931,,Centre-Back,23,33.0,31,2586.0
premier-league,2018-2019,Fulham FC,931,,Left-Back,24,32.0,28,2350.0
premier-league,2018-2019,Fulham FC,931,,Right-Back,18,5.0,0,0.0
premier-league,2018-2019,Fulham FC,931,,Centre-Back,24,,0,0.0
premier-league,2018-2019,Fulham FC,931,,Right-Back,20,16.0,12,794.0
premier-league,2018-2019,Fulham FC,931,,Centre-Back,30,34.0,31,2594.0
premier-league,2018-2019,Fulham FC,931,,Centre-Back,30,31.0,26,2049.0
premier-league,2018-2019,Fulham FC,931,,Right-Back,25,38.0,28,1945.0
premier-league,2018-2019,Fulham FC,931,,Centre-Back,28,34.0,26,2252.0
premier-league,2018-2019,Fulham FC,931,,Centre-Back,24,19.0,15,1130.0
premier-league,2018-2019,Fulham FC,931,,Attacking Midfield,15,5.0,2,18.0
premier-league,2018-2019,Fulham FC,931,,Central Midfield,17,,0,0.0
premier-league,2018-2019,Fulham FC,931,,Central Midfield,22,26.0,22,1519.0
premier-league,2018-2019,Fulham FC,931,,Central Midfield,20,1.0,0,0.0
premier-league,2018-2019,Fulham FC,931,,Central Midfield,27,32.0,31,2198.0
premier-league,2018-2019,Fulham FC,931,,Defensive Midfield,26,34.0,32,2250.0
premier-league,2018-2019,Fulham FC,931,,Defensive Midfield,29,19.0,15,842.0
premier-league,2018-2019,Fulham FC,931,,Central Midfield,27,18.0,12,411.0
premier-league,2018-2019,Fulham FC,931,,Defensive Midfield,28,6.0,5,361.0
premier-league,2018-2019,Fulham FC,931,,Defensive Midfield,24,11.0,3,89.0
premier-league,2018-2019,Fulham FC,931,,Centre-Forward,23,37.0,37,3282.0
premier-league,2018-2019,Fulham FC,931,,Centre-Forward,24,30.0,20,985.0
premier-league,2018-2019,Fulham FC,931,,Right Winger,24,2.0,1,45.0
premier-league,2018-2019,Fulham FC,931,,Centre-Forward,23,17.0,13,690.0
premier-league,2018-2019,Fulham FC,931,,Left Winger,26,21.0,7,101.0
premier-league,2018-2019,Fulham FC,931,,Left Winger,29,27.0,16,468.0
premier-league,2018-2019,Fulham FC,931,,Left Winger,31,16.0,16,1260.0
premier-league,2018-2019,Fulham FC,931,,Left Winger,27,28.0,24,1651.0
premier-league,2018-2019,Fulham FC,931,,Centre-Forward,28,,0,0.0
premier-league,2018-2019,Newcastle United,762,,Goalkeeper,21,15.0,0,0.0
premier-league,2018-2019,Newcastle United,762,,Goalkeeper,29,38.0,38,3420.0
premier-league,2018-2019,Newcastle United,762,,Goalkeeper,27,23.0,0,0.0
premier-league,2018-2019,Newcastle United,762,,Goalkeeper,32,,0,0.0
premier-league,2018-2019,Newcastle United,762,,Goalkeeper,19,,0,0.0
premier-league,2018-2019,Newcastle United,762,,Centre-Back,26,31.0,24,2004.0
premier-league,2018-2019,Newcastle United,762,,Centre-Back,27,13.0,12,1055.0
premier-league,2018-2019,Newcastle United,762,,Centre-Back,24,33.0,32,2745.0
premier-league,2018-2019,Newcastle United,762,,Right-Back,24,34.0,29,2475.0
premier-league,2018-2019,Newcastle United,762,,Centre-Back,18,1.0,0,0.0
premier-league,2018-2019,Newcastle United,762,,Left-Back,23,3.0,1,4.0
premier-league,2018-2019,Newcastle United,762,,Centre-Back,18,1.0,0,0.0
premier-league,2018-2019,Newcastle United,762,,Right-Back,22,4.0,0,0.0
premier-league,2018-2019,Newcastle United,762,,Centre-Back,28,20.0,11,858.0
premier-league,2018-2019,Newcastle United,762,,Left-Back,26,28.0,26,1987.0
premier-league,2018-2019,Newcastle United,762,,Centre-Back,29,29.0,19,1482.0
premier-league,2018-2019,Newcastle United,762,,Right-Back,24,35.0,18,1103.0
premier-league,2018-2019,Newcastle United,762,,Central Midfield,20,15.0,9,687.0
premier-league,2018-2019,Newcastle United,762,,Defensive Midfield,23,29.0,25,1864.0
premier-league,2018-2019,Newcastle United,762,,Defensive Midfield,29,24.0,18,1306.0
premier-league,2018-2019,Newcastle United,762,,Central Midfield,27,,0,0.0
premier-league,2018-2019,Newcastle United,762,,Defensive Midfield,28,,0,0.0
premier-league,2018-2019,Newcastle United,762,,Central Midfield,26,23.0,16,944.0
premier-league,2018-2019,Newcastle United,762,,Central Midfield,31,32.0,29,2166.0
premier-league,2018-2019,Newcastle United,762,,Right Midfield,28,36.0,36,2940.0
premier-league,2018-2019,Newcastle United,762,,Left Midfield,26,,0,0.0
premier-league,2018-2019,Newcastle United,762,,Right Winger,23,16.0,9,301.0
premier-league,2018-2019,Newcastle United,762,,Right Winger,24,10.0,10,763.0
premier-league,2018-2019,Newcastle United,762,,Centre-Forward,24,38.0,37,2929.0
premier-league,2018-2019,Newcastle United,762,,Centre-Forward,28,28.0,16,597.0
premier-league,2018-2019,Newcastle United,762,,Centre-Forward,25,27.0,17,517.0
premier-league,2018-2019,Newcastle United,762,,Left Winger,22,28.0,25,1343.0
premier-league,2018-2019,Newcastle United,762,,Centre-Forward,28,35.0,32,2608.0
premier-league,2018-2019,Newcastle United,762,,Centre-Forward,28,,0,0.0
premier-league,2018-2019,Newcastle United,762,,Left Winger,22,,0,0.0
premier-league,2018-2019,Newcastle United,762,,Left Winger,26,33.0,28,1488.0
premier-league,2018-2019,Newcastle United,762,,Right Winger,21,2.0,0,0.0
premier-league,2018-2019,Watford FC,1010,,Goalkeeper,19,,0,0.0
premier-league,2018-2019,Watford FC,1010,,Goalkeeper,23,,0,0.0
premier-league,2018-2019,Watford FC,1010,,Goalkeeper,37,38.0,0,0.0
premier-league,2018-2019,Watford FC,1010,,Goalkeeper,35,38.0,38,3420.0
premier-league,2018-2019,Watford FC,1010,,Centre-Back,18,7.0,2,26.0
premier-league,2018-2019,Watford FC,1010,,Centre-Back,24,38.0,14,1004.0
premier-league,2018-2019,Watford FC,1010,,Right-Back,25,,0,0.0
premier-league,2018-2019,Watford FC,1010,,Left-Back,24,31.0,17,756.0
premier-league,2018-2019,Watford FC,1010,,Centre-Back,27,31.0,21,1587.0
premier-league,2018-2019,Watford FC,1010,,Right-Back,27,31.0,29,2046.0
premier-league,2018-2019,Watford FC,1010,,Right-Back,22,7.0,2,85.0
premier-league,2018-2019,Watford FC,1010,,Centre-Back,21,,0,0.0
premier-league,2018-2019,Watford FC,1010,,Right-Back,28,22.0,18,1522.0
premier-league,2018-2019,Watford FC,1010,,Centre-Back,32,12.0,3,185.0
premier-league,2018-2019,Watford FC,1010,,Centre-Back,31,4.0,1,14.0
premier-league,2018-2019,Watford FC,1010,,Centre-Back,31,36.0,26,1924.0
premier-league,2018-2019,Watford FC,1010,,Centre-Back,29,37.0,36,3098.0
premier-league,2018-2019,Watford FC,1010,,Left-Back,27,,0,0.0
premier-league,2018-2019,Watford FC,1010,,Left-Back,34,31.0,28,2394.0
premier-league,2018-2019,Watford FC,1010,,Centre-Back,24,,0,0.0
premier-league,2018-2019,Watford FC,1010,,Attacking Midfield,25,35.0,35,3062.0
premier-league,2018-2019,Watford FC,1010,,Central Midfield,23,32.0,32,2436.0
premier-league,2018-2019,Watford FC,1010,,Central Midfield,20,,0,0.0
premier-league,2018-2019,Watford FC,1010,,Central Midfield,18,19.0,8,335.0
premier-league,2018-2019,Watford FC,1010,,Central Midfield,27,33.0,33,2824.0
premier-league,2018-2019,Watford FC,1010,,Defensive Midfield,23,20.0,9,267.0
premier-league,2018-2019,Watford FC,1010,,Central Midfield,28,15.0,13,471.0
premier-league,2018-2019,Watford FC,1010,,Defensive Midfield,29,33.0,33,2947.0
premier-league,2018-2019,Watford FC,1010,,Centre-Forward,19,,0,0.0
premier-league,2018-2019,Watford FC,1010,,Right Winger,20,,0,0.0
premier-league,2018-2019,Watford FC,1010,,Centre-Forward,22,33.0,30,1038.0
premier-league,2018-2019,Watford FC,1010,,Left Winger,21,2.0,0,0.0
premier-league,2018-2019,Watford FC,1010,,Centre-Forward,24,30.0,30,2082.0
premier-league,2018-2019,Watford FC,1010,,Centre-Forward,27,30.0,29,1359.0
premier-league,2018-2019,Watford FC,1010,,Centre-Forward,17,,0,0.0
premier-league,2018-2019,Watford FC,1010,,Centre-Forward,28,7.0,2,24.0
premier-league,2018-2019,Watford FC,1010,,Centre-Forward,22,,0,0.0
premier-league,2018-2019,Watford FC,1010,,Centre-Forward,21,,0,0.0
premier-league,2018-2019,Watford FC,1010,,Centre-Forward,30,32.0,32,2548.0
premier-league,2018-2019,Burnley FC,1132,,Goalkeeper,26,,0,0.0
premier-league,2018-2019,Burnley FC,1132,,Goalkeeper,32,38.0,19,1710.0
premier-league,2018-2019,Burnley FC,1132,,Goalkeeper,31,38.0,19,1710.0
premier-league,2018-2019,Burnley FC,1132,,Goalkeeper,34,,0,0.0
premier-league,2018-2019,Burnley FC,1132,,Goalkeeper,31,,0,0.0
premier-league,2018-2019,Burnley FC,1132,,Centre-Back,25,36.0,35,3087.0
premier-league,2018-2019,Burnley FC,1132,,Left-Back,24,38.0,38,3240.0
premier-league,2018-2019,Burnley FC,1132,,Centre-Back,25,24.0,1,63.0
premier-league,2018-2019,Burnley FC,1132,,Centre-Back,27,29.0,6,513.0
premier-league,2018-2019,Burnley FC,1132,,Left-Back,18,1.0,0,0.0
premier-league,2018-2019,Burnley FC,1132,,Right-Back,29,35.0,21,1748.0
premier-league,2018-2019,Burnley FC,1132,,Centre-Back,28,38.0,38,3420.0
premier-league,2018-2019,Burnley FC,1132,,Left-Back,32,15.0,3,230.0
premier-league,2018-2019,Burnley FC,1132,,Right-Back,33,31.0,19,1672.0
premier-league,2018-2019,Burnley FC,1132,,Left-Back,18,2.0,0,0.0
premier-league,2018-2019,Burnley FC,1132,,Defensive Midfield,19,,0,0.0
premier-league,2018-2019,Burnley FC,1132,,Defensive Midfield,28,37.0,34,2822.0
premier-league,2018-2019,Burnley FC,1132,,Central Midfield,18,1.0,0,0.0
premier-league,2018-2019,Burnley FC,1132,,Left Midfield,26,21.0,16,725.0
premier-league,2018-2019,Burnley FC,1132,,Defensive Midfield,29,37.0,37,3313.0
premier-league,2018-2019,Burnley FC,1132,,Central Midfield,26,38.0,32,2076.0
premier-league,2018-2019,Burnley FC,1132,,Defensive Midfield,30,9.0,6,452.0
premier-league,2018-2019,Burnley FC,1132,,Left Winger,18,25.0,21,1598.0
premier-league,2018-2019,Burnley FC,1132,,Centre-Forward,26,38.0,38,2595.0
premier-league,2018-2019,Burnley FC,1132,,Centre-Forward,26,34.0,13,313.0
premier-league,2018-2019,Burnley FC,1132,,Right Winger,27,31.0,29,1749.0
premier-league,2018-2019,Burnley FC,1132,,Centre-Forward,28,,0,0.0
premier-league,2018-2019,Burnley FC,1132,,Centre-Forward,28,38.0,37,2387.0
premier-league,2018-2019,Burnley FC,1132,,Centre-Forward,28,24.0,20,915.0
premier-league,2018-2019,Burnley FC,1132,,Centre-Forward,37,9.0,6,86.0
premier-league,2018-2019,Burnley FC,1132,,Right Winger,34,1.0,0,0.0
premier-league,2018-2019,Burnley FC,1132,,Right Winger,31,16.0,16,1219.0
premier-league,2018-2019,Burnley FC,1132,,Centre-Forward,21,,0,0.0
premier-league,2018-2019,Brighton & Hove Albion,1237,,Goalkeeper,20,,0,0.0
premier-league,2018-2019,Brighton & Hove Albion,1237,,Goalkeeper,22,,0,0.0
premier-league,2018-2019,Brighton & Hove Albion,1237,,Goalkeeper,26,34.0,34,3060.0
premier-league,2018-2019,Brighton & Hove Albion,1237,,Goalkeeper,27,13.0,0,0.0
premier-league,2018-2019,Brighton & Hove Albion,1237,,Goalkeeper,29,29.0,4,360.0
premier-league,2018-2019,Brighton & Hove Albion,1237,,Right-Back,20,1.0,0,0.0
premier-league,2018-2019,Brighton & Hove Albion,1237,,Centre-Back,18,,0,0.0
premier-league,2018-2019,Brighton & Hove Albion,1237,,Left-Back,23,34.0,22,1750.0
premier-league,2018-2019,Brighton & Hove Albion,1237,,Centre-Back,26,14.0,0,0.0
premier-league,2018-2019,Brighton & Hove Albion,1237,,Centre-Back,26,36.0,36,3153.0
premier-league,2018-2019,Brighton & Hove Albion,1237,,Centre-Back,26,35.0,35,3088.0
premier-league,2018-2019,Brighton & Hove Albion,1237,,Centre-Back,30,26.0,8,591.0
premier-league,2018-2019,Brighton & Hove Albion,1237,,Right-Back,37,23.0,14,1136.0
premier-league,2018-2019,Brighton & Hove Albion,1237,,Left-Back,30,38.0,22,1805.0
premier-league,2018-2019,Brighton & Hove Albion,1237,,Right-Back,27,25.0,25,2166.0
premier-league,2018-2019,Brighton & Hove Albion,1237,,Left-Back,31,1.0,0,0.0
premier-league,2018-2019,Brighton & Hove Albion,1237,,Centre-Back,21,,0,0.0
premier-league,2018-2019,Brighton & Hove Albion,1237,,Central Midfield,19,,0,0.0
premier-league,2018-2019,Brighton & Hove Albion,1237,,Defensive Midfield,21,34.0,28,1769.0
premier-league,2018-2019,Brighton & Hove Albion,1237,,Central Midfield,18,1.0,0,0.0
premier-league,2018-2019,Brighton & Hove Albion,1237,,Central Midfield,27,25.0,25,1880.0
premier-league,2018-2019,Brighton & Hove Albion,1237,,Defensive Midfield,19,,0,0.0
premier-league,2018-2019,Brighton & Hove Albion,1237,,Central Midfield,19,1.0,0,0.0
premier-league,2018-2019,Brighton & Hove Albion,1237,,Central Midfield,21,,0,0.0
premier-league,2018-2019,Brighton & Hove Albion,1237,,Attacking Midfield,26,,0,0.0
premier-league,2018-2019,Brighton & Hove Albion,1237,,Central Midfield,29,31.0,30,2487.0
premier-league,2018-2019,Brighton & Hove Albion,1237,,Central Midfield,30,37.0,18,935.0
premier-league,2018-2019,Brighton & Hove Albion,1237,,Right Midfield,29,,0,0.0
premier-league,2018-2019,Brighton & Hove Albion,1237,,Central Midfield,26,30.0,30,2551.0
premier-league,2018-2019,Brighton & Hove Albion,1237,,Centre-Forward,20,3.0,0,0.0
premier-league,2018-2019,Brighton & Hove Albion,1237,,Centre-Forward,18,,0,0.0
premier-league,2018-2019,Brighton & Hove Albion,1237,,Right Winger,23,36.0,35,2473.0
premier-league,2018-2019,Brighton & Hove Albion,1237,,Centre-Forward,19,,0,0.0
premier-league,2018-2019,Brighton & Hove Albion,1237,,Right Winger,24,,0,0.0
premier-league,2018-2019,Brighton & Hove Albion,1237,,Right Winger,24,24.0,19,1022.0
premier-league,2018-2019,Brighton & Hove Albion,1237,,Centre-Forward,24,35.0,26,1230.0
premier-league,2018-2019,Brighton & Hove Albion,1237,,Centre-Forward,25,28.0,23,872.0
premier-league,2018-2019,Brighton & Hove Albion,1237,,Right Winger,26,34.0,30,1832.0
premier-league,2018-2019,Brighton & Hove Albion,1237,,Centre-Forward,34,38.0,38,2514.0
premier-league,2018-2019,Brighton & Hove Albion,1237,,Left Winger,25,18.0,15,794.0
premier-league,2018-2019,Brighton & Hove Albion,1237,,Centre-Forward,31,,0,0.0
premier-league,2018-2019,Huddersfield Town,1110,,Goalkeeper,18,1.0,0,0.0
premier-league,2018-2019,Huddersfield Town,1110,,Goalkeeper,30,33.0,7,553.0
premier-league,2018-2019,Huddersfield Town,1110,,Goalkeeper,22,8.0,1,90.0
premier-league,2018-2019,Huddersfield Town,1110,,Goalkeeper,29,34.0,31,2777.0
premier-league,2018-2019,Huddersfield Town,1110,,Right-Back,19,2.0,1,45.0
premier-league,2018-2019,Huddersfield Town,1110,,Centre-Back,28,31.0,24,2148.0
premier-league,2018-2019,Huddersfield Town,1110,,Right-Back,26,25.0,15,1142.0
premier-league,2018-2019,Huddersfield Town,1110,,Centre-Back,24,34.0,32,2722.0
premier-league,2018-2019,Huddersfield Town,1110,,Left-Back,29,33.0,29,2057.0
premier-league,2018-2019,Huddersfield Town,1110,,Centre-Back,28,37.0,37,3262.0
premier-league,2018-2019,Huddersfield Town,1110,,Right-Back,26,30.0,28,2051.0
premier-league,2018-2019,Huddersfield Town,1110,,Central Midfield,22,28.0,27,2191.0
premier-league,2018-2019,Huddersfield Town,1110,,Defensive Midfield,22,27.0,11,719.0
premier-league,2018-2019,Huddersfield Town,1110,,Right Midfield,23,33.0,24,1841.0
premier-league,2018-2019,Huddersfield Town,1110,,Central Midfield,20,26.0,21,1416.0
premier-league,2018-2019,Huddersfield Town,1110,,Attacking Midfield,21,2.0,2,48.0
premier-league,2018-2019,Huddersfield Town,1110,,Central Midfield,21,18.0,12,553.0
premier-league,2018-2019,Huddersfield Town,1110,,Attacking Midfield,23,,0,0.0
premier-league,2018-2019,Huddersfield Town,1110,,Attacking Midfield,25,37.0,30,2091.0
premier-league,2018-2019,Huddersfield Town,1110,,Right Midfield,17,4.0,2,69.0
premier-league,2018-2019,Huddersfield Town,1110,,Defensive Midfield,29,31.0,29,2377.0
premier-league,2018-2019,Huddersfield Town,1110,,Central Midfield,27,29.0,29,2327.0
premier-league,2018-2019,Huddersfield Town,1110,,Attacking Midfield,21,9.0,4,75.0
premier-league,2018-2019,Huddersfield Town,1110,,Defensive Midfield,29,10.0,5,95.0
premier-league,2018-2019,Huddersfield Town,1110,,Attacking Midfield,17,8.0,2,73.0
premier-league,2018-2019,Huddersfield Town,1110,,Central Midfield,32,8.0,6,383.0
premier-league,2018-2019,Huddersfield Town,1110,,Centre-Forward,20,14.0,13,874.0
premier-league,2018-2019,Huddersfield Town,1110,,Centre-Forward,23,33.0,31,1776.0
premier-league,2018-2019,Huddersfield Town,1110,,Right Winger,22,28.0,22,981.0
premier-league,2018-2019,Huddersfield Town,1110,,Left Winger,27,10.0,5,408.0
premier-league,2018-2019,Huddersfield Town,1110,,Centre-Forward,26,30.0,20,1181.0
premier-league,2018-2019,Huddersfield Town,1110,,Centre-Forward,29,27.0,23,1063.0
premier-league,2018-2019,Huddersfield Town,1110,,Centre-Forward,27,4.0,2,37.0
premier-league,2018-2019,Cardiff City,603,,Goalkeeper,28,38.0,38,3420.0
premier-league,2018-2019,Cardiff City,603,,Goalkeeper,28,26.0,0,0.0
premier-league,2018-2019,Cardiff City,603,,Goalkeeper,35,12.0,0,0.0
premier-league,2018-2019,Cardiff City,603,,Centre-Back,20,,0,0.0
premier-league,2018-2019,Cardiff City,603,,Centre-Back,29,38.0,38,3375.0
premier-league,2018-2019,Cardiff City,603,,Right-Back,31,31.0,20,1543.0
premier-league,2018-2019,Cardiff City,603,,Left-Back,28,37.0,30,2641.0
premier-league,2018-2019,Cardiff City,603,,Centre-Back,27,34.0,34,3040.0
premier-league,2018-2019,Cardiff City,603,,Right-Back,27,10.0,4,129.0
premier-league,2018-2019,Cardiff City,603,,Centre-Back,30,1.0,0,0.0
premier-league,2018-2019,Cardiff City,603,,Centre-Back,27,27.0,7,630.0
premier-league,2018-2019,Cardiff City,603,,Centre-Back,33,29.0,28,2475.0
premier-league,2018-2019,Cardiff City,603,,Right-Back,19,,0,0.0
premier-league,2018-2019,Cardiff City,603,,Attacking Midfield,25,38.0,27,1422.0
premier-league,2018-2019,Cardiff City,603,,Central Midfield,24,31.0,28,1960.0
premier-league,2018-2019,Cardiff City,603,,Central Midfield,26,14.0,11,554.0
premier-league,2018-2019,Cardiff City,603,,Defensive Midfield,29,31.0,28,2275.0
premier-league,2018-2019,Cardiff City,603,,Central Midfield,24,33.0,32,2579.0
premier-league,2018-2019,Cardiff City,603,,Left Midfield,25,26.0,13,365.0
premier-league,2018-2019,Cardiff City,603,,Central Midfield,27,,0,0.0
premier-league,2018-2019,Cardiff City,603,,Central Midfield,28,27.0,25,2009.0
premier-league,2018-2019,Cardiff City,603,,Central Midfield,27,4.0,2,21.0
premier-league,2018-2019,Cardiff City,603,,Central Midfield,20,,0,0.0
premier-league,2018-2019,Cardiff City,603,,Left Winger,23,33.0,29,1824.0
premier-league,2018-2019,Cardiff City,603,,Centre-Forward,23,29.0,27,1997.0
premier-league,2018-2019,Cardiff City,603,,Centre-Forward,23,8.0,3,48.0
premier-league,2018-2019,Cardiff City,603,,Right Winger,26,26.0,20,986.0
premier-league,2018-2019,Cardiff City,603,,Centre-Forward,24,,0,0.0
premier-league,2018-2019,Cardiff City,603,,Left Winger,28,35.0,32,2143.0
premier-league,2018-2019,Cardiff City,603,,Second Striker,29,,0,0.0
premier-league,2018-2019,Cardiff City,603,,Centre-Forward,27,16.0,14,439.0
premier-league,2018-2019,Cardiff City,603,,Centre-Forward,24,25.0,19,746.0
premier-league,2018-2019,Cardiff City,603,,Centre-Forward,27,12.0,5,32.0
premier-league,2018-2019,Cardiff City,603,,Centre-Forward,28,13.0,13,940.0
premier-league,2018-2019,Cardiff City,603,,Centre-Forward,21,,0,0.0
premier-league,2019-2020,Manchester City,281,,Goalkeeper,25,35.0,35,3072.0
premier-league,2019-2020,Manchester City,281,,Goalkeeper,20,,0,0.0
premier-league,2019-2020,Manchester City,281,,Goalkeeper,36,31.0,4,346.0
premier-league,2019-2020,Manchester City,281,,Goalkeeper,33,10.0,0,0.0
premier-league,2019-2020,Manchester City,281,,Centre-Back,18,20.0,13,794.0
premier-league,2019-2020,Manchester City,281,,Centre-Back,17,2.0,0,0.0
premier-league,2019-2020,Manchester City,281,,Centre-Back,21,,0,0.0
premier-league,2019-2020,Manchester City,281,,Centre-Back,25,21.0,16,1118.0
premier-league,2019-2020,Manchester City,281,,Left-Back,22,24.0,19,1278.0
premier-league,2019-2020,Manchester City,281,,Centre-Back,25,17.0,15,1105.0
premier-league,2019-2020,Manchester City,281,,Right-Back,25,34.0,17,1209.0
premier-league,2019-2020,Manchester City,281,,Left-Back,22,15.0,6,422.0
premier-league,2019-2020,Manchester City,281,,Right-Back,29,36.0,29,2398.0
premier-league,2019-2020,Manchester City,281,,Centre-Back,31,36.0,24,1711.0
premier-league,2019-2020,Manchester City,281,,Right-Back,17,,0,0.0
premier-league,2019-2020,Manchester City,281,,Left-Back,24,27.0,19,1498.0
premier-league,2019-2020,Manchester City,281,,Attacking Midfield,17,2.0,0,0.0
premier-league,2019-2020,Manchester City,281,,Attacking Midfield,19,36.0,23,893.0
premier-league,2019-2020,Manchester City,281,,Defensive Midfield,23,36.0,35,2494.0
premier-league,2019-2020,Manchester City,281,,Attacking Midfield,24,37.0,34,2040.0
premier-league,2019-2020,Manchester City,281,,Central Midfield,18,,0,0.0
premier-league,2019-2020,Manchester City,281,,Attacking Midfield,28,36.0,35,2800.0
premier-league,2019-2020,Manchester City,281,,Central Midfield,17,6.0,1,15.0
premier-league,2019-2020,Manchester City,281,,Central Midfield,28,36.0,31,2017.0
premier-league,2019-2020,Manchester City,281,,Right Midfield,18,,0,0.0
premier-league,2019-2020,Manchester City,281,,Attacking Midfield,33,33.0,27,1839.0
premier-league,2019-2020,Manchester City,281,,Defensive Midfield,34,36.0,30,2399.0
premier-league,2019-2020,Manchester City,281,,Right Winger,23,3.0,1,12.0
premier-league,2019-2020,Manchester City,281,,Centre-Forward,22,35.0,34,2027.0
premier-league,2019-2020,Manchester City,281,,Right Winger,28,38.0,33,1941.0
premier-league,2019-2020,Manchester City,281,,Right Winger,22,,0,0.0
premier-league,2019-2020,Manchester City,281,,Right Winger,24,36.0,33,2660.0
premier-league,2019-2020,Manchester City,281,,Right Winger,19,,0,0.0
premier-league,2019-2020,Manchester City,281,,Left Winger,21,,0,0.0
premier-league,2019-2020,Manchester City,281,,Centre-Forward,31,26.0,24,1457.0
premier-league,2019-2020,Liverpool FC,31,,Goalkeeper,20,7.0,0,0.0
premier-league,2019-2020,Liverpool FC,31,,Goalkeeper,26,29.0,29,2545.0
premier-league,2019-2020,Liverpool FC,31,,Goalkeeper,17,,0,0.0
premier-league,2019-2020,Liverpool FC,31,,Goalkeeper,26,,0,0.0
premier-league,2019-2020,Liverpool FC,31,,Goalkeeper,17,,0,0.0
premier-league,2019-2020,Liverpool FC,31,,Goalkeeper,31,,0,0.0
premier-league,2019-2020,Liverpool FC,31,,Goalkeeper,32,38.0,11,873.0
premier-league,2019-2020,Liverpool FC,31,,Goalkeeper,35,2.0,0,0.0
premier-league,2019-2020,Liverpool FC,31,,Right-Back,20,38.0,38,3176.0
premier-league,2019-2020,Liverpool FC,31,,Centre-Back,17,,0,0.0
premier-league,2019-2020,Liverpool FC,31,,Left-Back,18,15.0,6,230.0
premier-league,2019-2020,Liverpool FC,31,,Centre-Back,27,38.0,38,3420.0
premier-league,2019-2020,Liverpool FC,31,,Centre-Back,22,37.0,28,1999.0
premier-league,2019-2020,Liverpool FC,31,,Left-Back,25,36.0,36,3114.0
premier-league,2019-2020,Liverpool FC,31,,Right-Back,17,1.0,0,0.0
premier-league,2019-2020,Liverpool FC,31,,Centre-Back,22,2.0,0,0.0
premier-league,2019-2020,Liverpool FC,31,,Left-Back,18,,0,0.0
premier-league,2019-2020,Liverpool FC,31,,Centre-Back,29,20.0,10,777.0
premier-league,2019-2020,Liverpool FC,31,,Right-Back,28,,0,0.0
premier-league,2019-2020,Liverpool FC,31,,Centre-Back,18,,0,0.0
premier-league,2019-2020,Liverpool FC,31,,Left-Back,19,,0,0.0
premier-league,2019-2020,Liverpool FC,31,,Left-Back,19,,0,0.0
premier-league,2019-2020,Liverpool FC,31,,Centre-Back,18,,0,0.0
premier-league,2019-2020,Liverpool FC,31,,Centre-Back,27,16.0,9,704.0
premier-league,2019-2020,Liverpool FC,31,,Central Midfield,18,16.0,6,122.0
premier-league,2019-2020,Liverpool FC,31,,Attacking Midfield,16,12.0,2,7.0
premier-league,2019-2020,Liverpool FC,31,,Defensive Midfield,25,30.0,28,2074.0
premier-league,2019-2020,Liverpool FC,31,,Defensive Midfield,22,,0,0.0
premier-league,2019-2020,Liverpool FC,31,,Central Midfield,28,37.0,37,2948.0
premier-league,2019-2020,Liverpool FC,31,,Central Midfield,24,27.0,18,813.0
premier-league,2019-2020,Liverpool FC,31,,Attacking Midfield,27,17.0,7,182.0
premier-league,2019-2020,Liverpool FC,31,,Defensive Midfield,29,31.0,30,2244.0
premier-league,2019-2020,Liverpool FC,31,,Central Midfield,25,34.0,30,1493.0
premier-league,2019-2020,Liverpool FC,31,,Central Midfield,20,,0,0.0
premier-league,2019-2020,Liverpool FC,31,,Central Midfield,17,,0,0.0
premier-league,2019-2020,Liverpool FC,31,,Attacking Midfield,19,,0,0.0
premier-league,2019-2020,Liverpool FC,31,,Central Midfield,18,,0,0.0
premier-league,2019-2020,Liverpool FC,31,,Attacking Midfield,21,,0,0.0
premier-league,2019-2020,Liverpool FC,31,,Left Midfield,17,,0,0.0
premier-league,2019-2020,Liverpool FC,31,,Central Midfield,33,27.0,22,926.0
premier-league,2019-2020,Liverpool FC,31,,Attacking Midfield,31,26.0,15,374.0
premier-league,2019-2020,Liverpool FC,31,,Right Winger,27,37.0,34,2888.0
premier-league,2019-2020,Liverpool FC,31,,Left Winger,24,17.0,10,242.0
premier-league,2019-2020,Liverpool FC,31,,Left Winger,27,36.0,35,2755.0
premier-league,2019-2020,Liverpool FC,31,,Centre-Forward,27,38.0,38,3004.0
premier-league,2019-2020,Liverpool FC,31,,Left Winger,19,,0,0.0
premier-league,2019-2020,Liverpool FC,31,,Centre-Forward,19,1.0,0,0.0
premier-league,2019-2020,Liverpool FC,31,,Right Winger,22,,0,0.0
premier-league,2019-2020,Liverpool FC,31,,Centre-Forward,20,,0,0.0
premier-league,2019-2020,Liverpool FC,31,,Right Winger,18,,0,0.0
premier-league,2019-2020,Liverpool FC,31,,Centre-Forward,24,37.0,28,705.0
premier-league,2019-2020,Tottenham Hotspur,148,,Goalkeeper,27,38.0,18,1612.0
premier-league,2019-2020,Tottenham Hotspur,148,,Goalkeeper,32,21.0,21,1808.0
premier-league,2019-2020,Tottenham Hotspur,148,,Goalkeeper,20,4.0,0,0.0
premier-league,2019-2020,Tottenham Hotspur,148,,Goalkeeper,35,9.0,0,0.0
premier-league,2019-2020,Tottenham Hotspur,148,,Goalkeeper,20,4.0,0,0.0
premier-league,2019-2020,Tottenham Hotspur,148,,Left-Back,19,19.0,6,343.0
premier-league,2019-2020,Tottenham Hotspur,148,,Centre-Back,23,35.0,29,2431.0
premier-league,2019-2020,Tottenham Hotspur,148,,Right-Back,22,5.0,3,242.0
premier-league,2019-2020,Tottenham Hotspur,148,,Centre-Back,21,,0,0.0
premier-league,2019-2020,Tottenham Hotspur,148,,Centre-Back,21,11.0,4,66.0
premier-league,2019-2020,Tottenham Hotspur,148,,Left-Back,17,1.0,0,0.0
premier-league,2019-2020,Tottenham Hotspur,148,,Centre-Back,20,15.0,6,526.0
premier-league,2019-2020,Tottenham Hotspur,148,,Centre-Back,25,32.0,19,1346.0
premier-league,2019-2020,Tottenham Hotspur,148,,Centre-Back,26,24.0,18,1432.0
premier-league,2019-2020,Tottenham Hotspur,148,,Right-Back,26,35.0,33,2706.0
premier-league,2019-2020,Tottenham Hotspur,148,,Left-Back,28,15.0,12,896.0
premier-league,2019-2020,Tottenham Hotspur,148,,Centre-Back,30,38.0,33,2958.0
premier-league,2019-2020,Tottenham Hotspur,148,,Centre-Back,32,34.0,23,1646.0
premier-league,2019-2020,Tottenham Hotspur,148,,Centre-Back,17,,0,0.0
premier-league,2019-2020,Tottenham Hotspur,148,,Central Midfield,20,15.0,7,68.0
premier-league,2019-2020,Tottenham Hotspur,148,,Attacking Midfield,23,32.0,28,1487.0
premier-league,2019-2020,Tottenham Hotspur,148,,Defensive Midfield,18,24.0,7,74.0
premier-league,2019-2020,Tottenham Hotspur,148,,Attacking Midfield,27,23.0,20,1092.0
premier-league,2019-2020,Tottenham Hotspur,148,,Defensive Midfield,23,36.0,31,2230.0
premier-league,2019-2020,Tottenham Hotspur,148,,Central Midfield,22,27.0,21,1008.0
premier-league,2019-2020,Tottenham Hotspur,148,,Attacking Midfield,23,28.0,25,1852.0
premier-league,2019-2020,Tottenham Hotspur,148,,Defensive Midfield,17,3.0,0,0.0
premier-league,2019-2020,Tottenham Hotspur,148,,Central Midfield,29,29.0,29,2456.0
premier-league,2019-2020,Tottenham Hotspur,148,,Defensive Midfield,28,4.0,2,25.0
premier-league,2019-2020,Tottenham Hotspur,148,,Centre-Forward,25,29.0,29,2590.0
premier-league,2019-2020,Tottenham Hotspur,148,,Centre-Forward,17,3.0,2,6.0
premier-league,2019-2020,Tottenham Hotspur,148,,Left Winger,26,30.0,30,2488.0
premier-league,2019-2020,Tottenham Hotspur,148,,Left Winger,21,14.0,14,710.0
premier-league,2019-2020,Tottenham Hotspur,148,,Left Winger,24,1.0,1,2.0
premier-league,2019-2020,Tottenham Hotspur,148,,Right Winger,26,37.0,35,2248.0
premier-league,2019-2020,Tottenham Hotspur,148,,Right Winger,27,27.0,25,1211.0
premier-league,2019-2020,Chelsea FC,631,,Goalkeeper,24,38.0,33,2970.0
premier-league,2019-2020,Chelsea FC,631,,Goalkeeper,19,,0,0.0
premier-league,2019-2020,Chelsea FC,631,,Goalkeeper,37,38.0,5,450.0
premier-league,2019-2020,Chelsea FC,631,,Centre-Back,18,3.0,0,0.0
premier-league,2019-2020,Chelsea FC,631,,Right-Back,19,29.0,24,1513.0
premier-league,2019-2020,Chelsea FC,631,,Left-Back,17,,0,0.0
premier-league,2019-2020,Chelsea FC,631,,Centre-Back,21,27.0,15,1293.0
premier-league,2019-2020,Chelsea FC,631,,Left-Back,24,22.0,15,1025.0
premier-league,2019-2020,Chelsea FC,631,,Centre-Back,23,35.0,21,1752.0
premier-league,2019-2020,Chelsea FC,631,,Centre-Back,26,23.0,20,1710.0
premier-league,2019-2020,Chelsea FC,631,,Right-Back,17,,0,0.0
premier-league,2019-2020,Chelsea FC,631,,Right-Back,18,2.0,1,32.0
premier-league,2019-2020,Chelsea FC,631,,Centre-Back,28,27.0,18,1432.0
premier-league,2019-2020,Chelsea FC,631,,Centre-Back,17,,0,0.0
premier-league,2019-2020,Chelsea FC,631,,Centre-Back,24,35.0,28,2343.0
premier-league,2019-2020,Chelsea FC,631,,Centre-Back,29,38.0,36,3230.0
premier-league,2019-2020,Chelsea FC,631,,Attacking Midfield,20,38.0,37,2875.0
premier-league,2019-2020,Chelsea FC,631,,Defensive Midfield,18,11.0,6,192.0
premier-league,2019-2020,Chelsea FC,631,,Central Midfield,25,34.0,31,2074.0
premier-league,2019-2020,Chelsea FC,631,,Central Midfield,23,11.0,7,205.0
premier-league,2019-2020,Chelsea FC,631,,Defensive Midfield,27,35.0,31,2383.0
premier-league,2019-2020,Chelsea FC,631,,Defensive Midfield,28,22.0,22,1733.0
premier-league,2019-2020,Chelsea FC,631,,Central Midfield,25,28.0,21,1104.0
premier-league,2019-2020,Chelsea FC,631,,Central Midfield,17,1.0,1,19.0
premier-league,2019-2020,Chelsea FC,631,,Right Midfield,27,,0,0.0
premier-league,2019-2020,Chelsea FC,631,,Central Midfield,16,1.0,0,0.0
premier-league,2019-2020,Chelsea FC,631,,Central Midfield,26,,0,0.0
premier-league,2019-2020,Chelsea FC,631,,Right Winger,20,29.0,25,1727.0
premier-league,2019-2020,Chelsea FC,631,,Left Winger,18,25.0,22,851.0
premier-league,2019-2020,Chelsea FC,631,,Centre-Forward,21,34.0,34,2222.0
premier-league,2019-2020,Chelsea FC,631,,Centre-Forward,17,1.0,1,4.0
premier-league,2019-2020,Chelsea FC,631,,Centre-Forward,25,28.0,16,224.0
premier-league,2019-2020,Chelsea FC,631,,Right Winger,31,24.0,11,662.0
premier-league,2019-2020,Chelsea FC,631,,Centre-Forward,32,25.0,18,999.0
premier-league,2019-2020,Chelsea FC,631,,Left Winger,23,1.0,0,0.0
premier-league,2019-2020,Chelsea FC,631,,Left Winger,30,36.0,36,2604.0
premier-league,2019-2020,Manchester United,985,,Goalkeeper,19,,0,0.0
premier-league,2019-2020,Manchester United,985,,Goalkeeper,28,38.0,38,3420.0
premier-league,2019-2020,Manchester United,985,,Goalkeeper,23,,0,0.0
premier-league,2019-2020,Manchester United,985,,Goalkeeper,36,3.0,0,0.0
premier-league,2019-2020,Manchester United,985,,Goalkeeper,32,35.0,0,0.0
premier-league,2019-2020,Manchester United,985,,Right-Back,20,8.0,4,68.0
premier-league,2019-2020,Manchester United,985,,Right-Back,21,36.0,35,3072.0
premier-league,2019-2020,Manchester United,985,,Centre-Back,26,38.0,38,3420.0
premier-league,2019-2020,Manchester United,985,,Left-Back,23,24.0,24,1735.0
premier-league,2019-2020,Manchester United,985,,Centre-Back,24,35.0,35,3093.0
premier-league,2019-2020,Manchester United,985,,Centre-Back,21,14.0,5,187.0
premier-league,2019-2020,Manchester United,985,,Centre-Back,17,,0,0.0
premier-league,2019-2020,Manchester United,985,,Right-Back,17,,0,0.0
premier-league,2019-2020,Manchester United,985,,Centre-Back,25,14.0,4,148.0
premier-league,2019-2020,Manchester United,985,,Centre-Back,18,,0,0.0
premier-league,2019-2020,Manchester United,985,,Left-Back,18,29.0,17,1006.0
premier-league,2019-2020,Manchester United,985,,Right-Back,21,3.0,3,136.0
premier-league,2019-2020,Manchester United,985,,Centre-Back,29,8.0,3,122.0
premier-league,2019-2020,Manchester United,985,,Right-Back,33,20.0,12,953.0
premier-league,2019-2020,Manchester United,985,,Centre-Back,19,,0,0.0
premier-league,2019-2020,Manchester United,985,,Centre-Back,27,12.0,2,135.0
premier-league,2019-2020,Manchester United,985,,Left-Back,22,,0,0.0
premier-league,2019-2020,Manchester United,985,,Defensive Midfield,18,7.0,1,8.0
premier-league,2019-2020,Manchester United,985,,Central Midfield,22,29.0,27,1771.0
premier-league,2019-2020,Manchester United,985,,Attacking Midfield,24,14.0,14,1193.0
premier-league,2019-2020,Manchester United,985,,Central Midfield,23,32.0,25,1489.0
premier-league,2019-2020,Manchester United,985,,Attacking Midfield,18,5.0,2,19.0
premier-league,2019-2020,Manchester United,985,,Central Midfield,26,34.0,29,2159.0
premier-league,2019-2020,Manchester United,985,,Attacking Midfield,19,7.0,3,34.0
premier-league,2019-2020,Manchester United,985,,Central Midfield,18,,0,0.0
premier-league,2019-2020,Manchester United,985,,Central Midfield,26,16.0,16,1207.0
premier-league,2019-2020,Manchester United,985,,Attacking Midfield,26,26.0,22,932.0
premier-league,2019-2020,Manchester United,985,,Defensive Midfield,30,27.0,21,1583.0
premier-league,2019-2020,Manchester United,985,,Central Midfield,18,,0,0.0
premier-league,2019-2020,Manchester United,985,,Attacking Midfield,31,38.0,19,763.0
premier-league,2019-2020,Manchester United,985,,Right Winger,17,37.0,31,1313.0
premier-league,2019-2020,Manchester United,985,,Left Winger,21,31.0,31,2655.0
premier-league,2019-2020,Manchester United,985,,Right Winger,21,37.0,33,2291.0
premier-league,2019-2020,Manchester United,985,,Left Winger,18,,0,0.0
premier-league,2019-2020,Manchester United,985,,Centre-Forward,23,32.0,32,2641.0
premier-league,2019-2020,Manchester United,985,,Right Winger,18,,0,0.0
premier-league,2019-2020,Manchester United,985,,Centre-Forward,30,13.0,11,92.0
premier-league,2019-2020,Manchester United,985,,Centre-Forward,18,,0,0.0
premier-league,2019-2020,Arsenal FC,11,,Goalkeeper,26,38.0,9,770.0
premier-league,2019-2020,Arsenal FC,11,,Goalkeeper,27,30.0,30,2650.0
premier-league,2019-2020,Arsenal FC,11,,Goalkeeper,24,8.0,0,0.0
premier-league,2019-2020,Arsenal FC,11,,Centre-Back,21,3.0,0,0.0
premier-league,2019-2020,Arsenal FC,11,,Right-Back,21,28.0,20,1387.0
premier-league,2019-2020,Arsenal FC,11,,Left-Back,22,19.0,15,992.0
premier-league,2019-2020,Arsenal FC,11,,Centre-Back,26,29.0,26,1699.0
premier-league,2019-2020,Arsenal FC,11,,Centre-Back,23,18.0,8,581.0
premier-league,2019-2020,Arsenal FC,11,,Right-Back,24,20.0,15,1161.0
premier-league,2019-2020,Arsenal FC,11,,Centre-Back,25,2.0,2,114.0
premier-league,2019-2020,Arsenal FC,11,,Centre-Back,24,19.0,14,1103.0
premier-league,2019-2020,Arsenal FC,11,,Right-Back,27,6.0,5,252.0
premier-league,2019-2020,Arsenal FC,11,,Centre-Back,18,1.0,0,0.0
premier-league,2019-2020,Arsenal FC,11,,Centre-Back,32,36.0,33,2811.0
premier-league,2019-2020,Arsenal FC,11,,Left-Back,33,3.0,3,270.0
premier-league,2019-2020,Arsenal FC,11,,Left-Back,20,,0,0.0
premier-league,2019-2020,Arsenal FC,11,,Centre-Back,31,32.0,19,1697.0
premier-league,2019-2020,Arsenal FC,11,,Centre-Back,27,18.0,15,1205.0
premier-league,2019-2020,Arsenal FC,11,,Central Midfield,20,29.0,24,1748.0
premier-league,2019-2020,Arsenal FC,11,,Attacking Midfield,18,4.0,2,97.0
premier-league,2019-2020,Arsenal FC,11,,Central Midfield,19,35.0,29,842.0
premier-league,2019-2020,Arsenal FC,11,,Defensive Midfield,23,33.0,29,1508.0
premier-league,2019-2020,Arsenal FC,11,,Defensive Midfield,26,31.0,31,2591.0
premier-league,2019-2020,Arsenal FC,11,,Central Midfield,22,28.0,24,1705.0
premier-league,2019-2020,Arsenal FC,11,,Central Midfield,30,4.0,3,111.0
premier-league,2019-2020,Arsenal FC,11,,Central Midfield,18,3.0,0,0.0
premier-league,2019-2020,Arsenal FC,11,,Central Midfield,18,,0,0.0
premier-league,2019-2020,Arsenal FC,11,,Central Midfield,19,,0,0.0
premier-league,2019-2020,Arsenal FC,11,,Attacking Midfield,30,22.0,18,1449.0
premier-league,2019-2020,Arsenal FC,11,,Right Winger,17,32.0,26,1753.0
premier-league,2019-2020,Arsenal FC,11,,Left Winger,18,24.0,14,656.0
premier-league,2019-2020,Arsenal FC,11,,Centre-Forward,17,,0,0.0
premier-league,2019-2020,Arsenal FC,11,,Centre-Forward,20,14.0,13,633.0
premier-league,2019-2020,Arsenal FC,11,,Left Winger,19,27.0,17,627.0
premier-league,2019-2020,Arsenal FC,11,,Right Winger,24,37.0,31,2015.0
premier-league,2019-2020,Arsenal FC,11,,Centre-Forward,28,34.0,30,1887.0
premier-league,2019-2020,Arsenal FC,11,,Centre-Forward,30,36.0,36,3139.0
premier-league,2019-2020,Arsenal FC,11,,Centre-Forward,18,1.0,0,0.0
premier-league,2019-2020,Everton FC,29,,Goalkeeper,25,38.0,38,3420.0
premier-league,2019-2020,Everton FC,29,,Goalkeeper,19,8.0,0,0.0
premier-league,2019-2020,Everton FC,29,,Goalkeeper,30,13.0,0,0.0
premier-league,2019-2020,Everton FC,29,,Goalkeeper,36,24.0,0,0.0
premier-league,2019-2020,Everton FC,29,,Centre-Back,17,9.0,4,299.0
premier-league,2019-2020,Everton FC,29,,Left-Back,25,36.0,35,3036.0
premier-league,2019-2020,Everton FC,29,,Centre-Back,26,37.0,31,2556.0
premier-league,2019-2020,Everton FC,29,,Centre-Back,18,1.0,0,0.0
premier-league,2019-2020,Everton FC,29,,Centre-Back,24,31.0,29,2282.0
premier-league,2019-2020,Everton FC,29,,Centre-Back,22,34.0,27,2054.0
premier-league,2019-2020,Everton FC,29,,Centre-Back,23,2.0,2,136.0
premier-league,2019-2020,Everton FC,29,,Right-Back,26,31.0,25,1821.0
premier-league,2019-2020,Everton FC,29,,Right-Back,30,33.0,27,1839.0
premier-league,2019-2020,Everton FC,29,,Left-Back,26,,0,0.0
premier-league,2019-2020,Everton FC,29,,Left-Back,34,27.0,8,400.0
premier-league,2019-2020,Everton FC,29,,Centre-Back,29,3.0,0,0.0
premier-league,2019-2020,Everton FC,29,,Central Midfield,25,19.0,19,1462.0
premier-league,2019-2020,Everton FC,29,,Central Midfield,21,36.0,30,2026.0
premier-league,2019-2020,Everton FC,29,,Defensive Midfield,20,10.0,0,0.0
premier-league,2019-2020,Everton FC,29,,Attacking Midfield,29,35.0,35,2564.0
premier-league,2019-2020,Everton FC,29,,Central Midfield,20,,0,0.0
premier-league,2019-2020,Everton FC,29,,Defensive Midfield,26,,0,0.0
premier-league,2019-2020,Everton FC,29,,Central Midfield,29,17.0,16,1190.0
premier-league,2019-2020,Everton FC,29,,Defensive Midfield,29,19.0,15,1004.0
premier-league,2019-2020,Everton FC,29,,Left Winger,18,16.0,11,440.0
premier-league,2019-2020,Everton FC,29,,Centre-Forward,19,36.0,29,835.0
premier-league,2019-2020,Everton FC,29,,Centre-Forward,22,36.0,36,3080.0
premier-league,2019-2020,Everton FC,29,,Centre-Forward,22,38.0,36,2630.0
premier-league,2019-2020,Everton FC,29,,Left Winger,23,30.0,25,1601.0
premier-league,2019-2020,Everton FC,29,,Centre-Forward,18,2.0,0,0.0
premier-league,2019-2020,Everton FC,29,,Left Winger,26,33.0,27,1279.0
premier-league,2019-2020,Everton FC,29,,Centre-Forward,28,16.0,5,290.0
premier-league,2019-2020,Everton FC,29,,Centre-Forward,30,,0,0.0
premier-league,2019-2020,Everton FC,29,,Right Winger,30,28.0,25,1297.0
premier-league,2019-2020,Everton FC,29,,Centre-Forward,29,4.0,3,22.0
premier-league,2019-2020,Leicester City,1003,,Goalkeeper,26,38.0,0,0.0
premier-league,2019-2020,Leicester City,1003,,Goalkeeper,32,38.0,38,3420.0
premier-league,2019-2020,Leicester City,1003,,Goalkeeper,34,,0,0.0
premier-league,2019-2020,Leicester City,1003,,Right-Back,21,38.0,13,1010.0
premier-league,2019-2020,Leicester City,1003,,Left-Back,22,28.0,27,2375.0
premier-league,2019-2020,Leicester City,1003,,Left-Back,18,3.0,3,268.0
premier-league,2019-2020,Leicester City,1003,,Centre-Back,23,35.0,34,3037.0
premier-league,2019-2020,Leicester City,1003,,Right-Back,25,28.0,28,2520.0
premier-league,2019-2020,Leicester City,1003,,Centre-Back,21,1.0,0,0.0
premier-league,2019-2020,Leicester City,1003,,Centre-Back,24,,0,0.0
premier-league,2019-2020,Leicester City,1003,,Centre-Back,29,7.0,5,330.0
premier-league,2019-2020,Leicester City,1003,,Centre-Back,20,2.0,0,0.0
premier-league,2019-2020,Leicester City,1003,,Centre-Back,35,35.0,11,430.0
premier-league,2019-2020,Leicester City,1003,,Centre-Back,31,38.0,38,3386.0
premier-league,2019-2020,Leicester City,1003,,Left-Back,33,16.0,11,770.0
premier-league,2019-2020,Leicester City,1003,,Central Midfield,20,,0,0.0
premier-league,2019-2020,Leicester City,1003,,Central Midfield,22,38.0,37,2834.0
premier-league,2019-2020,Leicester City,1003,,Attacking Midfield,22,31.0,31,2629.0
premier-league,2019-2020,Leicester City,1003,,Defensive Midfield,22,32.0,32,2674.0
premier-league,2019-2020,Leicester City,1003,,Defensive Midfield,21,29.0,20,889.0
premier-league,2019-2020,Leicester City,1003,,Central Midfield,25,34.0,27,1133.0
premier-league,2019-2020,Leicester City,1003,,Attacking Midfield,22,,0,0.0
premier-league,2019-2020,Leicester City,1003,,Defensive Midfield,27,14.0,7,291.0
premier-league,2019-2020,Leicester City,1003,,Central Midfield,27,6.0,1,6.0
premier-league,2019-2020,Leicester City,1003,,Attacking Midfield,22,,0,0.0
premier-league,2019-2020,Leicester City,1003,,Right Midfield,29,36.0,20,864.0
premier-league,2019-2020,Leicester City,1003,,Left Winger,21,38.0,36,2090.0
premier-league,2019-2020,Leicester City,1003,,Centre-Forward,20,3.0,2,11.0
premier-league,2019-2020,Leicester City,1003,,Centre-Forward,25,38.0,33,2019.0
premier-league,2019-2020,Leicester City,1003,,Left Winger,23,32.0,21,608.0
premier-league,2019-2020,Leicester City,1003,,Centre-Forward,22,29.0,20,961.0
premier-league,2019-2020,Leicester City,1003,,Centre-Forward,32,35.0,35,3034.0
premier-league,2019-2020,Wolverhampton Wanderers,543,,Goalkeeper,25,,0,0.0
premier-league,2019-2020,Wolverhampton Wanderers,543,,Goalkeeper,18,,0,0.0
premier-league,2019-2020,Wolverhampton Wanderers,543,,Goalkeeper,32,38.0,0,0.0
premier-league,2019-2020,Wolverhampton Wanderers,543,,Goalkeeper,31,38.0,38,3420.0
premier-league,2019-2020,Wolverhampton Wanderers,543,,Centre-Back,22,33.0,3,184.0
premier-league,2019-2020,Wolverhampton Wanderers,543,,Left-Back,19,2.0,0,0.0
premier-league,2019-2020,Wolverhampton Wanderers,543,,Centre-Back,19,,0,0.0
premier-league,2019-2020,Wolverhampton Wanderers,543,,Right-Back,25,36.0,35,2892.0
premier-league,2019-2020,Wolverhampton Wanderers,543,,Centre-Back,16,,0,0.0
premier-league,2019-2020,Wolverhampton Wanderers,543,,Centre-Back,29,35.0,33,2706.0
premier-league,2019-2020,Wolverhampton Wanderers,543,,Centre-Back,22,12.0,2,163.0
premier-league,2019-2020,Wolverhampton Wanderers,543,,Right-Back,27,37.0,36,2841.0
premier-league,2019-2020,Wolverhampton Wanderers,543,,Centre-Back,26,38.0,38,3420.0
premier-league,2019-2020,Wolverhampton Wanderers,543,,Right-Back,21,15.0,0,0.0
premier-league,2019-2020,Wolverhampton Wanderers,543,,Centre-Back,28,23.0,22,1980.0
premier-league,2019-2020,Wolverhampton Wanderers,543,,Left-Back,17,,0,0.0
premier-league,2019-2020,Wolverhampton Wanderers,543,,Right-Back,27,,0,0.0
premier-league,2019-2020,Wolverhampton Wanderers,543,,Centre-Back,29,16.0,11,605.0
premier-league,2019-2020,Wolverhampton Wanderers,543,,Right-Back,16,,0,0.0
premier-league,2019-2020,Wolverhampton Wanderers,543,,Attacking Midfield,19,26.0,7,126.0
premier-league,2019-2020,Wolverhampton Wanderers,543,,Defensive Midfield,22,38.0,38,3060.0
premier-league,2019-2020,Wolverhampton Wanderers,543,,Central Midfield,17,1.0,0,0.0
premier-league,2019-2020,Wolverhampton Wanderers,543,,Defensive Midfield,24,38.0,38,2794.0
premier-league,2019-2020,Wolverhampton Wanderers,543,,Left Midfield,20,34.0,16,645.0
premier-league,2019-2020,Wolverhampton Wanderers,543,,Central Midfield,21,,0,0.0
premier-league,2019-2020,Wolverhampton Wanderers,543,,Defensive Midfield,20,12.0,1,6.0
premier-league,2019-2020,Wolverhampton Wanderers,543,,Central Midfield,32,38.0,38,3108.0
premier-league,2019-2020,Wolverhampton Wanderers,543,,Defensive Midfield,23,,0,0.0
premier-league,2019-2020,Wolverhampton Wanderers,543,,Defensive Midfield,18,,0,0.0
premier-league,2019-2020,Wolverhampton Wanderers,543,,Central Midfield,17,3.0,0,0.0
premier-league,2019-2020,Wolverhampton Wanderers,543,,Attacking Midfield,20,,0,0.0
premier-league,2019-2020,Wolverhampton Wanderers,543,,Defensive Midfield,18,3.0,0,0.0
premier-league,2019-2020,Wolverhampton Wanderers,543,,Defensive Midfield,22,,0,0.0
premier-league,2019-2020,Wolverhampton Wanderers,543,,Right Winger,19,35.0,29,927.0
premier-league,2019-2020,Wolverhampton Wanderers,543,,Right Winger,23,38.0,37,2606.0
premier-league,2019-2020,Wolverhampton Wanderers,543,,Centre-Forward,21,20.0,12,300.0
premier-league,2019-2020,Wolverhampton Wanderers,543,,Left Winger,23,13.0,9,288.0
premier-league,2019-2020,Wolverhampton Wanderers,543,,Centre-Forward,28,38.0,38,3252.0
premier-league,2019-2020,Wolverhampton Wanderers,543,,Centre-Forward,18,2.0,0,0.0
premier-league,2019-2020,Wolverhampton Wanderers,543,,Left Winger,16,,0,0.0
premier-league,2019-2020,Wolverhampton Wanderers,543,,Right Winger,24,,0,0.0
premier-league,2019-2020,Wolverhampton Wanderers,543,,Centre-Forward,20,6.0,0,0.0
premier-league,2019-2020,Wolverhampton Wanderers,543,,Centre-Forward,18,,0,0.0
premier-league,2019-2020,Wolverhampton Wanderers,543,,Left Winger,22,34.0,34,2298.0
premier-league,2019-2020,West Ham United,379,,Goalkeeper,19,1.0,0,0.0
premier-league,2019-2020,West Ham United,379,,Goalkeeper,34,25.0,25,2119.0
premier-league,2019-2020,West Ham United,379,,Goalkeeper,33,20.0,8,686.0
premier-league,2019-2020,West Ham United,379,,Goalkeeper,33,13.0,5,436.0
premier-league,2019-2020,West Ham United,379,,Goalkeeper,32,17.0,2,180.0
premier-league,2019-2020,West Ham United,379,,Centre-Back,22,36.0,32,2767.0
premier-league,2019-2020,West Ham United,379,,Right-Back,19,9.0,3,270.0
premier-league,2019-2020,West Ham United,379,,Right-Back,18,7.0,5,441.0
premier-league,2019-2020,West Ham United,379,,Left-Back,25,24.0,17,932.0
premier-league,2019-2020,West Ham United,379,,Centre-Back,27,38.0,17,1176.0
premier-league,2019-2020,West Ham United,379,,Left-Back,29,31.0,31,2730.0
premier-league,2019-2020,West Ham United,379,,Centre-Back,31,36.0,31,2787.0
premier-league,2019-2020,West Ham United,379,,Centre-Back,30,3.0,0,0.0
premier-league,2019-2020,West Ham United,379,,Right-Back,34,29.0,10,589.0
premier-league,2019-2020,West Ham United,379,,Centre-Back,18,3.0,0,0.0
premier-league,2019-2020,West Ham United,379,,Right-Back,26,28.0,27,2237.0
premier-league,2019-2020,West Ham United,379,,Central Midfield,20,38.0,38,3420.0
premier-league,2019-2020,West Ham United,379,,Defensive Midfield,24,13.0,13,1041.0
premier-league,2019-2020,West Ham United,379,,Central Midfield,23,37.0,36,2179.0
premier-league,2019-2020,West Ham United,379,,Defensive Midfield,19,3.0,0,0.0
premier-league,2019-2020,West Ham United,379,,Attacking Midfield,26,32.0,24,1378.0
premier-league,2019-2020,West Ham United,379,,Attacking Midfield,20,,0,0.0
premier-league,2019-2020,West Ham United,379,,Central Midfield,19,1.0,0,0.0
premier-league,2019-2020,West Ham United,379,,Central Midfield,18,1.0,0,0.0
premier-league,2019-2020,West Ham United,379,,Defensive Midfield,33,18.0,6,113.0
premier-league,2019-2020,West Ham United,379,,Central Midfield,32,35.0,33,2687.0
premier-league,2019-2020,West Ham United,379,,Central Midfield,27,16.0,8,210.0
premier-league,2019-2020,West Ham United,379,,Right Winger,22,13.0,13,921.0
premier-league,2019-2020,West Ham United,379,,Right Winger,21,,0,0.0
premier-league,2019-2020,West Ham United,379,,Left Winger,26,29.0,25,1505.0
premier-league,2019-2020,West Ham United,379,,Right Winger,29,24.0,23,988.0
premier-league,2019-2020,West Ham United,379,,Centre-Forward,25,33.0,32,2263.0
premier-league,2019-2020,West Ham United,379,,Centre-Forward,22,28.0,9,132.0
premier-league,2019-2020,West Ham United,379,,Left Winger,22,5.0,0,0.0
premier-league,2019-2020,West Ham United,379,,Centre-Forward,29,24.0,24,1771.0
premier-league,2019-2020,West Ham United,379,,Centre-Forward,31,2.0,2,107.0
premier-league,2019-2020,West Ham United,379,,Left Winger,21,2.0,2,31.0
premier-league,2019-2020,West Ham United,379,,Right Winger,31,28.0,24,1519.0
premier-league,2019-2020,AFC Bournemouth,989,,Goalkeeper,21,37.0,37,3330.0
premier-league,2019-2020,AFC Bournemouth,989,,Goalkeeper,20,2.0,1,90.0
premier-league,2019-2020,AFC Bournemouth,989,,Goalkeeper,18,,0,0.0
premier-league,2019-2020,AFC Bournemouth,989,,Goalkeeper,39,38.0,0,0.0
premier-league,2019-2020,AFC Bournemouth,989,,Centre-Back,20,14.0,8,638.0
premier-league,2019-2020,AFC Bournemouth,989,,Centre-Back,24,30.0,29,2505.0
premier-league,2019-2020,AFC Bournemouth,989,,Centre-Back,21,23.0,12,911.0
premier-league,2019-2020,AFC Bournemouth,989,,Right-Back,23,28.0,19,1550.0
premier-league,2019-2020,AFC Bournemouth,989,,Left-Back,26,37.0,27,2335.0
premier-league,2019-2020,AFC Bournemouth,989,,Right-Back,28,24.0,24,2061.0
premier-league,2019-2020,AFC Bournemouth,989,,Centre-Back,22,21.0,4,238.0
premier-league,2019-2020,AFC Bournemouth,989,,Centre-Back,28,32.0,29,2430.0
premier-league,2019-2020,AFC Bournemouth,989,,Centre-Back,18,,0,0.0
premier-league,2019-2020,AFC Bournemouth,989,,Right-Back,17,,0,0.0
premier-league,2019-2020,AFC Bournemouth,989,,Right-Back,34,19.0,15,965.0
premier-league,2019-2020,AFC Bournemouth,989,,Left-Back,32,3.0,2,127.0
premier-league,2019-2020,AFC Bournemouth,989,,Centre-Back,20,,0,0.0
premier-league,2019-2020,AFC Bournemouth,989,,Central Midfield,22,34.0,27,1345.0
premier-league,2019-2020,AFC Bournemouth,989,,Defensive Midfield,24,34.0,33,2709.0
premier-league,2019-2020,AFC Bournemouth,989,,Central Midfield,23,35.0,34,2533.0
premier-league,2019-2020,AFC Bournemouth,989,,Central Midfield,19,4.0,0,0.0
premier-league,2019-2020,AFC Bournemouth,989,,Defensive Midfield,22,,0,0.0
premier-league,2019-2020,AFC Bournemouth,989,,Central Midfield,19,,0,0.0
premier-league,2019-2020,AFC Bournemouth,989,,Central Midfield,29,27.0,24,1271.0
premier-league,2019-2020,AFC Bournemouth,989,,Central Midfield,32,29.0,5,235.0
premier-league,2019-2020,AFC Bournemouth,989,,Central Midfield,19,,0,0.0
premier-league,2019-2020,AFC Bournemouth,989,,Centre-Forward,21,38.0,32,1658.0
premier-league,2019-2020,AFC Bournemouth,989,,Right Winger,22,34.0,31,1664.0
premier-league,2019-2020,AFC Bournemouth,989,,Right Winger,21,9.0,9,511.0
premier-league,2019-2020,AFC Bournemouth,989,,Centre-Forward,20,12.0,4,25.0
premier-league,2019-2020,AFC Bournemouth,989,,Centre-Forward,27,35.0,35,2898.0
premier-league,2019-2020,AFC Bournemouth,989,,Right Winger,20,2.0,0,0.0
premier-league,2019-2020,AFC Bournemouth,989,,Left Winger,22,19.0,14,628.0
premier-league,2019-2020,AFC Bournemouth,989,,Left Winger,25,28.0,28,2063.0
premier-league,2019-2020,AFC Bournemouth,989,,Centre-Forward,27,26.0,26,2020.0
premier-league,2019-2020,AFC Bournemouth,989,,Centre-Forward,17,1.0,0,0.0
premier-league,2019-2020,AFC Bournemouth,989,,Right Winger,23,8.0,2,47.0
premier-league,2019-2020,AFC Bournemouth,989,,Centre-Forward,36,,0,0.0
premier-league,2019-2020,AFC Bournemouth,989,,Left Winger,29,19.0,15,712.0
premier-league,2019-2020,Newcastle United,762,,Goalkeeper,30,38.0,38,3420.0
premier-league,2019-2020,Newcastle United,762,,Goalkeeper,28,37.0,0,0.0
premier-league,2019-2020,Newcastle United,762,,Goalkeeper,33,1.0,0,0.0
premier-league,2019-2020,Newcastle United,762,,Centre-Back,27,32.0,22,1672.0
premier-league,2019-2020,Newcastle United,762,,Centre-Back,28,12.0,6,441.0
premier-league,2019-2020,Newcastle United,762,,Centre-Back,25,24.0,24,2079.0
premier-league,2019-2020,Newcastle United,762,,Right-Back,24,31.0,17,1019.0
premier-league,2019-2020,Newcastle United,762,,Right-Back,25,25.0,16,936.0
premier-league,2019-2020,Newcastle United,762,,Centre-Back,19,3.0,1,17.0
premier-league,2019-2020,Newcastle United,762,,Centre-Back,25,21.0,19,1502.0
premier-league,2019-2020,Newcastle United,762,,Centre-Back,19,,0,0.0
premier-league,2019-2020,Newcastle United,762,,Right-Back,23,,0,0.0
premier-league,2019-2020,Newcastle United,762,,Left-Back,22,1.0,0,0.0
premier-league,2019-2020,Newcastle United,762,,Centre-Back,29,18.0,14,1188.0
premier-league,2019-2020,Newcastle United,762,,Left-Back,27,19.0,16,1229.0
premier-league,2019-2020,Newcastle United,762,,Centre-Back,30,36.0,32,2618.0
premier-league,2019-2020,Newcastle United,762,,Right-Back,25,26.0,21,1602.0
premier-league,2019-2020,Newcastle United,762,,Left-Back,28,13.0,11,866.0
premier-league,2019-2020,Newcastle United,762,,Central Midfield,22,38.0,38,2698.0
premier-league,2019-2020,Newcastle United,762,,Central Midfield,21,27.0,23,1373.0
premier-league,2019-2020,Newcastle United,762,,Defensive Midfield,24,14.0,12,749.0
premier-league,2019-2020,Newcastle United,762,,Right Midfield,23,13.0,13,474.0
premier-league,2019-2020,Newcastle United,762,,Central Midfield,19,21.0,9,572.0
premier-league,2019-2020,Newcastle United,762,,Defensive Midfield,22,,0,0.0
premier-league,2019-2020,Newcastle United,762,,Defensive Midfield,24,31.0,29,2226.0
premier-league,2019-2020,Newcastle United,762,,Defensive Midfield,30,5.0,3,138.0
premier-league,2019-2020,Newcastle United,762,,Central Midfield,28,,0,0.0
premier-league,2019-2020,Newcastle United,762,,Central Midfield,18,3.0,0,0.0
premier-league,2019-2020,Newcastle United,762,,Central Midfield,27,32.0,26,2124.0
premier-league,2019-2020,Newcastle United,762,,Right Midfield,29,20.0,18,1314.0
premier-league,2019-2020,Newcastle United,762,,Defensive Midfield,29,,0,0.0
premier-league,2019-2020,Newcastle United,762,,Right Winger,24,,0,0.0
premier-league,2019-2020,Newcastle United,762,,Left Winger,22,27.0,26,1874.0
premier-league,2019-2020,Newcastle United,762,,Right Winger,25,37.0,36,3034.0
premier-league,2019-2020,Newcastle United,762,,Left Winger,19,,0,0.0
premier-league,2019-2020,Newcastle United,762,,Centre-Forward,26,17.0,8,207.0
premier-league,2019-2020,Newcastle United,762,,Left Winger,23,,0,0.0
premier-league,2019-2020,Newcastle United,762,,Centre-Forward,30,21.0,19,633.0
premier-league,2019-2020,Newcastle United,762,,Centre-Forward,29,27.0,20,848.0
premier-league,2019-2020,Newcastle United,762,,Left Winger,27,28.0,19,741.0
premier-league,2019-2020,Newcastle United,762,,Right Winger,19,4.0,0,0.0
premier-league,2019-2020,Aston Villa,405,,Goalkeeper,28,27.0,7,537.0
premier-league,2019-2020,Aston Villa,405,,Goalkeeper,33,20.0,20,1795.0
premier-league,2019-2020,Aston Villa,405,,Goalkeeper,29,1.0,0,0.0
premier-league,2019-2020,Aston Villa,405,,Goalkeeper,26,13.0,1,8.0
premier-league,2019-2020,Aston Villa,405,,Goalkeeper,36,16.0,12,1080.0
premier-league,2019-2020,Aston Villa,405,,Goalkeeper,21,,0,0.0
premier-league,2019-2020,Aston Villa,405,,Centre-Back,21,38.0,25,2042.0
premier-league,2019-2020,Aston Villa,405,,Right-Back,16,1.0,0,0.0
premier-league,2019-2020,Aston Villa,405,,Left-Back,23,30.0,28,2295.0
premier-league,2019-2020,Aston Villa,405,,Centre-Back,26,33.0,33,2903.0
premier-league,2019-2020,Aston Villa,405,,Right-Back,21,,0,0.0
premier-league,2019-2020,Aston Villa,405,,Right-Back,24,31.0,25,2041.0
premier-league,2019-2020,Aston Villa,405,,Centre-Back,23,20.0,18,1544.0
premier-league,2019-2020,Aston Villa,405,,Centre-Back,24,21.0,17,1447.0
premier-league,2019-2020,Aston Villa,405,,Centre-Back,30,6.0,0,0.0
premier-league,2019-2020,Aston Villa,405,,Left-Back,30,27.0,14,1089.0
premier-league,2019-2020,Aston Villa,405,,Right-Back,31,32.0,18,1026.0
premier-league,2019-2020,Aston Villa,405,,Central Midfield,18,,0,0.0
premier-league,2019-2020,Aston Villa,405,,Central Midfield,21,37.0,36,2608.0
premier-league,2019-2020,Aston Villa,405,,Central Midfield,24,28.0,28,2317.0
premier-league,2019-2020,Aston Villa,405,,Defensive Midfield,25,34.0,29,1835.0
premier-league,2019-2020,Aston Villa,405,,Central Midfield,24,,0,0.0
premier-league,2019-2020,Aston Villa,405,,Central Midfield,29,7.0,4,263.0
premier-league,2019-2020,Aston Villa,405,,Central Midfield,28,29.0,10,195.0
premier-league,2019-2020,Aston Villa,405,,Central Midfield,28,37.0,27,1539.0
premier-league,2019-2020,Aston Villa,405,,Left Winger,23,36.0,36,3234.0
premier-league,2019-2020,Aston Villa,405,,Centre-Forward,21,21.0,18,538.0
premier-league,2019-2020,Aston Villa,405,,Centre-Forward,17,,0,0.0
premier-league,2019-2020,Aston Villa,405,,Left Winger,24,37.0,34,1951.0
premier-league,2019-2020,Aston Villa,405,,Right Winger,18,12.0,4,47.0
premier-league,2019-2020,Aston Villa,405,,Centre-Forward,22,21.0,21,1790.0
premier-league,2019-2020,Aston Villa,405,,Right Winger,24,37.0,34,2064.0
premier-league,2019-2020,Aston Villa,405,,Centre-Forward,26,14.0,14,946.0
premier-league,2019-2020,Aston Villa,405,,Centre-Forward,26,5.0,2,18.0
premier-league,2019-2020,Aston Villa,405,,Centre-Forward,20,,0,0.0
premier-league,2019-2020,Aston Villa,405,,Left Winger,20,,0,0.0
premier-league,2019-2020,Aston Villa,405,,Centre-Forward,29,12.0,6,111.0
premier-league,2019-2020,Aston Villa,405,,Right Winger,28,21.0,10,332.0
premier-league,2019-2020,Southampton FC,180,,Goalkeeper,23,38.0,10,900.0
premier-league,2019-2020,Southampton FC,180,,Goalkeeper,31,1.0,0,0.0
premier-league,2019-2020,Southampton FC,180,,Goalkeeper,29,36.0,28,2520.0
premier-league,2019-2020,Southampton FC,180,,Goalkeeper,21,1.0,0,0.0
premier-league,2019-2020,Southampton FC,180,,Goalkeeper,24,,0,0.0
premier-league,2019-2020,Southampton FC,180,,Centre-Back,20,22.0,6,276.0
premier-league,2019-2020,Southampton FC,180,,Right-Back,22,12.0,10,704.0
premier-league,2019-2020,Southampton FC,180,,Centre-Back,23,36.0,34,3058.0
premier-league,2019-2020,Southampton FC,180,,Right-Back,20,21.0,11,784.0
premier-league,2019-2020,Southampton FC,180,,Centre-Back,26,31.0,19,1497.0
premier-league,2019-2020,Southampton FC,180,,Centre-Back,25,34.0,28,2453.0
premier-league,2019-2020,Southampton FC,180,,Right-Back,27,19.0,16,1310.0
premier-league,2019-2020,Southampton FC,180,,Centre-Back,30,23.0,8,558.0
premier-league,2019-2020,Southampton FC,180,,Left-Back,19,8.0,1,90.0
premier-league,2019-2020,Southampton FC,180,,Left-Back,29,34.0,32,2744.0
premier-league,2019-2020,Southampton FC,180,,Left-Back,24,,0,0.0
premier-league,2019-2020,Southampton FC,180,,Defensive Midfield,23,34.0,33,2750.0
premier-league,2019-2020,Southampton FC,180,,Central Midfield,24,38.0,38,3420.0
premier-league,2019-2020,Southampton FC,180,,Central Midfield,19,14.0,9,392.0
premier-league,2019-2020,Southampton FC,180,,Attacking Midfield,25,27.0,20,760.0
premier-league,2019-2020,Southampton FC,180,,Left Midfield,18,4.0,0,0.0
premier-league,2019-2020,Southampton FC,180,,Central Midfield,20,,0,0.0
premier-league,2019-2020,Southampton FC,180,,Central Midfield,17,3.0,0,0.0
premier-league,2019-2020,Southampton FC,180,,Defensive Midfield,27,38.0,30,1867.0
premier-league,2019-2020,Southampton FC,180,,Central Midfield,27,32.0,30,1717.0
premier-league,2019-2020,Southampton FC,180,,Central Midfield,20,1.0,0,0.0
premier-league,2019-2020,Southampton FC,180,,Attacking Midfield,23,,0,0.0
premier-league,2019-2020,Southampton FC,180,,Right Winger,19,3.0,1,2.0
premier-league,2019-2020,Southampton FC,180,,Centre-Forward,22,36.0,30,1106.0
premier-league,2019-2020,Southampton FC,180,,Second Striker,24,,0,0.0
premier-league,2019-2020,Southampton FC,180,,Centre-Forward,26,38.0,38,2814.0
premier-league,2019-2020,Southampton FC,180,,Left Winger,21,21.0,18,925.0
premier-league,2019-2020,Southampton FC,180,,Centre-Forward,18,31.0,21,661.0
premier-league,2019-2020,Southampton FC,180,,Right Winger,25,32.0,32,2770.0
premier-league,2019-2020,Southampton FC,180,,Centre-Forward,20,1.0,0,0.0
premier-league,2019-2020,Southampton FC,180,,Centre-Forward,32,31.0,26,1399.0
premier-league,2019-2020,Brighton & Hove Albion,1237,,Goalkeeper,27,38.0,38,3420.0
premier-league,2019-2020,Brighton & Hove Albion,1237,,Goalkeeper,28,,0,0.0
premier-league,2019-2020,Brighton & Hove Albion,1237,,Goalkeeper,30,38.0,0,0.0
premier-league,2019-2020,Brighton & Hove Albion,1237,,Left-Back,24,23.0,14,678.0
premier-league,2019-2020,Brighton & Hove Albion,1237,,Centre-Back,27,34.0,34,2881.0
premier-league,2019-2020,Brighton & Hove Albion,1237,,Centre-Back,27,36.0,36,3231.0
premier-league,2019-2020,Brighton & Hove Albion,1237,,Right-Back,18,9.0,8,592.0
premier-league,2019-2020,Brighton & Hove Albion,1237,,Centre-Back,24,36.0,31,2670.0
premier-league,2019-2020,Brighton & Hove Albion,1237,,Left-Back,19,1.0,0,0.0
premier-league,2019-2020,Brighton & Hove Albion,1237,,Left-Back,17,,0,0.0
premier-league,2019-2020,Brighton & Hove Albion,1237,,Centre-Back,20,,0,0.0
premier-league,2019-2020,Brighton & Hove Albion,1237,,Centre-Back,27,32.0,19,1232.0
premier-league,2019-2020,Brighton & Hove Albion,1237,,Right-Back,18,,0,0.0
premier-league,2019-2020,Brighton & Hove Albion,1237,,Centre-Back,31,4.0,0,0.0
premier-league,2019-2020,Brighton & Hove Albion,1237,,Left-Back,31,4.0,4,57.0
premier-league,2019-2020,Brighton & Hove Albion,1237,,Right-Back,28,34.0,27,1906.0
premier-league,2019-2020,Brighton & Hove Albion,1237,,Right-Back,20,,0,0.0
premier-league,2019-2020,Brighton & Hove Albion,1237,,Central Midfield,20,10.0,9,352.0
premier-league,2019-2020,Brighton & Hove Albion,1237,,Defensive Midfield,22,29.0,22,1262.0
premier-league,2019-2020,Brighton & Hove Albion,1237,,Central Midfield,28,38.0,29,1803.0
premier-league,2019-2020,Brighton & Hove Albion,1237,,Central Midfield,20,22.0,19,1183.0
premier-league,2019-2020,Brighton & Hove Albion,1237,,Right Midfield,18,,0,0.0
premier-league,2019-2020,Brighton & Hove Albion,1237,,Defensive Midfield,20,3.0,0,0.0
premier-league,2019-2020,Brighton & Hove Albion,1237,,Central Midfield,20,,0,0.0
premier-league,2019-2020,Brighton & Hove Albion,1237,,Central Midfield,18,,0,0.0
premier-league,2019-2020,Brighton & Hove Albion,1237,,Central Midfield,20,,0,0.0
premier-league,2019-2020,Brighton & Hove Albion,1237,,Central Midfield,30,35.0,33,2529.0
premier-league,2019-2020,Brighton & Hove Albion,1237,,Central Midfield,28,36.0,31,2089.0
premier-league,2019-2020,Brighton & Hove Albion,1237,,Right Midfield,30,17.0,8,361.0
premier-league,2019-2020,Brighton & Hove Albion,1237,,Central Midfield,27,36.0,35,2832.0
premier-league,2019-2020,Brighton & Hove Albion,1237,,Central Midfield,31,,0,0.0
premier-league,2019-2020,Brighton & Hove Albion,1237,,Central Midfield,17,,0,0.0
premier-league,2019-2020,Brighton & Hove Albion,1237,,Central Midfield,17,,0,0.0
premier-league,2019-2020,Brighton & Hove Albion,1237,,Left Winger,24,34.0,31,2013.0
premier-league,2019-2020,Brighton & Hove Albion,1237,,Centre-Forward,22,38.0,37,2777.0
premier-league,2019-2020,Brighton & Hove Albion,1237,,Centre-Forward,19,28.0,24,1261.0
premier-league,2019-2020,Brighton & Hove Albion,1237,,Right Winger,24,25.0,19,1146.0
premier-league,2019-2020,Brighton & Hove Albion,1237,,Centre-Forward,19,,0,0.0
premier-league,2019-2020,Brighton & Hove Albion,1237,,Right Winger,18,,0,0.0
premier-league,2019-2020,Brighton & Hove Albion,1237,,Right Winger,25,19.0,10,308.0
premier-league,2019-2020,Brighton & Hove Albion,1237,,Left Winger,23,,0,0.0
premier-league,2019-2020,Brighton & Hove Albion,1237,,Centre-Forward,25,3.0,2,87.0
premier-league,2019-2020,Brighton & Hove Albion,1237,,Centre-Forward,26,3.0,3,72.0
premier-league,2019-2020,Brighton & Hove Albion,1237,,Centre-Forward,35,37.0,23,790.0
premier-league,2019-2020,Brighton & Hove Albion,1237,,Left Winger,26,,0,0.0
premier-league,2019-2020,Watford FC,1010,,Goalkeeper,20,,0,0.0
premier-league,2019-2020,Watford FC,1010,,Goalkeeper,24,,0,0.0
premier-league,2019-2020,Watford FC,1010,,Goalkeeper,19,,0,0.0
premier-league,2019-2020,Watford FC,1010,,Goalkeeper,38,38.0,0,0.0
premier-league,2019-2020,Watford FC,1010,,Goalkeeper,36,38.0,38,3420.0
premier-league,2019-2020,Watford FC,1010,,Centre-Back,25,29.0,26,1818.0
premier-league,2019-2020,Watford FC,1010,,Right-Back,26,9.0,3,58.0
premier-league,2019-2020,Watford FC,1010,,Left-Back,25,1.0,0,0.0
premier-league,2019-2020,Watford FC,1010,,Centre-Back,28,34.0,27,2252.0
premier-league,2019-2020,Watford FC,1010,,Right-Back,28,31.0,28,2241.0
premier-league,2019-2020,Watford FC,1010,,Centre-Back,29,34.0,29,2359.0
premier-league,2019-2020,Watford FC,1010,,Centre-Back,16,,0,0.0
premier-league,2019-2020,Watford FC,1010,,Centre-Back,32,2.0,1,57.0
premier-league,2019-2020,Watford FC,1010,,Centre-Back,19,,0,0.0
premier-league,2019-2020,Watford FC,1010,,Right-Back,29,12.0,8,608.0
premier-league,2019-2020,Watford FC,1010,,Centre-Back,32,29.0,20,1510.0
premier-league,2019-2020,Watford FC,1010,,Centre-Back,30,36.0,29,2490.0
premier-league,2019-2020,Watford FC,1010,,Left-Back,35,21.0,14,1024.0
premier-league,2019-2020,Watford FC,1010,,Right-Back,19,,0,0.0
premier-league,2019-2020,Watford FC,1010,,Centre-Back,18,,0,0.0
premier-league,2019-2020,Watford FC,1010,,Attacking Midfield,26,37.0,37,3167.0
premier-league,2019-2020,Watford FC,1010,,Central Midfield,24,33.0,30,2262.0
premier-league,2019-2020,Watford FC,1010,,Defensive Midfield,19,4.0,0,0.0
premier-league,2019-2020,Watford FC,1010,,Central Midfield,19,16.0,4,18.0
premier-league,2019-2020,Watford FC,1010,,Central Midfield,28,33.0,28,1653.0
premier-league,2019-2020,Watford FC,1010,,Defensive Midfield,24,35.0,22,926.0
premier-league,2019-2020,Watford FC,1010,,Defensive Midfield,20,,0,0.0
premier-league,2019-2020,Watford FC,1010,,Central Midfield,19,,0,0.0
premier-league,2019-2020,Watford FC,1010,,Central Midfield,18,,0,0.0
premier-league,2019-2020,Watford FC,1010,,Central Midfield,29,20.0,18,966.0
premier-league,2019-2020,Watford FC,1010,,Defensive Midfield,30,30.0,30,2632.0
premier-league,2019-2020,Watford FC,1010,,Centre-Forward,17,9.0,3,22.0
premier-league,2019-2020,Watford FC,1010,,Right Winger,21,30.0,28,2029.0
premier-league,2019-2020,Watford FC,1010,,Centre-Forward,28,20.0,18,827.0
premier-league,2019-2020,Watford FC,1010,,Centre-Forward,23,14.0,7,67.0
premier-league,2019-2020,Watford FC,1010,,Centre-Forward,19,,0,0.0
premier-league,2019-2020,Watford FC,1010,,Centre-Forward,23,12.0,5,65.0
premier-league,2019-2020,Watford FC,1010,,Right Winger,19,,0,0.0
premier-league,2019-2020,Watford FC,1010,,Left Winger,22,1.0,0,0.0
premier-league,2019-2020,Watford FC,1010,,Centre-Forward,25,28.0,28,2106.0
premier-league,2019-2020,Watford FC,1010,,Centre-Forward,28,37.0,23,746.0
premier-league,2019-2020,Watford FC,1010,,Second Striker,21,,0,0.0
premier-league,2019-2020,Watford FC,1010,,Centre-Forward,31,29.0,27,2234.0
premier-league,2019-2020,Crystal Palace,873,,Goalkeeper,32,35.0,35,3150.0
premier-league,2019-2020,Crystal Palace,873,,Goalkeeper,32,37.0,3,270.0
premier-league,2019-2020,Crystal Palace,873,,Goalkeeper,31,4.0,0,0.0
premier-league,2019-2020,Crystal Palace,873,,Left-Back,19,11.0,4,193.0
premier-league,2019-2020,Crystal Palace,873,,Centre-Back,20,3.0,0,0.0
premier-league,2019-2020,Crystal Palace,873,,Left-Back,28,29.0,29,2511.0
premier-league,2019-2020,Crystal Palace,873,,Right-Back,29,29.0,29,2383.0
premier-league,2019-2020,Crystal Palace,873,,Centre-Back,24,,0,0.0
premier-league,2019-2020,Crystal Palace,873,,Centre-Back,20,14.0,0,0.0
premier-league,2019-2020,Crystal Palace,873,,Centre-Back,30,21.0,18,1586.0
premier-league,2019-2020,Crystal Palace,873,,Centre-Back,32,31.0,16,1263.0
premier-league,2019-2020,Crystal Palace,873,,Centre-Back,29,16.0,14,931.0
premier-league,2019-2020,Crystal Palace,873,,Centre-Back,33,27.0,25,2168.0
premier-league,2019-2020,Crystal Palace,873,,Right-Back,29,30.0,19,1550.0
premier-league,2019-2020,Crystal Palace,873,,Defensive Midfield,22,28.0,17,763.0
premier-league,2019-2020,Crystal Palace,873,,Central Midfield,23,33.0,17,650.0
premier-league,2019-2020,Crystal Palace,873,,Left Midfield,26,19.0,17,1035.0
premier-league,2019-2020,Crystal Palace,873,,Defensive Midfield,28,32.0,31,2514.0
premier-league,2019-2020,Crystal Palace,873,,Central Midfield,25,11.0,1,5.0
premier-league,2019-2020,Crystal Palace,873,,Central Midfield,19,4.0,0,0.0
premier-league,2019-2020,Crystal Palace,873,,Defensive Midfield,29,38.0,35,2536.0
premier-league,2019-2020,Crystal Palace,873,,Central Midfield,31,37.0,37,3104.0
premier-league,2019-2020,Crystal Palace,873,,Central Midfield,28,38.0,33,1672.0
premier-league,2019-2020,Crystal Palace,873,,Attacking Midfield,20,2.0,0,0.0
premier-league,2019-2020,Crystal Palace,873,,Left Winger,26,38.0,38,3280.0
premier-league,2019-2020,Crystal Palace,873,,Centre-Forward,28,27.0,24,1258.0
premier-league,2019-2020,Crystal Palace,873,,Centre-Forward,27,38.0,37,3162.0
premier-league,2019-2020,Crystal Palace,873,,Right Winger,27,29.0,24,1300.0
premier-league,2019-2020,Crystal Palace,873,,Centre-Forward,28,5.0,5,179.0
premier-league,2019-2020,Crystal Palace,873,,Left Winger,16,2.0,0,0.0
premier-league,2019-2020,Crystal Palace,873,,Centre-Forward,26,13.0,6,90.0
premier-league,2019-2020,Crystal Palace,873,,Left Winger,19,3.0,0,0.0
premier-league,2019-2020,Crystal Palace,873,,Left Winger,17,17.0,2,13.0
premier-league,2019-2020,Burnley FC,1132,,Goalkeeper,27,38.0,38,3420.0
premier-league,2019-2020,Burnley FC,1132,,Goalkeeper,22,9.0,0,0.0
premier-league,2019-2020,Burnley FC,1132,,Goalkeeper,20,3.0,0,0.0
premier-league,2019-2020,Burnley FC,1132,,Goalkeeper,32,29.0,0,0.0
premier-league,2019-2020,Burnley FC,1132,,Goalkeeper,32,,0,0.0
premier-league,2019-2020,Burnley FC,1132,,Centre-Back,18,4.0,0,0.0
premier-league,2019-2020,Burnley FC,1132,,Right-Back,21,9.0,0,0.0
premier-league,2019-2020,Burnley FC,1132,,Centre-Back,26,38.0,38,3420.0
premier-league,2019-2020,Burnley FC,1132,,Left-Back,25,30.0,24,1946.0
premier-league,2019-2020,Burnley FC,1132,,Centre-Back,26,11.0,0,0.0
premier-league,2019-2020,Burnley FC,1132,,Left-Back,19,6.0,0,0.0
premier-league,2019-2020,Burnley FC,1132,,Centre-Back,28,29.0,8,562.0
premier-league,2019-2020,Burnley FC,1132,,Left-Back,19,1.0,0,0.0
premier-league,2019-2020,Burnley FC,1132,,Right-Back,30,26.0,17,1530.0
premier-league,2019-2020,Burnley FC,1132,,Centre-Back,29,32.0,32,2880.0
premier-league,2019-2020,Burnley FC,1132,,Left-Back,30,36.0,24,1878.0
premier-league,2019-2020,Burnley FC,1132,,Right-Back,34,31.0,21,1890.0
premier-league,2019-2020,Burnley FC,1132,,Central Midfield,23,13.0,10,806.0
premier-league,2019-2020,Burnley FC,1132,,Defensive Midfield,29,35.0,35,3150.0
premier-league,2019-2020,Burnley FC,1132,,Central Midfield,19,6.0,0,0.0
premier-league,2019-2020,Burnley FC,1132,,Left Midfield,27,30.0,17,449.0
premier-league,2019-2020,Burnley FC,1132,,Central Midfield,29,9.0,1,59.0
premier-league,2019-2020,Burnley FC,1132,,Central Midfield,19,10.0,0,0.0
premier-league,2019-2020,Burnley FC,1132,,Right Midfield,16,,0,0.0
premier-league,2019-2020,Burnley FC,1132,,Defensive Midfield,30,30.0,30,2619.0
premier-league,2019-2020,Burnley FC,1132,,Central Midfield,27,28.0,24,1937.0
premier-league,2019-2020,Burnley FC,1132,,Left Winger,19,38.0,38,3345.0
premier-league,2019-2020,Burnley FC,1132,,Centre-Forward,27,32.0,32,2446.0
premier-league,2019-2020,Burnley FC,1132,,Centre-Forward,27,28.0,19,812.0
premier-league,2019-2020,Burnley FC,1132,,Right Winger,28,15.0,12,626.0
premier-league,2019-2020,Burnley FC,1132,,Centre-Forward,29,36.0,36,2009.0
premier-league,2019-2020,Burnley FC,1132,,Centre-Forward,29,19.0,19,1361.0
premier-league,2019-2020,Burnley FC,1132,,Centre-Forward,20,2.0,0,0.0
premier-league,2019-2020,Burnley FC,1132,,Right Winger,17,9.0,1,2.0
premier-league,2019-2020,Burnley FC,1132,,Right Winger,32,26.0,16,486.0
premier-league,2019-2020,Norwich City,1123,,Goalkeeper,30,20.0,1,22.0
premier-league,2019-2020,Norwich City,1123,,Goalkeeper,18,2.0,0,0.0
premier-league,2019-2020,Norwich City,1123,,Goalkeeper,31,36.0,36,3240.0
premier-league,2019-2020,Norwich City,1123,,Goalkeeper,34,20.0,2,158.0
premier-league,2019-2020,Norwich City,1123,,Centre-Back,21,31.0,30,2646.0
premier-league,2019-2020,Norwich City,1123,,Right-Back,19,36.0,36,3240.0
premier-league,2019-2020,Norwich City,1123,,Left-Back,18,,0,0.0
premier-league,2019-2020,Norwich City,1123,,Left-Back,21,37.0,28,2305.0
premier-league,2019-2020,Norwich City,1123,,Centre-Back,20,3.0,1,1.0
premier-league,2019-2020,Norwich City,1123,,Left-Back,25,26.0,17,1294.0
premier-league,2019-2020,Norwich City,1123,,Centre-Back,27,18.0,15,1262.0
premier-league,2019-2020,Norwich City,1123,,Left-Back,28,2.0,0,0.0
premier-league,2019-2020,Norwich City,1123,,Centre-Back,25,,0,0.0
premier-league,2019-2020,Norwich City,1123,,Centre-Back,26,18.0,17,1431.0
premier-league,2019-2020,Norwich City,1123,,Centre-Back,31,8.0,7,585.0
premier-league,2019-2020,Norwich City,1123,,Right-Back,18,4.0,1,1.0
premier-league,2019-2020,Norwich City,1123,,Central Midfield,24,13.0,10,729.0
premier-league,2019-2020,Norwich City,1123,,Attacking Midfield,21,37.0,37,2501.0
premier-league,2019-2020,Norwich City,1123,,Defensive Midfield,26,20.0,11,756.0
premier-league,2019-2020,Norwich City,1123,,Central Midfield,27,38.0,37,2966.0
premier-league,2019-2020,Norwich City,1123,,Central Midfield,24,,0,0.0
premier-league,2019-2020,Norwich City,1123,,Attacking Midfield,28,16.0,12,699.0
premier-league,2019-2020,Norwich City,1123,,Defensive Midfield,26,30.0,16,1135.0
premier-league,2019-2020,Norwich City,1123,,Central Midfield,17,1.0,0,0.0
premier-league,2019-2020,Norwich City,1123,,Central Midfield,30,29.0,20,640.0
premier-league,2019-2020,Norwich City,1123,,Central Midfield,26,13.0,9,685.0
premier-league,2019-2020,Norwich City,1123,,Attacking Midfield,28,34.0,24,1189.0
premier-league,2019-2020,Norwich City,1123,,Defensive Midfield,33,33.0,30,2353.0
premier-league,2019-2020,Norwich City,1123,,Left Winger,22,36.0,36,2463.0
premier-league,2019-2020,Norwich City,1123,,Centre-Forward,23,,0,0.0
premier-league,2019-2020,Norwich City,1123,,Centre-Forward,18,17.0,12,220.0
premier-league,2019-2020,Norwich City,1123,,Right Winger,22,7.0,3,24.0
premier-league,2019-2020,Norwich City,1123,,Centre-Forward,25,18.0,8,41.0
premier-league,2019-2020,Norwich City,1123,,Centre-Forward,29,37.0,36,2893.0
premier-league,2019-2020,Norwich City,1123,,Left Winger,26,28.0,26,1383.0
premier-league,2019-2020,Norwich City,1123,,Left Winger,17,8.0,5,32.0
premier-league,2019-2020,Norwich City,1123,,Centre-Forward,22,,0,0.0
premier-league,2019-2020,Norwich City,1123,,Centre-Forward,26,25.0,21,636.0
premier-league,2019-2020,Sheffield United,350,,Goalkeeper,22,36.0,36,3240.0
premier-league,2019-2020,Sheffield United,350,,Goalkeeper,22,12.0,0,0.0
premier-league,2019-2020,Sheffield United,350,,Goalkeeper,22,1.0,0,0.0
premier-league,2019-2020,Sheffield United,350,,Goalkeeper,29,27.0,2,180.0
premier-league,2019-2020,Sheffield United,350,,Centre-Back,20,3.0,0,0.0
premier-league,2019-2020,Sheffield United,350,,Centre-Back,26,36.0,36,3189.0
premier-league,2019-2020,Sheffield United,350,,Centre-Back,25,11.0,6,505.0
premier-league,2019-2020,Sheffield United,350,,Centre-Back,25,,0,0.0
premier-league,2019-2020,Sheffield United,350,,Left-Back,28,38.0,38,3346.0
premier-league,2019-2020,Sheffield United,350,,Centre-Back,31,1.0,0,0.0
premier-league,2019-2020,Sheffield United,350,,Centre-Back,22,,0,0.0
premier-league,2019-2020,Sheffield United,350,,Right-Back,26,38.0,38,3420.0
premier-league,2019-2020,Sheffield United,350,,Centre-Back,25,33.0,33,2915.0
premier-league,2019-2020,Sheffield United,350,,Centre-Back,30,38.0,38,3255.0
premier-league,2019-2020,Sheffield United,350,,Centre-Back,36,36.0,6,240.0
premier-league,2019-2020,Sheffield United,350,,Right-Back,27,13.0,2,6.0
premier-league,2019-2020,Sheffield United,350,,Centre-Back,28,8.0,1,15.0
premier-league,2019-2020,Sheffield United,350,,Defensive Midfield,21,14.0,14,949.0
premier-league,2019-2020,Sheffield United,350,,Defensive Midfield,25,35.0,34,2456.0
premier-league,2019-2020,Sheffield United,350,,Central Midfield,24,30.0,13,591.0
premier-league,2019-2020,Sheffield United,350,,Central Midfield,28,38.0,38,3100.0
premier-league,2019-2020,Sheffield United,350,,Defensive Midfield,26,23.0,9,245.0
premier-league,2019-2020,Sheffield United,350,,Central Midfield,27,30.0,30,2517.0
premier-league,2019-2020,Sheffield United,350,,Attacking Midfield,26,2.0,1,12.0
premier-league,2019-2020,Sheffield United,350,,Attacking Midfield,27,24.0,11,362.0
premier-league,2019-2020,Sheffield United,350,,Centre-Forward,23,38.0,36,2119.0
premier-league,2019-2020,Sheffield United,350,,Centre-Forward,24,23.0,16,676.0
premier-league,2019-2020,Sheffield United,350,,Centre-Forward,22,9.0,5,106.0
premier-league,2019-2020,Sheffield United,350,,Centre-Forward,23,33.0,30,1233.0
premier-league,2019-2020,Sheffield United,350,,Centre-Forward,33,36.0,25,1047.0
premier-league,2019-2020,Sheffield United,350,,Centre-Forward,31,29.0,28,1824.0
premier-league,2019-2020,Sheffield United,350,,Left Winger,32,,0,0.0
premier-league,2019-2020,Sheffield United,350,,Left Winger,24,,0,0.0
premier-league,2019-2020,Sheffield United,350,,Centre-Forward,34,4.0,2,33.0
premier-league,2020-2021,Manchester City,281,,Goalkeeper,17,1.0,0,0.0
premier-league,2020-2021,Manchester City,281,,Goalkeeper,26,36.0,36,3240.0
premier-league,2020-2021,Manchester City,281,,Goalkeeper,25,35.0,1,90.0
premier-league,2020-2021,Manchester City,281,,Goalkeeper,34,4.0,1,90.0
premier-league,2020-2021,Manchester City,281,,Centre-Back,23,36.0,32,2845.0
premier-league,2020-2021,Manchester City,281,,Centre-Back,19,22.0,6,380.0
premier-league,2020-2021,Manchester City,281,,Centre-Back,18,2.0,0,0.0
premier-league,2020-2021,Manchester City,281,,Centre-Back,26,34.0,22,1934.0
premier-league,2020-2021,Manchester City,281,,Centre-Back,25,17.0,10,797.0
premier-league,2020-2021,Manchester City,281,,Left-Back,23,28.0,20,1474.0
premier-league,2020-2021,Manchester City,281,,Centre-Back,26,28.0,16,1343.0
premier-league,2020-2021,Manchester City,281,,Right-Back,26,34.0,28,2302.0
premier-league,2020-2021,Manchester City,281,,Centre-Back,23,,0,0.0
premier-league,2020-2021,Manchester City,281,,Right-Back,30,33.0,24,1946.0
premier-league,2020-2021,Manchester City,281,,Centre-Back,32,1.0,0,0.0
premier-league,2020-2021,Manchester City,281,,Centre-Back,16,2.0,0,0.0
premier-league,2020-2021,Manchester City,281,,Left-Back,25,32.0,13,957.0
premier-league,2020-2021,Manchester City,281,,Attacking Midfield,18,6.0,0,0.0
premier-league,2020-2021,Manchester City,281,,Attacking Midfield,20,38.0,28,1614.0
premier-league,2020-2021,Manchester City,281,,Defensive Midfield,24,38.0,34,2748.0
premier-league,2020-2021,Manchester City,281,,Central Midfield,19,1.0,0,0.0
premier-league,2020-2021,Manchester City,281,,Attacking Midfield,25,36.0,26,2070.0
premier-league,2020-2021,Manchester City,281,,Central Midfield,19,5.0,0,0.0
premier-league,2020-2021,Manchester City,281,,Attacking Midfield,29,29.0,25,2001.0
premier-league,2020-2021,Manchester City,281,,Central Midfield,18,5.0,0,0.0
premier-league,2020-2021,Manchester City,281,,Central Midfield,29,34.0,28,2031.0
premier-league,2020-2021,Manchester City,281,,Defensive Midfield,19,1.0,0,0.0
premier-league,2020-2021,Manchester City,281,,Defensive Midfield,35,32.0,21,1184.0
premier-league,2020-2021,Manchester City,281,,Centre-Forward,20,37.0,24,1307.0
premier-league,2020-2021,Manchester City,281,,Centre-Forward,17,6.0,1,39.0
premier-league,2020-2021,Manchester City,281,,Centre-Forward,23,30.0,29,2059.0
premier-league,2020-2021,Manchester City,281,,Left Winger,23,,0,0.0
premier-league,2020-2021,Manchester City,281,,Right Winger,29,37.0,27,1955.0
premier-league,2020-2021,Manchester City,281,,Right Winger,23,,0,0.0
premier-league,2020-2021,Manchester City,281,,Right Winger,25,36.0,31,2536.0
premier-league,2020-2021,Manchester City,281,,Centre-Forward,32,19.0,12,558.0
premier-league,2020-2021,Liverpool FC,31,,Goalkeeper,21,15.0,2,180.0
premier-league,2020-2021,Liverpool FC,31,,Goalkeeper,27,33.0,33,2970.0
premier-league,2020-2021,Liverpool FC,31,,Goalkeeper,18,,0,0.0
premier-league,2020-2021,Liverpool FC,31,,Goalkeeper,16,,0,0.0
premier-league,2020-2021,Liverpool FC,31,,Goalkeeper,17,1.0,0,0.0
premier-league,2020-2021,Liverpool FC,31,,Goalkeeper,18,1.0,0,0.0
premier-league,2020-2021,Liverpool FC,31,,Goalkeeper,33,30.0,3,270.0
premier-league,2020-2021,Liverpool FC,31,,Right-Back,21,36.0,36,3033.0
premier-league,2020-2021,Liverpool FC,31,,Centre-Back,18,,0,0.0
premier-league,2020-2021,Liverpool FC,31,,Left-Back,19,31.0,6,249.0
premier-league,2020-2021,Liverpool FC,31,,Centre-Back,28,5.0,5,371.0
premier-league,2020-2021,Liverpool FC,31,,Centre-Back,20,10.0,9,803.0
premier-league,2020-2021,Liverpool FC,31,,Centre-Back,23,7.0,7,590.0
premier-league,2020-2021,Liverpool FC,31,,Left-Back,26,38.0,38,3386.0
premier-league,2020-2021,Liverpool FC,31,,Left-Back,24,22.0,2,6.0
premier-league,2020-2021,Liverpool FC,31,,Centre-Back,23,30.0,17,1455.0
premier-league,2020-2021,Liverpool FC,31,,Centre-Back,24,4.0,0,0.0
premier-league,2020-2021,Liverpool FC,31,,Centre-Back,19,25.0,9,660.0
premier-league,2020-2021,Liverpool FC,31,,Centre-Back,17,3.0,0,0.0
premier-league,2020-2021,Liverpool FC,31,,Centre-Back,28,10.0,10,691.0
premier-league,2020-2021,Liverpool FC,31,,Central Midfield,19,36.0,24,1178.0
premier-league,2020-2021,Liverpool FC,31,,Attacking Midfield,17,,0,0.0
premier-league,2020-2021,Liverpool FC,31,,Defensive Midfield,26,30.0,30,2566.0
premier-league,2020-2021,Liverpool FC,31,,Central Midfield,29,38.0,38,2948.0
premier-league,2020-2021,Liverpool FC,31,,Defensive Midfield,24,,0,0.0
premier-league,2020-2021,Liverpool FC,31,,Central Midfield,25,18.0,10,521.0
premier-league,2020-2021,Liverpool FC,31,,Attacking Midfield,28,27.0,14,552.0
premier-league,2020-2021,Liverpool FC,31,,Defensive Midfield,30,23.0,21,1707.0
premier-league,2020-2021,Liverpool FC,31,,Central Midfield,26,25.0,13,245.0
premier-league,2020-2021,Liverpool FC,31,,Central Midfield,18,3.0,0,0.0
premier-league,2020-2021,Liverpool FC,31,,Attacking Midfield,20,3.0,0,0.0
premier-league,2020-2021,Liverpool FC,31,,Central Midfield,29,25.0,24,1858.0
premier-league,2020-2021,Liverpool FC,31,,Central Midfield,34,30.0,26,1061.0
premier-league,2020-2021,Liverpool FC,31,,Central Midfield,18,2.0,0,0.0
premier-league,2020-2021,Liverpool FC,31,,Right Winger,23,,0,0.0
premier-league,2020-2021,Liverpool FC,31,,Right Winger,28,37.0,37,3082.0
premier-league,2020-2021,Liverpool FC,31,,Left Winger,25,20.0,9,289.0
premier-league,2020-2021,Liverpool FC,31,,Left Winger,28,35.0,35,2812.0
premier-league,2020-2021,Liverpool FC,31,,Centre-Forward,28,36.0,36,2852.0
premier-league,2020-2021,Liverpool FC,31,,Centre-Forward,20,,0,0.0
premier-league,2020-2021,Liverpool FC,31,,Right Winger,23,,0,0.0
premier-league,2020-2021,Liverpool FC,31,,Left Winger,23,19.0,19,1113.0
premier-league,2020-2021,Liverpool FC,31,,Centre-Forward,25,26.0,9,182.0
premier-league,2020-2021,Chelsea FC,631,,Goalkeeper,25,35.0,7,585.0
premier-league,2020-2021,Chelsea FC,631,,Goalkeeper,28,34.0,31,2745.0
premier-league,2020-2021,Chelsea FC,631,,Goalkeeper,21,,0,0.0
premier-league,2020-2021,Chelsea FC,631,,Goalkeeper,19,1.0,0,0.0
premier-league,2020-2021,Chelsea FC,631,,Goalkeeper,26,,0,0.0
premier-league,2020-2021,Chelsea FC,631,,Goalkeeper,38,7.0,1,90.0
premier-league,2020-2021,Chelsea FC,631,,Right-Back,20,35.0,32,2373.0
premier-league,2020-2021,Chelsea FC,631,,Right-Back,17,2.0,0,0.0
premier-league,2020-2021,Chelsea FC,631,,Centre-Back,22,5.0,1,45.0
premier-league,2020-2021,Chelsea FC,631,,Left-Back,23,34.0,27,2291.0
premier-league,2020-2021,Chelsea FC,631,,Left-Back,25,21.0,2,88.0
premier-league,2020-2021,Chelsea FC,631,,Centre-Back,24,23.0,17,1371.0
premier-league,2020-2021,Chelsea FC,631,,Centre-Back,27,32.0,19,1710.0
premier-league,2020-2021,Chelsea FC,631,,Centre-Back,29,22.0,13,962.0
premier-league,2020-2021,Chelsea FC,631,,Centre-Back,22,,0,0.0
premier-league,2020-2021,Chelsea FC,631,,Centre-Back,35,25.0,23,1938.0
premier-league,2020-2021,Chelsea FC,631,,Centre-Back,25,35.0,24,2027.0
premier-league,2020-2021,Chelsea FC,631,,Centre-Back,30,38.0,26,2192.0
premier-league,2020-2021,Chelsea FC,631,,Central Midfield,20,,0,0.0
premier-league,2020-2021,Chelsea FC,631,,Defensive Midfield,19,,0,0.0
premier-league,2020-2021,Chelsea FC,631,,Attacking Midfield,21,37.0,36,2897.0
premier-league,2020-2021,Chelsea FC,631,,Defensive Midfield,19,17.0,5,259.0
premier-league,2020-2021,Chelsea FC,631,,Central Midfield,26,30.0,27,1818.0
premier-league,2020-2021,Chelsea FC,631,,Central Midfield,24,1.0,1,61.0
premier-league,2020-2021,Chelsea FC,631,,Defensive Midfield,28,38.0,28,2014.0
premier-league,2020-2021,Chelsea FC,631,,Defensive Midfield,29,32.0,30,2145.0
premier-league,2020-2021,Chelsea FC,631,,Central Midfield,26,3.0,2,42.0
premier-league,2020-2021,Chelsea FC,631,,Central Midfield,18,3.0,0,0.0
premier-league,2020-2021,Chelsea FC,631,,Central Midfield,17,,0,0.0
premier-league,2020-2021,Chelsea FC,631,,Centre-Forward,21,31.0,27,1520.0
premier-league,2020-2021,Chelsea FC,631,,Right Winger,21,29.0,27,1737.0
premier-league,2020-2021,Chelsea FC,631,,Left Winger,19,33.0,23,1058.0
premier-league,2020-2021,Chelsea FC,631,,Centre-Forward,22,30.0,22,1045.0
premier-league,2020-2021,Chelsea FC,631,,Centre-Forward,24,38.0,35,2613.0
premier-league,2020-2021,Chelsea FC,631,,Right Winger,27,28.0,23,1177.0
premier-league,2020-2021,Chelsea FC,631,,Centre-Forward,26,,0,0.0
premier-league,2020-2021,Chelsea FC,631,,Centre-Forward,33,35.0,17,747.0
premier-league,2020-2021,Chelsea FC,631,,Left Winger,23,,0,0.0
premier-league,2020-2021,Chelsea FC,631,,Left Winger,23,,0,0.0
premier-league,2020-2021,Manchester United,985,,Goalkeeper,23,38.0,13,1125.0
premier-league,2020-2021,Manchester United,985,,Goalkeeper,29,33.0,26,2296.0
premier-league,2020-2021,Manchester United,985,,Goalkeeper,20,1.0,0,0.0
premier-league,2020-2021,Manchester United,985,,Goalkeeper,24,,0,0.0
premier-league,2020-2021,Manchester United,985,,Goalkeeper,37,6.0,0,0.0
premier-league,2020-2021,Manchester United,985,,Goalkeeper,33,,0,0.0
premier-league,2020-2021,Manchester United,985,,Right-Back,21,,0,0.0
premier-league,2020-2021,Manchester United,985,,Right-Back,22,37.0,34,3060.0
premier-league,2020-2021,Manchester United,985,,Centre-Back,27,34.0,34,3048.0
premier-league,2020-2021,Manchester United,985,,Left-Back,24,34.0,32,2655.0
premier-league,2020-2021,Manchester United,985,,Centre-Back,25,34.0,29,2586.0
premier-league,2020-2021,Manchester United,985,,Centre-Back,22,30.0,9,403.0
premier-league,2020-2021,Manchester United,985,,Centre-Back,18,,0,0.0
premier-league,2020-2021,Manchester United,985,,Left-Back,27,31.0,9,691.0
premier-league,2020-2021,Manchester United,985,,Centre-Back,26,26.0,12,915.0
premier-league,2020-2021,Manchester United,985,,Left-Back,19,20.0,4,187.0
premier-league,2020-2021,Manchester United,985,,Centre-Back,17,1.0,1,1.0
premier-league,2020-2021,Manchester United,985,,Right-Back,22,3.0,1,81.0
premier-league,2020-2021,Manchester United,985,,Centre-Back,28,,0,0.0
premier-league,2020-2021,Manchester United,985,,Central Midfield,23,36.0,32,2128.0
premier-league,2020-2021,Manchester United,985,,Attacking Midfield,25,37.0,37,3109.0
premier-league,2020-2021,Manchester United,985,,Attacking Midfield,17,1.0,1,8.0
premier-league,2020-2021,Manchester United,985,,Central Midfield,27,35.0,30,2396.0
premier-league,2020-2021,Manchester United,985,,Central Midfield,27,29.0,26,1901.0
premier-league,2020-2021,Manchester United,985,,Central Midfield,19,,0,0.0
premier-league,2020-2021,Manchester United,985,,Attacking Midfield,27,4.0,0,0.0
premier-league,2020-2021,Manchester United,985,,Central Midfield,23,34.0,19,513.0
premier-league,2020-2021,Manchester United,985,,Defensive Midfield,31,37.0,20,1101.0
premier-league,2020-2021,Manchester United,985,,Attacking Midfield,32,26.0,9,514.0
premier-league,2020-2021,Manchester United,985,,Right Winger,18,35.0,31,1826.0
premier-league,2020-2021,Manchester United,985,,Right Winger,17,11.0,3,167.0
premier-league,2020-2021,Manchester United,985,,Left Winger,22,38.0,37,2924.0
premier-league,2020-2021,Manchester United,985,,Right Winger,18,2.0,2,156.0
premier-league,2020-2021,Manchester United,985,,Right Winger,22,27.0,15,912.0
premier-league,2020-2021,Manchester United,985,,Right Winger,18,,0,0.0
premier-league,2020-2021,Manchester United,985,,Centre-Forward,24,23.0,22,1492.0
premier-league,2020-2021,Manchester United,985,,Left Winger,16,5.0,2,10.0
premier-league,2020-2021,Manchester United,985,,Centre-Forward,33,26.0,26,1368.0
premier-league,2020-2021,Manchester United,985,,Centre-Forward,31,2.0,1,9.0
premier-league,2020-2021,Tottenham Hotspur,148,,Goalkeeper,28,,0,0.0
premier-league,2020-2021,Tottenham Hotspur,148,,Goalkeeper,33,38.0,38,3420.0
premier-league,2020-2021,Tottenham Hotspur,148,,Goalkeeper,21,,0,0.0
premier-league,2020-2021,Tottenham Hotspur,148,,Goalkeeper,33,38.0,0,0.0
premier-league,2020-2021,Tottenham Hotspur,148,,Goalkeeper,21,,0,0.0
premier-league,2020-2021,Tottenham Hotspur,148,,Left-Back,20,,0,0.0
premier-league,2020-2021,Tottenham Hotspur,148,,Centre-Back,22,21.0,12,732.0
premier-league,2020-2021,Tottenham Hotspur,148,,Centre-Back,24,28.0,18,1486.0
premier-league,2020-2021,Tottenham Hotspur,148,,Centre-Back,22,,0,0.0
premier-league,2020-2021,Tottenham Hotspur,148,,Centre-Back,21,14.0,6,489.0
premier-league,2020-2021,Tottenham Hotspur,148,,Left-Back,18,,0,0.0
premier-league,2020-2021,Tottenham Hotspur,148,,Centre-Back,26,37.0,28,2520.0
premier-league,2020-2021,Tottenham Hotspur,148,,Left-Back,23,31.0,27,2249.0
premier-league,2020-2021,Tottenham Hotspur,148,,Centre-Back,27,29.0,20,1340.0
premier-league,2020-2021,Tottenham Hotspur,148,,Right-Back,28,28.0,17,1242.0
premier-league,2020-2021,Tottenham Hotspur,148,,Right-Back,27,25.0,19,1608.0
premier-league,2020-2021,Tottenham Hotspur,148,,Left-Back,29,,0,0.0
premier-league,2020-2021,Tottenham Hotspur,148,,Centre-Back,31,35.0,25,2241.0
premier-league,2020-2021,Tottenham Hotspur,148,,Right-Back,19,,0,0.0
premier-league,2020-2021,Tottenham Hotspur,148,,Central Midfield,21,3.0,0,0.0
premier-league,2020-2021,Tottenham Hotspur,148,,Defensive Midfield,24,38.0,38,3420.0
premier-league,2020-2021,Tottenham Hotspur,148,,Attacking Midfield,24,20.0,18,950.0
premier-league,2020-2021,Tottenham Hotspur,148,,Attacking Midfield,15,2.0,0,0.0
premier-league,2020-2021,Tottenham Hotspur,148,,Defensive Midfield,19,,0,0.0
premier-league,2020-2021,Tottenham Hotspur,148,,Defensive Midfield,24,30.0,15,861.0
premier-league,2020-2021,Tottenham Hotspur,148,,Central Midfield,23,36.0,33,2106.0
premier-league,2020-2021,Tottenham Hotspur,148,,Attacking Midfield,24,23.0,15,618.0
premier-league,2020-2021,Tottenham Hotspur,148,,Defensive Midfield,18,,0,0.0
premier-league,2020-2021,Tottenham Hotspur,148,,Central Midfield,17,1.0,0,0.0
premier-league,2020-2021,Tottenham Hotspur,148,,Central Midfield,30,35.0,25,1577.0
premier-league,2020-2021,Tottenham Hotspur,148,,Defensive Midfield,18,,0,0.0
premier-league,2020-2021,Tottenham Hotspur,148,,Centre-Forward,26,35.0,35,3087.0
premier-league,2020-2021,Tottenham Hotspur,148,,Left Winger,19,,0,0.0
premier-league,2020-2021,Tottenham Hotspur,148,,Left Winger,27,37.0,37,3126.0
premier-league,2020-2021,Tottenham Hotspur,148,,Left Winger,22,26.0,21,1219.0
premier-league,2020-2021,Tottenham Hotspur,148,,Centre-Forward,25,25.0,9,305.0
premier-league,2020-2021,Tottenham Hotspur,148,,Right Winger,27,37.0,30,1403.0
premier-league,2020-2021,Tottenham Hotspur,148,,Centre-Forward,16,4.0,1,1.0
premier-league,2020-2021,Tottenham Hotspur,148,,Right Winger,18,,0,0.0
premier-league,2020-2021,Tottenham Hotspur,148,,Right Winger,30,30.0,20,922.0
premier-league,2020-2021,Tottenham Hotspur,148,,Right Winger,28,28.0,23,704.0
premier-league,2020-2021,Arsenal FC,11,,Goalkeeper,27,,0,0.0
premier-league,2020-2021,Arsenal FC,11,,Goalkeeper,28,37.0,35,3132.0
premier-league,2020-2021,Arsenal FC,11,,Goalkeeper,18,,0,0.0
premier-league,2020-2021,Arsenal FC,11,,Goalkeeper,18,,0,0.0
premier-league,2020-2021,Arsenal FC,11,,Goalkeeper,28,15.0,3,270.0
premier-league,2020-2021,Arsenal FC,11,,Goalkeeper,25,22.0,1,15.0
premier-league,2020-2021,Arsenal FC,11,,Goalkeeper,25,,0,0.0
premier-league,2020-2021,Arsenal FC,11,,Goalkeeper,25,2.0,0,0.0
premier-league,2020-2021,Arsenal FC,11,,Goalkeeper,19,,0,0.0
premier-league,2020-2021,Arsenal FC,11,,Centre-Back,19,,0,0.0
premier-league,2020-2021,Arsenal FC,11,,Centre-Back,22,33.0,23,1997.0
premier-league,2020-2021,Arsenal FC,11,,Right-Back,22,19.0,11,491.0
premier-league,2020-2021,Arsenal FC,11,,Left-Back,23,27.0,27,2301.0
premier-league,2020-2021,Arsenal FC,11,,Centre-Back,27,4.0,1,90.0
premier-league,2020-2021,Arsenal FC,11,,Centre-Back,24,35.0,30,2558.0
premier-league,2020-2021,Arsenal FC,11,,Right-Back,25,34.0,25,2094.0
premier-league,2020-2021,Arsenal FC,11,,Centre-Back,26,17.0,10,900.0
premier-league,2020-2021,Arsenal FC,11,,Centre-Back,25,18.0,10,752.0
premier-league,2020-2021,Arsenal FC,11,,Right-Back,28,25.0,10,747.0
premier-league,2020-2021,Arsenal FC,11,,Left-Back,18,,0,0.0
premier-league,2020-2021,Arsenal FC,11,,Centre-Back,33,22.0,20,1396.0
premier-league,2020-2021,Arsenal FC,11,,Centre-Back,28,9.0,3,44.0
premier-league,2020-2021,Arsenal FC,11,,Attacking Midfield,21,16.0,14,866.0
premier-league,2020-2021,Arsenal FC,11,,Attacking Midfield,19,23.0,20,1449.0
premier-league,2020-2021,Arsenal FC,11,,Central Midfield,20,17.0,7,235.0
premier-league,2020-2021,Arsenal FC,11,,Defensive Midfield,27,33.0,31,2526.0
premier-league,2020-2021,Arsenal FC,11,,Central Midfield,23,35.0,25,1621.0
premier-league,2020-2021,Arsenal FC,11,,Defensive Midfield,27,24.0,24,1535.0
premier-league,2020-2021,Arsenal FC,11,,Defensive Midfield,27,36.0,23,1542.0
premier-league,2020-2021,Arsenal FC,11,,Central Midfield,18,,0,0.0
premier-league,2020-2021,Arsenal FC,11,,Central Midfield,19,,0,0.0
premier-league,2020-2021,Arsenal FC,11,,Central Midfield,17,1.0,0,0.0
premier-league,2020-2021,Arsenal FC,11,,Right Winger,18,36.0,32,2561.0
premier-league,2020-2021,Arsenal FC,11,,Left Winger,19,23.0,14,586.0
premier-league,2020-2021,Arsenal FC,11,,Centre-Forward,18,,0,0.0
premier-league,2020-2021,Arsenal FC,11,,Centre-Forward,21,28.0,17,414.0
premier-league,2020-2021,Arsenal FC,11,,Left Winger,20,6.0,2,70.0
premier-league,2020-2021,Arsenal FC,11,,Right Winger,25,35.0,29,1612.0
premier-league,2020-2021,Arsenal FC,11,,Centre-Forward,29,36.0,31,1939.0
premier-league,2020-2021,Arsenal FC,11,,Centre-Forward,31,32.0,29,2337.0
premier-league,2020-2021,Arsenal FC,11,,Centre-Forward,19,,0,0.0
premier-league,2020-2021,Arsenal FC,11,,Left Winger,31,33.0,25,1407.0
premier-league,2020-2021,Everton FC,29,,Goalkeeper,26,33.0,31,2743.0
premier-league,2020-2021,Everton FC,29,,Goalkeeper,20,17.0,1,47.0
premier-league,2020-2021,Everton FC,29,,Goalkeeper,17,,0,0.0
premier-league,2020-2021,Everton FC,29,,Goalkeeper,30,28.0,7,630.0
premier-league,2020-2021,Everton FC,29,,Goalkeeper,18,5.0,0,0.0
premier-league,2020-2021,Everton FC,29,,Goalkeeper,31,8.0,0,0.0
premier-league,2020-2021,Everton FC,29,,Centre-Back,18,4.0,0,0.0
premier-league,2020-2021,Everton FC,29,,Left-Back,15,,0,0.0
premier-league,2020-2021,Everton FC,29,,Left-Back,26,30.0,30,2682.0
premier-league,2020-2021,Everton FC,29,,Centre-Back,22,33.0,31,2683.0
premier-league,2020-2021,Everton FC,29,,Centre-Back,27,37.0,35,2990.0
premier-league,2020-2021,Everton FC,29,,Left-Back,19,26.0,2,81.0
premier-league,2020-2021,Everton FC,29,,Right-Back,23,11.0,4,80.0
premier-league,2020-2021,Everton FC,29,,Centre-Back,25,30.0,24,1939.0
premier-league,2020-2021,Everton FC,29,,Centre-Back,23,31.0,28,2289.0
premier-league,2020-2021,Everton FC,29,,Centre-Back,24,1.0,1,12.0
premier-league,2020-2021,Everton FC,29,,Centre-Back,18,1.0,0,0.0
premier-league,2020-2021,Everton FC,29,,Centre-Back,25,,0,0.0
premier-league,2020-2021,Everton FC,29,,Centre-Back,16,2.0,0,0.0
premier-league,2020-2021,Everton FC,29,,Right-Back,19,6.0,0,0.0
premier-league,2020-2021,Everton FC,29,,Right-Back,31,28.0,25,1612.0
premier-league,2020-2021,Everton FC,29,,Central Midfield,16,2.0,0,0.0
premier-league,2020-2021,Everton FC,29,,Attacking Midfield,27,30.0,29,2452.0
premier-league,2020-2021,Everton FC,29,,Central Midfield,26,34.0,28,1569.0
premier-league,2020-2021,Everton FC,29,,Central Midfield,22,35.0,25,1426.0
premier-league,2020-2021,Everton FC,29,,Defensive Midfield,21,,0,0.0
premier-league,2020-2021,Everton FC,29,,Attacking Midfield,28,24.0,23,1776.0
premier-league,2020-2021,Everton FC,29,,Defensive Midfield,29,26.0,24,2052.0
premier-league,2020-2021,Everton FC,29,,Central Midfield,17,8.0,0,0.0
premier-league,2020-2021,Everton FC,29,,Attacking Midfield,30,38.0,36,2254.0
premier-league,2020-2021,Everton FC,29,,Defensive Midfield,27,,0,0.0
premier-league,2020-2021,Everton FC,29,,Central Midfield,30,15.0,8,267.0
premier-league,2020-2021,Everton FC,29,,Left Winger,19,11.0,3,88.0
premier-league,2020-2021,Everton FC,29,,Centre-Forward,20,3.0,2,15.0
premier-league,2020-2021,Everton FC,29,,Centre-Forward,23,34.0,34,2872.0
premier-league,2020-2021,Everton FC,29,,Centre-Forward,23,33.0,33,2876.0
premier-league,2020-2021,Everton FC,29,,Left Winger,24,35.0,30,1540.0
premier-league,2020-2021,Everton FC,29,,Centre-Forward,19,1.0,0,0.0
premier-league,2020-2021,Everton FC,29,,Left Winger,22,8.0,1,2.0
premier-league,2020-2021,Everton FC,29,,Centre-Forward,28,16.0,11,138.0
premier-league,2020-2021,Everton FC,29,,Left Winger,27,33.0,12,449.0
premier-league,2020-2021,Everton FC,29,,Centre-Forward,29,11.0,5,44.0
premier-league,2020-2021,Everton FC,29,,Centre-Forward,31,,0,0.0
premier-league,2020-2021,Everton FC,29,,Right Winger,31,2.0,1,12.0
premier-league,2020-2021,Leicester City,1003,,Goalkeeper,19,,0,0.0
premier-league,2020-2021,Leicester City,1003,,Goalkeeper,27,38.0,0,0.0
premier-league,2020-2021,Leicester City,1003,,Goalkeeper,33,38.0,38,3420.0
premier-league,2020-2021,Leicester City,1003,,Goalkeeper,35,,0,0.0
premier-league,2020-2021,Leicester City,1003,,Centre-Back,19,29.0,28,2265.0
premier-league,2020-2021,Leicester City,1003,,Right-Back,22,23.0,23,2070.0
premier-league,2020-2021,Leicester City,1003,,Right-Back,24,27.0,27,2347.0
premier-league,2020-2021,Leicester City,1003,,Left-Back,19,31.0,14,970.0
premier-league,2020-2021,Leicester City,1003,,Centre-Back,24,25.0,23,1816.0
premier-league,2020-2021,Leicester City,1003,,Right-Back,26,21.0,15,956.0
premier-league,2020-2021,Leicester City,1003,,Centre-Back,16,,0,0.0
premier-league,2020-2021,Leicester City,1003,,Centre-Back,22,,0,0.0
premier-league,2020-2021,Leicester City,1003,,Centre-Back,25,27.0,12,719.0
premier-league,2020-2021,Leicester City,1003,,Centre-Back,23,,0,0.0
premier-league,2020-2021,Leicester City,1003,,Right-Back,19,10.0,0,0.0
premier-league,2020-2021,Leicester City,1003,,Centre-Back,36,13.0,3,16.0
premier-league,2020-2021,Leicester City,1003,,Centre-Back,32,28.0,28,2476.0
premier-league,2020-2021,Leicester City,1003,,Left-Back,34,29.0,9,702.0
premier-league,2020-2021,Leicester City,1003,,Left-Back,18,1.0,0,0.0
premier-league,2020-2021,Leicester City,1003,,Central Midfield,21,,0,0.0
premier-league,2020-2021,Leicester City,1003,,Central Midfield,23,38.0,38,3358.0
premier-league,2020-2021,Leicester City,1003,,Attacking Midfield,23,31.0,31,2105.0
premier-league,2020-2021,Leicester City,1003,,Defensive Midfield,23,27.0,26,2179.0
premier-league,2020-2021,Leicester City,1003,,Defensive Midfield,22,31.0,10,314.0
premier-league,2020-2021,Leicester City,1003,,Defensive Midfield,18,4.0,2,85.0
premier-league,2020-2021,Leicester City,1003,,Central Midfield,26,25.0,15,723.0
premier-league,2020-2021,Leicester City,1003,,Defensive Midfield,28,37.0,23,1458.0
premier-league,2020-2021,Leicester City,1003,,Central Midfield,20,2.0,0,0.0
premier-league,2020-2021,Leicester City,1003,,Central Midfield,28,,0,0.0
premier-league,2020-2021,Leicester City,1003,,Right Midfield,30,38.0,31,1742.0
premier-league,2020-2021,Leicester City,1003,,Central Midfield,20,5.0,1,9.0
premier-league,2020-2021,Leicester City,1003,,Central Midfield,17,,0,0.0
premier-league,2020-2021,Leicester City,1003,,Left Winger,22,26.0,25,1950.0
premier-league,2020-2021,Leicester City,1003,,Centre-Forward,26,29.0,25,1332.0
premier-league,2020-2021,Leicester City,1003,,Centre-Forward,17,1.0,0,0.0
premier-league,2020-2021,Leicester City,1003,,Right Winger,22,26.0,9,275.0
premier-league,2020-2021,Leicester City,1003,,Left Winger,24,1.0,1,18.0
premier-league,2020-2021,Leicester City,1003,,Centre-Forward,23,38.0,25,1457.0
premier-league,2020-2021,Leicester City,1003,,Centre-Forward,33,34.0,34,2844.0
premier-league,2020-2021,Leicester City,1003,,Centre-Forward,32,1.0,1,19.0
premier-league,2020-2021,Wolverhampton Wanderers,543,,Goalkeeper,19,3.0,0,0.0
premier-league,2020-2021,Wolverhampton Wanderers,543,,Goalkeeper,33,38.0,2,91.0
premier-league,2020-2021,Wolverhampton Wanderers,543,,Goalkeeper,22,,0,0.0
premier-league,2020-2021,Wolverhampton Wanderers,543,,Goalkeeper,32,38.0,37,3330.0
premier-league,2020-2021,Wolverhampton Wanderers,543,,Left-Back,19,29.0,21,1405.0
premier-league,2020-2021,Wolverhampton Wanderers,543,,Centre-Back,23,37.0,18,1307.0
premier-league,2020-2021,Wolverhampton Wanderers,543,,Left-Back,17,1.0,0,0.0
premier-league,2020-2021,Wolverhampton Wanderers,543,,Right-Back,26,36.0,34,2988.0
premier-league,2020-2021,Wolverhampton Wanderers,543,,Right-Back,18,34.0,12,574.0
premier-league,2020-2021,Wolverhampton Wanderers,543,,Right-Back,26,7.0,7,500.0
premier-league,2020-2021,Wolverhampton Wanderers,543,,Centre-Back,17,4.0,0,0.0
premier-league,2020-2021,Wolverhampton Wanderers,543,,Centre-Back,30,34.0,27,2408.0
premier-league,2020-2021,Wolverhampton Wanderers,543,,Centre-Back,17,3.0,0,0.0
premier-league,2020-2021,Wolverhampton Wanderers,543,,Centre-Back,27,37.0,37,3304.0
premier-league,2020-2021,Wolverhampton Wanderers,543,,Right-Back,22,3.0,1,21.0
premier-league,2020-2021,Wolverhampton Wanderers,543,,Centre-Back,29,26.0,21,1880.0
premier-league,2020-2021,Wolverhampton Wanderers,543,,Left-Back,31,17.0,13,620.0
premier-league,2020-2021,Wolverhampton Wanderers,543,,Left-Back,18,10.0,0,0.0
premier-league,2020-2021,Wolverhampton Wanderers,543,,Defensive Midfield,20,34.0,19,525.0
premier-league,2020-2021,Wolverhampton Wanderers,543,,Attacking Midfield,20,20.0,11,410.0
premier-league,2020-2021,Wolverhampton Wanderers,543,,Defensive Midfield,23,37.0,36,2680.0
premier-league,2020-2021,Wolverhampton Wanderers,543,,Central Midfield,18,6.0,0,0.0
premier-league,2020-2021,Wolverhampton Wanderers,543,,Defensive Midfield,25,34.0,33,2500.0
premier-league,2020-2021,Wolverhampton Wanderers,543,,Left Midfield,21,3.0,2,173.0
premier-league,2020-2021,Wolverhampton Wanderers,543,,Central Midfield,33,34.0,33,2534.0
premier-league,2020-2021,Wolverhampton Wanderers,543,,Central Midfield,18,3.0,0,0.0
premier-league,2020-2021,Wolverhampton Wanderers,543,,Attacking Midfield,21,3.0,0,0.0
premier-league,2020-2021,Wolverhampton Wanderers,543,,Defensive Midfield,19,23.0,6,187.0
premier-league,2020-2021,Wolverhampton Wanderers,543,,Right Winger,20,31.0,31,2560.0
premier-league,2020-2021,Wolverhampton Wanderers,543,,Centre-Forward,17,38.0,32,1356.0
premier-league,2020-2021,Wolverhampton Wanderers,543,,Right Winger,24,37.0,37,2652.0
premier-league,2020-2021,Wolverhampton Wanderers,543,,Left Winger,24,24.0,24,1677.0
premier-league,2020-2021,Wolverhampton Wanderers,543,,Centre-Forward,22,3.0,2,25.0
premier-league,2020-2021,Wolverhampton Wanderers,543,,Centre-Forward,29,10.0,10,825.0
premier-league,2020-2021,Wolverhampton Wanderers,543,,Right Winger,18,11.0,1,8.0
premier-league,2020-2021,Wolverhampton Wanderers,543,,Centre-Forward,28,19.0,17,1115.0
premier-league,2020-2021,Wolverhampton Wanderers,543,,Centre-Forward,21,,0,0.0
premier-league,2020-2021,Wolverhampton Wanderers,543,,Left Winger,23,1.0,0,0.0
premier-league,2020-2021,Aston Villa,405,,Goalkeeper,27,38.0,38,3420.0
premier-league,2020-2021,Aston Villa,405,,Goalkeeper,16,,0,0.0
premier-league,2020-2021,Aston Villa,405,,Goalkeeper,29,,0,0.0
premier-league,2020-2021,Aston Villa,405,,Goalkeeper,34,23.0,0,0.0
premier-league,2020-2021,Aston Villa,405,,Goalkeeper,18,,0,0.0
premier-league,2020-2021,Aston Villa,405,,Goalkeeper,27,15.0,0,0.0
premier-league,2020-2021,Aston Villa,405,,Goalkeeper,30,,0,0.0
premier-league,2020-2021,Aston Villa,405,,Centre-Back,22,36.0,36,3195.0
premier-league,2020-2021,Aston Villa,405,,Right-Back,22,29.0,28,2378.0
premier-league,2020-2021,Aston Villa,405,,Centre-Back,27,36.0,36,3195.0
premier-league,2020-2021,Aston Villa,405,,Left-Back,24,38.0,38,3405.0
premier-league,2020-2021,Aston Villa,405,,Right-Back,17,4.0,0,0.0
premier-league,2020-2021,Aston Villa,405,,Left-Back,16,,0,0.0
premier-league,2020-2021,Aston Villa,405,,Right-Back,25,8.0,0,0.0
premier-league,2020-2021,Aston Villa,405,,Centre-Back,24,17.0,7,630.0
premier-league,2020-2021,Aston Villa,405,,Centre-Back,16,,0,0.0
premier-league,2020-2021,Aston Villa,405,,Centre-Back,25,23.0,0,0.0
premier-league,2020-2021,Aston Villa,405,,Left-Back,31,27.0,1,15.0
premier-league,2020-2021,Aston Villa,405,,Right-Back,32,38.0,14,833.0
premier-league,2020-2021,Aston Villa,405,,Centre-Back,19,,0,0.0
premier-league,2020-2021,Aston Villa,405,,Centre-Back,19,,0,0.0
premier-league,2020-2021,Aston Villa,405,,Central Midfield,19,30.0,22,615.0
premier-league,2020-2021,Aston Villa,405,,Central Midfield,16,7.0,2,18.0
premier-league,2020-2021,Aston Villa,405,,Central Midfield,22,37.0,33,2791.0
premier-league,2020-2021,Aston Villa,405,,Defensive Midfield,16,,0,0.0
premier-league,2020-2021,Aston Villa,405,,Central Midfield,25,37.0,37,3330.0
premier-league,2020-2021,Aston Villa,405,,Central Midfield,26,28.0,24,1543.0
premier-league,2020-2021,Aston Villa,405,,Central Midfield,25,11.0,9,291.0
premier-league,2020-2021,Aston Villa,405,,Defensive Midfield,26,38.0,13,751.0
premier-league,2020-2021,Aston Villa,405,,Central Midfield,29,,0,0.0
premier-league,2020-2021,Aston Villa,405,,Central Midfield,29,15.0,4,228.0
premier-league,2020-2021,Aston Villa,405,,Central Midfield,19,,0,0.0
premier-league,2020-2021,Aston Villa,405,,Central Midfield,20,,0,0.0
premier-league,2020-2021,Aston Villa,405,,Central Midfield,18,,0,0.0
premier-league,2020-2021,Aston Villa,405,,Central Midfield,17,,0,0.0
premier-league,2020-2021,Aston Villa,405,,Central Midfield,17,,0,0.0
premier-league,2020-2021,Aston Villa,405,,Defensive Midfield,17,,0,0.0
premier-league,2020-2021,Aston Villa,405,,Centre-Forward,24,37.0,37,3329.0
premier-league,2020-2021,Aston Villa,405,,Left Winger,24,26.0,26,2185.0
premier-league,2020-2021,Aston Villa,405,,Left Winger,18,7.0,1,1.0
premier-league,2020-2021,Aston Villa,405,,Centre-Forward,22,33.0,15,265.0
premier-league,2020-2021,Aston Villa,405,,Left Winger,25,23.0,21,1167.0
premier-league,2020-2021,Aston Villa,405,,Right Winger,24,36.0,36,2335.0
premier-league,2020-2021,Aston Villa,405,,Left Winger,17,,0,0.0
premier-league,2020-2021,Aston Villa,405,,Centre-Forward,23,7.0,3,16.0
premier-league,2020-2021,Aston Villa,405,,Right Winger,25,34.0,28,1612.0
premier-league,2020-2021,Aston Villa,405,,Centre-Forward,27,,0,0.0
premier-league,2020-2021,Aston Villa,405,,Centre-Forward,17,,0,0.0
premier-league,2020-2021,Aston Villa,405,,Right Winger,29,,0,0.0
premier-league,2020-2021,Aston Villa,405,,Centre-Forward,19,,0,0.0
premier-league,2020-2021,West Ham United,379,,Goalkeeper,21,10.0,0,0.0
premier-league,2020-2021,West Ham United,379,,Goalkeeper,35,35.0,35,3150.0
premier-league,2020-2021,West Ham United,379,,Goalkeeper,34,15.0,0,0.0
premier-league,2020-2021,West Ham United,379,,Goalkeeper,33,27.0,3,270.0
premier-league,2020-2021,West Ham United,379,,Centre-Back,23,35.0,18,1381.0
premier-league,2020-2021,West Ham United,379,,Right-Back,20,33.0,14,518.0
premier-league,2020-2021,West Ham United,379,,Centre-Back,20,11.0,0,0.0
premier-league,2020-2021,West Ham United,379,,Right-Back,27,35.0,34,3055.0
premier-league,2020-2021,West Ham United,379,,Left-Back,26,12.0,12,1010.0
premier-league,2020-2021,West Ham United,379,,Left-Back,19,,0,0.0
premier-league,2020-2021,West Ham United,379,,Right-Back,18,,0,0.0
premier-league,2020-2021,West Ham United,379,,Centre-Back,28,34.0,14,1198.0
premier-league,2020-2021,West Ham United,379,,Centre-Back,19,,0,0.0
premier-league,2020-2021,West Ham United,379,,Centre-Back,30,26.0,22,1926.0
premier-league,2020-2021,West Ham United,379,,Left-Back,30,36.0,36,3172.0
premier-league,2020-2021,West Ham United,379,,Centre-Back,16,1.0,0,0.0
premier-league,2020-2021,West Ham United,379,,Centre-Back,32,29.0,28,2493.0
premier-league,2020-2021,West Ham United,379,,Centre-Back,31,,0,0.0
premier-league,2020-2021,West Ham United,379,,Right-Back,27,29.0,14,567.0
premier-league,2020-2021,West Ham United,379,,Centre-Back,19,,0,0.0
premier-league,2020-2021,West Ham United,379,,Central Midfield,21,32.0,32,2880.0
premier-league,2020-2021,West Ham United,379,,Defensive Midfield,25,38.0,38,3420.0
premier-league,2020-2021,West Ham United,379,,Central Midfield,24,36.0,33,2584.0
premier-league,2020-2021,West Ham United,379,,Central Midfield,24,,0,0.0
premier-league,2020-2021,West Ham United,379,,Attacking Midfield,27,16.0,16,1425.0
premier-league,2020-2021,West Ham United,379,,Defensive Midfield,20,7.0,0,0.0
premier-league,2020-2021,West Ham United,379,,Attacking Midfield,27,32.0,17,562.0
premier-league,2020-2021,West Ham United,379,,Central Midfield,33,32.0,21,718.0
premier-league,2020-2021,West Ham United,379,,Central Midfield,28,,0,0.0
premier-league,2020-2021,West Ham United,379,,Right Winger,23,38.0,38,2577.0
premier-league,2020-2021,West Ham United,379,,Left Winger,24,32.0,30,1388.0
premier-league,2020-2021,West Ham United,379,,Left Winger,27,4.0,2,2.0
premier-league,2020-2021,West Ham United,379,,Right Winger,22,,0,0.0
premier-league,2020-2021,West Ham United,379,,Right Winger,30,25.0,15,363.0
premier-league,2020-2021,West Ham United,379,,Centre-Forward,26,16.0,16,935.0
premier-league,2020-2021,West Ham United,379,,Left Winger,23,,0,0.0
premier-league,2020-2021,West Ham United,379,,Centre-Forward,30,26.0,26,1983.0
premier-league,2020-2021,West Ham United,379,,Centre-Forward,17,18.0,0,0.0
premier-league,2020-2021,West Ham United,379,,Right Winger,32,11.0,3,5.0
premier-league,2020-2021,West Ham United,379,,Left Winger,22,,0,0.0
premier-league,2020-2021,Brighton & Hove Albion,1237,,Goalkeeper,22,27.0,27,2430.0
premier-league,2020-2021,Brighton & Hove Albion,1237,,Goalkeeper,24,8.0,0,0.0
premier-league,2020-2021,Brighton & Hove Albion,1237,,Goalkeeper,28,12.0,11,990.0
premier-league,2020-2021,Brighton & Hove Albion,1237,,Goalkeeper,29,30.0,0,0.0
premier-league,2020-2021,Brighton & Hove Albion,1237,,Goalkeeper,20,2.0,0,0.0
premier-league,2020-2021,Brighton & Hove Albion,1237,,Right-Back,22,37.0,36,3196.0
premier-league,2020-2021,Brighton & Hove Albion,1237,,Centre-Back,20,,0,0.0
premier-league,2020-2021,Brighton & Hove Albion,1237,,Left-Back,25,12.0,3,205.0
premier-league,2020-2021,Brighton & Hove Albion,1237,,Centre-Back,28,37.0,27,2059.0
premier-league,2020-2021,Brighton & Hove Albion,1237,,Centre-Back,28,33.0,33,2933.0
premier-league,2020-2021,Brighton & Hove Albion,1237,,Right-Back,19,11.0,11,891.0
premier-league,2020-2021,Brighton & Hove Albion,1237,,Centre-Back,25,31.0,29,2595.0
premier-league,2020-2021,Brighton & Hove Albion,1237,,Left-Back,20,,0,0.0
premier-league,2020-2021,Brighton & Hove Albion,1237,,Centre-Back,23,,0,0.0
premier-league,2020-2021,Brighton & Hove Albion,1237,,Left-Back,19,7.0,0,0.0
premier-league,2020-2021,Brighton & Hove Albion,1237,,Right-Back,28,33.0,28,2282.0
premier-league,2020-2021,Brighton & Hove Albion,1237,,Left-Back,18,,0,0.0
premier-league,2020-2021,Brighton & Hove Albion,1237,,Centre-Back,28,,0,0.0
premier-league,2020-2021,Brighton & Hove Albion,1237,,Right-Back,19,,0,0.0
premier-league,2020-2021,Brighton & Hove Albion,1237,,Centre-Back,19,,0,0.0
premier-league,2020-2021,Brighton & Hove Albion,1237,,Defensive Midfield,18,4.0,0,0.0
premier-league,2020-2021,Brighton & Hove Albion,1237,,Central Midfield,21,30.0,21,1115.0
premier-league,2020-2021,Brighton & Hove Albion,1237,,Defensive Midfield,23,36.0,36,3114.0
premier-league,2020-2021,Brighton & Hove Albion,1237,,Central Midfield,21,19.0,12,647.0
premier-league,2020-2021,Brighton & Hove Albion,1237,,Central Midfield,20,6.0,1,1.0
premier-league,2020-2021,Brighton & Hove Albion,1237,,Central Midfield,29,38.0,34,2480.0
premier-league,2020-2021,Brighton & Hove Albion,1237,,Central Midfield,21,35.0,15,897.0
premier-league,2020-2021,Brighton & Hove Albion,1237,,Attacking Midfield,18,2.0,1,4.0
premier-league,2020-2021,Brighton & Hove Albion,1237,,Central Midfield,18,2.0,0,0.0
premier-league,2020-2021,Brighton & Hove Albion,1237,,Central Midfield,21,2.0,0,0.0
premier-league,2020-2021,Brighton & Hove Albion,1237,,Central Midfield,31,1.0,0,0.0
premier-league,2020-2021,Brighton & Hove Albion,1237,,Attacking Midfield,32,31.0,30,1590.0
premier-league,2020-2021,Brighton & Hove Albion,1237,,Central Midfield,28,21.0,7,215.0
premier-league,2020-2021,Brighton & Hove Albion,1237,,Central Midfield,18,2.0,0,0.0
premier-league,2020-2021,Brighton & Hove Albion,1237,,Centre-Forward,22,,0,0.0
premier-league,2020-2021,Brighton & Hove Albion,1237,,Left Winger,25,36.0,35,2618.0
premier-league,2020-2021,Brighton & Hove Albion,1237,,Centre-Forward,23,34.0,33,2524.0
premier-league,2020-2021,Brighton & Hove Albion,1237,,Centre-Forward,29,26.0,24,1555.0
premier-league,2020-2021,Brighton & Hove Albion,1237,,Centre-Forward,21,26.0,9,165.0
premier-league,2020-2021,Brighton & Hove Albion,1237,,Centre-Forward,20,28.0,17,791.0
premier-league,2020-2021,Brighton & Hove Albion,1237,,Right Winger,25,21.0,21,1674.0
premier-league,2020-2021,Brighton & Hove Albion,1237,,Right Winger,26,16.0,3,102.0
premier-league,2020-2021,Brighton & Hove Albion,1237,,Right Winger,19,,0,0.0
premier-league,2020-2021,Brighton & Hove Albion,1237,,Right Winger,26,27.0,21,522.0
premier-league,2020-2021,Brighton & Hove Albion,1237,,Centre-Forward,27,1.0,0,0.0
premier-league,2020-2021,Brighton & Hove Albion,1237,,Left Winger,27,10.0,1,8.0
premier-league,2020-2021,Southampton FC,180,,Goalkeeper,24,,0,0.0
premier-league,2020-2021,Southampton FC,180,,Goalkeeper,32,38.0,8,720.0
premier-league,2020-2021,Southampton FC,180,,Goalkeeper,30,37.0,30,2700.0
premier-league,2020-2021,Southampton FC,180,,Goalkeeper,22,2.0,0,0.0
premier-league,2020-2021,Southampton FC,180,,Right-Back,23,31.0,30,2649.0
premier-league,2020-2021,Southampton FC,180,,Centre-Back,24,37.0,36,3101.0
premier-league,2020-2021,Southampton FC,180,,Centre-Back,21,23.0,12,842.0
premier-league,2020-2021,Southampton FC,180,,Right-Back,21,9.0,3,101.0
premier-league,2020-2021,Southampton FC,180,,Centre-Back,27,31.0,30,2575.0
premier-league,2020-2021,Southampton FC,180,,Centre-Back,26,38.0,18,1539.0
premier-league,2020-2021,Southampton FC,180,,Right-Back,19,14.0,1,90.0
premier-league,2020-2021,Southampton FC,180,,Centre-Back,18,2.0,1,12.0
premier-league,2020-2021,Southampton FC,180,,Left-Back,30,29.0,29,2599.0
premier-league,2020-2021,Southampton FC,180,,Left-Back,20,8.0,1,67.0
premier-league,2020-2021,Southampton FC,180,,Left-Back,25,,0,0.0
premier-league,2020-2021,Southampton FC,180,,Central Midfield,25,38.0,38,3420.0
premier-league,2020-2021,Southampton FC,180,,Defensive Midfield,26,,0,0.0
premier-league,2020-2021,Southampton FC,180,,Central Midfield,20,8.0,3,173.0
premier-league,2020-2021,Southampton FC,180,,Defensive Midfield,21,28.0,22,1012.0
premier-league,2020-2021,Southampton FC,180,,Left Midfield,19,16.0,0,0.0
premier-league,2020-2021,Southampton FC,180,,Central Midfield,18,12.0,2,3.0
premier-league,2020-2021,Southampton FC,180,,Defensive Midfield,28,21.0,21,1768.0
premier-league,2020-2021,Southampton FC,180,,Central Midfield,17,10.0,0,0.0
premier-league,2020-2021,Southampton FC,180,,Attacking Midfield,18,9.0,3,36.0
premier-league,2020-2021,Southampton FC,180,,Central Midfield,28,34.0,33,2774.0
premier-league,2020-2021,Southampton FC,180,,Central Midfield,16,2.0,0,0.0
premier-league,2020-2021,Southampton FC,180,,Attacking Midfield,24,,0,0.0
premier-league,2020-2021,Southampton FC,180,,Right Winger,20,28.0,18,742.0
premier-league,2020-2021,Southampton FC,180,,Left Winger,25,15.0,10,717.0
premier-league,2020-2021,Southampton FC,180,,Centre-Forward,23,36.0,36,2674.0
premier-league,2020-2021,Southampton FC,180,,Second Striker,25,,0,0.0
premier-league,2020-2021,Southampton FC,180,,Centre-Forward,27,29.0,29,2185.0
premier-league,2020-2021,Southampton FC,180,,Left Winger,22,34.0,27,1238.0
premier-league,2020-2021,Southampton FC,180,,Right Winger,26,30.0,29,1742.0
premier-league,2020-2021,Southampton FC,180,,Centre-Forward,19,14.0,4,57.0
premier-league,2020-2021,Southampton FC,180,,Centre-Forward,21,29.0,13,102.0
premier-league,2020-2021,Southampton FC,180,,Centre-Forward,33,18.0,11,201.0
premier-league,2020-2021,Southampton FC,180,,Right Winger,31,24.0,21,1629.0
premier-league,2020-2021,Southampton FC,180,,Right Winger,23,,0,0.0
premier-league,2020-2021,Newcastle United,762,,Goalkeeper,23,,0,0.0
premier-league,2020-2021,Newcastle United,762,,Goalkeeper,31,24.0,13,1170.0
premier-league,2020-2021,Newcastle United,762,,Goalkeeper,29,31.0,25,2250.0
premier-league,2020-2021,Newcastle United,762,,Goalkeeper,28,20.0,0,0.0
premier-league,2020-2021,Newcastle United,762,,Goalkeeper,19,1.0,0,0.0
premier-league,2020-2021,Newcastle United,762,,Centre-Back,28,18.0,18,1245.0
premier-league,2020-2021,Newcastle United,762,,Left-Back,22,36.0,24,1834.0
premier-league,2020-2021,Newcastle United,762,,Centre-Back,26,19.0,19,1627.0
premier-league,2020-2021,Newcastle United,762,,Right-Back,25,33.0,16,1291.0
premier-league,2020-2021,Newcastle United,762,,Right-Back,26,9.0,6,437.0
premier-league,2020-2021,Newcastle United,762,,Centre-Back,30,30.0,22,1893.0
premier-league,2020-2021,Newcastle United,762,,Left-Back,28,20.0,15,1256.0
premier-league,2020-2021,Newcastle United,762,,Centre-Back,31,27.0,24,2082.0
premier-league,2020-2021,Newcastle United,762,,Right-Back,26,29.0,13,826.0
premier-league,2020-2021,Newcastle United,762,,Central Midfield,17,9.0,1,3.0
premier-league,2020-2021,Newcastle United,762,,Central Midfield,23,37.0,31,1988.0
premier-league,2020-2021,Newcastle United,762,,Central Midfield,22,31.0,22,1408.0
premier-league,2020-2021,Newcastle United,762,,Central Midfield,20,15.0,14,979.0
premier-league,2020-2021,Newcastle United,762,,Central Midfield,20,18.0,5,377.0
premier-league,2020-2021,Newcastle United,762,,Defensive Midfield,23,,0,0.0
premier-league,2020-2021,Newcastle United,762,,Defensive Midfield,25,27.0,24,1944.0
premier-league,2020-2021,Newcastle United,762,,Central Midfield,29,,0,0.0
premier-league,2020-2021,Newcastle United,762,,Central Midfield,28,33.0,30,2617.0
premier-league,2020-2021,Newcastle United,762,,Right Midfield,30,30.0,18,1351.0
premier-league,2020-2021,Newcastle United,762,,Central Midfield,28,36.0,22,1425.0
premier-league,2020-2021,Newcastle United,762,,Right Winger,25,33.0,26,1621.0
premier-league,2020-2021,Newcastle United,762,,Left Winger,23,25.0,25,1567.0
premier-league,2020-2021,Newcastle United,762,,Right Winger,26,36.0,34,2438.0
premier-league,2020-2021,Newcastle United,762,,Centre-Forward,28,27.0,26,2085.0
premier-league,2020-2021,Newcastle United,762,,Left Winger,26,20.0,18,927.0
premier-league,2020-2021,Newcastle United,762,,Centre-Forward,31,35.0,18,383.0
premier-league,2020-2021,Newcastle United,762,,Centre-Forward,30,27.0,18,504.0
premier-league,2020-2021,Newcastle United,762,,Left Winger,28,,0,0.0
premier-league,2020-2021,Fulham FC,931,,Goalkeeper,27,38.0,36,3240.0
premier-league,2020-2021,Fulham FC,931,,Goalkeeper,23,30.0,2,180.0
premier-league,2020-2021,Fulham FC,931,,Goalkeeper,28,,0,0.0
premier-league,2020-2021,Fulham FC,931,,Goalkeeper,32,8.0,0,0.0
premier-league,2020-2021,Fulham FC,931,,Left-Back,22,31.0,28,2162.0
premier-league,2020-2021,Fulham FC,931,,Centre-Back,24,31.0,31,2730.0
premier-league,2020-2021,Fulham FC,931,,Right-Back,23,35.0,31,2670.0
premier-league,2020-2021,Fulham FC,931,,Centre-Back,22,34.0,33,2954.0
premier-league,2020-2021,Fulham FC,931,,Right-Back,24,24.0,22,1482.0
premier-league,2020-2021,Fulham FC,931,,Left-Back,26,34.0,16,665.0
premier-league,2020-2021,Fulham FC,931,,Right-Back,20,,0,0.0
premier-league,2020-2021,Fulham FC,931,,Centre-Back,32,21.0,3,270.0
premier-league,2020-2021,Fulham FC,931,,Centre-Back,32,38.0,7,630.0
premier-league,2020-2021,Fulham FC,931,,Right-Back,27,1.0,0,0.0
premier-league,2020-2021,Fulham FC,931,,Centre-Back,27,27.0,4,263.0
premier-league,2020-2021,Fulham FC,931,,Centre-Back,26,,0,0.0
premier-league,2020-2021,Fulham FC,931,,Centre-Back,30,5.0,2,122.0
premier-league,2020-2021,Fulham FC,931,,Centre-Back,26,10.0,1,90.0
premier-league,2020-2021,Fulham FC,931,,Central Midfield,24,38.0,36,2585.0
premier-league,2020-2021,Fulham FC,931,,Central Midfield,24,32.0,30,1913.0
premier-league,2020-2021,Fulham FC,931,,Attacking Midfield,17,5.0,4,255.0
premier-league,2020-2021,Fulham FC,931,,Defensive Midfield,26,30.0,28,1705.0
premier-league,2020-2021,Fulham FC,931,,Central Midfield,25,32.0,31,2250.0
premier-league,2020-2021,Fulham FC,931,,Attacking Midfield,27,35.0,33,2382.0
premier-league,2020-2021,Fulham FC,931,,Central Midfield,29,15.0,10,760.0
premier-league,2020-2021,Fulham FC,931,,Central Midfield,19,1.0,1,14.0
premier-league,2020-2021,Fulham FC,931,,Central Midfield,23,24.0,11,372.0
premier-league,2020-2021,Fulham FC,931,,Defensive Midfield,28,,0,0.0
premier-league,2020-2021,Fulham FC,931,,Defensive Midfield,31,,0,0.0
premier-league,2020-2021,Fulham FC,931,,Central Midfield,29,1.0,0,0.0
premier-league,2020-2021,Fulham FC,931,,Left Winger,22,34.0,34,2756.0
premier-league,2020-2021,Fulham FC,931,,Centre-Forward,25,30.0,27,1390.0
premier-league,2020-2021,Fulham FC,931,,Centre-Forward,21,17.0,15,809.0
premier-league,2020-2021,Fulham FC,931,,Left Winger,18,1.0,0,0.0
premier-league,2020-2021,Fulham FC,931,,Left Winger,26,36.0,36,2477.0
premier-league,2020-2021,Fulham FC,931,,Centre-Forward,25,17.0,11,309.0
premier-league,2020-2021,Fulham FC,931,,Left Winger,28,13.0,5,117.0
premier-league,2020-2021,Fulham FC,931,,Right Winger,28,3.0,0,0.0
premier-league,2020-2021,Leeds United,399,,Goalkeeper,18,5.0,0,0.0
premier-league,2020-2021,Leeds United,399,,Goalkeeper,20,37.0,35,3150.0
premier-league,2020-2021,Leeds United,399,,Goalkeeper,33,34.0,3,270.0
premier-league,2020-2021,Leeds United,399,,Centre-Back,17,7.0,0,0.0
premier-league,2020-2021,Leeds United,399,,Centre-Back,20,37.0,27,2076.0
premier-league,2020-2021,Leeds United,399,,Left-Back,20,25.0,2,31.0
premier-league,2020-2021,Leeds United,399,,Centre-Back,23,19.0,17,1131.0
premier-league,2020-2021,Leeds United,399,,Right-Back,18,1.0,0,0.0
premier-league,2020-2021,Leeds United,399,,Centre-Back,26,18.0,15,1205.0
premier-league,2020-2021,Leeds United,399,,Right-Back,20,31.0,13,455.0
premier-league,2020-2021,Leeds United,399,,Centre-Back,19,9.0,0,0.0
premier-league,2020-2021,Leeds United,399,,Right-Back,19,9.0,1,37.0
premier-league,2020-2021,Leeds United,399,,Left-Back,28,38.0,36,2462.0
premier-league,2020-2021,Leeds United,399,,Right-Back,28,38.0,38,3400.0
premier-league,2020-2021,Leeds United,399,,Centre-Back,28,26.0,25,2187.0
premier-league,2020-2021,Leeds United,399,,Left-Back,30,,0,0.0
premier-league,2020-2021,Leeds United,399,,Right-Back,31,11.0,2,114.0
premier-league,2020-2021,Leeds United,399,,Attacking Midfield,18,1.0,0,0.0
premier-league,2020-2021,Leeds United,399,,Defensive Midfield,24,29.0,29,2429.0
premier-league,2020-2021,Leeds United,399,,Attacking Midfield,18,1.0,0,0.0
premier-league,2020-2021,Leeds United,399,,Central Midfield,20,,0,0.0
premier-league,2020-2021,Leeds United,399,,Central Midfield,20,,0,0.0
premier-league,2020-2021,Leeds United,399,,Defensive Midfield,30,36.0,35,2397.0
premier-league,2020-2021,Leeds United,399,,Central Midfield,28,,0,0.0
premier-league,2020-2021,Leeds United,399,,Central Midfield,29,,0,0.0
premier-league,2020-2021,Leeds United,399,,Defensive Midfield,27,,0,0.0
premier-league,2020-2021,Leeds United,399,,Left Midfield,29,38.0,38,3411.0
premier-league,2020-2021,Leeds United,399,,Defensive Midfield,18,18.0,0,0.0
premier-league,2020-2021,Leeds United,399,,Left Winger,23,30.0,30,2364.0
premier-league,2020-2021,Leeds United,399,,Left Winger,18,1.0,0,0.0
premier-league,2020-2021,Leeds United,399,,Centre-Forward,18,8.0,0,0.0
premier-league,2020-2021,Leeds United,399,,Left Winger,23,36.0,36,2855.0
premier-league,2020-2021,Leeds United,399,,Centre-Forward,29,26.0,26,1300.0
premier-league,2020-2021,Leeds United,399,,Right Winger,20,32.0,14,344.0
premier-league,2020-2021,Leeds United,399,,Centre-Forward,26,38.0,38,3063.0
premier-league,2020-2021,Leeds United,399,,Second Striker,21,37.0,27,1339.0
premier-league,2020-2021,Leeds United,399,,Centre-Forward,20,,0,0.0
premier-league,2020-2021,Leeds United,399,,Right Winger,26,32.0,22,1164.0
premier-league,2020-2021,Leeds United,399,,Right Winger,35,26.0,16,417.0
premier-league,2020-2021,Crystal Palace,873,,Goalkeeper,27,31.0,1,90.0
premier-league,2020-2021,Crystal Palace,873,,Goalkeeper,33,38.0,37,3330.0
premier-league,2020-2021,Crystal Palace,873,,Goalkeeper,33,5.0,0,0.0
premier-league,2020-2021,Crystal Palace,873,,Goalkeeper,32,3.0,0,0.0
premier-league,2020-2021,Crystal Palace,873,,Left-Back,20,30.0,19,1710.0
premier-league,2020-2021,Crystal Palace,873,,Right-Back,29,22.0,13,1147.0
premier-league,2020-2021,Crystal Palace,873,,Left-Back,29,33.0,22,1775.0
premier-league,2020-2021,Crystal Palace,873,,Right-Back,30,33.0,26,2255.0
premier-league,2020-2021,Crystal Palace,873,,Centre-Back,31,12.0,8,554.0
premier-league,2020-2021,Crystal Palace,873,,Centre-Back,33,30.0,15,1350.0
premier-league,2020-2021,Crystal Palace,873,,Centre-Back,30,12.0,4,275.0
premier-league,2020-2021,Crystal Palace,873,,Centre-Back,34,27.0,20,1800.0
premier-league,2020-2021,Crystal Palace,873,,Centre-Back,26,,0,0.0
premier-league,2020-2021,Crystal Palace,873,,Right-Back,30,25.0,1,1.0
premier-league,2020-2021,Crystal Palace,873,,Centre-Back,21,1.0,0,0.0
premier-league,2020-2021,Crystal Palace,873,,Centre-Back,19,,0,0.0
premier-league,2020-2021,Crystal Palace,873,,Left-Back,19,5.0,0,0.0
premier-league,2020-2021,Crystal Palace,873,,Centre-Back,25,1.0,0,0.0
premier-league,2020-2021,Crystal Palace,873,,Attacking Midfield,22,36.0,34,2563.0
premier-league,2020-2021,Crystal Palace,873,,Defensive Midfield,23,36.0,33,1817.0
premier-league,2020-2021,Crystal Palace,873,,Central Midfield,24,5.0,0,0.0
premier-league,2020-2021,Crystal Palace,873,,Left Midfield,27,27.0,27,1426.0
premier-league,2020-2021,Crystal Palace,873,,Defensive Midfield,29,32.0,31,2364.0
premier-league,2020-2021,Crystal Palace,873,,Defensive Midfield,30,37.0,36,3123.0
premier-league,2020-2021,Crystal Palace,873,,Central Midfield,32,19.0,18,1471.0
premier-league,2020-2021,Crystal Palace,873,,Central Midfield,29,24.0,16,823.0
premier-league,2020-2021,Crystal Palace,873,,Central Midfield,20,,0,0.0
premier-league,2020-2021,Crystal Palace,873,,Centre-Forward,23,18.0,7,218.0
premier-league,2020-2021,Crystal Palace,873,,Right Winger,17,3.0,0,0.0
premier-league,2020-2021,Crystal Palace,873,,Left Winger,27,30.0,30,2614.0
premier-league,2020-2021,Crystal Palace,873,,Centre-Forward,26,35.0,18,722.0
premier-league,2020-2021,Crystal Palace,873,,Centre-Forward,29,34.0,30,1817.0
premier-league,2020-2021,Crystal Palace,873,,Centre-Forward,28,36.0,33,2097.0
premier-league,2020-2021,Crystal Palace,873,,Right Winger,28,38.0,34,2267.0
premier-league,2020-2021,Crystal Palace,873,,Centre-Forward,27,3.0,0,0.0
premier-league,2020-2021,Crystal Palace,873,,Left Winger,18,,0,0.0
premier-league,2020-2021,Sheffield United,350,,Goalkeeper,22,38.0,38,3420.0
premier-league,2020-2021,Sheffield United,350,,Goalkeeper,23,13.0,0,0.0
premier-league,2020-2021,Sheffield United,350,,Goalkeeper,23,,0,0.0
premier-league,2020-2021,Sheffield United,350,,Goalkeeper,29,25.0,0,0.0
premier-league,2020-2021,Sheffield United,350,,Goalkeeper,30,,0,0.0
premier-league,2020-2021,Sheffield United,350,,Right-Back,19,23.0,16,1108.0
premier-league,2020-2021,Sheffield United,350,,Right-Back,18,1.0,1,1.0
premier-league,2020-2021,Sheffield United,350,,Left-Back,21,,0,0.0
premier-league,2020-2021,Sheffield United,350,,Left-Back,23,33.0,8,551.0
premier-league,2020-2021,Sheffield United,350,,Centre-Back,27,31.0,31,2630.0
premier-league,2020-2021,Sheffield United,350,,Centre-Back,26,18.0,11,876.0
premier-league,2020-2021,Sheffield United,350,,Left-Back,29,30.0,30,2700.0
premier-league,2020-2021,Sheffield United,350,,Right-Back,27,35.0,32,2789.0
premier-league,2020-2021,Sheffield United,350,,Centre-Back,26,2.0,2,180.0
premier-league,2020-2021,Sheffield United,350,,Centre-Back,31,31.0,31,2586.0
premier-league,2020-2021,Sheffield United,350,,Centre-Back,37,31.0,10,527.0
premier-league,2020-2021,Sheffield United,350,,Centre-Back,29,,0,0.0
premier-league,2020-2021,Sheffield United,350,,Centre-Back,23,23.0,13,1007.0
premier-league,2020-2021,Sheffield United,350,,Centre-Back,18,6.0,0,0.0
premier-league,2020-2021,Sheffield United,350,,Left-Back,18,1.0,0,0.0
premier-league,2020-2021,Sheffield United,350,,Defensive Midfield,19,29.0,25,2091.0
premier-league,2020-2021,Sheffield United,350,,Defensive Midfield,22,15.0,15,1121.0
premier-league,2020-2021,Sheffield United,350,,Defensive Midfield,20,,0,0.0
premier-league,2020-2021,Sheffield United,350,,Defensive Midfield,26,34.0,28,2032.0
premier-league,2020-2021,Sheffield United,350,,Central Midfield,25,34.0,24,1605.0
premier-league,2020-2021,Sheffield United,350,,Central Midfield,29,37.0,32,2223.0
premier-league,2020-2021,Sheffield United,350,,Central Midfield,28,33.0,31,2576.0
premier-league,2020-2021,Sheffield United,350,,Attacking Midfield,28,,0,0.0
premier-league,2020-2021,Sheffield United,350,,Attacking Midfield,18,7.0,0,0.0
premier-league,2020-2021,Sheffield United,350,,Attacking Midfield,16,4.0,0,0.0
premier-league,2020-2021,Sheffield United,350,,Right Winger,20,7.0,1,11.0
premier-league,2020-2021,Sheffield United,350,,Centre-Forward,16,1.0,0,0.0
premier-league,2020-2021,Sheffield United,350,,Centre-Forward,16,4.0,4,284.0
premier-league,2020-2021,Sheffield United,350,,Centre-Forward,24,24.0,23,1319.0
premier-league,2020-2021,Sheffield United,350,,Centre-Forward,23,33.0,25,1273.0
premier-league,2020-2021,Sheffield United,350,,Centre-Forward,20,34.0,27,1122.0
premier-league,2020-2021,Sheffield United,350,,Centre-Forward,16,1.0,1,10.0
premier-league,2020-2021,Sheffield United,350,,Centre-Forward,24,19.0,11,289.0
premier-league,2020-2021,Sheffield United,350,,Centre-Forward,34,25.0,16,728.0
premier-league,2020-2021,Sheffield United,350,,Centre-Forward,32,37.0,35,2402.0
premier-league,2020-2021,West Bromwich Albion,984,,Goalkeeper,27,37.0,37,3330.0
premier-league,2020-2021,West Bromwich Albion,984,,Goalkeeper,23,,0,0.0
premier-league,2020-2021,West Bromwich Albion,984,,Goalkeeper,27,,0,0.0
premier-league,2020-2021,West Bromwich Albion,984,,Goalkeeper,31,38.0,1,90.0
premier-league,2020-2021,West Bromwich Albion,984,,Goalkeeper,36,1.0,0,0.0
premier-league,2020-2021,West Bromwich Albion,984,,Centre-Back,21,36.0,28,2103.0
premier-league,2020-2021,West Bromwich Albion,984,,Right-Back,22,15.0,15,1234.0
premier-league,2020-2021,West Bromwich Albion,984,,Centre-Back,17,2.0,0,0.0
premier-league,2020-2021,West Bromwich Albion,984,,Right-Back,24,38.0,35,2930.0
premier-league,2020-2021,West Bromwich Albion,984,,Centre-Back,23,8.0,0,0.0
premier-league,2020-2021,West Bromwich Albion,984,,Centre-Back,29,2.0,1,90.0
premier-league,2020-2021,West Bromwich Albion,984,,Centre-Back,26,37.0,33,2780.0
premier-league,2020-2021,West Bromwich Albion,984,,Left-Back,27,27.0,25,2235.0
premier-league,2020-2021,West Bromwich Albion,984,,Left-Back,19,,0,0.0
premier-league,2020-2021,West Bromwich Albion,984,,Left-Back,30,17.0,10,810.0
premier-league,2020-2021,West Bromwich Albion,984,,Centre-Back,29,33.0,30,2584.0
premier-league,2020-2021,West Bromwich Albion,984,,Right-Back,36,20.0,13,767.0
premier-league,2020-2021,West Bromwich Albion,984,,Right-Back,33,27.0,4,228.0
premier-league,2020-2021,West Bromwich Albion,984,,Central Midfield,20,32.0,30,2534.0
premier-league,2020-2021,West Bromwich Albion,984,,Central Midfield,17,1.0,0,0.0
premier-league,2020-2021,West Bromwich Albion,984,,Attacking Midfield,24,33.0,33,2583.0
premier-league,2020-2021,West Bromwich Albion,984,,Defensive Midfield,22,5.0,3,61.0
premier-league,2020-2021,West Bromwich Albion,984,,Defensive Midfield,18,4.0,0,0.0
premier-league,2020-2021,West Bromwich Albion,984,,Defensive Midfield,24,16.0,11,543.0
premier-league,2020-2021,West Bromwich Albion,984,,Defensive Midfield,26,16.0,16,1320.0
premier-league,2020-2021,West Bromwich Albion,984,,Central Midfield,20,10.0,2,31.0
premier-league,2020-2021,West Bromwich Albion,984,,Attacking Midfield,16,,0,0.0
premier-league,2020-2021,West Bromwich Albion,984,,Central Midfield,28,30.0,19,1490.0
premier-league,2020-2021,West Bromwich Albion,984,,Defensive Midfield,30,30.0,18,1246.0
premier-league,2020-2021,West Bromwich Albion,984,,Central Midfield,18,1.0,0,0.0
premier-league,2020-2021,West Bromwich Albion,984,,Right Winger,22,29.0,20,1237.0
premier-league,2020-2021,West Bromwich Albion,984,,Centre-Forward,22,31.0,21,1132.0
premier-league,2020-2021,West Bromwich Albion,984,,Centre-Forward,25,38.0,28,1563.0
premier-league,2020-2021,West Bromwich Albion,984,,Centre-Forward,28,18.0,16,1193.0
premier-league,2020-2021,West Bromwich Albion,984,,Left Winger,32,10.0,3,149.0
premier-league,2020-2021,West Bromwich Albion,984,,Right Winger,29,34.0,33,1839.0
premier-league,2020-2021,West Bromwich Albion,984,,Left Winger,22,11.0,5,114.0
premier-league,2020-2021,West Bromwich Albion,984,,Centre-Forward,26,,0,0.0
premier-league,2020-2021,West Bromwich Albion,984,,Centre-Forward,31,27.0,19,547.0
premier-league,2020-2021,West Bromwich Albion,984,,Centre-Forward,30,8.0,5,135.0
premier-league,2020-2021,West Bromwich Albion,984,,Right Winger,32,10.0,8,529.0
premier-league,2020-2021,West Bromwich Albion,984,,Centre-Forward,19,,0,0.0
premier-league,2020-2021,West Bromwich Albion,984,,Centre-Forward,20,1.0,0,0.0
premier-league,2020-2021,Burnley FC,1132,,Goalkeeper,28,32.0,32,2880.0
premier-league,2020-2021,Burnley FC,1132,,Goalkeeper,23,35.0,4,360.0
premier-league,2020-2021,Burnley FC,1132,,Goalkeeper,26,17.0,2,180.0
premier-league,2020-2021,Burnley FC,1132,,Centre-Back,19,2.0,0,0.0
premier-league,2020-2021,Burnley FC,1132,,Centre-Back,27,36.0,36,3240.0
premier-league,2020-2021,Burnley FC,1132,,Right-Back,22,33.0,3,270.0
premier-league,2020-2021,Burnley FC,1132,,Left-Back,26,30.0,29,2428.0
premier-league,2020-2021,Burnley FC,1132,,Centre-Back,27,,0,0.0
premier-league,2020-2021,Burnley FC,1132,,Centre-Back,29,29.0,8,636.0
premier-league,2020-2021,Burnley FC,1132,,Left-Back,20,12.0,0,0.0
premier-league,2020-2021,Burnley FC,1132,,Right-Back,31,36.0,34,3060.0
premier-league,2020-2021,Burnley FC,1132,,Centre-Back,30,30.0,30,2694.0
premier-league,2020-2021,Burnley FC,1132,,Left-Back,31,32.0,20,1263.0
premier-league,2020-2021,Burnley FC,1132,,Right-Back,35,27.0,4,273.0
premier-league,2020-2021,Burnley FC,1132,,Centre-Back,21,9.0,0,0.0
premier-league,2020-2021,Burnley FC,1132,,Central Midfield,24,34.0,33,2813.0
premier-league,2020-2021,Burnley FC,1132,,Defensive Midfield,30,38.0,38,3411.0
premier-league,2020-2021,Burnley FC,1132,,Central Midfield,20,23.0,6,261.0
premier-league,2020-2021,Burnley FC,1132,,Left Midfield,28,21.0,19,1055.0
premier-league,2020-2021,Burnley FC,1132,,Defensive Midfield,31,21.0,16,1353.0
premier-league,2020-2021,Burnley FC,1132,,Central Midfield,31,26.0,7,258.0
premier-league,2020-2021,Burnley FC,1132,,Attacking Midfield,19,2.0,0,0.0
premier-league,2020-2021,Burnley FC,1132,,Right Midfield,17,9.0,2,3.0
premier-league,2020-2021,Burnley FC,1132,,Central Midfield,20,2.0,0,0.0
premier-league,2020-2021,Burnley FC,1132,,Left Winger,20,36.0,36,3072.0
premier-league,2020-2021,Burnley FC,1132,,Centre-Forward,28,33.0,33,2751.0
premier-league,2020-2021,Burnley FC,1132,,Centre-Forward,28,33.0,28,1368.0
premier-league,2020-2021,Burnley FC,1132,,Right Winger,29,26.0,22,1368.0
premier-league,2020-2021,Burnley FC,1132,,Centre-Forward,30,34.0,31,1256.0
premier-league,2020-2021,Burnley FC,1132,,Centre-Forward,30,25.0,22,1334.0
premier-league,2020-2021,Burnley FC,1132,,Right Winger,18,2.0,0,0.0
premier-league,2020-2021,Burnley FC,1132,,Centre-Forward,21,9.0,4,37.0
premier-league,2021-2022,Manchester City,281,,Goalkeeper,27,37.0,37,3330.0
premier-league,2021-2022,Manchester City,281,,Goalkeeper,26,30.0,1,90.0
premier-league,2021-2022,Manchester City,281,,Goalkeeper,18,3.0,0,0.0
premier-league,2021-2022,Manchester City,281,,Goalkeeper,35,18.0,0,0.0
premier-league,2021-2022,Manchester City,281,,Centre-Back,24,31.0,29,2403.0
premier-league,2021-2022,Manchester City,281,,Right-Back,19,,0,0.0
premier-league,2021-2022,Manchester City,281,,Centre-Back,27,27.0,14,1118.0
premier-league,2021-2022,Manchester City,281,,Centre-Back,26,36.0,14,920.0
premier-league,2021-2022,Manchester City,281,,Centre-Back,18,7.0,1,3.0
premier-league,2021-2022,Manchester City,281,,Left-Back,24,32.0,15,1044.0
premier-league,2021-2022,Manchester City,281,,Centre-Back,27,35.0,33,2834.0
premier-league,2021-2022,Manchester City,281,,Right-Back,27,37.0,36,3228.0
premier-league,2021-2022,Manchester City,281,,Left-Back,18,6.0,0,0.0
premier-league,2021-2022,Manchester City,281,,Centre-Back,24,,0,0.0
premier-league,2021-2022,Manchester City,281,,Right-Back,31,27.0,20,1755.0
premier-league,2021-2022,Manchester City,281,,Centre-Back,18,,0,0.0
premier-league,2021-2022,Manchester City,281,,Centre-Back,17,14.0,0,0.0
premier-league,2021-2022,Manchester City,281,,Left-Back,26,2.0,1,79.0
premier-league,2021-2022,Manchester City,281,,Attacking Midfield,19,24.0,4,122.0
premier-league,2021-2022,Manchester City,281,,Attacking Midfield,21,33.0,28,2134.0
premier-league,2021-2022,Manchester City,281,,Defensive Midfield,25,35.0,33,2888.0
premier-league,2021-2022,Manchester City,281,,Attacking Midfield,26,38.0,35,2860.0
premier-league,2021-2022,Manchester City,281,,Defensive Midfield,17,9.0,0,0.0
premier-league,2021-2022,Manchester City,281,,Attacking Midfield,18,13.0,2,18.0
premier-league,2021-2022,Manchester City,281,,Attacking Midfield,30,33.0,30,2206.0
premier-league,2021-2022,Manchester City,281,,Central Midfield,19,2.0,0,0.0
premier-league,2021-2022,Manchester City,281,,Central Midfield,30,35.0,27,1855.0
premier-league,2021-2022,Manchester City,281,,Defensive Midfield,20,,0,0.0
premier-league,2021-2022,Manchester City,281,,Attacking Midfield,19,,0,0.0
premier-league,2021-2022,Manchester City,281,,Defensive Midfield,36,38.0,19,958.0
premier-league,2021-2022,Manchester City,281,,Centre-Forward,21,7.0,4,305.0
premier-league,2021-2022,Manchester City,281,,Centre-Forward,18,4.0,1,8.0
premier-league,2021-2022,Manchester City,281,,Right Winger,17,,0,0.0
premier-league,2021-2022,Manchester City,281,,Left Winger,25,34.0,26,1916.0
premier-league,2021-2022,Manchester City,281,,Centre-Forward,24,34.0,28,1878.0
premier-league,2021-2022,Manchester City,281,,Right Winger,30,36.0,28,1491.0
premier-league,2021-2022,Manchester City,281,,Right Winger,18,3.0,1,6.0
premier-league,2021-2022,Manchester City,281,,Left Winger,18,1.0,0,0.0
premier-league,2021-2022,Manchester City,281,,Right Winger,26,37.0,30,2127.0
premier-league,2021-2022,Liverpool FC,31,,Goalkeeper,22,36.0,2,180.0
premier-league,2021-2022,Liverpool FC,31,,Goalkeeper,28,36.0,36,3240.0
premier-league,2021-2022,Liverpool FC,31,,Goalkeeper,28,,0,0.0
premier-league,2021-2022,Liverpool FC,31,,Goalkeeper,17,,0,0.0
premier-league,2021-2022,Liverpool FC,31,,Goalkeeper,18,2.0,0,0.0
premier-league,2021-2022,Liverpool FC,31,,Goalkeeper,19,,0,0.0
premier-league,2021-2022,Liverpool FC,31,,Goalkeeper,34,5.0,0,0.0
premier-league,2021-2022,Liverpool FC,31,,Right-Back,22,34.0,32,2854.0
premier-league,2021-2022,Liverpool FC,31,,Centre-Back,22,37.0,11,990.0
premier-league,2021-2022,Liverpool FC,31,,Centre-Back,18,1.0,0,0.0
premier-league,2021-2022,Liverpool FC,31,,Centre-Back,19,,0,0.0
premier-league,2021-2022,Liverpool FC,31,,Left-Back,20,13.0,1,7.0
premier-league,2021-2022,Liverpool FC,31,,Right-Back,17,1.0,0,0.0
premier-league,2021-2022,Liverpool FC,31,,Centre-Back,29,35.0,34,3060.0
premier-league,2021-2022,Liverpool FC,31,,Centre-Back,24,29.0,8,330.0
premier-league,2021-2022,Liverpool FC,31,,Left-Back,27,33.0,29,2541.0
premier-league,2021-2022,Liverpool FC,31,,Left-Back,25,36.0,13,878.0
premier-league,2021-2022,Liverpool FC,31,,Centre-Back,24,4.0,0,0.0
premier-league,2021-2022,Liverpool FC,31,,Left-Back,18,3.0,0,0.0
premier-league,2021-2022,Liverpool FC,31,,Centre-Back,25,,0,0.0
premier-league,2021-2022,Liverpool FC,31,,Centre-Back,20,1.0,0,0.0
premier-league,2021-2022,Liverpool FC,31,,Centre-Back,18,,0,0.0
premier-league,2021-2022,Liverpool FC,31,,Left-Back,18,,0,0.0
premier-league,2021-2022,Liverpool FC,31,,Right-Back,16,,0,0.0
premier-league,2021-2022,Liverpool FC,31,,Centre-Back,29,35.0,31,2790.0
premier-league,2021-2022,Liverpool FC,31,,Central Midfield,20,25.0,15,856.0
premier-league,2021-2022,Liverpool FC,31,,Defensive Midfield,18,9.0,2,66.0
premier-league,2021-2022,Liverpool FC,31,,Attacking Midfield,18,12.0,6,345.0
premier-league,2021-2022,Liverpool FC,31,,Defensive Midfield,27,30.0,29,2316.0
premier-league,2021-2022,Liverpool FC,31,,Central Midfield,26,29.0,23,1175.0
premier-league,2021-2022,Liverpool FC,31,,Defensive Midfield,31,35.0,35,2603.0
premier-league,2021-2022,Liverpool FC,31,,Central Midfield,27,29.0,17,787.0
premier-league,2021-2022,Liverpool FC,31,,Central Midfield,20,,0,0.0
premier-league,2021-2022,Liverpool FC,31,,Attacking Midfield,21,1.0,0,0.0
premier-league,2021-2022,Liverpool FC,31,,Central Midfield,30,26.0,25,1546.0
premier-league,2021-2022,Liverpool FC,31,,Central Midfield,35,32.0,24,850.0
premier-league,2021-2022,Liverpool FC,31,,Attacking Midfield,17,,0,0.0
premier-league,2021-2022,Liverpool FC,31,,Central Midfield,17,,0,0.0
premier-league,2021-2022,Liverpool FC,31,,Left Winger,24,16.0,13,963.0
premier-league,2021-2022,Liverpool FC,31,,Right Winger,29,35.0,35,2762.0
premier-league,2021-2022,Liverpool FC,31,,Left Winger,26,26.0,11,178.0
premier-league,2021-2022,Liverpool FC,31,,Left Winger,29,34.0,34,2825.0
premier-league,2021-2022,Liverpool FC,31,,Centre-Forward,29,22.0,20,985.0
premier-league,2021-2022,Liverpool FC,31,,Right Winger,16,4.0,1,8.0
premier-league,2021-2022,Liverpool FC,31,,Right Winger,24,,0,0.0
premier-league,2021-2022,Liverpool FC,31,,Right Winger,17,,0,0.0
premier-league,2021-2022,Liverpool FC,31,,Right Winger,17,,0,0.0
premier-league,2021-2022,Liverpool FC,31,,Left Winger,24,36.0,35,2374.0
premier-league,2021-2022,Liverpool FC,31,,Centre-Forward,26,18.0,7,126.0
premier-league,2021-2022,Chelsea FC,631,,Goalkeeper,26,38.0,4,360.0
premier-league,2021-2022,Chelsea FC,631,,Goalkeeper,29,34.0,34,3060.0
premier-league,2021-2022,Chelsea FC,631,,Goalkeeper,18,,0,0.0
premier-league,2021-2022,Chelsea FC,631,,Goalkeeper,18,,0,0.0
premier-league,2021-2022,Chelsea FC,631,,Goalkeeper,29,7.0,0,0.0
premier-league,2021-2022,Chelsea FC,631,,Right-Back,21,27.0,26,1869.0
premier-league,2021-2022,Chelsea FC,631,,Left-Back,16,2.0,0,0.0
premier-league,2021-2022,Chelsea FC,631,,Centre-Back,21,33.0,20,1452.0
premier-league,2021-2022,Chelsea FC,631,,Centre-Back,22,29.0,8,548.0
premier-league,2021-2022,Chelsea FC,631,,Left-Back,24,13.0,7,541.0
premier-league,2021-2022,Chelsea FC,631,,Left-Back,26,1.0,1,4.0
premier-league,2021-2022,Chelsea FC,631,,Centre-Back,25,28.0,19,1494.0
premier-league,2021-2022,Chelsea FC,631,,Centre-Back,28,35.0,34,3036.0
premier-league,2021-2022,Chelsea FC,631,,Left-Back,26,,0,0.0
premier-league,2021-2022,Chelsea FC,631,,Centre-Back,19,,0,0.0
premier-league,2021-2022,Chelsea FC,631,,Centre-Back,30,34.0,28,2176.0
premier-league,2021-2022,Chelsea FC,631,,Centre-Back,23,,0,0.0
premier-league,2021-2022,Chelsea FC,631,,Centre-Back,36,36.0,32,2651.0
premier-league,2021-2022,Chelsea FC,631,,Left-Back,17,,0,0.0
premier-league,2021-2022,Chelsea FC,631,,Centre-Back,26,2.0,0,0.0
premier-league,2021-2022,Chelsea FC,631,,Centre-Back,31,34.0,27,2078.0
premier-league,2021-2022,Chelsea FC,631,,Attacking Midfield,22,35.0,32,2370.0
premier-league,2021-2022,Chelsea FC,631,,Defensive Midfield,20,,0,0.0
premier-league,2021-2022,Chelsea FC,631,,Central Midfield,27,25.0,25,1556.0
premier-league,2021-2022,Chelsea FC,631,,Central Midfield,25,30.0,24,1387.0
premier-league,2021-2022,Chelsea FC,631,,Right Midfield,17,3.0,0,0.0
premier-league,2021-2022,Chelsea FC,631,,Defensive Midfield,29,36.0,29,2279.0
premier-league,2021-2022,Chelsea FC,631,,Defensive Midfield,30,27.0,26,1778.0
premier-league,2021-2022,Chelsea FC,631,,Central Midfield,27,27.0,6,180.0
premier-league,2021-2022,Chelsea FC,631,,Central Midfield,26,,0,0.0
premier-league,2021-2022,Chelsea FC,631,,Central Midfield,26,33.0,10,482.0
premier-league,2021-2022,Chelsea FC,631,,Central Midfield,17,,0,0.0
premier-league,2021-2022,Chelsea FC,631,,Defensive Midfield,18,,0,0.0
premier-league,2021-2022,Chelsea FC,631,,Central Midfield,31,,0,0.0
premier-league,2021-2022,Chelsea FC,631,,Centre-Forward,22,35.0,29,1811.0
premier-league,2021-2022,Chelsea FC,631,,Right Winger,22,27.0,22,1286.0
premier-league,2021-2022,Chelsea FC,631,,Left Winger,20,22.0,15,966.0
premier-league,2021-2022,Chelsea FC,631,,Centre-Forward,23,1.0,0,0.0
premier-league,2021-2022,Chelsea FC,631,,Centre-Forward,28,29.0,26,1586.0
premier-league,2021-2022,Chelsea FC,631,,Centre-Forward,25,28.0,21,1291.0
premier-league,2021-2022,Chelsea FC,631,,Right Winger,28,36.0,23,1316.0
premier-league,2021-2022,Chelsea FC,631,,Left Winger,25,8.0,1,59.0
premier-league,2021-2022,Chelsea FC,631,,Centre-Forward,17,,0,0.0
premier-league,2021-2022,Chelsea FC,631,,Left Winger,24,,0,0.0
premier-league,2021-2022,Manchester United,985,,Goalkeeper,24,30.0,0,0.0
premier-league,2021-2022,Manchester United,985,,Goalkeeper,21,,0,0.0
premier-league,2021-2022,Manchester United,985,,Goalkeeper,30,38.0,38,3420.0
premier-league,2021-2022,Manchester United,985,,Goalkeeper,35,14.0,0,0.0
premier-league,2021-2022,Manchester United,985,,Goalkeeper,38,,0,0.0
premier-league,2021-2022,Manchester United,985,,Left-Back,18,4.0,0,0.0
premier-league,2021-2022,Manchester United,985,,Right-Back,22,37.0,24,1801.0
premier-league,2021-2022,Manchester United,985,,Right-Back,23,30.0,20,1794.0
premier-league,2021-2022,Manchester United,985,,Centre-Back,28,33.0,30,2515.0
premier-league,2021-2022,Manchester United,985,,Left-Back,25,22.0,20,1604.0
premier-league,2021-2022,Manchester United,985,,Centre-Back,26,33.0,28,2354.0
premier-league,2021-2022,Manchester United,985,,Centre-Back,19,,0,0.0
premier-league,2021-2022,Manchester United,985,,Left-Back,28,29.0,21,1660.0
premier-league,2021-2022,Manchester United,985,,Centre-Back,27,21.0,4,217.0
premier-league,2021-2022,Manchester United,985,,Left-Back,20,1.0,0,0.0
premier-league,2021-2022,Manchester United,985,,Centre-Back,18,,0,0.0
premier-league,2021-2022,Manchester United,985,,Centre-Back,29,24.0,4,161.0
premier-league,2021-2022,Manchester United,985,,Centre-Back,28,24.0,22,1829.0
premier-league,2021-2022,Manchester United,985,,Defensive Midfield,20,,0,0.0
premier-league,2021-2022,Manchester United,985,,Central Midfield,24,31.0,30,2391.0
premier-league,2021-2022,Manchester United,985,,Attacking Midfield,26,36.0,36,3118.0
premier-league,2021-2022,Manchester United,985,,Attacking Midfield,18,7.0,2,68.0
premier-league,2021-2022,Manchester United,985,,Central Midfield,25,1.0,0,0.0
premier-league,2021-2022,Manchester United,985,,Central Midfield,28,31.0,28,2035.0
premier-league,2021-2022,Manchester United,985,,Attacking Midfield,21,,0,0.0
premier-league,2021-2022,Manchester United,985,,Central Midfield,28,20.0,20,1357.0
premier-league,2021-2022,Manchester United,985,,Attacking Midfield,28,32.0,16,356.0
premier-league,2021-2022,Manchester United,985,,Central Midfield,24,22.0,8,70.0
premier-league,2021-2022,Manchester United,985,,Defensive Midfield,32,33.0,23,1383.0
premier-league,2021-2022,Manchester United,985,,Central Midfield,18,,0,0.0
premier-league,2021-2022,Manchester United,985,,Central Midfield,18,1.0,0,0.0
premier-league,2021-2022,Manchester United,985,,Attacking Midfield,33,29.0,7,237.0
premier-league,2021-2022,Manchester United,985,,Right Winger,19,21.0,18,1278.0
premier-league,2021-2022,Manchester United,985,,Right Winger,18,1.0,0,0.0
premier-league,2021-2022,Manchester United,985,,Left Winger,23,28.0,25,1233.0
premier-league,2021-2022,Manchester United,985,,Right Winger,19,24.0,21,1214.0
premier-league,2021-2022,Manchester United,985,,Left Winger,17,7.0,2,12.0
premier-league,2021-2022,Manchester United,985,,Left Winger,21,32.0,29,1901.0
premier-league,2021-2022,Manchester United,985,,Right Winger,23,3.0,2,128.0
premier-league,2021-2022,Manchester United,985,,Centre-Forward,36,30.0,30,2459.0
premier-league,2021-2022,Manchester United,985,,Centre-Forward,25,13.0,8,216.0
premier-league,2021-2022,Manchester United,985,,Left Winger,17,2.0,1,15.0
premier-league,2021-2022,Manchester United,985,,Centre-Forward,34,15.0,15,765.0
premier-league,2021-2022,Tottenham Hotspur,148,,Goalkeeper,34,38.0,38,3420.0
premier-league,2021-2022,Tottenham Hotspur,148,,Goalkeeper,26,35.0,0,0.0
premier-league,2021-2022,Tottenham Hotspur,148,,Goalkeeper,22,4.0,0,0.0
premier-league,2021-2022,Tottenham Hotspur,148,,Centre-Back,23,24.0,22,1846.0
premier-league,2021-2022,Tottenham Hotspur,148,,Left-Back,21,22.0,15,1056.0
premier-league,2021-2022,Tottenham Hotspur,148,,Centre-Back,23,32.0,3,87.0
premier-league,2021-2022,Tottenham Hotspur,148,,Centre-Back,25,37.0,23,1626.0
premier-league,2021-2022,Tottenham Hotspur,148,,Centre-Back,23,,0,0.0
premier-league,2021-2022,Tottenham Hotspur,148,,Centre-Back,22,18.0,11,741.0
premier-league,2021-2022,Tottenham Hotspur,148,,Right-Back,22,34.0,31,2289.0
premier-league,2021-2022,Tottenham Hotspur,148,,Centre-Back,27,35.0,35,3072.0
premier-league,2021-2022,Tottenham Hotspur,148,,Left-Back,24,31.0,25,1922.0
premier-league,2021-2022,Tottenham Hotspur,148,,Centre-Back,18,,0,0.0
premier-league,2021-2022,Tottenham Hotspur,148,,Centre-Back,28,37.0,29,2539.0
premier-league,2021-2022,Tottenham Hotspur,148,,Right-Back,29,28.0,15,878.0
premier-league,2021-2022,Tottenham Hotspur,148,,Right-Back,20,,0,0.0
premier-league,2021-2022,Tottenham Hotspur,148,,Centre-Back,21,1.0,0,0.0
premier-league,2021-2022,Tottenham Hotspur,148,,Right-Back,20,1.0,0,0.0
premier-league,2021-2022,Tottenham Hotspur,148,,Centre-Back,19,,0,0.0
premier-league,2021-2022,Tottenham Hotspur,148,,Defensive Midfield,24,17.0,17,1365.0
premier-league,2021-2022,Tottenham Hotspur,148,,Attacking Midfield,21,18.0,18,1267.0
premier-league,2021-2022,Tottenham Hotspur,148,,Defensive Midfield,25,37.0,36,3199.0
premier-league,2021-2022,Tottenham Hotspur,148,,Attacking Midfield,25,13.0,9,233.0
premier-league,2021-2022,Tottenham Hotspur,148,,Attacking Midfield,16,3.0,0,0.0
premier-league,2021-2022,Tottenham Hotspur,148,,Defensive Midfield,20,19.0,18,1349.0
premier-league,2021-2022,Tottenham Hotspur,148,,Defensive Midfield,25,35.0,19,907.0
premier-league,2021-2022,Tottenham Hotspur,148,,Central Midfield,24,15.0,9,486.0
premier-league,2021-2022,Tottenham Hotspur,148,,Attacking Midfield,25,19.0,10,657.0
premier-league,2021-2022,Tottenham Hotspur,148,,Defensive Midfield,19,19.0,0,0.0
premier-league,2021-2022,Tottenham Hotspur,148,,Defensive Midfield,18,,0,0.0
premier-league,2021-2022,Tottenham Hotspur,148,,Central Midfield,18,,0,0.0
premier-league,2021-2022,Tottenham Hotspur,148,,Defensive Midfield,18,,0,0.0
premier-league,2021-2022,Tottenham Hotspur,148,,Defensive Midfield,18,5.0,0,0.0
premier-league,2021-2022,Tottenham Hotspur,148,,Central Midfield,31,1.0,0,0.0
premier-league,2021-2022,Tottenham Hotspur,148,,Defensive Midfield,19,1.0,0,0.0
premier-league,2021-2022,Tottenham Hotspur,148,,Centre-Forward,27,37.0,37,3233.0
premier-league,2021-2022,Tottenham Hotspur,148,,Left Winger,20,,0,0.0
premier-league,2021-2022,Tottenham Hotspur,148,,Left Winger,28,35.0,35,3022.0
premier-league,2021-2022,Tottenham Hotspur,148,,Left Winger,23,32.0,25,567.0
premier-league,2021-2022,Tottenham Hotspur,148,,Left Winger,20,16.0,9,95.0
premier-league,2021-2022,Tottenham Hotspur,148,,Left Winger,18,,0,0.0
premier-league,2021-2022,Tottenham Hotspur,148,,Right Winger,28,36.0,34,1774.0
premier-league,2021-2022,Tottenham Hotspur,148,,Centre-Forward,17,24.0,1,3.0
premier-league,2021-2022,Tottenham Hotspur,148,,Right Winger,19,1.0,0,0.0
premier-league,2021-2022,Tottenham Hotspur,148,,Left Winger,19,,0,0.0
premier-league,2021-2022,Arsenal FC,11,,Goalkeeper,23,36.0,34,3060.0
premier-league,2021-2022,Arsenal FC,11,,Goalkeeper,29,33.0,4,360.0
premier-league,2021-2022,Arsenal FC,11,,Goalkeeper,19,7.0,0,0.0
premier-league,2021-2022,Arsenal FC,11,,Goalkeeper,19,1.0,0,0.0
premier-league,2021-2022,Arsenal FC,11,,Centre-Back,23,35.0,35,3067.0
premier-league,2021-2022,Arsenal FC,11,,Right-Back,23,34.0,32,2880.0
premier-league,2021-2022,Arsenal FC,11,,Left-Back,21,38.0,22,1171.0
premier-league,2021-2022,Arsenal FC,11,,Right-Back,23,17.0,8,269.0
premier-league,2021-2022,Arsenal FC,11,,Left-Back,24,26.0,22,1919.0
premier-league,2021-2022,Arsenal FC,11,,Centre-Back,22,22.0,21,1684.0
premier-league,2021-2022,Arsenal FC,11,,Centre-Back,28,4.0,2,91.0
premier-league,2021-2022,Arsenal FC,11,,Centre-Back,25,36.0,15,841.0
premier-league,2021-2022,Arsenal FC,11,,Right-Back,26,1.0,0,0.0
premier-league,2021-2022,Arsenal FC,11,,Centre-Back,27,6.0,2,180.0
premier-league,2021-2022,Arsenal FC,11,,Right-Back,19,1.0,0,0.0
premier-league,2021-2022,Arsenal FC,11,,Right-Back,20,15.0,0,0.0
premier-league,2021-2022,Arsenal FC,11,,Centre-Back,26,6.0,2,171.0
premier-league,2021-2022,Arsenal FC,11,,Right-Back,29,33.0,21,1484.0
premier-league,2021-2022,Arsenal FC,11,,Centre-Back,17,1.0,0,0.0
premier-league,2021-2022,Arsenal FC,11,,Centre-Back,18,1.0,0,0.0
premier-league,2021-2022,Arsenal FC,11,,Left-Back,18,2.0,0,0.0
premier-league,2021-2022,Arsenal FC,11,,Attacking Midfield,22,36.0,36,2793.0
premier-league,2021-2022,Arsenal FC,11,,Attacking Midfield,17,8.0,0,0.0
premier-league,2021-2022,Arsenal FC,11,,Attacking Midfield,20,35.0,33,1920.0
premier-league,2021-2022,Arsenal FC,11,,Central Midfield,21,37.0,19,1132.0
premier-league,2021-2022,Arsenal FC,11,,Defensive Midfield,28,27.0,27,2331.0
premier-league,2021-2022,Arsenal FC,11,,Defensive Midfield,28,24.0,24,2033.0
premier-league,2021-2022,Arsenal FC,11,,Defensive Midfield,28,33.0,14,801.0
premier-league,2021-2022,Arsenal FC,11,,Central Midfield,17,5.0,0,0.0
premier-league,2021-2022,Arsenal FC,11,,Central Midfield,17,6.0,0,0.0
premier-league,2021-2022,Arsenal FC,11,,Central Midfield,18,4.0,0,0.0
premier-league,2021-2022,Arsenal FC,11,,Right Winger,19,38.0,38,2994.0
premier-league,2021-2022,Arsenal FC,11,,Left Winger,20,36.0,29,1867.0
premier-league,2021-2022,Arsenal FC,11,,Centre-Forward,19,2.0,2,70.0
premier-league,2021-2022,Arsenal FC,11,,Centre-Forward,18,1.0,0,0.0
premier-league,2021-2022,Arsenal FC,11,,Centre-Forward,22,26.0,21,826.0
premier-league,2021-2022,Arsenal FC,11,,Left Winger,21,2.0,1,19.0
premier-league,2021-2022,Arsenal FC,11,,Right Winger,26,35.0,20,681.0
premier-league,2021-2022,Arsenal FC,11,,Left Winger,17,1.0,0,0.0
premier-league,2021-2022,Arsenal FC,11,,Centre-Forward,30,35.0,30,1795.0
premier-league,2021-2022,Arsenal FC,11,,Centre-Forward,32,14.0,14,1040.0
premier-league,2021-2022,Leicester City,1003,,Goalkeeper,20,,0,0.0
premier-league,2021-2022,Leicester City,1003,,Goalkeeper,28,32.0,1,90.0
premier-league,2021-2022,Leicester City,1003,,Goalkeeper,18,,0,0.0
premier-league,2021-2022,Leicester City,1003,,Goalkeeper,34,38.0,37,3330.0
premier-league,2021-2022,Leicester City,1003,,Goalkeeper,36,9.0,0,0.0
premier-league,2021-2022,Leicester City,1003,,Centre-Back,20,9.0,7,630.0
premier-league,2021-2022,Leicester City,1003,,Right-Back,23,15.0,13,997.0
premier-league,2021-2022,Leicester City,1003,,Right-Back,25,29.0,27,2126.0
premier-league,2021-2022,Leicester City,1003,,Left-Back,20,27.0,22,1912.0
premier-league,2021-2022,Leicester City,1003,,Centre-Back,25,36.0,28,2498.0
premier-league,2021-2022,Leicester City,1003,,Centre-Back,17,3.0,0,0.0
premier-league,2021-2022,Leicester City,1003,,Right-Back,27,24.0,14,992.0
premier-league,2021-2022,Leicester City,1003,,Centre-Back,23,,0,0.0
premier-league,2021-2022,Leicester City,1003,,Centre-Back,28,25.0,10,564.0
premier-league,2021-2022,Leicester City,1003,,Centre-Back,20,5.0,1,23.0
premier-league,2021-2022,Leicester City,1003,,Centre-Back,26,34.0,28,2118.0
premier-league,2021-2022,Leicester City,1003,,Right-Back,20,5.0,0,0.0
premier-league,2021-2022,Leicester City,1003,,Centre-Back,24,,0,0.0
premier-league,2021-2022,Leicester City,1003,,Left-Back,31,9.0,4,338.0
premier-league,2021-2022,Leicester City,1003,,Centre-Back,33,20.0,18,1350.0
premier-league,2021-2022,Leicester City,1003,,Central Midfield,22,36.0,28,2105.0
premier-league,2021-2022,Leicester City,1003,,Central Midfield,24,33.0,32,2634.0
premier-league,2021-2022,Leicester City,1003,,Attacking Midfield,24,35.0,35,2467.0
premier-league,2021-2022,Leicester City,1003,,Right Midfield,19,5.0,1,2.0
premier-league,2021-2022,Leicester City,1003,,Defensive Midfield,22,26.0,19,1108.0
premier-league,2021-2022,Leicester City,1003,,Defensive Midfield,24,21.0,19,1619.0
premier-league,2021-2022,Leicester City,1003,,Defensive Midfield,23,31.0,6,287.0
premier-league,2021-2022,Leicester City,1003,,Central Midfield,27,3.0,0,0.0
premier-league,2021-2022,Leicester City,1003,,Defensive Midfield,29,17.0,14,1035.0
premier-league,2021-2022,Leicester City,1003,,Defensive Midfield,17,,0,0.0
premier-league,2021-2022,Leicester City,1003,,Attacking Midfield,16,,0,0.0
premier-league,2021-2022,Leicester City,1003,,Right Midfield,31,34.0,17,1127.0
premier-league,2021-2022,Leicester City,1003,,Central Midfield,18,,0,0.0
premier-league,2021-2022,Leicester City,1003,,Left Winger,23,33.0,26,1466.0
premier-league,2021-2022,Leicester City,1003,,Left Winger,23,35.0,32,2105.0
premier-league,2021-2022,Leicester City,1003,,Centre-Forward,27,32.0,14,442.0
premier-league,2021-2022,Leicester City,1003,,Centre-Forward,24,35.0,26,1260.0
premier-league,2021-2022,Leicester City,1003,,Centre-Forward,22,36.0,23,1161.0
premier-league,2021-2022,Leicester City,1003,,Centre-Forward,34,27.0,25,1805.0
premier-league,2021-2022,Leicester City,1003,,Right Winger,18,,0,0.0
premier-league,2021-2022,Aston Villa,405,,Goalkeeper,28,36.0,36,3240.0
premier-league,2021-2022,Aston Villa,405,,Goalkeeper,18,1.0,0,0.0
premier-league,2021-2022,Aston Villa,405,,Goalkeeper,19,2.0,0,0.0
premier-league,2021-2022,Aston Villa,405,,Goalkeeper,31,18.0,1,90.0
premier-league,2021-2022,Aston Villa,405,,Goalkeeper,28,19.0,1,90.0
premier-league,2021-2022,Aston Villa,405,,Centre-Back,23,32.0,29,2481.0
premier-league,2021-2022,Aston Villa,405,,Right-Back,23,38.0,38,3380.0
premier-league,2021-2022,Aston Villa,405,,Left-Back,27,16.0,16,1273.0
premier-league,2021-2022,Aston Villa,405,,Centre-Back,23,17.0,9,505.0
premier-league,2021-2022,Aston Villa,405,,Left-Back,25,20.0,17,1433.0
premier-league,2021-2022,Aston Villa,405,,Centre-Back,28,36.0,36,3188.0
premier-league,2021-2022,Aston Villa,405,,Right-Back,18,2.0,0,0.0
premier-league,2021-2022,Aston Villa,405,,Left-Back,17,7.0,0,0.0
premier-league,2021-2022,Aston Villa,405,,Centre-Back,26,17.0,11,830.0
premier-league,2021-2022,Aston Villa,405,,Right-Back,26,1.0,0,0.0
premier-league,2021-2022,Aston Villa,405,,Centre-Back,16,3.0,0,0.0
premier-league,2021-2022,Aston Villa,405,,Centre-Back,25,26.0,7,397.0
premier-league,2021-2022,Aston Villa,405,,Centre-Back,17,,0,0.0
premier-league,2021-2022,Aston Villa,405,,Right-Back,35,36.0,24,1238.0
premier-league,2021-2022,Aston Villa,405,,Central Midfield,20,35.0,34,2479.0
premier-league,2021-2022,Aston Villa,405,,Central Midfield,17,31.0,12,294.0
premier-league,2021-2022,Aston Villa,405,,Central Midfield,23,34.0,34,2722.0
premier-league,2021-2022,Aston Villa,405,,Defensive Midfield,17,1.0,0,0.0
premier-league,2021-2022,Aston Villa,405,,Central Midfield,18,22.0,3,91.0
premier-league,2021-2022,Aston Villa,405,,Central Midfield,26,35.0,35,3093.0
premier-league,2021-2022,Aston Villa,405,,Attacking Midfield,18,3.0,0,0.0
premier-league,2021-2022,Aston Villa,405,,Central Midfield,26,27.0,10,352.0
premier-league,2021-2022,Aston Villa,405,,Attacking Midfield,29,19.0,19,1338.0
premier-league,2021-2022,Aston Villa,405,,Defensive Midfield,27,24.0,16,904.0
premier-league,2021-2022,Aston Villa,405,,Attacking Midfield,17,4.0,0,0.0
premier-league,2021-2022,Aston Villa,405,,Central Midfield,30,2.0,0,0.0
premier-league,2021-2022,Aston Villa,405,,Defensive Midfield,18,,0,0.0
premier-league,2021-2022,Aston Villa,405,,Centre-Forward,25,35.0,35,2955.0
premier-league,2021-2022,Aston Villa,405,,Left Winger,19,9.0,1,4.0
premier-league,2021-2022,Aston Villa,405,,Left Winger,24,37.0,35,1901.0
premier-league,2021-2022,Aston Villa,405,,Right Winger,23,20.0,18,755.0
premier-league,2021-2022,Aston Villa,405,,Centre-Forward,23,6.0,1,11.0
premier-league,2021-2022,Aston Villa,405,,Centre-Forward,19,12.0,3,24.0
premier-league,2021-2022,Aston Villa,405,,Left Winger,26,4.0,1,10.0
premier-league,2021-2022,Aston Villa,405,,Right Winger,25,19.0,9,213.0
premier-league,2021-2022,Aston Villa,405,,Centre-Forward,24,2.0,1,1.0
premier-league,2021-2022,Aston Villa,405,,Centre-Forward,28,33.0,30,1905.0
premier-league,2021-2022,Aston Villa,405,,Right Winger,26,18.0,9,383.0
premier-league,2021-2022,Aston Villa,405,,Left Winger,19,,0,0.0
premier-league,2021-2022,Everton FC,29,,Goalkeeper,27,35.0,35,3150.0
premier-league,2021-2022,Everton FC,29,,Goalkeeper,19,2.0,0,0.0
premier-league,2021-2022,Everton FC,29,,Goalkeeper,34,38.0,3,270.0
premier-league,2021-2022,Everton FC,29,,Goalkeeper,37,11.0,0,0.0
premier-league,2021-2022,Everton FC,29,,Centre-Back,19,26.0,6,388.0
premier-league,2021-2022,Everton FC,29,,Left-Back,22,17.0,13,1057.0
premier-league,2021-2022,Everton FC,29,,Right-Back,19,6.0,0,0.0
premier-league,2021-2022,Everton FC,29,,Left-Back,27,14.0,13,1170.0
premier-league,2021-2022,Everton FC,29,,Centre-Back,23,24.0,23,2031.0
premier-league,2021-2022,Everton FC,29,,Centre-Back,28,36.0,32,2794.0
premier-league,2021-2022,Everton FC,29,,Left-Back,20,1.0,0,0.0
premier-league,2021-2022,Everton FC,29,,Right-Back,24,37.0,15,1020.0
premier-league,2021-2022,Everton FC,29,,Centre-Back,26,14.0,13,847.0
premier-league,2021-2022,Everton FC,29,,Centre-Back,24,35.0,25,2134.0
premier-league,2021-2022,Everton FC,29,,Centre-Back,25,16.0,3,67.0
premier-league,2021-2022,Everton FC,29,,Centre-Back,19,,0,0.0
premier-league,2021-2022,Everton FC,29,,Centre-Back,17,6.0,0,0.0
premier-league,2021-2022,Everton FC,29,,Right-Back,32,34.0,30,2658.0
premier-league,2021-2022,Everton FC,29,,Central Midfield,17,5.0,1,12.0
premier-league,2021-2022,Everton FC,29,,Attacking Midfield,28,31.0,30,2538.0
premier-league,2021-2022,Everton FC,29,,Central Midfield,27,21.0,14,625.0
premier-league,2021-2022,Everton FC,29,,Central Midfield,23,15.0,6,233.0
premier-league,2021-2022,Everton FC,29,,Central Midfield,24,9.0,7,483.0
premier-league,2021-2022,Everton FC,29,,Defensive Midfield,30,33.0,28,2187.0
premier-league,2021-2022,Everton FC,29,,Attacking Midfield,25,18.0,11,331.0
premier-league,2021-2022,Everton FC,29,,Central Midfield,18,5.0,3,27.0
premier-league,2021-2022,Everton FC,29,,Attacking Midfield,31,,0,0.0
premier-league,2021-2022,Everton FC,29,,Attacking Midfield,17,1.0,0,0.0
premier-league,2021-2022,Everton FC,29,,Central Midfield,31,16.0,11,668.0
premier-league,2021-2022,Everton FC,29,,Left Winger,20,37.0,35,2286.0
premier-league,2021-2022,Everton FC,29,,Centre-Forward,21,1.0,1,1.0
premier-league,2021-2022,Everton FC,29,,Centre-Forward,24,30.0,30,2528.0
premier-league,2021-2022,Everton FC,29,,Centre-Forward,24,20.0,17,1287.0
premier-league,2021-2022,Everton FC,29,,Left Winger,25,35.0,28,2035.0
premier-league,2021-2022,Everton FC,29,,Centre-Forward,20,7.0,1,62.0
premier-league,2021-2022,Everton FC,29,,Left Winger,23,1.0,0,0.0
premier-league,2021-2022,Everton FC,29,,Left Winger,18,11.0,3,30.0
premier-league,2021-2022,Everton FC,29,,Left Winger,25,34.0,34,2351.0
premier-league,2021-2022,Everton FC,29,,Right Winger,26,10.0,2,11.0
premier-league,2021-2022,Everton FC,29,,Right Winger,29,25.0,21,1461.0
premier-league,2021-2022,Everton FC,29,,Centre-Forward,31,30.0,20,783.0
premier-league,2021-2022,Everton FC,29,,Centre-Forward,30,8.0,1,6.0
premier-league,2021-2022,Wolverhampton Wanderers,543,,Goalkeeper,28,38.0,37,3285.0
premier-league,2021-2022,Wolverhampton Wanderers,543,,Goalkeeper,20,,0,0.0
premier-league,2021-2022,Wolverhampton Wanderers,543,,Goalkeeper,34,38.0,2,135.0
premier-league,2021-2022,Wolverhampton Wanderers,543,,Goalkeeper,16,1.0,0,0.0
premier-league,2021-2022,Wolverhampton Wanderers,543,,Goalkeeper,23,,0,0.0
premier-league,2021-2022,Wolverhampton Wanderers,543,,Goalkeeper,19,9.0,0,0.0
premier-league,2021-2022,Wolverhampton Wanderers,543,,Left-Back,20,35.0,23,1828.0
premier-league,2021-2022,Wolverhampton Wanderers,543,,Centre-Back,22,16.0,4,360.0
premier-league,2021-2022,Wolverhampton Wanderers,543,,Centre-Back,24,32.0,30,2689.0
premier-league,2021-2022,Wolverhampton Wanderers,543,,Centre-Back,20,5.0,0,0.0
premier-league,2021-2022,Wolverhampton Wanderers,543,,Left-Back,21,2.0,0,0.0
premier-league,2021-2022,Wolverhampton Wanderers,543,,Left-Back,18,4.0,0,0.0
premier-league,2021-2022,Wolverhampton Wanderers,543,,Right-Back,27,29.0,25,2137.0
premier-league,2021-2022,Wolverhampton Wanderers,543,,Right-Back,19,29.0,8,307.0
premier-league,2021-2022,Wolverhampton Wanderers,543,,Centre-Back,21,1.0,0,0.0
premier-league,2021-2022,Wolverhampton Wanderers,543,,Right-Back,27,17.0,13,1026.0
premier-league,2021-2022,Wolverhampton Wanderers,543,,Centre-Back,18,2.0,0,0.0
premier-league,2021-2022,Wolverhampton Wanderers,543,,Centre-Back,31,33.0,31,2709.0
premier-league,2021-2022,Wolverhampton Wanderers,543,,Centre-Back,28,38.0,38,3364.0
premier-league,2021-2022,Wolverhampton Wanderers,543,,Right-Back,17,,0,0.0
premier-league,2021-2022,Wolverhampton Wanderers,543,,Centre-Back,30,24.0,10,900.0
premier-league,2021-2022,Wolverhampton Wanderers,543,,Left-Back,32,32.0,18,1453.0
premier-league,2021-2022,Wolverhampton Wanderers,543,,Attacking Midfield,21,3.0,2,7.0
premier-league,2021-2022,Wolverhampton Wanderers,543,,Attacking Midfield,21,37.0,28,1352.0
premier-league,2021-2022,Wolverhampton Wanderers,543,,Defensive Midfield,24,33.0,33,2662.0
premier-league,2021-2022,Wolverhampton Wanderers,543,,Central Midfield,19,33.0,4,180.0
premier-league,2021-2022,Wolverhampton Wanderers,543,,Defensive Midfield,26,37.0,30,1948.0
premier-league,2021-2022,Wolverhampton Wanderers,543,,Central Midfield,23,,0,0.0
premier-league,2021-2022,Wolverhampton Wanderers,543,,Defensive Midfield,22,4.0,0,0.0
premier-league,2021-2022,Wolverhampton Wanderers,543,,Central Midfield,34,36.0,35,2976.0
premier-league,2021-2022,Wolverhampton Wanderers,543,,Right Winger,21,13.0,13,464.0
premier-league,2021-2022,Wolverhampton Wanderers,543,,Centre-Forward,18,37.0,22,564.0
premier-league,2021-2022,Wolverhampton Wanderers,543,,Centre-Forward,25,31.0,30,1822.0
premier-league,2021-2022,Wolverhampton Wanderers,543,,Right Winger,25,21.0,20,1072.0
premier-league,2021-2022,Wolverhampton Wanderers,543,,Left Winger,21,15.0,8,203.0
premier-league,2021-2022,Wolverhampton Wanderers,543,,Left Winger,25,29.0,26,1484.0
premier-league,2021-2022,Wolverhampton Wanderers,543,,Centre-Forward,30,34.0,34,2638.0
premier-league,2021-2022,Wolverhampton Wanderers,543,,Left Winger,18,7.0,1,12.0
premier-league,2021-2022,West Ham United,379,,Goalkeeper,28,38.0,1,90.0
premier-league,2021-2022,West Ham United,379,,Goalkeeper,36,37.0,37,3330.0
premier-league,2021-2022,West Ham United,379,,Goalkeeper,35,,0,0.0
premier-league,2021-2022,West Ham United,379,,Goalkeeper,34,3.0,0,0.0
premier-league,2021-2022,West Ham United,379,,Centre-Back,24,34.0,13,962.0
premier-league,2021-2022,West Ham United,379,,Right-Back,21,32.0,20,1398.0
premier-league,2021-2022,West Ham United,379,,Right-Back,28,31.0,28,2211.0
premier-league,2021-2022,West Ham United,379,,Left-Back,27,29.0,13,647.0
premier-league,2021-2022,West Ham United,379,,Left-Back,20,,0,0.0
premier-league,2021-2022,West Ham United,379,,Right-Back,19,8.0,1,6.0
premier-league,2021-2022,West Ham United,379,,Centre-Back,20,11.0,0,0.0
premier-league,2021-2022,West Ham United,379,,Centre-Back,31,37.0,34,2754.0
premier-league,2021-2022,West Ham United,379,,Left-Back,31,31.0,31,2728.0
premier-league,2021-2022,West Ham United,379,,Centre-Back,17,5.0,0,0.0
premier-league,2021-2022,West Ham United,379,,Centre-Back,33,11.0,11,922.0
premier-league,2021-2022,West Ham United,379,,Centre-Back,26,25.0,24,2080.0
premier-league,2021-2022,West Ham United,379,,Right-Back,28,25.0,7,303.0
premier-league,2021-2022,West Ham United,379,,Central Midfield,22,36.0,36,3178.0
premier-league,2021-2022,West Ham United,379,,Attacking Midfield,23,32.0,19,554.0
premier-league,2021-2022,West Ham United,379,,Defensive Midfield,26,36.0,35,3062.0
premier-league,2021-2022,West Ham United,379,,Defensive Midfield,17,,0,0.0
premier-league,2021-2022,West Ham United,379,,Central Midfield,25,36.0,36,2802.0
premier-league,2021-2022,West Ham United,379,,Central Midfield,23,32.0,1,1.0
premier-league,2021-2022,West Ham United,379,,Defensive Midfield,19,1.0,0,0.0
premier-league,2021-2022,West Ham United,379,,Defensive Midfield,21,3.0,0,0.0
premier-league,2021-2022,West Ham United,379,,Attacking Midfield,28,36.0,30,1788.0
premier-league,2021-2022,West Ham United,379,,Defensive Midfield,21,,0,0.0
premier-league,2021-2022,West Ham United,379,,Attacking Midfield,18,,0,0.0
premier-league,2021-2022,West Ham United,379,,Right Midfield,19,2.0,1,1.0
premier-league,2021-2022,West Ham United,379,,Central Midfield,34,33.0,11,327.0
premier-league,2021-2022,West Ham United,379,,Defensive Midfield,19,,0,0.0
premier-league,2021-2022,West Ham United,379,,Right Winger,24,36.0,36,2993.0
premier-league,2021-2022,West Ham United,379,,Left Winger,25,33.0,32,2184.0
premier-league,2021-2022,West Ham United,379,,Right Winger,31,35.0,19,304.0
premier-league,2021-2022,West Ham United,379,,Left Winger,19,10.0,0,0.0
premier-league,2021-2022,West Ham United,379,,Right Winger,17,5.0,1,3.0
premier-league,2021-2022,West Ham United,379,,Centre-Forward,31,37.0,36,2980.0
premier-league,2021-2022,Brighton & Hove Albion,1237,,Goalkeeper,23,37.0,37,3330.0
premier-league,2021-2022,Brighton & Hove Albion,1237,,Goalkeeper,21,8.0,0,0.0
premier-league,2021-2022,Brighton & Hove Albion,1237,,Goalkeeper,25,,0,0.0
premier-league,2021-2022,Brighton & Hove Albion,1237,,Goalkeeper,30,33.0,1,90.0
premier-league,2021-2022,Brighton & Hove Albion,1237,,Goalkeeper,21,3.0,0,0.0
premier-league,2021-2022,Brighton & Hove Albion,1237,,Left-Back,22,35.0,35,3092.0
premier-league,2021-2022,Brighton & Hove Albion,1237,,Centre-Back,21,,0,0.0
premier-league,2021-2022,Brighton & Hove Albion,1237,,Centre-Back,29,15.0,13,1022.0
premier-league,2021-2022,Brighton & Hove Albion,1237,,Centre-Back,29,30.0,29,2574.0
premier-league,2021-2022,Brighton & Hove Albion,1237,,Right-Back,20,33.0,30,1570.0
premier-league,2021-2022,Brighton & Hove Albion,1237,,Centre-Back,26,26.0,22,1432.0
premier-league,2021-2022,Brighton & Hove Albion,1237,,Centre-Back,18,9.0,0,0.0
premier-league,2021-2022,Brighton & Hove Albion,1237,,Centre-Back,24,,0,0.0
premier-league,2021-2022,Brighton & Hove Albion,1237,,Left-Back,20,1.0,0,0.0
premier-league,2021-2022,Brighton & Hove Albion,1237,,Right-Back,29,35.0,34,2881.0
premier-league,2021-2022,Brighton & Hove Albion,1237,,Left-Back,19,14.0,0,0.0
premier-league,2021-2022,Brighton & Hove Albion,1237,,Centre-Back,18,,0,0.0
premier-league,2021-2022,Brighton & Hove Albion,1237,,Centre-Back,18,2.0,0,0.0
premier-league,2021-2022,Brighton & Hove Albion,1237,,Centre-Back,29,30.0,18,1434.0
premier-league,2021-2022,Brighton & Hove Albion,1237,,Left-Back,19,,0,0.0
premier-league,2021-2022,Brighton & Hove Albion,1237,,Defensive Midfield,19,19.0,8,664.0
premier-league,2021-2022,Brighton & Hove Albion,1237,,Central Midfield,22,38.0,33,2115.0
premier-league,2021-2022,Brighton & Hove Albion,1237,,Defensive Midfield,24,30.0,26,2116.0
premier-league,2021-2022,Brighton & Hove Albion,1237,,Central Midfield,22,30.0,28,1703.0
premier-league,2021-2022,Brighton & Hove Albion,1237,,Central Midfield,30,35.0,29,2043.0
premier-league,2021-2022,Brighton & Hove Albion,1237,,Central Midfield,22,27.0,9,405.0
premier-league,2021-2022,Brighton & Hove Albion,1237,,Central Midfield,19,10.0,0,0.0
premier-league,2021-2022,Brighton & Hove Albion,1237,,Defensive Midfield,22,,0,0.0
premier-league,2021-2022,Brighton & Hove Albion,1237,,Attacking Midfield,17,,0,0.0
premier-league,2021-2022,Brighton & Hove Albion,1237,,Central Midfield,20,16.0,2,23.0
premier-league,2021-2022,Brighton & Hove Albion,1237,,Central Midfield,23,24.0,18,994.0
premier-league,2021-2022,Brighton & Hove Albion,1237,,Attacking Midfield,33,34.0,24,1561.0
premier-league,2021-2022,Brighton & Hove Albion,1237,,Centre-Forward,16,17.0,1,22.0
premier-league,2021-2022,Brighton & Hove Albion,1237,,Left Winger,26,35.0,34,2809.0
premier-league,2021-2022,Brighton & Hove Albion,1237,,Left Winger,20,,0,0.0
premier-league,2021-2022,Brighton & Hove Albion,1237,,Left Winger,19,12.0,5,45.0
premier-league,2021-2022,Brighton & Hove Albion,1237,,Centre-Forward,24,37.0,32,2281.0
premier-league,2021-2022,Brighton & Hove Albion,1237,,Centre-Forward,30,26.0,25,1484.0
premier-league,2021-2022,Brighton & Hove Albion,1237,,Centre-Forward,22,3.0,0,0.0
premier-league,2021-2022,Brighton & Hove Albion,1237,,Centre-Forward,21,9.0,4,155.0
premier-league,2021-2022,Brighton & Hove Albion,1237,,Right Winger,26,37.0,31,1740.0
premier-league,2021-2022,Brighton & Hove Albion,1237,,Centre-Forward,27,9.0,1,22.0
premier-league,2021-2022,Brighton & Hove Albion,1237,,Centre-Forward,28,1.0,0,0.0
premier-league,2021-2022,Newcastle United,762,,Goalkeeper,24,5.0,4,360.0
premier-league,2021-2022,Newcastle United,762,,Goalkeeper,32,29.0,26,2340.0
premier-league,2021-2022,Newcastle United,762,,Goalkeeper,30,34.0,8,720.0
premier-league,2021-2022,Newcastle United,762,,Goalkeeper,29,11.0,0,0.0
premier-league,2021-2022,Newcastle United,762,,Centre-Back,29,38.0,25,2161.0
premier-league,2021-2022,Newcastle United,762,,Centre-Back,29,17.0,16,1440.0
premier-league,2021-2022,Newcastle United,762,,Left-Back,25,16.0,16,1440.0
premier-league,2021-2022,Newcastle United,762,,Left-Back,23,19.0,5,263.0
premier-league,2021-2022,Newcastle United,762,,Right-Back,30,7.0,6,431.0
premier-league,2021-2022,Newcastle United,762,,Centre-Back,27,34.0,26,2056.0
premier-league,2021-2022,Newcastle United,762,,Right-Back,26,35.0,20,1639.0
premier-league,2021-2022,Newcastle United,762,,Centre-Back,31,17.0,13,1014.0
premier-league,2021-2022,Newcastle United,762,,Left-Back,29,16.0,3,198.0
premier-league,2021-2022,Newcastle United,762,,Centre-Back,32,18.0,7,522.0
premier-league,2021-2022,Newcastle United,762,,Right-Back,27,30.0,19,1263.0
premier-league,2021-2022,Newcastle United,762,,Central Midfield,18,5.0,0,0.0
premier-league,2021-2022,Newcastle United,762,,Central Midfield,23,17.0,17,1034.0
premier-league,2021-2022,Newcastle United,762,,Central Midfield,24,36.0,35,2559.0
premier-league,2021-2022,Newcastle United,762,,Central Midfield,23,37.0,24,1460.0
premier-league,2021-2022,Newcastle United,762,,Central Midfield,21,31.0,29,2045.0
premier-league,2021-2022,Newcastle United,762,,Central Midfield,21,,0,0.0
premier-league,2021-2022,Newcastle United,762,,Defensive Midfield,26,17.0,14,1001.0
premier-league,2021-2022,Newcastle United,762,,Attacking Midfield,18,3.0,0,0.0
premier-league,2021-2022,Newcastle United,762,,Central Midfield,18,4.0,0,0.0
premier-league,2021-2022,Newcastle United,762,,Central Midfield,29,25.0,24,1986.0
premier-league,2021-2022,Newcastle United,762,,Right Midfield,31,30.0,18,1334.0
premier-league,2021-2022,Newcastle United,762,,Central Midfield,29,17.0,3,73.0
premier-league,2021-2022,Newcastle United,762,,Right Winger,26,38.0,33,1460.0
premier-league,2021-2022,Newcastle United,762,,Left Winger,24,35.0,35,2812.0
premier-league,2021-2022,Newcastle United,762,,Right Winger,27,36.0,30,1720.0
premier-league,2021-2022,Newcastle United,762,,Centre-Forward,29,18.0,17,1328.0
premier-league,2021-2022,Newcastle United,762,,Centre-Forward,29,18.0,18,1389.0
premier-league,2021-2022,Newcastle United,762,,Left Winger,27,30.0,27,1472.0
premier-league,2021-2022,Newcastle United,762,,Centre-Forward,31,36.0,8,34.0
premier-league,2021-2022,Leeds United,399,,Goalkeeper,21,38.0,38,3385.0
premier-league,2021-2022,Leeds United,399,,Goalkeeper,20,38.0,1,36.0
premier-league,2021-2022,Leeds United,399,,Centre-Back,18,31.0,5,140.0
premier-league,2021-2022,Leeds United,399,,Centre-Back,21,31.0,29,2051.0
premier-league,2021-2022,Leeds United,399,,Left-Back,21,,0,0.0
premier-league,2021-2022,Leeds United,399,,Centre-Back,24,21.0,20,1574.0
premier-league,2021-2022,Leeds United,399,,Left-Back,24,25.0,24,1716.0
premier-league,2021-2022,Leeds United,399,,Right-Back,19,10.0,3,126.0
premier-league,2021-2022,Leeds United,399,,Centre-Back,27,30.0,28,2343.0
premier-league,2021-2022,Leeds United,399,,Centre-Back,17,16.0,2,148.0
premier-league,2021-2022,Leeds United,399,,Right-Back,21,28.0,14,707.0
premier-league,2021-2022,Leeds United,399,,Right-Back,29,26.0,26,2275.0
premier-league,2021-2022,Leeds United,399,,Centre-Back,29,22.0,21,1815.0
premier-league,2021-2022,Leeds United,399,,Centre-Back,17,4.0,0,0.0
premier-league,2021-2022,Leeds United,399,,Left-Back,20,11.0,1,9.0
premier-league,2021-2022,Leeds United,399,,Defensive Midfield,15,6.0,0,0.0
premier-league,2021-2022,Leeds United,399,,Defensive Midfield,25,23.0,20,1595.0
premier-league,2021-2022,Leeds United,399,,Attacking Midfield,19,21.0,7,232.0
premier-league,2021-2022,Leeds United,399,,Central Midfield,18,16.0,3,147.0
premier-league,2021-2022,Leeds United,399,,Defensive Midfield,18,14.0,0,0.0
premier-league,2021-2022,Leeds United,399,,Defensive Midfield,31,37.0,33,2082.0
premier-league,2021-2022,Leeds United,399,,Central Midfield,29,26.0,22,1530.0
premier-league,2021-2022,Leeds United,399,,Left Midfield,30,34.0,34,2922.0
premier-league,2021-2022,Leeds United,399,,Left Midfield,18,9.0,1,3.0
premier-league,2021-2022,Leeds United,399,,Defensive Midfield,19,9.0,0,0.0
premier-league,2021-2022,Leeds United,399,,Left Winger,24,35.0,35,2923.0
premier-league,2021-2022,Leeds United,399,,Left Winger,19,25.0,6,126.0
premier-league,2021-2022,Leeds United,399,,Centre-Forward,19,31.0,20,736.0
premier-league,2021-2022,Leeds United,399,,Right Winger,23,32.0,32,2371.0
premier-league,2021-2022,Leeds United,399,,Left Winger,24,37.0,35,2647.0
premier-league,2021-2022,Leeds United,399,,Centre-Forward,30,33.0,31,2276.0
premier-league,2021-2022,Leeds United,399,,Right Winger,21,,0,0.0
premier-league,2021-2022,Leeds United,399,,Centre-Forward,27,10.0,9,559.0
premier-league,2021-2022,Leeds United,399,,Second Striker,22,27.0,23,978.0
premier-league,2021-2022,Leeds United,399,,Right Winger,27,3.0,1,22.0
premier-league,2021-2022,Southampton FC,180,,Goalkeeper,33,33.0,19,1710.0
premier-league,2021-2022,Southampton FC,180,,Goalkeeper,31,18.0,17,1530.0
premier-league,2021-2022,Southampton FC,180,,Goalkeeper,23,4.0,0,0.0
premier-league,2021-2022,Southampton FC,180,,Goalkeeper,39,21.0,2,180.0
premier-league,2021-2022,Southampton FC,180,,Right-Back,18,28.0,28,2203.0
premier-league,2021-2022,Southampton FC,180,,Right-Back,24,37.0,32,2632.0
premier-league,2021-2022,Southampton FC,180,,Centre-Back,25,37.0,31,2631.0
premier-league,2021-2022,Southampton FC,180,,Centre-Back,22,36.0,34,2972.0
premier-league,2021-2022,Southampton FC,180,,Left-Back,23,35.0,20,1625.0
premier-league,2021-2022,Southampton FC,180,,Left-Back,16,3.0,0,0.0
premier-league,2021-2022,Southampton FC,180,,Centre-Back,24,24.0,15,906.0
premier-league,2021-2022,Southampton FC,180,,Right-Back,22,34.0,5,369.0
premier-league,2021-2022,Southampton FC,180,,Centre-Back,27,22.0,11,811.0
premier-league,2021-2022,Southampton FC,180,,Centre-Back,19,3.0,0,0.0
premier-league,2021-2022,Southampton FC,180,,Central Midfield,26,36.0,36,3217.0
premier-league,2021-2022,Southampton FC,180,,Central Midfield,21,16.0,4,133.0
premier-league,2021-2022,Southampton FC,180,,Defensive Midfield,22,35.0,23,1018.0
premier-league,2021-2022,Southampton FC,180,,Defensive Midfield,29,37.0,36,2899.0
premier-league,2021-2022,Southampton FC,180,,Central Midfield,18,1.0,0,0.0
premier-league,2021-2022,Southampton FC,180,,Central Midfield,29,27.0,25,1470.0
premier-league,2021-2022,Southampton FC,180,,Right Winger,15,1.0,0,0.0
premier-league,2021-2022,Southampton FC,180,,Right Winger,21,28.0,14,811.0
premier-league,2021-2022,Southampton FC,180,,Centre-Forward,24,37.0,23,1415.0
premier-league,2021-2022,Southampton FC,180,,Centre-Forward,24,34.0,30,2042.0
premier-league,2021-2022,Southampton FC,180,,Centre-Forward,19,32.0,32,1981.0
premier-league,2021-2022,Southampton FC,180,,Second Striker,26,35.0,30,2045.0
premier-league,2021-2022,Southampton FC,180,,Left Winger,18,,0,0.0
premier-league,2021-2022,Southampton FC,180,,Left Winger,23,22.0,12,455.0
premier-league,2021-2022,Southampton FC,180,,Right Winger,27,30.0,27,1832.0
premier-league,2021-2022,Southampton FC,180,,Centre-Forward,20,,0,0.0
premier-league,2021-2022,Southampton FC,180,,Centre-Forward,22,,0,0.0
premier-league,2021-2022,Southampton FC,180,,Centre-Forward,34,31.0,13,303.0
premier-league,2021-2022,Southampton FC,180,,Right Winger,32,23.0,9,379.0
premier-league,2021-2022,Brentford FC,1148,,Goalkeeper,25,24.0,24,2160.0
premier-league,2021-2022,Brentford FC,1148,,Goalkeeper,23,31.0,12,1080.0
premier-league,2021-2022,Brentford FC,1148,,Goalkeeper,18,10.0,0,0.0
premier-league,2021-2022,Brentford FC,1148,,Goalkeeper,20,1.0,0,0.0
premier-league,2021-2022,Brentford FC,1148,,Goalkeeper,21,,0,0.0
premier-league,2021-2022,Brentford FC,1148,,Goalkeeper,32,12.0,2,180.0
premier-league,2021-2022,Brentford FC,1148,,Centre-Back,23,27.0,24,1987.0
premier-league,2021-2022,Brentford FC,1148,,Left-Back,23,34.0,34,2784.0
premier-league,2021-2022,Brentford FC,1148,,Centre-Back,22,25.0,11,833.0
premier-league,2021-2022,Brentford FC,1148,,Right-Back,22,36.0,21,1233.0
premier-league,2021-2022,Brentford FC,1148,,Centre-Back,28,32.0,32,2697.0
premier-league,2021-2022,Brentford FC,1148,,Right-Back,18,,0,0.0
premier-league,2021-2022,Brentford FC,1148,,Centre-Back,30,37.0,37,3322.0
premier-league,2021-2022,Brentford FC,1148,,Right-Back,18,23.0,1,14.0
premier-league,2021-2022,Brentford FC,1148,,Left-Back,20,13.0,2,148.0
premier-league,2021-2022,Brentford FC,1148,,Centre-Back,25,12.0,6,448.0
premier-league,2021-2022,Brentford FC,1148,,Centre-Back,31,14.0,8,517.0
premier-league,2021-2022,Brentford FC,1148,,Centre-Back,29,6.0,0,0.0
premier-league,2021-2022,Brentford FC,1148,,Defensive Midfield,23,32.0,31,2308.0
premier-league,2021-2022,Brentford FC,1148,,Central Midfield,20,18.0,4,36.0
premier-league,2021-2022,Brentford FC,1148,,Central Midfield,25,35.0,31,1600.0
premier-league,2021-2022,Brentford FC,1148,,Central Midfield,23,26.0,20,1051.0
premier-league,2021-2022,Brentford FC,1148,,Defensive Midfield,27,35.0,35,3059.0
premier-league,2021-2022,Brentford FC,1148,,Attacking Midfield,29,11.0,11,938.0
premier-league,2021-2022,Brentford FC,1148,,Central Midfield,20,4.0,0,0.0
premier-league,2021-2022,Brentford FC,1148,,Central Midfield,22,10.0,9,259.0
premier-league,2021-2022,Brentford FC,1148,,Attacking Midfield,27,33.0,17,528.0
premier-league,2021-2022,Brentford FC,1148,,Central Midfield,23,32.0,22,905.0
premier-league,2021-2022,Brentford FC,1148,,Attacking Midfield,18,4.0,0,0.0
premier-league,2021-2022,Brentford FC,1148,,Right Winger,21,36.0,35,2916.0
premier-league,2021-2022,Brentford FC,1148,,Centre-Forward,24,33.0,30,1273.0
premier-league,2021-2022,Brentford FC,1148,,Centre-Forward,25,33.0,33,2908.0
premier-league,2021-2022,Brentford FC,1148,,Centre-Forward,22,23.0,7,203.0
premier-league,2021-2022,Brentford FC,1148,,Centre-Forward,21,3.0,0,0.0
premier-league,2021-2022,Brentford FC,1148,,Left Winger,24,33.0,31,2094.0
premier-league,2021-2022,Brentford FC,1148,,Left Winger,25,8.0,1,16.0
premier-league,2021-2022,Brentford FC,1148,,Left Winger,19,1.0,0,0.0
premier-league,2021-2022,Brentford FC,1148,,Right Winger,18,8.0,1,3.0
premier-league,2021-2022,Crystal Palace,873,,Goalkeeper,28,38.0,9,765.0
premier-league,2021-2022,Crystal Palace,873,,Goalkeeper,27,7.0,0,0.0
premier-league,2021-2022,Crystal Palace,873,,Goalkeeper,34,35.0,30,2655.0
premier-league,2021-2022,Crystal Palace,873,,Centre-Back,20,37.0,36,3223.0
premier-league,2021-2022,Crystal Palace,873,,Left-Back,21,37.0,36,3103.0
premier-league,2021-2022,Crystal Palace,873,,Centre-Back,25,34.0,34,2915.0
premier-league,2021-2022,Crystal Palace,873,,Left-Back,17,1.0,0,0.0
premier-league,2021-2022,Crystal Palace,873,,Right-Back,30,33.0,16,1351.0
premier-league,2021-2022,Crystal Palace,873,,Right-Back,31,33.0,28,2486.0
premier-league,2021-2022,Crystal Palace,873,,Left-Back,20,2.0,0,0.0
premier-league,2021-2022,Crystal Palace,873,,Centre-Back,32,27.0,8,548.0
premier-league,2021-2022,Crystal Palace,873,,Centre-Back,27,,0,0.0
premier-league,2021-2022,Crystal Palace,873,,Right-Back,31,29.0,0,0.0
premier-league,2021-2022,Crystal Palace,873,,Centre-Back,20,4.0,1,9.0
premier-league,2021-2022,Crystal Palace,873,,Attacking Midfield,23,25.0,13,602.0
premier-league,2021-2022,Crystal Palace,873,,Central Midfield,21,34.0,34,2852.0
premier-league,2021-2022,Crystal Palace,873,,Central Midfield,26,31.0,16,1058.0
premier-league,2021-2022,Crystal Palace,873,,Defensive Midfield,24,18.0,3,117.0
premier-league,2021-2022,Crystal Palace,873,,Left Midfield,28,36.0,32,1846.0
premier-league,2021-2022,Crystal Palace,873,,Defensive Midfield,30,29.0,15,776.0
premier-league,2021-2022,Crystal Palace,873,,Central Midfield,17,,0,0.0
premier-league,2021-2022,Crystal Palace,873,,Defensive Midfield,31,33.0,27,1978.0
premier-league,2021-2022,Crystal Palace,873,,Central Midfield,33,22.0,21,1437.0
premier-league,2021-2022,Crystal Palace,873,,Right Winger,19,28.0,26,1135.0
premier-league,2021-2022,Crystal Palace,873,,Centre-Forward,24,30.0,22,1149.0
premier-league,2021-2022,Crystal Palace,873,,Centre-Forward,23,35.0,28,1566.0
premier-league,2021-2022,Crystal Palace,873,,Right Winger,18,7.0,2,80.0
premier-league,2021-2022,Crystal Palace,873,,Left Winger,28,33.0,33,2762.0
premier-league,2021-2022,Crystal Palace,873,,Centre-Forward,18,,0,0.0
premier-league,2021-2022,Crystal Palace,873,,Centre-Forward,30,37.0,25,1137.0
premier-league,2021-2022,Crystal Palace,873,,Centre-Forward,29,37.0,31,2025.0
premier-league,2021-2022,Crystal Palace,873,,Centre-Forward,19,2.0,0,0.0
premier-league,2021-2022,Crystal Palace,873,,Right Winger,19,1.0,0,0.0
premier-league,2021-2022,Norwich City,1123,,Goalkeeper,25,38.0,9,810.0
premier-league,2021-2022,Norwich City,1123,,Goalkeeper,21,1.0,0,0.0
premier-league,2021-2022,Norwich City,1123,,Goalkeeper,23,,0,0.0
premier-league,2021-2022,Norwich City,1123,,Goalkeeper,20,,0,0.0
premier-league,2021-2022,Norwich City,1123,,Goalkeeper,33,32.0,29,2610.0
premier-league,2021-2022,Norwich City,1123,,Goalkeeper,36,6.0,0,0.0
premier-league,2021-2022,Norwich City,1123,,Centre-Back,21,19.0,11,924.0
premier-league,2021-2022,Norwich City,1123,,Centre-Back,19,14.0,5,381.0
premier-league,2021-2022,Norwich City,1123,,Left-Back,25,37.0,18,1166.0
premier-league,2021-2022,Norwich City,1123,,Right-Back,21,36.0,34,2882.0
premier-league,2021-2022,Norwich City,1123,,Left-Back,20,,0,0.0
premier-league,2021-2022,Norwich City,1123,,Left-Back,19,6.0,1,45.0
premier-league,2021-2022,Norwich City,1123,,Centre-Back,21,,0,0.0
premier-league,2021-2022,Norwich City,1123,,Centre-Back,22,,0,0.0
premier-league,2021-2022,Norwich City,1123,,Left-Back,20,32.0,26,2123.0
premier-league,2021-2022,Norwich City,1123,,Centre-Back,28,35.0,28,2495.0
premier-league,2021-2022,Norwich City,1123,,Left-Back,27,21.0,15,1024.0
premier-league,2021-2022,Norwich City,1123,,Centre-Back,19,6.0,0,0.0
premier-league,2021-2022,Norwich City,1123,,Centre-Back,29,33.0,33,2899.0
premier-league,2021-2022,Norwich City,1123,,Centre-Back,28,13.0,3,157.0
premier-league,2021-2022,Norwich City,1123,,Defensive Midfield,20,31.0,24,1858.0
premier-league,2021-2022,Norwich City,1123,,Defensive Midfield,28,37.0,33,2272.0
premier-league,2021-2022,Norwich City,1123,,Attacking Midfield,24,,0,0.0
premier-league,2021-2022,Norwich City,1123,,Attacking Midfield,23,12.0,8,440.0
premier-league,2021-2022,Norwich City,1123,,Central Midfield,18,4.0,0,0.0
premier-league,2021-2022,Norwich City,1123,,Defensive Midfield,25,24.0,23,1651.0
premier-league,2021-2022,Norwich City,1123,,Defensive Midfield,23,26.0,10,601.0
premier-league,2021-2022,Norwich City,1123,,Attacking Midfield,23,36.0,19,912.0
premier-league,2021-2022,Norwich City,1123,,Central Midfield,29,32.0,31,2707.0
premier-league,2021-2022,Norwich City,1123,,Attacking Midfield,30,26.0,19,762.0
premier-league,2021-2022,Norwich City,1123,,Central Midfield,19,,0,0.0
premier-league,2021-2022,Norwich City,1123,,Left Winger,19,30.0,14,328.0
premier-league,2021-2022,Norwich City,1123,,Left Winger,18,21.0,13,208.0
premier-league,2021-2022,Norwich City,1123,,Centre-Forward,21,26.0,26,1579.0
premier-league,2021-2022,Norwich City,1123,,Centre-Forward,20,23.0,17,620.0
premier-league,2021-2022,Norwich City,1123,,Right Winger,25,32.0,31,2239.0
premier-league,2021-2022,Norwich City,1123,,Right Winger,17,1.0,0,0.0
premier-league,2021-2022,Norwich City,1123,,Left Winger,23,24.0,12,506.0
premier-league,2021-2022,Norwich City,1123,,Right Winger,18,6.0,3,141.0
premier-league,2021-2022,Norwich City,1123,,Centre-Forward,31,37.0,37,3261.0
premier-league,2021-2022,Norwich City,1123,,Left Winger,28,,0,0.0
premier-league,2021-2022,Norwich City,1123,,Centre-Forward,29,,0,0.0
premier-league,2021-2022,Norwich City,1123,,Left Winger,19,,0,0.0
premier-league,2021-2022,Norwich City,1123,,Centre-Forward,18,1.0,0,0.0
premier-league,2021-2022,Norwich City,1123,,Centre-Forward,20,,0,0.0
premier-league,2021-2022,Watford FC,1010,,Goalkeeper,22,,0,0.0
premier-league,2021-2022,Watford FC,1010,,Goalkeeper,26,37.0,12,1080.0
premier-league,2021-2022,Watford FC,1010,,Goalkeeper,17,3.0,0,0.0
premier-league,2021-2022,Watford FC,1010,,Goalkeeper,38,28.0,26,2340.0
premier-league,2021-2022,Watford FC,1010,,Goalkeeper,35,9.0,0,0.0
premier-league,2021-2022,Watford FC,1010,,Right-Back,20,33.0,16,900.0
premier-league,2021-2022,Watford FC,1010,,Left-Back,27,19.0,19,1626.0
premier-league,2021-2022,Watford FC,1010,,Centre-Back,19,,0,0.0
premier-league,2021-2022,Watford FC,1010,,Centre-Back,26,19.0,19,1676.0
premier-league,2021-2022,Watford FC,1010,,Centre-Back,24,16.0,5,428.0
premier-league,2021-2022,Watford FC,1010,,Centre-Back,27,28.0,17,1388.0
premier-league,2021-2022,Watford FC,1010,,Centre-Back,27,33.0,15,1076.0
premier-league,2021-2022,Watford FC,1010,,Left-Back,27,31.0,18,846.0
premier-league,2021-2022,Watford FC,1010,,Centre-Back,30,31.0,16,1190.0
premier-league,2021-2022,Watford FC,1010,,Right-Back,30,27.0,27,2150.0
premier-league,2021-2022,Watford FC,1010,,Left-Back,19,8.0,0,0.0
premier-league,2021-2022,Watford FC,1010,,Centre-Back,19,,0,0.0
premier-league,2021-2022,Watford FC,1010,,Left-Back,30,15.0,8,690.0
premier-league,2021-2022,Watford FC,1010,,Centre-Back,31,5.0,3,169.0
premier-league,2021-2022,Watford FC,1010,,Centre-Back,32,35.0,31,2396.0
premier-league,2021-2022,Watford FC,1010,,Central Midfield,22,29.0,20,1420.0
premier-league,2021-2022,Watford FC,1010,,Central Midfield,23,20.0,13,799.0
premier-league,2021-2022,Watford FC,1010,,Defensive Midfield,21,,0,0.0
premier-league,2021-2022,Watford FC,1010,,Central Midfield,26,16.0,7,338.0
premier-league,2021-2022,Watford FC,1010,,Central Midfield,21,,0,0.0
premier-league,2021-2022,Watford FC,1010,,Defensive Midfield,21,,0,0.0
premier-league,2021-2022,Watford FC,1010,,Central Midfield,18,1.0,0,0.0
premier-league,2021-2022,Watford FC,1010,,Defensive Midfield,25,12.0,9,397.0
premier-league,2021-2022,Watford FC,1010,,Central Midfield,31,36.0,36,3221.0
premier-league,2021-2022,Watford FC,1010,,Central Midfield,31,34.0,28,1623.0
premier-league,2021-2022,Watford FC,1010,,Central Midfield,31,18.0,4,167.0
premier-league,2021-2022,Watford FC,1010,,Central Midfield,34,28.0,26,1923.0
premier-league,2021-2022,Watford FC,1010,,Centre-Forward,19,29.0,28,1638.0
premier-league,2021-2022,Watford FC,1010,,Right Winger,23,22.0,22,1865.0
premier-league,2021-2022,Watford FC,1010,,Centre-Forward,22,32.0,25,1141.0
premier-league,2021-2022,Watford FC,1010,,Right Winger,26,,0,0.0
premier-league,2021-2022,Watford FC,1010,,Left Winger,18,3.0,0,0.0
premier-league,2021-2022,Watford FC,1010,,Left Winger,15,1.0,0,0.0
premier-league,2021-2022,Watford FC,1010,,Centre-Forward,29,33.0,32,2249.0
premier-league,2021-2022,Watford FC,1010,,Centre-Forward,23,33.0,33,2590.0
premier-league,2021-2022,Watford FC,1010,,Right Winger,23,11.0,4,222.0
premier-league,2021-2022,Watford FC,1010,,Centre-Forward,18,2.0,0,0.0
premier-league,2021-2022,Watford FC,1010,,Centre-Forward,25,17.0,3,28.0
premier-league,2021-2022,Watford FC,1010,,Right Winger,17,1.0,0,0.0
premier-league,2021-2022,Watford FC,1010,,Centre-Forward,30,,0,0.0
premier-league,2021-2022,Watford FC,1010,,Centre-Forward,16,1.0,0,0.0
premier-league,2021-2022,Watford FC,1010,,Centre-Forward,33,2.0,2,23.0
premier-league,2021-2022,Burnley FC,1132,,Goalkeeper,29,36.0,36,3240.0
premier-league,2021-2022,Burnley FC,1132,,Goalkeeper,24,,0,0.0
premier-league,2021-2022,Burnley FC,1132,,Goalkeeper,22,,0,0.0
premier-league,2021-2022,Burnley FC,1132,,Goalkeeper,27,9.0,0,0.0
premier-league,2021-2022,Burnley FC,1132,,Goalkeeper,17,1.0,0,0.0
premier-league,2021-2022,Burnley FC,1132,,Goalkeeper,34,38.0,2,180.0
premier-league,2021-2022,Burnley FC,1132,,Centre-Back,20,36.0,19,1670.0
premier-league,2021-2022,Burnley FC,1132,,Centre-Back,20,24.0,0,0.0
premier-league,2021-2022,Burnley FC,1132,,Centre-Back,28,35.0,35,3107.0
premier-league,2021-2022,Burnley FC,1132,,Right-Back,25,25.0,21,1690.0
premier-league,2021-2022,Burnley FC,1132,,Left-Back,27,31.0,31,2730.0
premier-league,2021-2022,Burnley FC,1132,,Left-Back,18,5.0,0,0.0
premier-league,2021-2022,Burnley FC,1132,,Centre-Back,30,30.0,6,408.0
premier-league,2021-2022,Burnley FC,1132,,Right-Back,32,37.0,25,1773.0
premier-league,2021-2022,Burnley FC,1132,,Centre-Back,31,21.0,21,1840.0
premier-league,2021-2022,Burnley FC,1132,,Left-Back,32,25.0,12,727.0
premier-league,2021-2022,Burnley FC,1132,,Right-Back,36,32.0,0,0.0
premier-league,2021-2022,Burnley FC,1132,,Central Midfield,25,35.0,35,2953.0
premier-league,2021-2022,Burnley FC,1132,,Central Midfield,19,,0,0.0
premier-league,2021-2022,Burnley FC,1132,,Defensive Midfield,31,27.0,27,2289.0
premier-league,2021-2022,Burnley FC,1132,,Right Midfield,18,5.0,0,0.0
premier-league,2021-2022,Burnley FC,1132,,Attacking Midfield,20,1.0,0,0.0
premier-league,2021-2022,Burnley FC,1132,,Defensive Midfield,32,38.0,20,1676.0
premier-league,2021-2022,Burnley FC,1132,,Central Midfield,32,19.0,3,123.0
premier-league,2021-2022,Burnley FC,1132,,Left Winger,21,38.0,38,3112.0
premier-league,2021-2022,Burnley FC,1132,,Centre-Forward,29,17.0,17,1379.0
premier-league,2021-2022,Burnley FC,1132,,Centre-Forward,28,20.0,20,1458.0
premier-league,2021-2022,Burnley FC,1132,,Left Winger,24,28.0,26,1779.0
premier-league,2021-2022,Burnley FC,1132,,Centre-Forward,29,22.0,22,684.0
premier-league,2021-2022,Burnley FC,1132,,Left Winger,18,7.0,0,0.0
premier-league,2021-2022,Burnley FC,1132,,Right Winger,30,18.0,18,1105.0
premier-league,2021-2022,Burnley FC,1132,,Centre-Forward,31,31.0,29,1371.0
premier-league,2021-2022,Burnley FC,1132,,Centre-Forward,31,30.0,23,799.0
premier-league,2021-2022,Burnley FC,1132,,Right Winger,34,35.0,28,1549.0
premier-league,2021-2022,Burnley FC,1132,,Centre-Forward,18,2.0,0,0.0
premier-league,2022-2023,Manchester City,281,,Goalkeeper,28,38.0,35,3150.0
premier-league,2022-2023,Manchester City,281,,Goalkeeper,29,38.0,3,270.0
premier-league,2022-2023,Manchester City,281,,Goalkeeper,27,,0,0.0
premier-league,2022-2023,Manchester City,281,,Goalkeeper,36,5.0,0,0.0
premier-league,2022-2023,Manchester City,281,,Left-Back,17,1.0,0,0.0
premier-league,2022-2023,Manchester City,281,,Centre-Back,25,32.0,26,1998.0
premier-league,2022-2023,Manchester City,281,,Right-Back,17,37.0,14,903.0
premier-league,2022-2023,Manchester City,281,,Centre-Back,26,30.0,29,2286.0
premier-league,2022-2023,Manchester City,281,,Left-Back,21,32.0,12,341.0
premier-league,2022-2023,Manchester City,281,,Centre-Back,28,29.0,23,1848.0
premier-league,2022-2023,Manchester City,281,,Centre-Back,27,30.0,26,1877.0
premier-league,2022-2023,Manchester City,281,,Right-Back,28,20.0,17,1278.0
premier-league,2022-2023,Manchester City,281,,Centre-Back,28,27.0,12,993.0
premier-league,2022-2023,Manchester City,281,,Left-Back,19,8.0,0,0.0
premier-league,2022-2023,Manchester City,281,,Right-Back,32,32.0,27,1956.0
premier-league,2022-2023,Manchester City,281,,Centre-Back,18,2.0,0,0.0
premier-league,2022-2023,Manchester City,281,,Left-Back,27,,0,0.0
premier-league,2022-2023,Manchester City,281,,Attacking Midfield,20,31.0,14,358.0
premier-league,2022-2023,Manchester City,281,,Attacking Midfield,22,33.0,32,1842.0
premier-league,2022-2023,Manchester City,281,,Defensive Midfield,26,37.0,36,2921.0
premier-league,2022-2023,Manchester City,281,,Defensive Midfield,19,5.0,1,18.0
premier-league,2022-2023,Manchester City,281,,Attacking Midfield,27,38.0,34,2202.0
premier-league,2022-2023,Manchester City,281,,Defensive Midfield,18,2.0,1,27.0
premier-league,2022-2023,Manchester City,281,,Attacking Midfield,31,35.0,32,2425.0
premier-league,2022-2023,Manchester City,281,,Defensive Midfield,26,27.0,12,291.0
premier-league,2022-2023,Manchester City,281,,Central Midfield,31,38.0,31,2359.0
premier-league,2022-2023,Manchester City,281,,Defensive Midfield,21,2.0,0,0.0
premier-league,2022-2023,Manchester City,281,,Central Midfield,19,2.0,0,0.0
premier-league,2022-2023,Manchester City,281,,Attacking Midfield,20,4.0,0,0.0
premier-league,2022-2023,Manchester City,281,,Centre-Forward,21,36.0,35,2777.0
premier-league,2022-2023,Manchester City,281,,Centre-Forward,22,37.0,31,1454.0
premier-league,2022-2023,Manchester City,281,,Centre-Forward,19,1.0,0,0.0
premier-league,2022-2023,Manchester City,281,,Left Winger,26,33.0,28,2063.0
premier-league,2022-2023,Manchester City,281,,Right Winger,31,38.0,30,1924.0
premier-league,2022-2023,Arsenal FC,11,,Goalkeeper,24,38.0,38,3420.0
premier-league,2022-2023,Arsenal FC,11,,Goalkeeper,20,1.0,0,0.0
premier-league,2022-2023,Arsenal FC,11,,Goalkeeper,28,37.0,0,0.0
premier-league,2022-2023,Arsenal FC,11,,Goalkeeper,21,,0,0.0
premier-league,2022-2023,Arsenal FC,11,,Centre-Back,21,27.0,27,2416.0
premier-league,2022-2023,Arsenal FC,11,,Centre-Back,24,38.0,38,3411.0
premier-league,2022-2023,Arsenal FC,11,,Centre-Back,22,18.0,7,427.0
premier-league,2022-2023,Arsenal FC,11,,Right-Back,24,38.0,38,3067.0
premier-league,2022-2023,Arsenal FC,11,,Right-Back,24,,0,0.0
premier-league,2022-2023,Arsenal FC,11,,Left-Back,25,38.0,27,777.0
premier-league,2022-2023,Arsenal FC,11,,Left-Back,25,27.0,27,2136.0
premier-league,2022-2023,Arsenal FC,11,,Centre-Back,23,,0,0.0
premier-league,2022-2023,Arsenal FC,11,,Centre-Back,23,23.0,21,653.0
premier-league,2022-2023,Arsenal FC,11,,Centre-Back,26,38.0,14,562.0
premier-league,2022-2023,Arsenal FC,11,,Right-Back,17,8.0,0,0.0
premier-league,2022-2023,Arsenal FC,11,,Left-Back,17,1.0,0,0.0
premier-league,2022-2023,Arsenal FC,11,,Right-Back,30,12.0,2,29.0
premier-league,2022-2023,Arsenal FC,11,,Attacking Midfield,23,37.0,37,3150.0
premier-league,2022-2023,Arsenal FC,11,,Attacking Midfield,15,1.0,1,1.0
premier-league,2022-2023,Arsenal FC,11,,Attacking Midfield,21,23.0,12,162.0
premier-league,2022-2023,Arsenal FC,11,,Attacking Midfield,22,36.0,22,501.0
premier-league,2022-2023,Arsenal FC,11,,Central Midfield,22,18.0,6,196.0
premier-league,2022-2023,Arsenal FC,11,,Defensive Midfield,29,37.0,37,3004.0
premier-league,2022-2023,Arsenal FC,11,,Defensive Midfield,30,19.0,14,852.0
premier-league,2022-2023,Arsenal FC,11,,Central Midfield,19,,0,0.0
premier-league,2022-2023,Arsenal FC,11,,Defensive Midfield,29,33.0,33,2486.0
premier-league,2022-2023,Arsenal FC,11,,Defensive Midfield,29,9.0,5,111.0
premier-league,2022-2023,Arsenal FC,11,,Defensive Midfield,17,,0,0.0
premier-league,2022-2023,Arsenal FC,11,,Central Midfield,21,3.0,0,0.0
premier-league,2022-2023,Arsenal FC,11,,Central Midfield,18,2.0,0,0.0
premier-league,2022-2023,Arsenal FC,11,,Right Winger,20,38.0,38,3194.0
premier-league,2022-2023,Arsenal FC,11,,Left Winger,21,36.0,36,2805.0
premier-league,2022-2023,Arsenal FC,11,,Left Winger,27,20.0,20,930.0
premier-league,2022-2023,Arsenal FC,11,,Centre-Forward,25,26.0,26,2075.0
premier-league,2022-2023,Arsenal FC,11,,Centre-Forward,23,33.0,30,1071.0
premier-league,2022-2023,Arsenal FC,11,,Left Winger,22,22.0,11,202.0
premier-league,2022-2023,Arsenal FC,11,,Right Winger,27,2.0,0,0.0
premier-league,2022-2023,Arsenal FC,11,,Right Winger,17,5.0,0,0.0
premier-league,2022-2023,Arsenal FC,11,,Right Winger,19,15.0,1,1.0
premier-league,2022-2023,Arsenal FC,11,,Left Winger,17,,0,0.0
premier-league,2022-2023,Arsenal FC,11,,Centre-Forward,19,1.0,0,0.0
premier-league,2022-2023,Arsenal FC,11,,Centre-Forward,18,,0,0.0
premier-league,2022-2023,Chelsea FC,631,,Goalkeeper,27,36.0,29,2565.0
premier-league,2022-2023,Chelsea FC,631,,Goalkeeper,30,23.0,10,855.0
premier-league,2022-2023,Chelsea FC,631,,Goalkeeper,18,,0,0.0
premier-league,2022-2023,Chelsea FC,631,,Goalkeeper,19,,0,0.0
premier-league,2022-2023,Chelsea FC,631,,Goalkeeper,30,17.0,0,0.0
premier-league,2022-2023,Chelsea FC,631,,Goalkeeper,20,1.0,0,0.0
premier-league,2022-2023,Chelsea FC,631,,Right-Back,22,16.0,16,1244.0
premier-league,2022-2023,Chelsea FC,631,,Left-Back,23,27.0,24,1678.0
premier-league,2022-2023,Chelsea FC,631,,Centre-Back,22,35.0,25,1603.0
premier-league,2022-2023,Chelsea FC,631,,Left-Back,17,14.0,9,658.0
premier-league,2022-2023,Chelsea FC,631,,Centre-Back,21,16.0,15,1187.0
premier-league,2022-2023,Chelsea FC,631,,Centre-Back,21,18.0,11,904.0
premier-league,2022-2023,Chelsea FC,631,,Centre-Back,19,4.0,0,0.0
premier-league,2022-2023,Chelsea FC,631,,Left-Back,25,25.0,23,1408.0
premier-league,2022-2023,Chelsea FC,631,,Centre-Back,31,29.0,23,1800.0
premier-league,2022-2023,Chelsea FC,631,,Right-Back,18,1.0,0,0.0
premier-league,2022-2023,Chelsea FC,631,,Left-Back,27,,0,0.0
premier-league,2022-2023,Chelsea FC,631,,Centre-Back,37,29.0,27,2352.0
premier-league,2022-2023,Chelsea FC,631,,Centre-Back,32,31.0,25,1522.0
premier-league,2022-2023,Chelsea FC,631,,Central Midfield,21,18.0,18,1551.0
premier-league,2022-2023,Chelsea FC,631,,Central Midfield,22,37.0,35,1616.0
premier-league,2022-2023,Chelsea FC,631,,Defensive Midfield,21,3.0,0,0.0
premier-league,2022-2023,Chelsea FC,631,,Attacking Midfield,18,5.0,1,22.0
premier-league,2022-2023,Chelsea FC,631,,Attacking Midfield,23,26.0,24,1655.0
premier-league,2022-2023,Chelsea FC,631,,Defensive Midfield,25,16.0,7,413.0
premier-league,2022-2023,Chelsea FC,631,,Defensive Midfield,21,1.0,0,0.0
premier-league,2022-2023,Chelsea FC,631,,Central Midfield,18,21.0,14,345.0
premier-league,2022-2023,Chelsea FC,631,,Central Midfield,28,29.0,27,1705.0
premier-league,2022-2023,Chelsea FC,631,,Central Midfield,26,31.0,25,1542.0
premier-league,2022-2023,Chelsea FC,631,,Defensive Midfield,30,20.0,18,1282.0
premier-league,2022-2023,Chelsea FC,631,,Right Midfield,18,1.0,0,0.0
premier-league,2022-2023,Chelsea FC,631,,Defensive Midfield,31,8.0,7,520.0
premier-league,2022-2023,Chelsea FC,631,,Centre-Forward,23,36.0,35,2579.0
premier-league,2022-2023,Chelsea FC,631,,Right Winger,20,16.0,12,646.0
premier-league,2022-2023,Chelsea FC,631,,Right Winger,23,29.0,24,813.0
premier-league,2022-2023,Chelsea FC,631,,Left Winger,21,3.0,0,0.0
premier-league,2022-2023,Chelsea FC,631,,Second Striker,22,17.0,16,942.0
premier-league,2022-2023,Chelsea FC,631,,Centre-Forward,20,13.0,12,287.0
premier-league,2022-2023,Chelsea FC,631,,Centre-Forward,19,9.0,3,68.0
premier-league,2022-2023,Chelsea FC,631,,Right Winger,27,29.0,28,1902.0
premier-league,2022-2023,Chelsea FC,631,,Centre-Forward,33,20.0,15,551.0
premier-league,2022-2023,Chelsea FC,631,,Right Winger,29,31.0,18,653.0
premier-league,2022-2023,Chelsea FC,631,,Left Winger,21,19.0,15,655.0
premier-league,2022-2023,Manchester United,985,,Goalkeeper,25,,0,0.0
premier-league,2022-2023,Manchester United,985,,Goalkeeper,22,1.0,0,0.0
premier-league,2022-2023,Manchester United,985,,Goalkeeper,18,,0,0.0
premier-league,2022-2023,Manchester United,985,,Goalkeeper,31,38.0,38,3420.0
premier-league,2022-2023,Manchester United,985,,Goalkeeper,29,12.0,0,0.0
premier-league,2022-2023,Manchester United,985,,Goalkeeper,33,4.0,0,0.0
premier-league,2022-2023,Manchester United,985,,Goalkeeper,22,4.0,0,0.0
premier-league,2022-2023,Manchester United,985,,Goalkeeper,36,23.0,0,0.0
premier-league,2022-2023,Manchester United,985,,Left-Back,19,,0,0.0
premier-league,2022-2023,Manchester United,985,,Centre-Back,24,27.0,27,2117.0
premier-league,2022-2023,Manchester United,985,,Right-Back,23,32.0,26,2157.0
premier-league,2022-2023,Manchester United,985,,Right-Back,24,26.0,19,1436.0
premier-league,2022-2023,Manchester United,985,,Centre-Back,29,31.0,16,762.0
premier-league,2022-2023,Manchester United,985,,Left-Back,26,35.0,31,2556.0
premier-league,2022-2023,Manchester United,985,,Centre-Back,24,,0,0.0
premier-league,2022-2023,Manchester United,985,,Centre-Back,27,30.0,20,1360.0
premier-league,2022-2023,Manchester United,985,,Left-Back,22,37.0,22,1393.0
premier-league,2022-2023,Manchester United,985,,Centre-Back,17,,0,0.0
premier-league,2022-2023,Manchester United,985,,Centre-Back,20,,0,0.0
premier-league,2022-2023,Manchester United,985,,Left-Back,21,7.0,0,0.0
premier-league,2022-2023,Manchester United,985,,Right-Back,18,1.0,0,0.0
premier-league,2022-2023,Manchester United,985,,Centre-Back,18,1.0,0,0.0
premier-league,2022-2023,Manchester United,985,,Centre-Back,30,,0,0.0
premier-league,2022-2023,Manchester United,985,,Centre-Back,29,30.0,24,1917.0
premier-league,2022-2023,Manchester United,985,,Central Midfield,17,8.0,1,10.0
premier-league,2022-2023,Manchester United,985,,Defensive Midfield,21,2.0,0,0.0
premier-league,2022-2023,Manchester United,985,,Central Midfield,25,26.0,24,1151.0
premier-league,2022-2023,Manchester United,985,,Attacking Midfield,27,37.0,37,3320.0
premier-league,2022-2023,Manchester United,985,,Attacking Midfield,19,,0,0.0
premier-league,2022-2023,Manchester United,985,,Central Midfield,28,12.0,11,627.0
premier-league,2022-2023,Manchester United,985,,Defensive Midfield,30,28.0,28,2127.0
premier-league,2022-2023,Manchester United,985,,Central Midfield,29,38.0,35,1233.0
premier-league,2022-2023,Manchester United,985,,Attacking Midfield,30,29.0,28,2063.0
premier-league,2022-2023,Manchester United,985,,Central Midfield,25,11.0,7,163.0
premier-league,2022-2023,Manchester United,985,,Central Midfield,19,7.0,0,0.0
premier-league,2022-2023,Manchester United,985,,Right Winger,20,,0,0.0
premier-league,2022-2023,Manchester United,985,,Right Winger,19,,0,0.0
premier-league,2022-2023,Manchester United,985,,Left Winger,24,35.0,35,2891.0
premier-league,2022-2023,Manchester United,985,,Right Winger,22,25.0,25,1818.0
premier-league,2022-2023,Manchester United,985,,Right Winger,20,27.0,16,421.0
premier-league,2022-2023,Manchester United,985,,Left Winger,18,28.0,19,561.0
premier-league,2022-2023,Manchester United,985,,Left Winger,22,30.0,26,1700.0
premier-league,2022-2023,Manchester United,985,,Centre-Forward,37,12.0,10,520.0
premier-league,2022-2023,Manchester United,985,,Right Winger,20,23.0,4,60.0
premier-league,2022-2023,Manchester United,985,,Centre-Forward,26,21.0,21,990.0
premier-league,2022-2023,Manchester United,985,,Centre-Forward,29,20.0,17,797.0
premier-league,2022-2023,Manchester United,985,,Left Winger,18,1.0,0,0.0
premier-league,2022-2023,Manchester United,985,,Centre-Forward,18,,0,0.0
premier-league,2022-2023,Liverpool FC,31,,Goalkeeper,23,29.0,1,90.0
premier-league,2022-2023,Liverpool FC,31,,Goalkeeper,29,37.0,37,3330.0
premier-league,2022-2023,Liverpool FC,31,,Goalkeeper,18,3.0,0,0.0
premier-league,2022-2023,Liverpool FC,31,,Goalkeeper,35,12.0,0,0.0
premier-league,2022-2023,Liverpool FC,31,,Right-Back,23,38.0,37,2931.0
premier-league,2022-2023,Liverpool FC,31,,Centre-Back,23,21.0,18,1551.0
premier-league,2022-2023,Liverpool FC,31,,Centre-Back,19,,0,0.0
premier-league,2022-2023,Liverpool FC,31,,Centre-Back,20,4.0,0,0.0
premier-league,2022-2023,Liverpool FC,31,,Centre-Back,30,33.0,32,2835.0
premier-league,2022-2023,Liverpool FC,31,,Centre-Back,25,33.0,21,1461.0
premier-league,2022-2023,Liverpool FC,31,,Left-Back,28,35.0,34,2590.0
premier-league,2022-2023,Liverpool FC,31,,Left-Back,26,37.0,20,767.0
premier-league,2022-2023,Liverpool FC,31,,Centre-Back,25,18.0,2,66.0
premier-league,2022-2023,Liverpool FC,31,,Right-Back,18,1.0,0,0.0
premier-league,2022-2023,Liverpool FC,31,,Centre-Back,18,1.0,0,0.0
premier-league,2022-2023,Liverpool FC,31,,Centre-Back,21,2.0,0,0.0
premier-league,2022-2023,Liverpool FC,31,,Centre-Back,30,29.0,14,1093.0
premier-league,2022-2023,Liverpool FC,31,,Central Midfield,21,23.0,18,1039.0
premier-league,2022-2023,Liverpool FC,31,,Attacking Midfield,19,37.0,32,1611.0
premier-league,2022-2023,Liverpool FC,31,,Defensive Midfield,28,36.0,36,2677.0
premier-league,2022-2023,Liverpool FC,31,,Attacking Midfield,19,31.0,13,341.0
premier-league,2022-2023,Liverpool FC,31,,Central Midfield,17,6.0,1,7.0
premier-league,2022-2023,Liverpool FC,31,,Central Midfield,25,7.0,0,0.0
premier-league,2022-2023,Liverpool FC,31,,Defensive Midfield,17,21.0,11,529.0
premier-league,2022-2023,Liverpool FC,31,,Central Midfield,27,10.0,8,292.0
premier-league,2022-2023,Liverpool FC,31,,Defensive Midfield,32,35.0,35,2072.0
premier-league,2022-2023,Liverpool FC,31,,Central Midfield,28,13.0,9,335.0
premier-league,2022-2023,Liverpool FC,31,,Central Midfield,31,18.0,18,1256.0
premier-league,2022-2023,Liverpool FC,31,,Central Midfield,36,34.0,31,893.0
premier-league,2022-2023,Liverpool FC,31,,Central Midfield,20,,0,0.0
premier-league,2022-2023,Liverpool FC,31,,Left Winger,25,17.0,17,997.0
premier-league,2022-2023,Liverpool FC,31,,Left Winger,23,21.0,21,1465.0
premier-league,2022-2023,Liverpool FC,31,,Right Winger,30,38.0,38,3297.0
premier-league,2022-2023,Liverpool FC,31,,Centre-Forward,23,29.0,29,1698.0
premier-league,2022-2023,Liverpool FC,31,,Right Winger,16,4.0,2,24.0
premier-league,2022-2023,Liverpool FC,31,,Centre-Forward,30,25.0,25,1212.0
premier-league,2022-2023,Liverpool FC,31,,Centre-Forward,19,,0,0.0
premier-league,2022-2023,Liverpool FC,31,,Right Winger,18,,0,0.0
premier-league,2022-2023,Liverpool FC,31,,Left Winger,25,22.0,22,1133.0
premier-league,2022-2023,Tottenham Hotspur,148,,Goalkeeper,35,26.0,25,2205.0
premier-league,2022-2023,Tottenham Hotspur,148,,Goalkeeper,23,15.0,0,0.0
premier-league,2022-2023,Tottenham Hotspur,148,,Goalkeeper,34,38.0,14,1215.0
premier-league,2022-2023,Tottenham Hotspur,148,,Goalkeeper,23,,0,0.0
premier-league,2022-2023,Tottenham Hotspur,148,,Centre-Back,24,27.0,27,2365.0
premier-league,2022-2023,Tottenham Hotspur,148,,Right-Back,22,17.0,15,1136.0
premier-league,2022-2023,Tottenham Hotspur,148,,Left-Back,21,12.0,4,5.0
premier-league,2022-2023,Tottenham Hotspur,148,,Left-Back,22,21.0,17,811.0
premier-league,2022-2023,Tottenham Hotspur,148,,Centre-Back,26,38.0,18,852.0
premier-league,2022-2023,Tottenham Hotspur,148,,Centre-Back,23,30.0,4,147.0
premier-league,2022-2023,Tottenham Hotspur,148,,Right-Back,23,28.0,26,1736.0
premier-league,2022-2023,Tottenham Hotspur,148,,Centre-Back,28,36.0,33,2816.0
premier-league,2022-2023,Tottenham Hotspur,148,,Centre-Back,27,37.0,26,2027.0
premier-league,2022-2023,Tottenham Hotspur,148,,Centre-Back,29,33.0,31,2290.0
premier-league,2022-2023,Tottenham Hotspur,148,,Right-Back,30,21.0,12,668.0
premier-league,2022-2023,Tottenham Hotspur,148,,Central Midfield,19,26.0,11,213.0
premier-league,2022-2023,Tottenham Hotspur,148,,Defensive Midfield,25,18.0,18,1506.0
premier-league,2022-2023,Tottenham Hotspur,148,,Attacking Midfield,22,30.0,30,2079.0
premier-league,2022-2023,Tottenham Hotspur,148,,Defensive Midfield,26,35.0,35,3133.0
premier-league,2022-2023,Tottenham Hotspur,148,,Defensive Midfield,25,25.0,23,1004.0
premier-league,2022-2023,Tottenham Hotspur,148,,Attacking Midfield,17,5.0,0,0.0
premier-league,2022-2023,Tottenham Hotspur,148,,Defensive Midfield,21,33.0,23,1496.0
premier-league,2022-2023,Tottenham Hotspur,148,,Defensive Midfield,16,2.0,1,1.0
premier-league,2022-2023,Tottenham Hotspur,148,,Defensive Midfield,20,3.0,1,4.0
premier-league,2022-2023,Tottenham Hotspur,148,,Defensive Midfield,19,3.0,1,13.0
premier-league,2022-2023,Tottenham Hotspur,148,,Centre-Forward,28,38.0,38,3408.0
premier-league,2022-2023,Tottenham Hotspur,148,,Centre-Forward,25,29.0,27,1006.0
premier-league,2022-2023,Tottenham Hotspur,148,,Left Winger,29,36.0,36,2899.0
premier-league,2022-2023,Tottenham Hotspur,148,,Left Winger,21,16.0,4,148.0
premier-league,2022-2023,Tottenham Hotspur,148,,Left Winger,19,5.0,0,0.0
premier-league,2022-2023,Tottenham Hotspur,148,,Left Winger,25,17.0,9,163.0
premier-league,2022-2023,Tottenham Hotspur,148,,Right Winger,29,22.0,15,145.0
premier-league,2022-2023,Tottenham Hotspur,148,,Left Winger,33,37.0,34,2111.0
premier-league,2022-2023,Tottenham Hotspur,148,,Left Winger,19,1.0,0,0.0
premier-league,2022-2023,Newcastle United,762,,Goalkeeper,30,37.0,37,3262.0
premier-league,2022-2023,Newcastle United,762,,Goalkeeper,29,8.0,0,0.0
premier-league,2022-2023,Newcastle United,762,,Goalkeeper,33,24.0,2,156.0
premier-league,2022-2023,Newcastle United,762,,Goalkeeper,31,7.0,0,0.0
premier-league,2022-2023,Newcastle United,762,,Goalkeeper,30,1.0,0,0.0
premier-league,2022-2023,Newcastle United,762,,Centre-Back,22,38.0,36,3129.0
premier-league,2022-2023,Newcastle United,762,,Centre-Back,30,37.0,36,3210.0
premier-league,2022-2023,Newcastle United,762,,Centre-Back,30,38.0,38,3116.0
premier-league,2022-2023,Newcastle United,762,,Left-Back,26,29.0,17,603.0
premier-league,2022-2023,Newcastle United,762,,Right-Back,31,38.0,38,3348.0
premier-league,2022-2023,Newcastle United,762,,Left-Back,24,22.0,2,9.0
premier-league,2022-2023,Newcastle United,762,,Right-Back,20,2.0,0,0.0
premier-league,2022-2023,Newcastle United,762,,Centre-Back,28,30.0,7,214.0
premier-league,2022-2023,Newcastle United,762,,Right-Back,27,1.0,1,1.0
premier-league,2022-2023,Newcastle United,762,,Centre-Back,22,,0,0.0
premier-league,2022-2023,Newcastle United,762,,Centre-Back,33,,0,0.0
premier-league,2022-2023,Newcastle United,762,,Centre-Back,32,,0,0.0
premier-league,2022-2023,Newcastle United,762,,Left-Back,30,16.0,0,0.0
premier-league,2022-2023,Newcastle United,762,,Right-Back,28,28.0,4,34.0
premier-league,2022-2023,Newcastle United,762,,Central Midfield,19,34.0,22,398.0
premier-league,2022-2023,Newcastle United,762,,Central Midfield,24,32.0,32,2734.0
premier-league,2022-2023,Newcastle United,762,,Central Midfield,16,4.0,1,14.0
premier-league,2022-2023,Newcastle United,762,,Central Midfield,25,33.0,32,2663.0
premier-league,2022-2023,Newcastle United,762,,Central Midfield,24,33.0,33,2516.0
premier-league,2022-2023,Newcastle United,762,,Central Midfield,22,35.0,35,2578.0
premier-league,2022-2023,Newcastle United,762,,Central Midfield,22,,0,0.0
premier-league,2022-2023,Newcastle United,762,,Defensive Midfield,27,,0,0.0
premier-league,2022-2023,Newcastle United,762,,Central Midfield,30,6.0,3,34.0
premier-league,2022-2023,Newcastle United,762,,Central Midfield,30,,0,0.0
premier-league,2022-2023,Newcastle United,762,,Right Midfield,32,25.0,7,35.0
premier-league,2022-2023,Newcastle United,762,,Centre-Forward,22,22.0,22,1526.0
premier-league,2022-2023,Newcastle United,762,,Left Winger,21,16.0,16,481.0
premier-league,2022-2023,Newcastle United,762,,Right Winger,27,37.0,36,1243.0
premier-league,2022-2023,Newcastle United,762,,Left Winger,25,26.0,25,1117.0
premier-league,2022-2023,Newcastle United,762,,Right Winger,28,34.0,34,2508.0
premier-league,2022-2023,Newcastle United,762,,Centre-Forward,30,19.0,18,440.0
premier-league,2022-2023,Newcastle United,762,,Centre-Forward,30,32.0,31,1887.0
premier-league,2022-2023,Newcastle United,762,,Left Winger,28,16.0,8,311.0
premier-league,2022-2023,Brighton & Hove Albion,1237,,Goalkeeper,24,33.0,23,2070.0
premier-league,2022-2023,Brighton & Hove Albion,1237,,Goalkeeper,31,37.0,15,1350.0
premier-league,2022-2023,Brighton & Hove Albion,1237,,Goalkeeper,22,6.0,0,0.0
premier-league,2022-2023,Brighton & Hove Albion,1237,,Centre-Back,19,28.0,17,1220.0
premier-league,2022-2023,Brighton & Hove Albion,1237,,Centre-Back,22,32.0,8,292.0
premier-league,2022-2023,Brighton & Hove Albion,1237,,Left-Back,24,36.0,35,2684.0
premier-league,2022-2023,Brighton & Hove Albion,1237,,Centre-Back,30,38.0,36,3240.0
premier-league,2022-2023,Brighton & Hove Albion,1237,,Right-Back,21,23.0,20,441.0
premier-league,2022-2023,Brighton & Hove Albion,1237,,Centre-Back,27,31.0,27,1987.0
premier-league,2022-2023,Brighton & Hove Albion,1237,,Centre-Back,19,7.0,2,23.0
premier-league,2022-2023,Brighton & Hove Albion,1237,,Right-Back,30,33.0,31,2193.0
premier-league,2022-2023,Brighton & Hove Albion,1237,,Left-Back,20,,0,0.0
premier-league,2022-2023,Brighton & Hove Albion,1237,,Centre-Back,19,,0,0.0
premier-league,2022-2023,Brighton & Hove Albion,1237,,Centre-Back,19,6.0,0,0.0
premier-league,2022-2023,Brighton & Hove Albion,1237,,Left-Back,19,1.0,0,0.0
premier-league,2022-2023,Brighton & Hove Albion,1237,,Left-Back,20,1.0,0,0.0
premier-league,2022-2023,Brighton & Hove Albion,1237,,Defensive Midfield,20,37.0,37,3141.0
premier-league,2022-2023,Brighton & Hove Albion,1237,,Central Midfield,23,35.0,35,2886.0
premier-league,2022-2023,Brighton & Hove Albion,1237,,Central Midfield,18,15.0,3,65.0
premier-league,2022-2023,Brighton & Hove Albion,1237,,Defensive Midfield,17,3.0,1,1.0
premier-league,2022-2023,Brighton & Hove Albion,1237,,Attacking Midfield,18,31.0,20,800.0
premier-league,2022-2023,Brighton & Hove Albion,1237,,Defensive Midfield,21,30.0,14,507.0
premier-league,2022-2023,Brighton & Hove Albion,1237,,Attacking Midfield,17,19.0,13,562.0
premier-league,2022-2023,Brighton & Hove Albion,1237,,Central Midfield,23,,0,0.0
premier-league,2022-2023,Brighton & Hove Albion,1237,,Central Midfield,31,37.0,37,3246.0
premier-league,2022-2023,Brighton & Hove Albion,1237,,Central Midfield,23,5.0,0,0.0
premier-league,2022-2023,Brighton & Hove Albion,1237,,Attacking Midfield,18,13.0,1,12.0
premier-league,2022-2023,Brighton & Hove Albion,1237,,Central Midfield,21,,0,0.0
premier-league,2022-2023,Brighton & Hove Albion,1237,,Defensive Midfield,19,,0,0.0
premier-league,2022-2023,Brighton & Hove Albion,1237,,Central Midfield,24,6.0,6,211.0
premier-league,2022-2023,Brighton & Hove Albion,1237,,Attacking Midfield,34,16.0,16,728.0
premier-league,2022-2023,Brighton & Hove Albion,1237,,Central Midfield,20,,0,0.0
premier-league,2022-2023,Brighton & Hove Albion,1237,,Centre-Forward,25,36.0,22,619.0
premier-league,2022-2023,Brighton & Hove Albion,1237,,Left Winger,25,35.0,33,2318.0
premier-league,2022-2023,Brighton & Hove Albion,1237,,Centre-Forward,17,21.0,19,950.0
premier-league,2022-2023,Brighton & Hove Albion,1237,,Left Winger,27,17.0,16,1327.0
premier-league,2022-2023,Brighton & Hove Albion,1237,,Left Winger,20,20.0,9,169.0
premier-league,2022-2023,Brighton & Hove Albion,1237,,Centre-Forward,25,2.0,0,0.0
premier-league,2022-2023,Brighton & Hove Albion,1237,,Centre-Forward,31,32.0,31,1867.0
premier-league,2022-2023,Brighton & Hove Albion,1237,,Centre-Forward,22,,0,0.0
premier-league,2022-2023,Brighton & Hove Albion,1237,,Right Winger,27,33.0,33,2728.0
premier-league,2022-2023,Brighton & Hove Albion,1237,,Left Winger,19,5.0,1,5.0
premier-league,2022-2023,Aston Villa,405,,Goalkeeper,29,37.0,36,3140.0
premier-league,2022-2023,Aston Villa,405,,Goalkeeper,18,2.0,0,0.0
premier-league,2022-2023,Aston Villa,405,,Goalkeeper,19,1.0,0,0.0
premier-league,2022-2023,Aston Villa,405,,Goalkeeper,20,15.0,0,0.0
premier-league,2022-2023,Aston Villa,405,,Goalkeeper,32,34.0,4,280.0
premier-league,2022-2023,Aston Villa,405,,Goalkeeper,17,1.0,0,0.0
premier-league,2022-2023,Aston Villa,405,,Goalkeeper,29,,0,0.0
premier-league,2022-2023,Aston Villa,405,,Centre-Back,24,38.0,38,3323.0
premier-league,2022-2023,Aston Villa,405,,Right-Back,24,27.0,26,1821.0
premier-league,2022-2023,Aston Villa,405,,Centre-Back,26,13.0,3,98.0
premier-league,2022-2023,Aston Villa,405,,Left-Back,28,32.0,28,1500.0
premier-league,2022-2023,Aston Villa,405,,Centre-Back,29,14.0,3,205.0
premier-league,2022-2023,Aston Villa,405,,Centre-Back,29,36.0,35,3150.0
premier-league,2022-2023,Aston Villa,405,,Left-Back,29,19.0,19,1335.0
premier-league,2022-2023,Aston Villa,405,,Left-Back,28,12.0,3,75.0
premier-league,2022-2023,Aston Villa,405,,Centre-Back,27,36.0,14,344.0
premier-league,2022-2023,Aston Villa,405,,Centre-Back,17,,0,0.0
premier-league,2022-2023,Aston Villa,405,,Centre-Back,26,,0,0.0
premier-league,2022-2023,Aston Villa,405,,Left-Back,18,7.0,0,0.0
premier-league,2022-2023,Aston Villa,405,,Left-Back,16,3.0,0,0.0
premier-league,2022-2023,Aston Villa,405,,Centre-Back,18,1.0,0,0.0
premier-league,2022-2023,Aston Villa,405,,Right-Back,36,38.0,29,2038.0
premier-league,2022-2023,Aston Villa,405,,Defensive Midfield,22,24.0,24,1781.0
premier-league,2022-2023,Aston Villa,405,,Central Midfield,21,35.0,35,2646.0
premier-league,2022-2023,Aston Villa,405,,Defensive Midfield,18,3.0,0,0.0
premier-league,2022-2023,Aston Villa,405,,Central Midfield,19,2.0,0,0.0
premier-league,2022-2023,Aston Villa,405,,Central Midfield,24,38.0,37,2932.0
premier-league,2022-2023,Aston Villa,405,,Central Midfield,27,35.0,34,2698.0
premier-league,2022-2023,Aston Villa,405,,Central Midfield,27,13.0,2,10.0
premier-league,2022-2023,Aston Villa,405,,Attacking Midfield,30,22.0,20,781.0
premier-league,2022-2023,Aston Villa,405,,Defensive Midfield,27,27.0,20,689.0
premier-league,2022-2023,Aston Villa,405,,Defensive Midfield,28,9.0,0,0.0
premier-league,2022-2023,Aston Villa,405,,Attacking Midfield,18,2.0,0,0.0
premier-league,2022-2023,Aston Villa,405,,Centre-Forward,26,37.0,37,3136.0
premier-league,2022-2023,Aston Villa,405,,Left Winger,20,,0,0.0
premier-league,2022-2023,Aston Villa,405,,Left Winger,25,38.0,38,2422.0
premier-league,2022-2023,Aston Villa,405,,Centre-Forward,18,17.0,12,126.0
premier-league,2022-2023,Aston Villa,405,,Right Winger,24,33.0,33,1984.0
premier-league,2022-2023,Aston Villa,405,,Centre-Forward,24,,0,0.0
premier-league,2022-2023,Aston Villa,405,,Centre-Forward,20,14.0,6,44.0
premier-league,2022-2023,Aston Villa,405,,Right Winger,26,16.0,8,226.0
premier-league,2022-2023,Aston Villa,405,,Centre-Forward,29,19.0,18,818.0
premier-league,2022-2023,Aston Villa,405,,Left Winger,16,5.0,0,0.0
premier-league,2022-2023,Wolverhampton Wanderers,543,,Goalkeeper,29,38.0,36,3240.0
premier-league,2022-2023,Wolverhampton Wanderers,543,,Goalkeeper,28,18.0,2,180.0
premier-league,2022-2023,Wolverhampton Wanderers,543,,Goalkeeper,20,,0,0.0
premier-league,2022-2023,Wolverhampton Wanderers,543,,Goalkeeper,24,20.0,0,0.0
premier-league,2022-2023,Wolverhampton Wanderers,543,,Goalkeeper,20,,0,0.0
premier-league,2022-2023,Wolverhampton Wanderers,543,,Right-Back,23,35.0,34,2478.0
premier-league,2022-2023,Wolverhampton Wanderers,543,,Left-Back,21,28.0,21,1070.0
premier-league,2022-2023,Wolverhampton Wanderers,543,,Centre-Back,21,35.0,26,1812.0
premier-league,2022-2023,Wolverhampton Wanderers,543,,Centre-Back,23,28.0,17,981.0
premier-league,2022-2023,Wolverhampton Wanderers,543,,Centre-Back,25,38.0,37,3308.0
premier-league,2022-2023,Wolverhampton Wanderers,543,,Centre-Back,21,11.0,0,0.0
premier-league,2022-2023,Wolverhampton Wanderers,543,,Left-Back,19,30.0,21,1315.0
premier-league,2022-2023,Wolverhampton Wanderers,543,,Right-Back,28,37.0,36,2635.0
premier-league,2022-2023,Wolverhampton Wanderers,543,,Right-Back,20,,0,0.0
premier-league,2022-2023,Wolverhampton Wanderers,543,,Right-Back,28,26.0,18,1262.0
premier-league,2022-2023,Wolverhampton Wanderers,543,,Centre-Back,29,1.0,0,0.0
premier-league,2022-2023,Wolverhampton Wanderers,543,,Right-Back,18,2.0,1,22.0
premier-league,2022-2023,Wolverhampton Wanderers,543,,Centre-Back,32,18.0,17,1415.0
premier-league,2022-2023,Wolverhampton Wanderers,543,,Centre-Back,31,3.0,0,0.0
premier-league,2022-2023,Wolverhampton Wanderers,543,,Attacking Midfield,22,2.0,2,180.0
premier-league,2022-2023,Wolverhampton Wanderers,543,,Central Midfield,21,17.0,11,651.0
premier-league,2022-2023,Wolverhampton Wanderers,543,,Defensive Midfield,25,35.0,35,3023.0
premier-league,2022-2023,Wolverhampton Wanderers,543,,Defensive Midfield,28,19.0,19,1303.0
premier-league,2022-2023,Wolverhampton Wanderers,543,,Defensive Midfield,20,11.0,10,407.0
premier-league,2022-2023,Wolverhampton Wanderers,543,,Attacking Midfield,30,18.0,13,770.0
premier-league,2022-2023,Wolverhampton Wanderers,543,,Central Midfield,20,3.0,0,0.0
premier-league,2022-2023,Wolverhampton Wanderers,543,,Defensive Midfield,27,5.0,4,213.0
premier-league,2022-2023,Wolverhampton Wanderers,543,,Central Midfield,24,11.0,1,1.0
premier-league,2022-2023,Wolverhampton Wanderers,543,,Defensive Midfield,19,17.0,6,176.0
premier-league,2022-2023,Wolverhampton Wanderers,543,,Central Midfield,35,33.0,31,1783.0
premier-league,2022-2023,Wolverhampton Wanderers,543,,Defensive Midfield,18,1.0,0,0.0
premier-league,2022-2023,Wolverhampton Wanderers,543,,Centre-Forward,23,20.0,17,972.0
premier-league,2022-2023,Wolverhampton Wanderers,543,,Right Winger,22,21.0,18,970.0
premier-league,2022-2023,Wolverhampton Wanderers,543,,Left Winger,25,17.0,13,709.0
premier-league,2022-2023,Wolverhampton Wanderers,543,,Centre-Forward,26,29.0,27,1127.0
premier-league,2022-2023,Wolverhampton Wanderers,543,,Right Winger,26,36.0,34,1484.0
premier-league,2022-2023,Wolverhampton Wanderers,543,,Left Winger,22,,0,0.0
premier-league,2022-2023,Wolverhampton Wanderers,543,,Left Winger,26,35.0,32,1770.0
premier-league,2022-2023,Wolverhampton Wanderers,543,,Centre-Forward,24,1.0,1,45.0
premier-league,2022-2023,Wolverhampton Wanderers,543,,Centre-Forward,31,20.0,15,841.0
premier-league,2022-2023,Wolverhampton Wanderers,543,,Left Winger,19,14.0,5,68.0
premier-league,2022-2023,Wolverhampton Wanderers,543,,Centre-Forward,17,1.0,0,0.0
premier-league,2022-2023,Wolverhampton Wanderers,543,,Centre-Forward,33,25.0,23,1247.0
premier-league,2022-2023,Leicester City,1003,,Goalkeeper,24,38.0,12,1080.0
premier-league,2022-2023,Leicester City,1003,,Goalkeeper,29,35.0,26,2340.0
premier-league,2022-2023,Leicester City,1003,,Goalkeeper,32,3.0,0,0.0
premier-league,2022-2023,Leicester City,1003,,Centre-Back,21,2.0,2,180.0
premier-league,2022-2023,Leicester City,1003,,Right-Back,24,14.0,14,1254.0
premier-league,2022-2023,Leicester City,1003,,Centre-Back,24,31.0,31,2787.0
premier-league,2022-2023,Leicester City,1003,,Left-Back,19,14.0,12,894.0
premier-league,2022-2023,Leicester City,1003,,Right-Back,26,38.0,37,3257.0
premier-league,2022-2023,Leicester City,1003,,Left-Back,21,36.0,17,1071.0
premier-league,2022-2023,Leicester City,1003,,Centre-Back,26,22.0,7,529.0
premier-league,2022-2023,Leicester City,1003,,Centre-Back,23,18.0,12,991.0
premier-league,2022-2023,Leicester City,1003,,Right-Back,28,12.0,10,453.0
premier-league,2022-2023,Leicester City,1003,,Centre-Back,29,7.0,0,0.0
premier-league,2022-2023,Leicester City,1003,,Centre-Back,21,7.0,1,22.0
premier-league,2022-2023,Leicester City,1003,,Centre-Back,27,35.0,20,1610.0
premier-league,2022-2023,Leicester City,1003,,Right-Back,18,1.0,0,0.0
premier-league,2022-2023,Leicester City,1003,,Left-Back,32,,0,0.0
premier-league,2022-2023,Leicester City,1003,,Centre-Back,34,16.0,13,1053.0
premier-league,2022-2023,Leicester City,1003,,Central Midfield,23,33.0,31,2316.0
premier-league,2022-2023,Leicester City,1003,,Central Midfield,25,31.0,31,2351.0
premier-league,2022-2023,Leicester City,1003,,Attacking Midfield,25,30.0,30,2486.0
premier-league,2022-2023,Leicester City,1003,,Right Midfield,20,3.0,0,0.0
premier-league,2022-2023,Leicester City,1003,,Defensive Midfield,23,29.0,26,1634.0
premier-league,2022-2023,Leicester City,1003,,Defensive Midfield,25,31.0,27,1682.0
premier-league,2022-2023,Leicester City,1003,,Defensive Midfield,24,,0,0.0
premier-league,2022-2023,Leicester City,1003,,Central Midfield,28,34.0,22,640.0
premier-league,2022-2023,Leicester City,1003,,Defensive Midfield,30,33.0,19,751.0
premier-league,2022-2023,Leicester City,1003,,Defensive Midfield,18,3.0,0,0.0
premier-league,2022-2023,Leicester City,1003,,Attacking Midfield,17,,0,0.0
premier-league,2022-2023,Leicester City,1003,,Right Midfield,32,19.0,6,233.0
premier-league,2022-2023,Leicester City,1003,,Left Winger,24,34.0,34,2718.0
premier-league,2022-2023,Leicester City,1003,,Centre-Forward,23,,0,0.0
premier-league,2022-2023,Leicester City,1003,,Right Winger,22,18.0,13,738.0
premier-league,2022-2023,Leicester City,1003,,Centre-Forward,28,18.0,8,379.0
premier-league,2022-2023,Leicester City,1003,,Centre-Forward,25,35.0,28,1121.0
premier-league,2022-2023,Leicester City,1003,,Centre-Forward,23,37.0,30,1179.0
premier-league,2022-2023,Leicester City,1003,,Centre-Forward,35,38.0,37,1852.0
premier-league,2022-2023,Leicester City,1003,,Right Winger,19,4.0,0,0.0
premier-league,2022-2023,West Ham United,379,,Goalkeeper,29,35.0,5,307.0
premier-league,2022-2023,West Ham United,379,,Goalkeeper,23,,0,0.0
premier-league,2022-2023,West Ham United,379,,Goalkeeper,19,3.0,0,0.0
premier-league,2022-2023,West Ham United,379,,Goalkeeper,22,7.0,0,0.0
premier-league,2022-2023,West Ham United,379,,Goalkeeper,37,36.0,36,3113.0
premier-league,2022-2023,West Ham United,379,,Goalkeeper,35,8.0,0,0.0
premier-league,2022-2023,West Ham United,379,,Centre-Back,26,21.0,18,1595.0
premier-league,2022-2023,West Ham United,379,,Centre-Back,25,35.0,27,2230.0
premier-league,2022-2023,West Ham United,379,,Left-Back,16,,0,0.0
premier-league,2022-2023,West Ham United,379,,Left-Back,27,35.0,22,1322.0
premier-league,2022-2023,West Ham United,379,,Right-Back,22,27.0,17,861.0
premier-league,2022-2023,West Ham United,379,,Right-Back,29,34.0,27,2139.0
premier-league,2022-2023,West Ham United,379,,Right-Back,20,3.0,0,0.0
premier-league,2022-2023,West Ham United,379,,Centre-Back,17,1.0,0,0.0
premier-league,2022-2023,West Ham United,379,,Centre-Back,32,9.0,8,720.0
premier-league,2022-2023,West Ham United,379,,Centre-Back,18,,0,0.0
premier-league,2022-2023,West Ham United,379,,Left-Back,32,36.0,28,2237.0
premier-league,2022-2023,West Ham United,379,,Centre-Back,18,,0,0.0
premier-league,2022-2023,West Ham United,379,,Centre-Back,19,,0,0.0
premier-league,2022-2023,West Ham United,379,,Centre-Back,34,35.0,16,1236.0
premier-league,2022-2023,West Ham United,379,,Left-Back,17,,0,0.0
premier-league,2022-2023,West Ham United,379,,Centre-Back,27,28.0,25,1990.0
premier-league,2022-2023,West Ham United,379,,Central Midfield,23,37.0,37,3272.0
premier-league,2022-2023,West Ham United,379,,Attacking Midfield,24,29.0,28,2172.0
premier-league,2022-2023,West Ham United,379,,Attacking Midfield,24,1.0,0,0.0
premier-league,2022-2023,West Ham United,379,,Defensive Midfield,18,,0,0.0
premier-league,2022-2023,West Ham United,379,,Defensive Midfield,23,37.0,21,757.0
premier-league,2022-2023,West Ham United,379,,Defensive Midfield,27,37.0,36,2819.0
premier-league,2022-2023,West Ham United,379,,Central Midfield,26,38.0,32,1503.0
premier-league,2022-2023,West Ham United,379,,Defensive Midfield,22,11.0,1,1.0
premier-league,2022-2023,West Ham United,379,,Defensive Midfield,20,,0,0.0
premier-league,2022-2023,West Ham United,379,,Attacking Midfield,29,38.0,10,244.0
premier-league,2022-2023,West Ham United,379,,Central Midfield,16,,0,0.0
premier-league,2022-2023,West Ham United,379,,Attacking Midfield,19,,0,0.0
premier-league,2022-2023,West Ham United,379,,Right Midfield,20,,0,0.0
premier-league,2022-2023,West Ham United,379,,Defensive Midfield,20,,0,0.0
premier-league,2022-2023,West Ham United,379,,Right Winger,25,38.0,38,3237.0
premier-league,2022-2023,West Ham United,379,,Centre-Forward,23,20.0,16,928.0
premier-league,2022-2023,West Ham United,379,,Left Winger,26,38.0,35,2071.0
premier-league,2022-2023,West Ham United,379,,Centre-Forward,17,3.0,3,36.0
premier-league,2022-2023,West Ham United,379,,Left Winger,25,20.0,14,234.0
premier-league,2022-2023,West Ham United,379,,Centre-Forward,29,19.0,17,771.0
premier-league,2022-2023,West Ham United,379,,Left Winger,20,1.0,0,0.0
premier-league,2022-2023,West Ham United,379,,Centre-Forward,32,34.0,33,1838.0
premier-league,2022-2023,Southampton FC,180,,Goalkeeper,20,38.0,32,2880.0
premier-league,2022-2023,Southampton FC,180,,Goalkeeper,32,27.0,6,540.0
premier-league,2022-2023,Southampton FC,180,,Goalkeeper,40,11.0,0,0.0
premier-league,2022-2023,Southampton FC,180,,Right-Back,19,2.0,2,26.0
premier-league,2022-2023,Southampton FC,180,,Right-Back,25,32.0,31,2653.0
premier-league,2022-2023,Southampton FC,180,,Centre-Back,26,23.0,20,1675.0
premier-league,2022-2023,Southampton FC,180,,Right-Back,24,27.0,22,1404.0
premier-league,2022-2023,Southampton FC,180,,Centre-Back,23,26.0,22,1973.0
premier-league,2022-2023,Southampton FC,180,,Left-Back,24,31.0,29,1837.0
premier-league,2022-2023,Southampton FC,180,,Centre-Back,20,26.0,24,1885.0
premier-league,2022-2023,Southampton FC,180,,Centre-Back,25,29.0,21,1175.0
premier-league,2022-2023,Southampton FC,180,,Centre-Back,25,26.0,13,944.0
premier-league,2022-2023,Southampton FC,180,,Right-Back,24,6.0,5,368.0
premier-league,2022-2023,Southampton FC,180,,Right-Back,23,5.0,1,45.0
premier-league,2022-2023,Southampton FC,180,,Left-Back,18,9.0,5,152.0
premier-league,2022-2023,Southampton FC,180,,Centre-Back,28,2.0,2,46.0
premier-league,2022-2023,Southampton FC,180,,Centre-Back,20,,0,0.0
premier-league,2022-2023,Southampton FC,180,,Right-Back,18,2.0,0,0.0
premier-league,2022-2023,Southampton FC,180,,Centre-Back,18,,0,0.0
premier-league,2022-2023,Southampton FC,180,,Defensive Midfield,18,29.0,29,2231.0
premier-league,2022-2023,Southampton FC,180,,Central Midfield,19,20.0,18,1034.0
premier-league,2022-2023,Southampton FC,180,,Central Midfield,27,38.0,38,3372.0
premier-league,2022-2023,Southampton FC,180,,Central Midfield,22,,0,0.0
premier-league,2022-2023,Southampton FC,180,,Defensive Midfield,23,30.0,18,816.0
premier-league,2022-2023,Southampton FC,180,,Central Midfield,25,29.0,21,1229.0
premier-league,2022-2023,Southampton FC,180,,Attacking Midfield,16,2.0,1,6.0
premier-league,2022-2023,Southampton FC,180,,Defensive Midfield,30,4.0,1,75.0
premier-league,2022-2023,Southampton FC,180,,Central Midfield,30,35.0,32,1405.0
premier-league,2022-2023,Southampton FC,180,,Central Midfield,18,2.0,0,0.0
premier-league,2022-2023,Southampton FC,180,,Attacking Midfield,18,,0,0.0
premier-league,2022-2023,Southampton FC,180,,Left Winger,20,18.0,18,967.0
premier-league,2022-2023,Southampton FC,180,,Right Winger,22,,0,0.0
premier-league,2022-2023,Southampton FC,180,,Right Winger,15,1.0,1,3.0
premier-league,2022-2023,Southampton FC,180,,Centre-Forward,25,34.0,30,1334.0
premier-league,2022-2023,Southampton FC,180,,Centre-Forward,28,15.0,11,405.0
premier-league,2022-2023,Southampton FC,180,,Centre-Forward,25,29.0,28,1997.0
premier-league,2022-2023,Southampton FC,180,,Centre-Forward,19,33.0,22,542.0
premier-league,2022-2023,Southampton FC,180,,Left Winger,19,19.0,17,559.0
premier-league,2022-2023,Southampton FC,180,,Second Striker,27,37.0,33,2179.0
premier-league,2022-2023,Southampton FC,180,,Centre-Forward,17,2.0,2,24.0
premier-league,2022-2023,Southampton FC,180,,Left Winger,29,4.0,1,6.0
premier-league,2022-2023,Southampton FC,180,,Left Winger,24,26.0,16,705.0
premier-league,2022-2023,Southampton FC,180,,Right Winger,28,1.0,1,1.0
premier-league,2022-2023,Southampton FC,180,,Centre-Forward,23,,0,0.0
premier-league,2022-2023,Southampton FC,180,,Centre-Forward,16,1.0,0,0.0
premier-league,2022-2023,Southampton FC,180,,Right Winger,33,29.0,20,1133.0
premier-league,2022-2023,Everton FC,29,,Goalkeeper,28,37.0,37,3330.0
premier-league,2022-2023,Everton FC,29,,Goalkeeper,35,38.0,1,90.0
premier-league,2022-2023,Everton FC,29,,Goalkeeper,37,1.0,0,0.0
premier-league,2022-2023,Everton FC,29,,Goalkeeper,38,4.0,0,0.0
premier-league,2022-2023,Everton FC,29,,Left-Back,23,34.0,34,2658.0
premier-league,2022-2023,Everton FC,29,,Right-Back,20,21.0,19,1277.0
premier-league,2022-2023,Everton FC,29,,Centre-Back,29,38.0,38,3420.0
premier-league,2022-2023,Everton FC,29,,Centre-Back,24,18.0,13,803.0
premier-league,2022-2023,Everton FC,29,,Centre-Back,29,32.0,12,985.0
premier-league,2022-2023,Everton FC,29,,Centre-Back,27,24.0,7,596.0
premier-league,2022-2023,Everton FC,29,,Centre-Back,26,2.0,0,0.0
premier-league,2022-2023,Everton FC,29,,Centre-Back,25,28.0,8,509.0
premier-league,2022-2023,Everton FC,29,,Centre-Back,29,35.0,24,2096.0
premier-league,2022-2023,Everton FC,29,,Left-Back,16,1.0,0,0.0
premier-league,2022-2023,Everton FC,29,,Centre-Back,18,5.0,0,0.0
premier-league,2022-2023,Everton FC,29,,Right-Back,21,2.0,0,0.0
premier-league,2022-2023,Everton FC,29,,Right-Back,33,30.0,23,1663.0
premier-league,2022-2023,Everton FC,29,,Defensive Midfield,20,34.0,33,2496.0
premier-league,2022-2023,Everton FC,29,,Defensive Midfield,21,21.0,16,796.0
premier-league,2022-2023,Everton FC,29,,Central Midfield,18,3.0,1,32.0
premier-league,2022-2023,Everton FC,29,,Attacking Midfield,29,29.0,25,1530.0
premier-league,2022-2023,Everton FC,29,,Central Midfield,28,1.0,0,0.0
premier-league,2022-2023,Everton FC,29,,Central Midfield,24,34.0,19,527.0
premier-league,2022-2023,Everton FC,29,,Left Midfield,23,21.0,2,26.0
premier-league,2022-2023,Everton FC,29,,Defensive Midfield,31,5.0,0,0.0
premier-league,2022-2023,Everton FC,29,,Attacking Midfield,26,3.0,2,38.0
premier-league,2022-2023,Everton FC,29,,Defensive Midfield,32,33.0,33,2593.0
premier-league,2022-2023,Everton FC,29,,Central Midfield,19,2.0,0,0.0
premier-league,2022-2023,Everton FC,29,,Left Winger,21,17.0,16,1097.0
premier-league,2022-2023,Everton FC,29,,Centre-Forward,25,17.0,17,1175.0
premier-league,2022-2023,Everton FC,29,,Left Winger,26,38.0,38,3382.0
premier-league,2022-2023,Everton FC,29,,Left Winger,22,38.0,36,2499.0
premier-league,2022-2023,Everton FC,29,,Centre-Forward,21,21.0,11,219.0
premier-league,2022-2023,Everton FC,29,,Centre-Forward,19,2.0,2,23.0
premier-league,2022-2023,Everton FC,29,,Centre-Forward,25,33.0,27,1129.0
premier-league,2022-2023,Everton FC,29,,Left Winger,26,38.0,33,2511.0
premier-league,2022-2023,Everton FC,29,,Right Winger,18,7.0,0,0.0
premier-league,2022-2023,Everton FC,29,,Right Winger,30,,0,0.0
premier-league,2022-2023,Everton FC,29,,Centre-Forward,32,10.0,7,104.0
premier-league,2022-2023,Everton FC,29,,Centre-Forward,19,2.0,0,0.0
premier-league,2022-2023,Nottingham Forest,703,,Goalkeeper,25,18.0,18,1620.0
premier-league,2022-2023,Nottingham Forest,703,,Goalkeeper,35,17.0,17,1530.0
premier-league,2022-2023,Nottingham Forest,703,,Goalkeeper,21,,0,0.0
premier-league,2022-2023,Nottingham Forest,703,,Goalkeeper,27,2.0,0,0.0
premier-league,2022-2023,Nottingham Forest,703,,Goalkeeper,21,2.0,0,0.0
premier-league,2022-2023,Nottingham Forest,703,,Goalkeeper,35,37.0,4,271.0
premier-league,2022-2023,Nottingham Forest,703,,Left-Back,21,33.0,31,1876.0
premier-league,2022-2023,Nottingham Forest,703,,Centre-Back,22,1.0,0,0.0
premier-league,2022-2023,Nottingham Forest,703,,Centre-Back,26,15.0,14,1166.0
premier-league,2022-2023,Nottingham Forest,703,,Left-Back,24,30.0,28,2220.0
premier-league,2022-2023,Nottingham Forest,703,,Centre-Back,16,,0,0.0
premier-league,2022-2023,Nottingham Forest,703,,Centre-Back,25,25.0,20,1573.0
premier-league,2022-2023,Nottingham Forest,703,,Centre-Back,22,10.0,2,16.0
premier-league,2022-2023,Nottingham Forest,703,,Centre-Back,21,2.0,0,0.0
premier-league,2022-2023,Nottingham Forest,703,,Centre-Back,25,38.0,30,2216.0
premier-league,2022-2023,Nottingham Forest,703,,Left-Back,26,29.0,19,935.0
premier-league,2022-2023,Nottingham Forest,703,,Left-Back,24,,0,0.0
premier-league,2022-2023,Nottingham Forest,703,,Centre-Back,21,,0,0.0
premier-league,2022-2023,Nottingham Forest,703,,Right-Back,29,24.0,24,1949.0
premier-league,2022-2023,Nottingham Forest,703,,Centre-Back,19,,0,0.0
premier-league,2022-2023,Nottingham Forest,703,,Centre-Back,31,20.0,11,687.0
premier-league,2022-2023,Nottingham Forest,703,,Centre-Back,31,19.0,12,959.0
premier-league,2022-2023,Nottingham Forest,703,,Centre-Back,33,17.0,16,1419.0
premier-league,2022-2023,Nottingham Forest,703,,Attacking Midfield,22,35.0,35,2979.0
premier-league,2022-2023,Nottingham Forest,703,,Central Midfield,21,16.0,13,981.0
premier-league,2022-2023,Nottingham Forest,703,,Defensive Midfield,24,32.0,27,1555.0
premier-league,2022-2023,Nottingham Forest,703,,Central Midfield,24,26.0,26,1839.0
premier-league,2022-2023,Nottingham Forest,703,,Central Midfield,23,15.0,13,580.0
premier-league,2022-2023,Nottingham Forest,703,,Attacking Midfield,28,9.0,6,179.0
premier-league,2022-2023,Nottingham Forest,703,,Central Midfield,30,36.0,28,2165.0
premier-league,2022-2023,Nottingham Forest,703,,Attacking Midfield,29,29.0,17,927.0
premier-league,2022-2023,Nottingham Forest,703,,Central Midfield,29,2.0,1,6.0
premier-league,2022-2023,Nottingham Forest,703,,Central Midfield,19,3.0,0,0.0
premier-league,2022-2023,Nottingham Forest,703,,Central Midfield,32,,0,0.0
premier-league,2022-2023,Nottingham Forest,703,,Right Midfield,19,,0,0.0
premier-league,2022-2023,Nottingham Forest,703,,Central Midfield,18,,0,0.0
premier-league,2022-2023,Nottingham Forest,703,,Central Midfield,30,10.0,8,542.0
premier-league,2022-2023,Nottingham Forest,703,,Defensive Midfield,32,18.0,11,494.0
premier-league,2022-2023,Nottingham Forest,703,,Defensive Midfield,32,22.0,21,878.0
premier-league,2022-2023,Nottingham Forest,703,,Right Winger,21,38.0,38,2941.0
premier-league,2022-2023,Nottingham Forest,703,,Centre-Forward,24,29.0,27,1411.0
premier-league,2022-2023,Nottingham Forest,703,,Centre-Forward,23,36.0,20,307.0
premier-league,2022-2023,Nottingham Forest,703,,Centre-Forward,30,7.0,7,376.0
premier-league,2022-2023,Nottingham Forest,703,,Centre-Forward,24,31.0,19,716.0
premier-league,2022-2023,Nottingham Forest,703,,Left Winger,20,6.0,1,7.0
premier-league,2022-2023,Nottingham Forest,703,,Right Winger,23,,0,0.0
premier-league,2022-2023,Nottingham Forest,703,,Centre-Forward,18,1.0,0,0.0
premier-league,2022-2023,Nottingham Forest,703,,Centre-Forward,32,18.0,13,307.0
premier-league,2022-2023,Nottingham Forest,703,,Centre-Forward,17,,0,0.0
premier-league,2022-2023,Nottingham Forest,703,,Centre-Forward,32,2.0,0,0.0
premier-league,2022-2023,Brentford FC,1148,,Goalkeeper,26,38.0,38,3420.0
premier-league,2022-2023,Brentford FC,1148,,Goalkeeper,27,17.0,0,0.0
premier-league,2022-2023,Brentford FC,1148,,Goalkeeper,19,21.0,0,0.0
premier-league,2022-2023,Brentford FC,1148,,Goalkeeper,22,,0,0.0
premier-league,2022-2023,Brentford FC,1148,,Centre-Back,24,19.0,9,766.0
premier-league,2022-2023,Brentford FC,1148,,Right-Back,20,28.0,26,1931.0
premier-league,2022-2023,Brentford FC,1148,,Left-Back,24,37.0,37,3246.0
premier-league,2022-2023,Brentford FC,1148,,Centre-Back,20,4.0,0,0.0
premier-league,2022-2023,Brentford FC,1148,,Centre-Back,23,7.0,4,19.0
premier-league,2022-2023,Brentford FC,1148,,Right-Back,23,35.0,20,1102.0
premier-league,2022-2023,Brentford FC,1148,,Centre-Back,29,30.0,30,2700.0
premier-league,2022-2023,Brentford FC,1148,,Centre-Back,31,15.0,12,724.0
premier-league,2022-2023,Brentford FC,1148,,Right-Back,19,9.0,0,0.0
premier-league,2022-2023,Brentford FC,1148,,Centre-Back,26,1.0,0,0.0
premier-league,2022-2023,Brentford FC,1148,,Centre-Back,32,33.0,18,1099.0
premier-league,2022-2023,Brentford FC,1148,,Centre-Back,32,38.0,37,3272.0
premier-league,2022-2023,Brentford FC,1148,,Central Midfield,18,3.0,0,0.0
premier-league,2022-2023,Brentford FC,1148,,Attacking Midfield,21,35.0,26,979.0
premier-league,2022-2023,Brentford FC,1148,,Left Midfield,21,19.0,10,316.0
premier-league,2022-2023,Brentford FC,1148,,Defensive Midfield,24,35.0,35,2210.0
premier-league,2022-2023,Brentford FC,1148,,Central Midfield,26,37.0,37,2831.0
premier-league,2022-2023,Brentford FC,1148,,Central Midfield,24,27.0,21,843.0
premier-league,2022-2023,Brentford FC,1148,,Defensive Midfield,28,22.0,22,1770.0
premier-league,2022-2023,Brentford FC,1148,,Central Midfield,23,38.0,36,1403.0
premier-league,2022-2023,Brentford FC,1148,,Attacking Midfield,28,34.0,15,124.0
premier-league,2022-2023,Brentford FC,1148,,Attacking Midfield,20,,0,0.0
premier-league,2022-2023,Brentford FC,1148,,Central Midfield,24,28.0,23,603.0
premier-league,2022-2023,Brentford FC,1148,,Central Midfield,19,6.0,0,0.0
premier-league,2022-2023,Brentford FC,1148,,Right Winger,22,38.0,38,2928.0
premier-league,2022-2023,Brentford FC,1148,,Left Winger,20,20.0,18,729.0
premier-league,2022-2023,Brentford FC,1148,,Centre-Forward,25,38.0,38,1600.0
premier-league,2022-2023,Brentford FC,1148,,Centre-Forward,26,33.0,33,2955.0
premier-league,2022-2023,Brentford FC,1148,,Centre-Forward,22,2.0,1,7.0
premier-league,2022-2023,Brentford FC,1148,,Left Winger,25,12.0,5,73.0
premier-league,2022-2023,Brentford FC,1148,,Right Winger,18,1.0,0,0.0
premier-league,2022-2023,Brentford FC,1148,,Left Winger,26,,0,0.0
premier-league,2022-2023,Leeds United,399,,Goalkeeper,22,38.0,34,3060.0
premier-league,2022-2023,Leeds United,399,,Goalkeeper,19,,0,0.0
premier-league,2022-2023,Leeds United,399,,Goalkeeper,32,27.0,4,360.0
premier-league,2022-2023,Leeds United,399,,Goalkeeper,21,11.0,0,0.0
premier-league,2022-2023,Leeds United,399,,Centre-Back,19,,0,0.0
premier-league,2022-2023,Leeds United,399,,Centre-Back,22,34.0,29,2203.0
premier-league,2022-2023,Leeds United,399,,Centre-Back,25,37.0,36,3177.0
premier-league,2022-2023,Leeds United,399,,Right-Back,24,37.0,26,1961.0
premier-league,2022-2023,Leeds United,399,,Left-Back,25,30.0,19,1367.0
premier-league,2022-2023,Leeds United,399,,Right-Back,20,6.0,1,70.0
premier-league,2022-2023,Leeds United,399,,Centre-Back,24,17.0,16,1268.0
premier-league,2022-2023,Leeds United,399,,Centre-Back,28,19.0,8,648.0
premier-league,2022-2023,Leeds United,399,,Centre-Back,18,5.0,0,0.0
premier-league,2022-2023,Leeds United,399,,Right-Back,22,,0,0.0
premier-league,2022-2023,Leeds United,399,,Right-Back,30,33.0,29,2049.0
premier-league,2022-2023,Leeds United,399,,Centre-Back,17,3.0,0,0.0
premier-league,2022-2023,Leeds United,399,,Centre-Back,18,3.0,0,0.0
premier-league,2022-2023,Leeds United,399,,Centre-Back,30,25.0,18,1427.0
premier-league,2022-2023,Leeds United,399,,Centre-Back,18,,0,0.0
premier-league,2022-2023,Leeds United,399,,Centre-Back,16,,0,0.0
premier-league,2022-2023,Leeds United,399,,Defensive Midfield,16,6.0,0,0.0
premier-league,2022-2023,Leeds United,399,,Central Midfield,23,19.0,19,1441.0
premier-league,2022-2023,Leeds United,399,,Defensive Midfield,23,24.0,24,2157.0
premier-league,2022-2023,Leeds United,399,,Attacking Midfield,21,38.0,36,2383.0
premier-league,2022-2023,Leeds United,399,,Defensive Midfield,25,35.0,32,2330.0
premier-league,2022-2023,Leeds United,399,,Central Midfield,18,13.0,1,7.0
premier-league,2022-2023,Leeds United,399,,Attacking Midfield,20,36.0,18,411.0
premier-league,2022-2023,Leeds United,399,,Central Midfield,22,,0,0.0
premier-league,2022-2023,Leeds United,399,,Defensive Midfield,32,16.0,14,266.0
premier-league,2022-2023,Leeds United,399,,Central Midfield,30,16.0,12,476.0
premier-league,2022-2023,Leeds United,399,,Central Midfield,18,,0,0.0
premier-league,2022-2023,Leeds United,399,,Right Midfield,18,,0,0.0
premier-league,2022-2023,Leeds United,399,,Left Midfield,31,,0,0.0
premier-league,2022-2023,Leeds United,399,,Left Winger,20,36.0,28,1415.0
premier-league,2022-2023,Leeds United,399,,Centre-Forward,20,20.0,11,264.0
premier-league,2022-2023,Leeds United,399,,Right Winger,18,29.0,24,1351.0
premier-league,2022-2023,Leeds United,399,,Centre-Forward,20,17.0,15,202.0
premier-league,2022-2023,Leeds United,399,,Left Winger,23,20.0,19,876.0
premier-league,2022-2023,Leeds United,399,,Right Winger,24,4.0,4,199.0
premier-league,2022-2023,Leeds United,399,,Left Winger,25,37.0,36,2727.0
premier-league,2022-2023,Leeds United,399,,Centre-Forward,18,8.0,3,24.0
premier-league,2022-2023,Leeds United,399,,Centre-Forward,31,31.0,31,1943.0
premier-league,2022-2023,Leeds United,399,,Right Winger,22,,0,0.0
premier-league,2022-2023,Leeds United,399,,Centre-Forward,28,28.0,28,1523.0
premier-league,2022-2023,Leeds United,399,,Second Striker,23,,0,0.0
premier-league,2022-2023,Leeds United,399,,Right Winger,18,2.0,0,0.0
premier-league,2022-2023,Leeds United,399,,Left Winger,19,,0,0.0
premier-league,2022-2023,Crystal Palace,873,,Goalkeeper,29,30.0,9,810.0
premier-league,2022-2023,Crystal Palace,873,,Goalkeeper,29,2.0,0,0.0
premier-league,2022-2023,Crystal Palace,873,,Goalkeeper,18,14.0,2,180.0
premier-league,2022-2023,Crystal Palace,873,,Goalkeeper,18,4.0,0,0.0
premier-league,2022-2023,Crystal Palace,873,,Goalkeeper,28,,0,0.0
premier-league,2022-2023,Crystal Palace,873,,Goalkeeper,35,32.0,27,2430.0
premier-league,2022-2023,Crystal Palace,873,,Centre-Back,21,37.0,37,3330.0
premier-league,2022-2023,Crystal Palace,873,,Centre-Back,22,27.0,9,443.0
premier-league,2022-2023,Crystal Palace,873,,Left-Back,22,36.0,36,2896.0
premier-league,2022-2023,Crystal Palace,873,,Centre-Back,26,32.0,32,2783.0
premier-league,2022-2023,Crystal Palace,873,,Left-Back,18,2.0,0,0.0
premier-league,2022-2023,Crystal Palace,873,,Centre-Back,21,3.0,0,0.0
premier-league,2022-2023,Crystal Palace,873,,Right-Back,31,30.0,22,1646.0
premier-league,2022-2023,Crystal Palace,873,,Right-Back,32,35.0,28,2255.0
premier-league,2022-2023,Crystal Palace,873,,Right-Back,21,,0,0.0
premier-league,2022-2023,Crystal Palace,873,,Centre-Back,33,22.0,6,338.0
premier-league,2022-2023,Crystal Palace,873,,Centre-Back,21,,0,0.0
premier-league,2022-2023,Crystal Palace,873,,Attacking Midfield,24,38.0,38,2645.0
premier-league,2022-2023,Crystal Palace,873,,Central Midfield,22,17.0,9,536.0
premier-league,2022-2023,Crystal Palace,873,,Defensive Midfield,22,35.0,34,2786.0
premier-league,2022-2023,Crystal Palace,873,,Central Midfield,27,33.0,27,828.0
premier-league,2022-2023,Crystal Palace,873,,Central Midfield,20,11.0,8,86.0
premier-league,2022-2023,Crystal Palace,873,,Defensive Midfield,17,4.0,1,1.0
premier-league,2022-2023,Crystal Palace,873,,Defensive Midfield,25,30.0,6,59.0
premier-league,2022-2023,Crystal Palace,873,,Central Midfield,20,2.0,0,0.0
premier-league,2022-2023,Crystal Palace,873,,Left Midfield,29,34.0,34,2547.0
premier-league,2022-2023,Crystal Palace,873,,Defensive Midfield,31,34.0,18,504.0
premier-league,2022-2023,Crystal Palace,873,,Defensive Midfield,17,2.0,0,0.0
premier-league,2022-2023,Crystal Palace,873,,Central Midfield,18,2.0,0,0.0
premier-league,2022-2023,Crystal Palace,873,,Central Midfield,34,12.0,4,50.0
premier-league,2022-2023,Crystal Palace,873,,Right Winger,20,37.0,37,2756.0
premier-league,2022-2023,Crystal Palace,873,,Centre-Forward,25,37.0,29,754.0
premier-league,2022-2023,Crystal Palace,873,,Centre-Forward,24,37.0,35,1806.0
premier-league,2022-2023,Crystal Palace,873,,Left Winger,29,27.0,27,2294.0
premier-league,2022-2023,Crystal Palace,873,,Centre-Forward,19,2.0,0,0.0
premier-league,2022-2023,Crystal Palace,873,,Centre-Forward,30,38.0,38,2722.0
premier-league,2022-2023,Crystal Palace,873,,Right Winger,18,17.0,3,31.0
premier-league,2022-2023,Crystal Palace,873,,Left Winger,19,5.0,0,0.0
premier-league,2022-2023,Crystal Palace,873,,Left Winger,17,,0,0.0
premier-league,2022-2023,Fulham FC,931,,Goalkeeper,30,38.0,36,3240.0
premier-league,2022-2023,Fulham FC,931,,Goalkeeper,25,38.0,2,180.0
premier-league,2022-2023,Fulham FC,931,,Goalkeeper,30,,0,0.0
premier-league,2022-2023,Fulham FC,931,,Goalkeeper,20,2.0,0,0.0
premier-league,2022-2023,Fulham FC,931,,Left-Back,24,35.0,35,3089.0
premier-league,2022-2023,Fulham FC,931,,Centre-Back,24,38.0,25,2084.0
premier-league,2022-2023,Fulham FC,931,,Right-Back,26,32.0,31,2575.0
premier-league,2022-2023,Fulham FC,931,,Centre-Back,25,37.0,25,2009.0
premier-league,2022-2023,Fulham FC,931,,Right-Back,23,,0,0.0
premier-league,2022-2023,Fulham FC,931,,Right-Back,27,14.0,6,141.0
premier-league,2022-2023,Fulham FC,931,,Left-Back,29,9.0,3,136.0
premier-league,2022-2023,Fulham FC,931,,Right-Back,30,15.0,6,196.0
premier-league,2022-2023,Fulham FC,931,,Left-Back,28,,0,0.0
premier-league,2022-2023,Fulham FC,931,,Centre-Back,30,30.0,5,17.0
premier-league,2022-2023,Fulham FC,931,,Right-Back,22,,0,0.0
premier-league,2022-2023,Fulham FC,931,,Centre-Back,34,33.0,33,2900.0
premier-league,2022-2023,Fulham FC,931,,Centre-Back,20,,0,0.0
premier-league,2022-2023,Fulham FC,931,,Right-Back,19,,0,0.0
premier-league,2022-2023,Fulham FC,931,,Left-Back,18,1.0,0,0.0
premier-league,2022-2023,Fulham FC,931,,Centre-Back,17,1.0,0,0.0
premier-league,2022-2023,Fulham FC,931,,Defensive Midfield,26,35.0,35,3113.0
premier-league,2022-2023,Fulham FC,931,,Central Midfield,26,33.0,33,2718.0
premier-league,2022-2023,Fulham FC,931,,Central Midfield,25,16.0,12,409.0
premier-league,2022-2023,Fulham FC,931,,Central Midfield,27,37.0,37,2879.0
premier-league,2022-2023,Fulham FC,931,,Defensive Midfield,19,,0,0.0
premier-league,2022-2023,Fulham FC,931,,Attacking Midfield,17,23.0,3,10.0
premier-league,2022-2023,Fulham FC,931,,Attacking Midfield,29,37.0,36,2485.0
premier-league,2022-2023,Fulham FC,931,,Defensive Midfield,27,14.0,4,13.0
premier-league,2022-2023,Fulham FC,931,,Central Midfield,31,33.0,33,972.0
premier-league,2022-2023,Fulham FC,931,,Central Midfield,21,7.0,1,1.0
premier-league,2022-2023,Fulham FC,931,,Central Midfield,25,5.0,2,15.0
premier-league,2022-2023,Fulham FC,931,,Attacking Midfield,18,1.0,0,0.0
premier-league,2022-2023,Fulham FC,931,,Central Midfield,18,2.0,0,0.0
premier-league,2022-2023,Fulham FC,931,,Right Winger,25,30.0,29,1097.0
premier-league,2022-2023,Fulham FC,931,,Left Winger,19,1.0,0,0.0
premier-league,2022-2023,Fulham FC,931,,Centre-Forward,21,2.0,0,0.0
premier-league,2022-2023,Fulham FC,931,,Centre-Forward,19,5.0,3,86.0
premier-league,2022-2023,Fulham FC,931,,Right Winger,24,28.0,20,608.0
premier-league,2022-2023,Fulham FC,931,,Centre-Forward,27,24.0,24,2016.0
premier-league,2022-2023,Fulham FC,931,,Left Winger,22,22.0,19,563.0
premier-league,2022-2023,Fulham FC,931,,Centre-Forward,27,33.0,28,1101.0
premier-league,2022-2023,Fulham FC,931,,Left Winger,19,,0,0.0
premier-league,2022-2023,Fulham FC,931,,Left Winger,33,27.0,27,2144.0
premier-league,2022-2023,Fulham FC,931,,Centre-Forward,20,2.0,0,0.0
premier-league,2022-2023,Fulham FC,931,,Right Winger,30,,0,0.0
premier-league,2022-2023,Fulham FC,931,,Left Winger,30,20.0,17,766.0
premier-league,2022-2023,Fulham FC,931,,Centre-Forward,18,,0,0.0
premier-league,2022-2023,AFC Bournemouth,989,,Goalkeeper,23,38.0,12,1035.0
premier-league,2022-2023,AFC Bournemouth,989,,Goalkeeper,32,30.0,27,2385.0
premier-league,2022-2023,AFC Bournemouth,989,,Goalkeeper,21,1.0,0,0.0
premier-league,2022-2023,AFC Bournemouth,989,,Goalkeeper,20,6.0,0,0.0
premier-league,2022-2023,AFC Bournemouth,989,,Goalkeeper,35,3.0,0,0.0
premier-league,2022-2023,AFC Bournemouth,989,,Centre-Back,19,11.0,5,297.0
premier-league,2022-2023,AFC Bournemouth,989,,Centre-Back,25,36.0,31,2495.0
premier-league,2022-2023,AFC Bournemouth,989,,Centre-Back,20,6.0,0,0.0
premier-league,2022-2023,AFC Bournemouth,989,,Centre-Back,23,23.0,23,2041.0
premier-league,2022-2023,AFC Bournemouth,989,,Left-Back,22,24.0,19,1456.0
premier-league,2022-2023,AFC Bournemouth,989,,Left-Back,24,16.0,12,455.0
premier-league,2022-2023,AFC Bournemouth,989,,Centre-Back,24,33.0,26,2198.0
premier-league,2022-2023,AFC Bournemouth,989,,Right-Back,26,27.0,10,293.0
premier-league,2022-2023,AFC Bournemouth,989,,Centre-Back,28,30.0,15,1172.0
premier-league,2022-2023,AFC Bournemouth,989,,Right-Back,31,37.0,37,2948.0
premier-league,2022-2023,AFC Bournemouth,989,,Centre-Back,18,1.0,1,8.0
premier-league,2022-2023,AFC Bournemouth,989,,Left-Back,20,1.0,0,0.0
premier-league,2022-2023,AFC Bournemouth,989,,Right-Back,20,,0,0.0
premier-league,2022-2023,AFC Bournemouth,989,,Centre-Back,19,,0,0.0
premier-league,2022-2023,AFC Bournemouth,989,,Centre-Back,17,1.0,0,0.0
premier-league,2022-2023,AFC Bournemouth,989,,Right-Back,29,14.0,12,531.0
premier-league,2022-2023,AFC Bournemouth,989,,Attacking Midfield,23,23.0,23,1749.0
premier-league,2022-2023,AFC Bournemouth,989,,Central Midfield,25,33.0,28,1715.0
premier-league,2022-2023,AFC Bournemouth,989,,Central Midfield,27,38.0,32,1841.0
premier-league,2022-2023,AFC Bournemouth,989,,Defensive Midfield,27,37.0,37,3255.0
premier-league,2022-2023,AFC Bournemouth,989,,Central Midfield,26,36.0,36,2787.0
premier-league,2022-2023,AFC Bournemouth,989,,Defensive Midfield,27,14.0,7,284.0
premier-league,2022-2023,AFC Bournemouth,989,,Attacking Midfield,27,10.0,1,8.0
premier-league,2022-2023,AFC Bournemouth,989,,Central Midfield,27,27.0,20,1016.0
premier-league,2022-2023,AFC Bournemouth,989,,Central Midfield,22,,0,0.0
premier-league,2022-2023,AFC Bournemouth,989,,Midfield,19,,0,0.0
premier-league,2022-2023,AFC Bournemouth,989,,Central Midfield,18,,0,0.0
premier-league,2022-2023,AFC Bournemouth,989,,Right Winger,22,15.0,11,251.0
premier-league,2022-2023,AFC Bournemouth,989,,Right Winger,20,19.0,19,1245.0
premier-league,2022-2023,AFC Bournemouth,989,,Centre-Forward,24,33.0,33,2873.0
premier-league,2022-2023,AFC Bournemouth,989,,Left Winger,22,38.0,30,1247.0
premier-league,2022-2023,AFC Bournemouth,989,,Left Winger,22,7.0,7,429.0
premier-league,2022-2023,AFC Bournemouth,989,,Right Winger,24,11.0,6,172.0
premier-league,2022-2023,AFC Bournemouth,989,,Centre-Forward,17,3.0,0,0.0
premier-league,2022-2023,AFC Bournemouth,989,,Centre-Forward,29,35.0,27,1274.0
premier-league,2022-2023,AFC Bournemouth,989,,Left Winger,25,15.0,6,104.0
premier-league,2022-2023,AFC Bournemouth,989,,Right Winger,18,4.0,0,0.0
premier-league,2022-2023,AFC Bournemouth,989,,Centre-Forward,27,10.0,2,11.0
premier-league,2022-2023,AFC Bournemouth,989,,Centre-Forward,20,1.0,0,0.0
premier-league,2022-2023,AFC Bournemouth,989,,Left Winger,32,9.0,4,58.0
premier-league,2022-2023,AFC Bournemouth,989,,Centre-Forward,19,3.0,0,0.0
premier-league,2022-2023,AFC Bournemouth,989,,Right Winger,17,1.0,0,0.0
premier-league,2023-2024,Manchester City,281,,Goalkeeper,29,35.0,33,2788.0
premier-league,2023-2024,Manchester City,281,,Goalkeeper,30,38.0,9,632.0
premier-league,2023-2024,Manchester City,281,,Goalkeeper,28,,0,0.0
premier-league,2023-2024,Manchester City,281,,Goalkeeper,17,,0,0.0
premier-league,2023-2024,Manchester City,281,,Goalkeeper,37,13.0,0,0.0
premier-league,2023-2024,Manchester City,281,,Centre-Back,21,35.0,28,2329.0
premier-league,2023-2024,Manchester City,281,,Centre-Back,26,35.0,30,2557.0
premier-league,2023-2024,Manchester City,281,,Right-Back,24,33.0,17,654.0
premier-league,2023-2024,Manchester City,281,,Right-Back,18,38.0,16,807.0
premier-league,2023-2024,Manchester City,281,,Centre-Back,21,,0,0.0
premier-league,2023-2024,Manchester City,281,,Centre-Back,27,34.0,30,2514.0
premier-league,2023-2024,Manchester City,281,,Left-Back,22,32.0,6,48.0
premier-league,2023-2024,Manchester City,281,,Centre-Back,29,27.0,16,1064.0
premier-league,2023-2024,Manchester City,281,,Centre-Back,28,35.0,29,2044.0
premier-league,2023-2024,Manchester City,281,,Centre-Back,29,1.0,1,12.0
premier-league,2023-2024,Manchester City,281,,Centre-Back,17,,0,0.0
premier-league,2023-2024,Manchester City,281,,Right-Back,22,,0,0.0
premier-league,2023-2024,Manchester City,281,,Left-Back,20,,0,0.0
premier-league,2023-2024,Manchester City,281,,Right-Back,33,35.0,32,2768.0
premier-league,2023-2024,Manchester City,281,,Attacking Midfield,21,3.0,1,10.0
premier-league,2023-2024,Manchester City,281,,Attacking Midfield,23,37.0,35,2871.0
premier-league,2023-2024,Manchester City,281,,Defensive Midfield,27,35.0,34,2938.0
premier-league,2023-2024,Manchester City,281,,Defensive Midfield,20,1.0,0,0.0
premier-league,2023-2024,Manchester City,281,,Attacking Midfield,28,35.0,33,2582.0
premier-league,2023-2024,Manchester City,281,,Attacking Midfield,20,3.0,1,1.0
premier-league,2023-2024,Manchester City,281,,Central Midfield,29,34.0,30,1548.0
premier-league,2023-2024,Manchester City,281,,Attacking Midfield,32,21.0,18,1228.0
premier-league,2023-2024,Manchester City,281,,Defensive Midfield,17,1.0,0,0.0
premier-league,2023-2024,Manchester City,281,,Defensive Midfield,27,20.0,4,89.0
premier-league,2023-2024,Manchester City,281,,Defensive Midfield,18,6.0,0,0.0
premier-league,2023-2024,Manchester City,281,,Centre-Forward,22,32.0,31,2558.0
premier-league,2023-2024,Manchester City,281,,Centre-Forward,23,38.0,36,2659.0
premier-league,2023-2024,Manchester City,281,,Left Winger,21,31.0,29,1594.0
premier-league,2023-2024,Manchester City,281,,Right Winger,19,35.0,14,295.0
premier-league,2023-2024,Manchester City,281,,Left Winger,27,29.0,20,1001.0
premier-league,2023-2024,Manchester City,281,,Left Winger,19,2.0,0,0.0
premier-league,2023-2024,Arsenal FC,11,,Goalkeeper,27,35.0,32,2880.0
premier-league,2023-2024,Arsenal FC,11,,Goalkeeper,25,37.0,6,540.0
premier-league,2023-2024,Arsenal FC,11,,Goalkeeper,21,,0,0.0
premier-league,2023-2024,Arsenal FC,11,,Goalkeeper,21,5.0,0,0.0
premier-league,2023-2024,Arsenal FC,11,,Goalkeeper,29,,0,0.0
premier-league,2023-2024,Arsenal FC,11,,Centre-Back,22,38.0,38,3420.0
premier-league,2023-2024,Arsenal FC,11,,Centre-Back,25,38.0,36,3044.0
premier-league,2023-2024,Arsenal FC,11,,Right-Back,22,2.0,2,71.0
premier-league,2023-2024,Arsenal FC,11,,Left-Back,16,1.0,0,0.0
premier-league,2023-2024,Arsenal FC,11,,Centre-Back,23,38.0,20,945.0
premier-league,2023-2024,Arsenal FC,11,,Centre-Back,16,,0,0.0
premier-league,2023-2024,Arsenal FC,11,,Right-Back,25,37.0,37,2995.0
premier-league,2023-2024,Arsenal FC,11,,Left-Back,26,,0,0.0
premier-league,2023-2024,Arsenal FC,11,,Left-Back,26,32.0,27,1725.0
premier-league,2023-2024,Arsenal FC,11,,Centre-Back,24,23.0,22,1143.0
premier-league,2023-2024,Arsenal FC,11,,Centre-Back,27,,0,0.0
premier-league,2023-2024,Arsenal FC,11,,Right-Back,18,8.0,0,0.0
premier-league,2023-2024,Arsenal FC,11,,Left-Back,18,,0,0.0
premier-league,2023-2024,Arsenal FC,11,,Right-Back,31,18.0,3,62.0
premier-league,2023-2024,Arsenal FC,11,,Right-Back,19,1.0,0,0.0
premier-league,2023-2024,Arsenal FC,11,,Central Midfield,24,38.0,38,3231.0
premier-league,2023-2024,Arsenal FC,11,,Attacking Midfield,24,36.0,35,3104.0
premier-league,2023-2024,Arsenal FC,11,,Attacking Midfield,16,2.0,1,13.0
premier-league,2023-2024,Arsenal FC,11,,Attacking Midfield,22,31.0,13,346.0
premier-league,2023-2024,Arsenal FC,11,,Attacking Midfield,23,24.0,11,292.0
premier-league,2023-2024,Arsenal FC,11,,Central Midfield,23,,0,0.0
premier-league,2023-2024,Arsenal FC,11,,Defensive Midfield,31,37.0,24,920.0
premier-league,2023-2024,Arsenal FC,11,,Defensive Midfield,30,17.0,14,789.0
premier-league,2023-2024,Arsenal FC,11,,Defensive Midfield,30,16.0,3,25.0
premier-league,2023-2024,Arsenal FC,11,,Defensive Midfield,18,1.0,0,0.0
premier-league,2023-2024,Arsenal FC,11,,Central Midfield,19,2.0,0,0.0
premier-league,2023-2024,Arsenal FC,11,,Right Winger,21,35.0,35,2936.0
premier-league,2023-2024,Arsenal FC,11,,Centre-Forward,24,37.0,37,2640.0
premier-league,2023-2024,Arsenal FC,11,,Left Winger,22,35.0,35,2029.0
premier-league,2023-2024,Arsenal FC,11,,Left Winger,28,37.0,34,1646.0
premier-league,2023-2024,Arsenal FC,11,,Centre-Forward,26,30.0,27,1483.0
premier-league,2023-2024,Arsenal FC,11,,Centre-Forward,24,38.0,27,1072.0
premier-league,2023-2024,Arsenal FC,11,,Left Winger,23,30.0,15,257.0
premier-league,2023-2024,Arsenal FC,11,,Right Winger,18,,0,0.0
premier-league,2023-2024,Arsenal FC,11,,Left Winger,18,1.0,0,0.0
premier-league,2023-2024,Chelsea FC,631,,Goalkeeper,23,35.0,23,1986.0
premier-league,2023-2024,Chelsea FC,631,,Goalkeeper,25,18.0,16,1434.0
premier-league,2023-2024,Chelsea FC,631,,Goalkeeper,20,15.0,0,0.0
premier-league,2023-2024,Chelsea FC,631,,Goalkeeper,20,1.0,0,0.0
premier-league,2023-2024,Chelsea FC,631,,Goalkeeper,31,18.0,0,0.0
premier-league,2023-2024,Chelsea FC,631,,Goalkeeper,19,2.0,0,0.0
premier-league,2023-2024,Chelsea FC,631,,Goalkeeper,17,,0,0.0
premier-league,2023-2024,Chelsea FC,631,,Goalkeeper,17,1.0,0,0.0
premier-league,2023-2024,Chelsea FC,631,,Right-Back,23,10.0,10,421.0
premier-league,2023-2024,Chelsea FC,631,,Left-Back,24,27.0,21,1785.0
premier-league,2023-2024,Chelsea FC,631,,Centre-Back,20,27.0,23,1798.0
premier-league,2023-2024,Chelsea FC,631,,Centre-Back,23,14.0,13,950.0
premier-league,2023-2024,Chelsea FC,631,,Right-Back,20,28.0,27,1756.0
premier-league,2023-2024,Chelsea FC,631,,Left-Back,21,20.0,12,201.0
premier-league,2023-2024,Chelsea FC,631,,Centre-Back,22,,0,0.0
premier-league,2023-2024,Chelsea FC,631,,Right-Back,17,4.0,1,5.0
premier-league,2023-2024,Chelsea FC,631,,Centre-Back,24,,0,0.0
premier-league,2023-2024,Chelsea FC,631,,Centre-Back,25,35.0,31,2581.0
premier-league,2023-2024,Chelsea FC,631,,Centre-Back,22,25.0,18,1338.0
premier-league,2023-2024,Chelsea FC,631,,Centre-Back,20,2.0,0,0.0
premier-league,2023-2024,Chelsea FC,631,,Left-Back,26,14.0,13,757.0
premier-league,2023-2024,Chelsea FC,631,,Left-Back,19,1.0,0,0.0
premier-league,2023-2024,Chelsea FC,631,,Right-Back,19,25.0,11,202.0
premier-league,2023-2024,Chelsea FC,631,,Left-Back,17,1.0,0,0.0
premier-league,2023-2024,Chelsea FC,631,,Centre-Back,38,36.0,31,2528.0
premier-league,2023-2024,Chelsea FC,631,,Left-Back,19,,0,0.0
premier-league,2023-2024,Chelsea FC,631,,Centre-Back,20,1.0,0,0.0
premier-league,2023-2024,Chelsea FC,631,,Centre-Back,17,,0,0.0
premier-league,2023-2024,Chelsea FC,631,,Attacking Midfield,21,33.0,33,2618.0
premier-league,2023-2024,Chelsea FC,631,,Defensive Midfield,21,35.0,35,2874.0
premier-league,2023-2024,Chelsea FC,631,,Central Midfield,22,28.0,28,2215.0
premier-league,2023-2024,Chelsea FC,631,,Central Midfield,19,1.0,0,0.0
premier-league,2023-2024,Chelsea FC,631,,Central Midfield,23,37.0,37,3136.0
premier-league,2023-2024,Chelsea FC,631,,Left Midfield,18,1.0,0,0.0
premier-league,2023-2024,Chelsea FC,631,,Defensive Midfield,19,17.0,12,297.0
premier-league,2023-2024,Chelsea FC,631,,Defensive Midfield,19,2.0,1,32.0
premier-league,2023-2024,Chelsea FC,631,,Central Midfield,19,13.0,9,223.0
premier-league,2023-2024,Chelsea FC,631,,Central Midfield,20,17.0,11,71.0
premier-league,2023-2024,Chelsea FC,631,,Attacking Midfield,17,4.0,0,0.0
premier-league,2023-2024,Chelsea FC,631,,Central Midfield,17,,0,0.0
premier-league,2023-2024,Chelsea FC,631,,Central Midfield,18,13.0,1,1.0
premier-league,2023-2024,Chelsea FC,631,,Central Midfield,19,5.0,1,1.0
premier-league,2023-2024,Chelsea FC,631,,Central Midfield,16,4.0,0,0.0
premier-league,2023-2024,Chelsea FC,631,,Defensive Midfield,15,1.0,0,0.0
premier-league,2023-2024,Chelsea FC,631,,Right Winger,21,33.0,23,1053.0
premier-league,2023-2024,Chelsea FC,631,,Centre-Forward,22,35.0,35,2810.0
premier-league,2023-2024,Chelsea FC,631,,Centre-Forward,25,12.0,11,439.0
premier-league,2023-2024,Chelsea FC,631,,Left Winger,17,3.0,0,0.0
premier-league,2023-2024,Chelsea FC,631,,Centre-Forward,21,14.0,13,453.0
premier-league,2023-2024,Chelsea FC,631,,Centre-Forward,20,,0,0.0
premier-league,2023-2024,Chelsea FC,631,,Centre-Forward,18,19.0,2,11.0
premier-league,2023-2024,Chelsea FC,631,,Right Winger,28,34.0,31,1983.0
premier-league,2023-2024,Chelsea FC,631,,Centre-Forward,19,3.0,2,8.0
premier-league,2023-2024,Chelsea FC,631,,Centre-Forward,18,1.0,0,0.0
premier-league,2023-2024,Chelsea FC,631,,Left Winger,22,35.0,31,1579.0
premier-league,2023-2024,Liverpool FC,31,,Goalkeeper,24,37.0,10,900.0
premier-league,2023-2024,Liverpool FC,31,,Goalkeeper,30,28.0,28,2520.0
premier-league,2023-2024,Liverpool FC,31,,Goalkeeper,21,,0,0.0
premier-league,2023-2024,Liverpool FC,31,,Goalkeeper,20,1.0,0,0.0
premier-league,2023-2024,Liverpool FC,31,,Goalkeeper,19,1.0,0,0.0
premier-league,2023-2024,Liverpool FC,31,,Goalkeeper,36,15.0,0,0.0
premier-league,2023-2024,Liverpool FC,31,,Right-Back,24,28.0,28,2163.0
premier-league,2023-2024,Liverpool FC,31,,Centre-Back,24,33.0,22,1573.0
premier-league,2023-2024,Liverpool FC,31,,Centre-Back,20,34.0,17,1190.0
premier-league,2023-2024,Liverpool FC,31,,Right-Back,19,19.0,11,760.0
premier-league,2023-2024,Liverpool FC,31,,Centre-Back,31,36.0,36,3178.0
premier-league,2023-2024,Liverpool FC,31,,Centre-Back,26,36.0,32,1776.0
premier-league,2023-2024,Liverpool FC,31,,Left-Back,29,23.0,23,1692.0
premier-league,2023-2024,Liverpool FC,31,,Left-Back,27,30.0,13,677.0
premier-league,2023-2024,Liverpool FC,31,,Centre-Back,26,,0,0.0
premier-league,2023-2024,Liverpool FC,31,,Right-Back,19,,0,0.0
premier-league,2023-2024,Liverpool FC,31,,Left-Back,20,1.0,1,7.0
premier-league,2023-2024,Liverpool FC,31,,Centre-Back,19,4.0,0,0.0
premier-league,2023-2024,Liverpool FC,31,,Centre-Back,16,1.0,0,0.0
premier-league,2023-2024,Liverpool FC,31,,Centre-Back,22,,0,0.0
premier-league,2023-2024,Liverpool FC,31,,Left-Back,18,2.0,0,0.0
premier-league,2023-2024,Liverpool FC,31,,Centre-Back,31,14.0,10,782.0
premier-league,2023-2024,Liverpool FC,31,,Attacking Midfield,22,33.0,33,2111.0
premier-league,2023-2024,Liverpool FC,31,,Defensive Midfield,21,31.0,26,1121.0
premier-league,2023-2024,Liverpool FC,31,,Central Midfield,24,33.0,33,2612.0
premier-league,2023-2024,Liverpool FC,31,,Central Midfield,22,27.0,23,1166.0
premier-league,2023-2024,Liverpool FC,31,,Attacking Midfield,20,38.0,34,1335.0
premier-league,2023-2024,Liverpool FC,31,,Attacking Midfield,20,,0,0.0
premier-league,2023-2024,Liverpool FC,31,,Central Midfield,16,2.0,0,0.0
premier-league,2023-2024,Liverpool FC,31,,Central Midfield,18,11.0,5,87.0
premier-league,2023-2024,Liverpool FC,31,,Defensive Midfield,30,33.0,29,1720.0
premier-league,2023-2024,Liverpool FC,31,,Defensive Midfield,18,7.0,1,25.0
premier-league,2023-2024,Liverpool FC,31,,Defensive Midfield,18,18.0,3,3.0
premier-league,2023-2024,Liverpool FC,31,,Attacking Midfield,19,,0,0.0
premier-league,2023-2024,Liverpool FC,31,,Central Midfield,20,,0,0.0
premier-league,2023-2024,Liverpool FC,31,,Central Midfield,32,1.0,1,6.0
premier-league,2023-2024,Liverpool FC,31,,Left Winger,26,37.0,37,2646.0
premier-league,2023-2024,Liverpool FC,31,,Left Winger,24,35.0,35,1646.0
premier-league,2023-2024,Liverpool FC,31,,Right Winger,31,32.0,32,2536.0
premier-league,2023-2024,Liverpool FC,31,,Centre-Forward,24,37.0,36,2045.0
premier-league,2023-2024,Liverpool FC,31,,Right Winger,17,9.0,1,13.0
premier-league,2023-2024,Liverpool FC,31,,Left Winger,17,3.0,0,0.0
premier-league,2023-2024,Liverpool FC,31,,Right Winger,18,2.0,1,1.0
premier-league,2023-2024,Liverpool FC,31,,Centre-Forward,17,6.0,2,7.0
premier-league,2023-2024,Liverpool FC,31,,Left Winger,26,22.0,21,1151.0
premier-league,2023-2024,Tottenham Hotspur,148,,Goalkeeper,26,38.0,38,3420.0
premier-league,2023-2024,Tottenham Hotspur,148,,Goalkeeper,36,,0,0.0
premier-league,2023-2024,Tottenham Hotspur,148,,Goalkeeper,24,18.0,0,0.0
premier-league,2023-2024,Tottenham Hotspur,148,,Goalkeeper,35,23.0,0,0.0
premier-league,2023-2024,Tottenham Hotspur,148,,Goalkeeper,24,1.0,0,0.0
premier-league,2023-2024,Tottenham Hotspur,148,,Centre-Back,22,28.0,27,2343.0
premier-league,2023-2024,Tottenham Hotspur,148,,Centre-Back,25,33.0,33,2792.0
premier-league,2023-2024,Tottenham Hotspur,148,,Right-Back,23,36.0,35,3093.0
premier-league,2023-2024,Tottenham Hotspur,148,,Left-Back,20,28.0,28,2398.0
premier-league,2023-2024,Tottenham Hotspur,148,,Left-Back,23,,0,0.0
premier-league,2023-2024,Tottenham Hotspur,148,,Centre-Back,25,,0,0.0
premier-league,2023-2024,Tottenham Hotspur,148,,Centre-Back,27,4.0,1,76.0
premier-league,2023-2024,Tottenham Hotspur,148,,Centre-Back,21,18.0,9,424.0
premier-league,2023-2024,Tottenham Hotspur,148,,Centre-Back,18,7.0,0,0.0
premier-league,2023-2024,Tottenham Hotspur,148,,Centre-Back,24,,0,0.0
premier-league,2023-2024,Tottenham Hotspur,148,,Right-Back,24,38.0,22,1155.0
premier-league,2023-2024,Tottenham Hotspur,148,,Centre-Back,29,12.0,4,201.0
premier-league,2023-2024,Tottenham Hotspur,148,,Left-Back,26,,0,0.0
premier-league,2023-2024,Tottenham Hotspur,148,,Centre-Back,30,30.0,17,1086.0
premier-league,2023-2024,Tottenham Hotspur,148,,Centre-Back,18,10.0,0,0.0
premier-league,2023-2024,Tottenham Hotspur,148,,Central Midfield,20,34.0,34,2085.0
premier-league,2023-2024,Tottenham Hotspur,148,,Attacking Midfield,26,28.0,28,2154.0
premier-league,2023-2024,Tottenham Hotspur,148,,Defensive Midfield,26,23.0,23,1007.0
premier-league,2023-2024,Tottenham Hotspur,148,,Attacking Midfield,23,36.0,36,2766.0
premier-league,2023-2024,Tottenham Hotspur,148,,Defensive Midfield,27,38.0,36,1293.0
premier-league,2023-2024,Tottenham Hotspur,148,,Defensive Midfield,26,28.0,28,2083.0
premier-league,2023-2024,Tottenham Hotspur,148,,Attacking Midfield,27,28.0,22,494.0
premier-league,2023-2024,Tottenham Hotspur,148,,Defensive Midfield,22,31.0,21,694.0
premier-league,2023-2024,Tottenham Hotspur,148,,Attacking Midfield,18,13.0,3,3.0
premier-league,2023-2024,Tottenham Hotspur,148,,Central Midfield,17,1.0,0,0.0
premier-league,2023-2024,Tottenham Hotspur,148,,Right Winger,22,32.0,32,2093.0
premier-league,2023-2024,Tottenham Hotspur,148,,Centre-Forward,26,29.0,28,1492.0
premier-league,2023-2024,Tottenham Hotspur,148,,Left Winger,15,5.0,2,3.0
premier-league,2023-2024,Tottenham Hotspur,148,,Left Winger,30,35.0,35,2948.0
premier-league,2023-2024,Tottenham Hotspur,148,,Left Winger,22,24.0,11,211.0
premier-league,2023-2024,Tottenham Hotspur,148,,Left Winger,23,7.0,5,198.0
premier-league,2023-2024,Tottenham Hotspur,148,,Centre-Forward,19,13.0,8,45.0
premier-league,2023-2024,Tottenham Hotspur,148,,Centre-Forward,27,13.0,13,818.0
premier-league,2023-2024,Tottenham Hotspur,148,,Centre-Forward,19,8.0,4,19.0
premier-league,2023-2024,Tottenham Hotspur,148,,Left Winger,34,5.0,5,98.0
premier-league,2023-2024,Tottenham Hotspur,148,,Left Winger,20,3.0,0,0.0
premier-league,2023-2024,Manchester United,985,,Goalkeeper,26,3.0,0,0.0
premier-league,2023-2024,Manchester United,985,,Goalkeeper,27,38.0,38,3420.0
premier-league,2023-2024,Manchester United,985,,Goalkeeper,19,1.0,0,0.0
premier-league,2023-2024,Manchester United,985,,Goalkeeper,25,33.0,0,0.0
premier-league,2023-2024,Manchester United,985,,Goalkeeper,37,4.0,0,0.0
premier-league,2023-2024,Manchester United,985,,Goalkeeper,20,1.0,0,0.0
premier-league,2023-2024,Manchester United,985,,Left-Back,20,1.0,0,0.0
premier-league,2023-2024,Manchester United,985,,Centre-Back,25,11.0,11,648.0
premier-league,2023-2024,Manchester United,985,,Right-Back,24,37.0,36,3174.0
premier-league,2023-2024,Manchester United,985,,Right-Back,25,25.0,22,1782.0
premier-league,2023-2024,Manchester United,985,,Centre-Back,30,25.0,22,1650.0
premier-league,2023-2024,Manchester United,985,,Left-Back,27,12.0,12,963.0
premier-league,2023-2024,Manchester United,985,,Left-Back,16,6.0,0,0.0
premier-league,2023-2024,Manchester United,985,,Centre-Back,28,21.0,19,1332.0
premier-league,2023-2024,Manchester United,985,,Left-Back,23,,0,0.0
premier-league,2023-2024,Manchester United,985,,Left-Back,26,14.0,9,412.0
premier-league,2023-2024,Manchester United,985,,Centre-Back,18,16.0,8,326.0
premier-league,2023-2024,Manchester United,985,,Left-Back,22,,0,0.0
premier-league,2023-2024,Manchester United,985,,Centre-Back,19,1.0,0,0.0
premier-league,2023-2024,Manchester United,985,,Right-Back,17,7.0,0,0.0
premier-league,2023-2024,Manchester United,985,,Centre-Back,30,26.0,22,1371.0
premier-league,2023-2024,Manchester United,985,,Centre-Back,35,26.0,23,1396.0
premier-league,2023-2024,Manchester United,985,,Centre-Back,17,3.0,0,0.0
premier-league,2023-2024,Manchester United,985,,Central Midfield,18,29.0,24,1940.0
premier-league,2023-2024,Manchester United,985,,Central Midfield,26,34.0,32,1892.0
premier-league,2023-2024,Manchester United,985,,Attacking Midfield,28,35.0,35,3120.0
premier-league,2023-2024,Manchester United,985,,Attacking Midfield,24,14.0,14,514.0
premier-league,2023-2024,Manchester United,985,,Attacking Midfield,20,14.0,5,131.0
premier-league,2023-2024,Manchester United,985,,Defensive Midfield,26,29.0,21,932.0
premier-league,2023-2024,Manchester United,985,,Defensive Midfield,31,26.0,25,1985.0
premier-league,2023-2024,Manchester United,985,,Defensive Midfield,19,7.0,0,0.0
premier-league,2023-2024,Manchester United,985,,Attacking Midfield,31,33.0,22,1140.0
premier-league,2023-2024,Manchester United,985,,Central Midfield,26,12.0,1,2.0
premier-league,2023-2024,Manchester United,985,,Central Midfield,18,7.0,1,1.0
premier-league,2023-2024,Manchester United,985,,Centre-Forward,20,30.0,30,2171.0
premier-league,2023-2024,Manchester United,985,,Right Winger,20,17.0,9,388.0
premier-league,2023-2024,Manchester United,985,,Left Winger,25,33.0,33,2278.0
premier-league,2023-2024,Manchester United,985,,Right Winger,23,33.0,29,1323.0
premier-league,2023-2024,Manchester United,985,,Left Winger,19,38.0,36,2576.0
premier-league,2023-2024,Manchester United,985,,Left Winger,23,3.0,3,76.0
premier-league,2023-2024,Manchester United,985,,Right Winger,21,20.0,9,165.0
premier-league,2023-2024,Manchester United,985,,Centre-Forward,27,16.0,13,444.0
premier-league,2023-2024,Manchester United,985,,Left Winger,19,,0,0.0
premier-league,2023-2024,Manchester United,985,,Right Winger,18,13.0,4,68.0
premier-league,2023-2024,Manchester United,985,,Centre-Forward,19,1.0,0,0.0
premier-league,2023-2024,Manchester United,985,,Centre-Forward,17,5.0,3,13.0
premier-league,2023-2024,Aston Villa,405,,Goalkeeper,30,34.0,34,3015.0
premier-league,2023-2024,Aston Villa,405,,Goalkeeper,19,1.0,0,0.0
premier-league,2023-2024,Aston Villa,405,,Goalkeeper,22,5.0,0,0.0
premier-league,2023-2024,Aston Villa,405,,Goalkeeper,20,10.0,0,0.0
premier-league,2023-2024,Aston Villa,405,,Goalkeeper,33,31.0,5,405.0
premier-league,2023-2024,Aston Villa,405,,Goalkeeper,18,3.0,0,0.0
premier-league,2023-2024,Aston Villa,405,,Goalkeeper,20,1.0,0,0.0
premier-league,2023-2024,Aston Villa,405,,Goalkeeper,16,3.0,0,0.0
premier-league,2023-2024,Aston Villa,405,,Centre-Back,25,35.0,35,3074.0
premier-league,2023-2024,Aston Villa,405,,Right-Back,25,31.0,29,2143.0
premier-league,2023-2024,Aston Villa,405,,Centre-Back,26,34.0,29,2463.0
premier-league,2023-2024,Aston Villa,405,,Left-Back,29,33.0,33,2419.0
premier-league,2023-2024,Aston Villa,405,,Centre-Back,30,32.0,27,1811.0
premier-league,2023-2024,Aston Villa,405,,Centre-Back,28,34.0,14,1155.0
premier-league,2023-2024,Aston Villa,405,,Centre-Back,30,1.0,1,31.0
premier-league,2023-2024,Aston Villa,405,,Left-Back,30,25.0,21,1030.0
premier-league,2023-2024,Aston Villa,405,,Right-Back,20,17.0,3,5.0
premier-league,2023-2024,Aston Villa,405,,Centre-Back,28,31.0,5,150.0
premier-league,2023-2024,Aston Villa,405,,Left-Back,18,,0,0.0
premier-league,2023-2024,Aston Villa,405,,Centre-Back,18,,0,0.0
premier-league,2023-2024,Aston Villa,405,,Left-Back,19,,0,0.0
premier-league,2023-2024,Aston Villa,405,,Centre-Back,27,,0,0.0
premier-league,2023-2024,Aston Villa,405,,Left-Back,17,,0,0.0
premier-league,2023-2024,Aston Villa,405,,Left-Back,18,3.0,1,3.0
premier-league,2023-2024,Aston Villa,405,,Attacking Midfield,20,14.0,11,641.0
premier-league,2023-2024,Aston Villa,405,,Defensive Midfield,23,20.0,20,1661.0
premier-league,2023-2024,Aston Villa,405,,Central Midfield,22,16.0,16,851.0
premier-league,2023-2024,Aston Villa,405,,Central Midfield,26,32.0,32,1621.0
premier-league,2023-2024,Aston Villa,405,,Central Midfield,25,35.0,35,3002.0
premier-league,2023-2024,Aston Villa,405,,Central Midfield,20,25.0,9,158.0
premier-league,2023-2024,Aston Villa,405,,Central Midfield,28,35.0,35,3010.0
premier-league,2023-2024,Aston Villa,405,,Attacking Midfield,31,2.0,2,26.0
premier-league,2023-2024,Aston Villa,405,,Defensive Midfield,28,18.0,8,119.0
premier-league,2023-2024,Aston Villa,405,,Attacking Midfield,17,12.0,2,35.0
premier-league,2023-2024,Aston Villa,405,,Attacking Midfield,19,1.0,0,0.0
premier-league,2023-2024,Aston Villa,405,,Centre-Forward,27,37.0,37,3226.0
premier-league,2023-2024,Aston Villa,405,,Right Winger,23,38.0,38,2196.0
premier-league,2023-2024,Aston Villa,405,,Left Winger,21,1.0,1,3.0
premier-league,2023-2024,Aston Villa,405,,Left Winger,26,,0,0.0
premier-league,2023-2024,Aston Villa,405,,Second Striker,23,30.0,25,830.0
premier-league,2023-2024,Aston Villa,405,,Centre-Forward,19,28.0,23,462.0
premier-league,2023-2024,Aston Villa,405,,Right Winger,25,36.0,35,2076.0
premier-league,2023-2024,Aston Villa,405,,Centre-Forward,21,2.0,1,5.0
premier-league,2023-2024,Aston Villa,405,,Right Winger,27,8.0,2,10.0
premier-league,2023-2024,Aston Villa,405,,Left Winger,17,1.0,0,0.0
premier-league,2023-2024,Newcastle United,762,,Goalkeeper,31,18.0,15,1346.0
premier-league,2023-2024,Newcastle United,762,,Goalkeeper,30,22.0,1,90.0
premier-league,2023-2024,Newcastle United,762,,Goalkeeper,34,37.0,23,1984.0
premier-league,2023-2024,Newcastle United,762,,Goalkeeper,16,,0,0.0
premier-league,2023-2024,Newcastle United,762,,Goalkeeper,31,12.0,0,0.0
premier-league,2023-2024,Newcastle United,762,,Goalkeeper,16,,0,0.0
premier-league,2023-2024,Newcastle United,762,,Right-Back,20,33.0,26,1306.0
premier-league,2023-2024,Newcastle United,762,,Left-Back,18,33.0,18,775.0
premier-league,2023-2024,Newcastle United,762,,Centre-Back,23,17.0,17,1378.0
premier-league,2023-2024,Newcastle United,762,,Centre-Back,31,36.0,36,3056.0
premier-league,2023-2024,Newcastle United,762,,Centre-Back,31,33.0,33,2732.0
premier-league,2023-2024,Newcastle United,762,,Left-Back,27,11.0,3,78.0
premier-league,2023-2024,Newcastle United,762,,Left-Back,25,,0,0.0
premier-league,2023-2024,Newcastle United,762,,Left-Back,19,19.0,2,11.0
premier-league,2023-2024,Newcastle United,762,,Right-Back,32,28.0,28,2240.0
premier-league,2023-2024,Newcastle United,762,,Right-Back,21,,0,0.0
premier-league,2023-2024,Newcastle United,762,,Centre-Back,29,26.0,16,1081.0
premier-league,2023-2024,Newcastle United,762,,Right-Back,28,28.0,17,910.0
premier-league,2023-2024,Newcastle United,762,,Centre-Back,23,,0,0.0
premier-league,2023-2024,Newcastle United,762,,Left-Back,31,29.0,5,18.0
premier-league,2023-2024,Newcastle United,762,,Right-Back,29,1.0,0,0.0
premier-league,2023-2024,Newcastle United,762,,Defensive Midfield,23,9.0,8,440.0
premier-league,2023-2024,Newcastle United,762,,Central Midfield,20,21.0,21,1024.0
premier-league,2023-2024,Newcastle United,762,,Central Midfield,25,37.0,37,3269.0
premier-league,2023-2024,Newcastle United,762,,Central Midfield,26,20.0,20,1282.0
premier-league,2023-2024,Newcastle United,762,,Central Midfield,17,18.0,17,1208.0
premier-league,2023-2024,Newcastle United,762,,Central Midfield,25,35.0,35,2747.0
premier-league,2023-2024,Newcastle United,762,,Central Midfield,23,9.0,9,419.0
premier-league,2023-2024,Newcastle United,762,,Defensive Midfield,28,,0,0.0
premier-league,2023-2024,Newcastle United,762,,Central Midfield,17,1.0,0,0.0
premier-league,2023-2024,Newcastle United,762,,Attacking Midfield,20,14.0,4,12.0
premier-league,2023-2024,Newcastle United,762,,Central Midfield,20,,0,0.0
premier-league,2023-2024,Newcastle United,762,,Central Midfield,31,,0,0.0
premier-league,2023-2024,Newcastle United,762,,Central Midfield,19,,0,0.0
premier-league,2023-2024,Newcastle United,762,,Right Midfield,33,31.0,13,120.0
premier-league,2023-2024,Newcastle United,762,,Centre-Forward,23,31.0,30,2266.0
premier-league,2023-2024,Newcastle United,762,,Left Winger,22,35.0,35,2906.0
premier-league,2023-2024,Newcastle United,762,,Left Winger,25,21.0,21,794.0
premier-league,2023-2024,Newcastle United,762,,Right Winger,28,26.0,21,1193.0
premier-league,2023-2024,Newcastle United,762,,Right Winger,29,33.0,33,1947.0
premier-league,2023-2024,Newcastle United,762,,Centre-Forward,31,20.0,20,985.0
premier-league,2023-2024,Newcastle United,762,,Left Winger,29,,0,0.0
premier-league,2023-2024,Newcastle United,762,,Left Winger,20,6.0,1,1.0
premier-league,2023-2024,Newcastle United,762,,Centre-Forward,18,9.0,1,24.0
premier-league,2023-2024,Newcastle United,762,,Centre-Forward,19,1.0,1,1.0
premier-league,2023-2024,Brighton & Hove Albion,1237,,Goalkeeper,20,38.0,21,1890.0
premier-league,2023-2024,Brighton & Hove Albion,1237,,Goalkeeper,21,,0,0.0
premier-league,2023-2024,Brighton & Hove Albion,1237,,Goalkeeper,32,38.0,17,1530.0
premier-league,2023-2024,Brighton & Hove Albion,1237,,Goalkeeper,23,,0,0.0
premier-league,2023-2024,Brighton & Hove Albion,1237,,Centre-Back,23,32.0,28,2368.0
premier-league,2023-2024,Brighton & Hove Albion,1237,,Left-Back,25,20.0,19,1245.0
premier-league,2023-2024,Brighton & Hove Albion,1237,,Centre-Back,25,34.0,24,1636.0
premier-league,2023-2024,Brighton & Hove Albion,1237,,Centre-Back,31,33.0,33,2872.0
premier-league,2023-2024,Brighton & Hove Albion,1237,,Right-Back,22,19.0,19,914.0
premier-league,2023-2024,Brighton & Hove Albion,1237,,Centre-Back,28,27.0,15,1143.0
premier-league,2023-2024,Brighton & Hove Albion,1237,,Centre-Back,20,8.0,4,127.0
premier-league,2023-2024,Brighton & Hove Albion,1237,,Right-Back,31,29.0,27,1582.0
premier-league,2023-2024,Brighton & Hove Albion,1237,,Centre-Back,20,,0,0.0
premier-league,2023-2024,Brighton & Hove Albion,1237,,Left-Back,20,1.0,0,0.0
premier-league,2023-2024,Brighton & Hove Albion,1237,,Centre-Back,19,4.0,0,0.0
premier-league,2023-2024,Brighton & Hove Albion,1237,,Centre-Back,19,1.0,0,0.0
premier-league,2023-2024,Brighton & Hove Albion,1237,,Centre-Back,18,1.0,0,0.0
premier-league,2023-2024,Brighton & Hove Albion,1237,,Defensive Midfield,19,34.0,27,1320.0
premier-league,2023-2024,Brighton & Hove Albion,1237,,Central Midfield,18,10.0,6,308.0
premier-league,2023-2024,Brighton & Hove Albion,1237,,Central Midfield,19,,0,0.0
premier-league,2023-2024,Brighton & Hove Albion,1237,,Defensive Midfield,18,16.0,12,871.0
premier-league,2023-2024,Brighton & Hove Albion,1237,,Attacking Midfield,19,13.0,12,472.0
premier-league,2023-2024,Brighton & Hove Albion,1237,,Defensive Midfield,22,31.0,30,2126.0
premier-league,2023-2024,Brighton & Hove Albion,1237,,Attacking Midfield,18,33.0,27,1369.0
premier-league,2023-2024,Brighton & Hove Albion,1237,,Central Midfield,24,27.0,17,613.0
premier-league,2023-2024,Brighton & Hove Albion,1237,,Central Midfield,32,36.0,36,3114.0
premier-league,2023-2024,Brighton & Hove Albion,1237,,Central Midfield,24,1.0,0,0.0
premier-league,2023-2024,Brighton & Hove Albion,1237,,Central Midfield,21,,0,0.0
premier-league,2023-2024,Brighton & Hove Albion,1237,,Central Midfield,27,17.0,9,454.0
premier-league,2023-2024,Brighton & Hove Albion,1237,,Attacking Midfield,19,,0,0.0
premier-league,2023-2024,Brighton & Hove Albion,1237,,Central Midfield,21,,0,0.0
premier-league,2023-2024,Brighton & Hove Albion,1237,,Central Midfield,19,1.0,0,0.0
premier-league,2023-2024,Brighton & Hove Albion,1237,,Defensive Midfield,20,,0,0.0
premier-league,2023-2024,Brighton & Hove Albion,1237,,Central Midfield,37,17.0,15,778.0
premier-league,2023-2024,Brighton & Hove Albion,1237,,Attacking Midfield,35,33.0,25,846.0
premier-league,2023-2024,Brighton & Hove Albion,1237,,Centre-Forward,21,31.0,31,2047.0
premier-league,2023-2024,Brighton & Hove Albion,1237,,Left Winger,26,19.0,19,1488.0
premier-league,2023-2024,Brighton & Hove Albion,1237,,Left Winger,21,32.0,31,2232.0
premier-league,2023-2024,Brighton & Hove Albion,1237,,Centre-Forward,18,28.0,27,1365.0
premier-league,2023-2024,Brighton & Hove Albion,1237,,Left Winger,20,24.0,19,511.0
premier-league,2023-2024,Brighton & Hove Albion,1237,,Left Winger,21,,0,0.0
premier-league,2023-2024,Brighton & Hove Albion,1237,,Left Winger,22,,0,0.0
premier-league,2023-2024,Brighton & Hove Albion,1237,,Centre-Forward,32,30.0,29,1710.0
premier-league,2023-2024,Brighton & Hove Albion,1237,,Centre-Forward,18,1.0,0,0.0
premier-league,2023-2024,Brighton & Hove Albion,1237,,Right Winger,28,8.0,7,559.0
premier-league,2023-2024,Brighton & Hove Albion,1237,,Left Winger,20,6.0,0,0.0
premier-league,2023-2024,Brighton & Hove Albion,1237,,Centre-Forward,18,11.0,3,61.0
premier-league,2023-2024,Brighton & Hove Albion,1237,,Right Winger,19,14.0,5,37.0
premier-league,2023-2024,Brighton & Hove Albion,1237,,Left Winger,18,2.0,0,0.0
premier-league,2023-2024,Nottingham Forest,703,,Goalkeeper,31,16.0,16,1440.0
premier-league,2023-2024,Nottingham Forest,703,,Goalkeeper,29,19.0,5,450.0
premier-league,2023-2024,Nottingham Forest,703,,Goalkeeper,29,38.0,17,1530.0
premier-league,2023-2024,Nottingham Forest,703,,Goalkeeper,28,4.0,0,0.0
premier-league,2023-2024,Nottingham Forest,703,,Goalkeeper,36,1.0,0,0.0
premier-league,2023-2024,Nottingham Forest,703,,Centre-Back,20,32.0,32,2793.0
premier-league,2023-2024,Nottingham Forest,703,,Left-Back,22,31.0,26,1634.0
premier-league,2023-2024,Nottingham Forest,703,,Right-Back,26,25.0,22,1701.0
premier-league,2023-2024,Nottingham Forest,703,,Centre-Back,27,33.0,21,1457.0
premier-league,2023-2024,Nottingham Forest,703,,Left-Back,23,13.0,8,455.0
premier-league,2023-2024,Nottingham Forest,703,,Centre-Back,21,19.0,11,782.0
premier-league,2023-2024,Nottingham Forest,703,,Right-Back,26,24.0,14,802.0
premier-league,2023-2024,Nottingham Forest,703,,Centre-Back,17,,0,0.0
premier-league,2023-2024,Nottingham Forest,703,,Centre-Back,26,6.0,5,417.0
premier-league,2023-2024,Nottingham Forest,703,,Centre-Back,26,14.0,7,440.0
premier-league,2023-2024,Nottingham Forest,703,,Left-Back,27,32.0,23,1455.0
premier-league,2023-2024,Nottingham Forest,703,,Right-Back,30,13.0,12,834.0
premier-league,2023-2024,Nottingham Forest,703,,Centre-Back,32,23.0,20,1443.0
premier-league,2023-2024,Nottingham Forest,703,,Centre-Back,34,13.0,7,373.0
premier-league,2023-2024,Nottingham Forest,703,,Attacking Midfield,23,37.0,37,3162.0
premier-league,2023-2024,Nottingham Forest,703,,Central Midfield,19,6.0,1,7.0
premier-league,2023-2024,Nottingham Forest,703,,Central Midfield,22,31.0,29,1797.0
premier-league,2023-2024,Nottingham Forest,703,,Defensive Midfield,25,24.0,17,1038.0
premier-league,2023-2024,Nottingham Forest,703,,Central Midfield,25,32.0,26,1503.0
premier-league,2023-2024,Nottingham Forest,703,,Defensive Midfield,25,21.0,20,1570.0
premier-league,2023-2024,Nottingham Forest,703,,Central Midfield,25,37.0,35,1986.0
premier-league,2023-2024,Nottingham Forest,703,,Central Midfield,24,1.0,0,0.0
premier-league,2023-2024,Nottingham Forest,703,,Attacking Midfield,20,13.0,9,230.0
premier-league,2023-2024,Nottingham Forest,703,,Central Midfield,31,3.0,0,0.0
premier-league,2023-2024,Nottingham Forest,703,,Central Midfield,20,4.0,1,4.0
premier-league,2023-2024,Nottingham Forest,703,,Defensive Midfield,19,1.0,0,0.0
premier-league,2023-2024,Nottingham Forest,703,,Attacking Midfield,30,2.0,0,0.0
premier-league,2023-2024,Nottingham Forest,703,,Central Midfield,33,,0,0.0
premier-league,2023-2024,Nottingham Forest,703,,Defensive Midfield,33,30.0,12,208.0
premier-league,2023-2024,Nottingham Forest,703,,Right Winger,21,36.0,36,2434.0
premier-league,2023-2024,Nottingham Forest,703,,Right Winger,22,3.0,3,240.0
premier-league,2023-2024,Nottingham Forest,703,,Left Winger,22,30.0,29,1857.0
premier-league,2023-2024,Nottingham Forest,703,,Centre-Forward,25,20.0,20,1046.0
premier-league,2023-2024,Nottingham Forest,703,,Centre-Forward,31,31.0,31,1807.0
premier-league,2023-2024,Nottingham Forest,703,,Centre-Forward,18,12.0,4,14.0
premier-league,2023-2024,Nottingham Forest,703,,Centre-Forward,25,,0,0.0
premier-league,2023-2024,Nottingham Forest,703,,Left Winger,21,,0,0.0
premier-league,2023-2024,Nottingham Forest,703,,Right Winger,24,,0,0.0
premier-league,2023-2024,Nottingham Forest,703,,Centre-Forward,18,2.0,0,0.0
premier-league,2023-2024,Nottingham Forest,703,,Centre-Forward,18,1.0,0,0.0
premier-league,2023-2024,Nottingham Forest,703,,Centre-Forward,28,27.0,20,600.0
premier-league,2023-2024,West Ham United,379,,Goalkeeper,30,33.0,31,2700.0
premier-league,2023-2024,West Ham United,379,,Goalkeeper,23,7.0,0,0.0
premier-league,2023-2024,West Ham United,379,,Goalkeeper,38,37.0,10,721.0
premier-league,2023-2024,West Ham United,379,,Goalkeeper,19,,0,0.0
premier-league,2023-2024,West Ham United,379,,Centre-Back,25,29.0,19,1501.0
premier-league,2023-2024,West Ham United,379,,Centre-Back,27,25.0,21,1859.0
premier-league,2023-2024,West Ham United,379,,Centre-Back,26,18.0,4,22.0
premier-league,2023-2024,West Ham United,379,,Left-Back,17,5.0,0,0.0
premier-league,2023-2024,West Ham United,379,,Left-Back,28,36.0,36,3143.0
premier-league,2023-2024,West Ham United,379,,Right-Back,23,25.0,14,539.0
premier-league,2023-2024,West Ham United,379,,Right-Back,30,36.0,36,3139.0
premier-league,2023-2024,West Ham United,379,,Centre-Back,18,8.0,1,1.0
premier-league,2023-2024,West Ham United,379,,Left-Back,33,32.0,11,432.0
premier-league,2023-2024,West Ham United,379,,Centre-Back,20,1.0,0,0.0
premier-league,2023-2024,West Ham United,379,,Centre-Back,35,38.0,11,634.0
premier-league,2023-2024,West Ham United,379,,Centre-Back,28,34.0,33,2839.0
premier-league,2023-2024,West Ham United,379,,Attacking Midfield,25,31.0,31,2639.0
premier-league,2023-2024,West Ham United,379,,Defensive Midfield,25,32.0,31,2383.0
premier-league,2023-2024,West Ham United,379,,Defensive Midfield,24,,0,0.0
premier-league,2023-2024,West Ham United,379,,Defensive Midfield,28,37.0,37,2874.0
premier-league,2023-2024,West Ham United,379,,Central Midfield,27,21.0,15,419.0
premier-league,2023-2024,West Ham United,379,,Central Midfield,28,37.0,37,3004.0
premier-league,2023-2024,West Ham United,379,,Defensive Midfield,27,12.0,8,307.0
premier-league,2023-2024,West Ham United,379,,Defensive Midfield,23,2.0,0,0.0
premier-league,2023-2024,West Ham United,379,,Attacking Midfield,18,9.0,3,32.0
premier-league,2023-2024,West Ham United,379,,Central Midfield,17,4.0,0,0.0
premier-league,2023-2024,West Ham United,379,,Attacking Midfield,20,,0,0.0
premier-league,2023-2024,West Ham United,379,,Right Midfield,21,,0,0.0
premier-league,2023-2024,West Ham United,379,,Right Winger,22,33.0,33,2489.0
premier-league,2023-2024,West Ham United,379,,Right Winger,26,34.0,34,3022.0
premier-league,2023-2024,West Ham United,379,,Left Winger,27,20.0,13,615.0
premier-league,2023-2024,West Ham United,379,,Centre-Forward,18,31.0,5,75.0
premier-league,2023-2024,West Ham United,379,,Centre-Forward,18,1.0,0,0.0
premier-league,2023-2024,West Ham United,379,,Left Winger,26,28.0,7,110.0
premier-league,2023-2024,West Ham United,379,,Centre-Forward,30,38.0,20,390.0
premier-league,2023-2024,West Ham United,379,,Centre-Forward,33,26.0,26,1711.0
premier-league,2023-2024,Crystal Palace,873,,Goalkeeper,26,25.0,18,1620.0
premier-league,2023-2024,Crystal Palace,873,,Goalkeeper,30,24.0,20,1797.0
premier-league,2023-2024,Crystal Palace,873,,Goalkeeper,19,1.0,0,0.0
premier-league,2023-2024,Crystal Palace,873,,Goalkeeper,29,29.0,1,3.0
premier-league,2023-2024,Crystal Palace,873,,Centre-Back,22,25.0,25,2023.0
premier-league,2023-2024,Crystal Palace,873,,Centre-Back,23,35.0,26,2091.0
premier-league,2023-2024,Crystal Palace,873,,Left-Back,23,37.0,37,3210.0
premier-league,2023-2024,Crystal Palace,873,,Right-Back,27,16.0,16,1440.0
premier-league,2023-2024,Crystal Palace,873,,Centre-Back,27,38.0,38,3417.0
premier-league,2023-2024,Crystal Palace,873,,Centre-Back,27,10.0,0,0.0
premier-league,2023-2024,Crystal Palace,873,,Left-Back,19,3.0,0,0.0
premier-league,2023-2024,Crystal Palace,873,,Right-Back,32,37.0,19,1338.0
premier-league,2023-2024,Crystal Palace,873,,Centre-Back,19,,0,0.0
premier-league,2023-2024,Crystal Palace,873,,Right-Back,33,31.0,26,1982.0
premier-league,2023-2024,Crystal Palace,873,,Centre-Back,34,28.0,4,8.0
premier-league,2023-2024,Crystal Palace,873,,Centre-Back,22,,0,0.0
premier-league,2023-2024,Crystal Palace,873,,Defensive Midfield,19,16.0,16,1305.0
premier-league,2023-2024,Crystal Palace,873,,Attacking Midfield,25,27.0,27,2066.0
premier-league,2023-2024,Crystal Palace,873,,Defensive Midfield,23,12.0,11,922.0
premier-league,2023-2024,Crystal Palace,873,,Defensive Midfield,28,28.0,28,2404.0
premier-league,2023-2024,Crystal Palace,873,,Attacking Midfield,19,19.0,10,225.0
premier-league,2023-2024,Crystal Palace,873,,Central Midfield,28,31.0,30,1900.0
premier-league,2023-2024,Crystal Palace,873,,Central Midfield,21,34.0,20,331.0
premier-league,2023-2024,Crystal Palace,873,,Defensive Midfield,18,24.0,9,148.0
premier-league,2023-2024,Crystal Palace,873,,Defensive Midfield,26,29.0,9,230.0
premier-league,2023-2024,Crystal Palace,873,,Left Midfield,30,32.0,29,1354.0
premier-league,2023-2024,Crystal Palace,873,,Defensive Midfield,18,2.0,0,0.0
premier-league,2023-2024,Crystal Palace,873,,Attacking Midfield,19,2.0,0,0.0
premier-league,2023-2024,Crystal Palace,873,,Central Midfield,19,,0,0.0
premier-league,2023-2024,Crystal Palace,873,,Right Winger,21,19.0,19,1278.0
premier-league,2023-2024,Crystal Palace,873,,Centre-Forward,26,37.0,35,2285.0
premier-league,2023-2024,Crystal Palace,873,,Centre-Forward,25,33.0,30,1555.0
premier-league,2023-2024,Crystal Palace,873,,Right Winger,20,13.0,6,132.0
premier-league,2023-2024,Crystal Palace,873,,Centre-Forward,20,3.0,0,0.0
premier-league,2023-2024,Crystal Palace,873,,Centre-Forward,31,36.0,35,2551.0
premier-league,2023-2024,Crystal Palace,873,,Right Winger,19,10.0,0,0.0
premier-league,2023-2024,Crystal Palace,873,,Right Winger,18,5.0,0,0.0
premier-league,2023-2024,Crystal Palace,873,,Centre-Forward,19,3.0,0,0.0
premier-league,2023-2024,Crystal Palace,873,,Left Winger,20,3.0,0,0.0
premier-league,2023-2024,Crystal Palace,873,,Right Winger,19,2.0,0,0.0
premier-league,2023-2024,Wolverhampton Wanderers,543,,Goalkeeper,30,35.0,35,3038.0
premier-league,2023-2024,Wolverhampton Wanderers,543,,Goalkeeper,29,38.0,5,382.0
premier-league,2023-2024,Wolverhampton Wanderers,543,,Goalkeeper,28,4.0,0,0.0
premier-league,2023-2024,Wolverhampton Wanderers,543,,Goalkeeper,21,,0,0.0
premier-league,2023-2024,Wolverhampton Wanderers,543,,Right-Back,24,2.0,2,180.0
premier-league,2023-2024,Wolverhampton Wanderers,543,,Left-Back,22,33.0,33,2343.0
premier-league,2023-2024,Wolverhampton Wanderers,543,,Centre-Back,24,38.0,35,2776.0
premier-league,2023-2024,Wolverhampton Wanderers,543,,Centre-Back,26,38.0,38,3420.0
premier-league,2023-2024,Wolverhampton Wanderers,543,,Centre-Back,22,1.0,0,0.0
premier-league,2023-2024,Wolverhampton Wanderers,543,,Left-Back,20,33.0,22,732.0
premier-league,2023-2024,Wolverhampton Wanderers,543,,Centre-Back,24,30.0,12,820.0
premier-league,2023-2024,Wolverhampton Wanderers,543,,Right-Back,29,36.0,36,3093.0
premier-league,2023-2024,Wolverhampton Wanderers,543,,Right-Back,21,,0,0.0
premier-league,2023-2024,Wolverhampton Wanderers,543,,Right-Back,29,8.0,1,4.0
premier-league,2023-2024,Wolverhampton Wanderers,543,,Centre-Back,19,1.0,0,0.0
premier-league,2023-2024,Wolverhampton Wanderers,543,,Right-Back,31,38.0,30,1141.0
premier-league,2023-2024,Wolverhampton Wanderers,543,,Centre-Back,33,27.0,25,2211.0
premier-league,2023-2024,Wolverhampton Wanderers,543,,Centre-Back,19,,0,0.0
premier-league,2023-2024,Wolverhampton Wanderers,543,,Centre-Back,18,1.0,0,0.0
premier-league,2023-2024,Wolverhampton Wanderers,543,,Left-Back,19,,0,0.0
premier-league,2023-2024,Wolverhampton Wanderers,543,,Right-Back,15,5.0,0,0.0
premier-league,2023-2024,Wolverhampton Wanderers,543,,Central Midfield,22,35.0,34,2659.0
premier-league,2023-2024,Wolverhampton Wanderers,543,,Central Midfield,25,22.0,22,957.0
premier-league,2023-2024,Wolverhampton Wanderers,543,,Central Midfield,21,32.0,26,1214.0
premier-league,2023-2024,Wolverhampton Wanderers,543,,Defensive Midfield,29,35.0,35,2975.0
premier-league,2023-2024,Wolverhampton Wanderers,543,,Defensive Midfield,21,33.0,24,803.0
premier-league,2023-2024,Wolverhampton Wanderers,543,,Attacking Midfield,31,37.0,30,1751.0
premier-league,2023-2024,Wolverhampton Wanderers,543,,Central Midfield,21,,0,0.0
premier-league,2023-2024,Wolverhampton Wanderers,543,,Defensive Midfield,24,,0,0.0
premier-league,2023-2024,Wolverhampton Wanderers,543,,Defensive Midfield,20,9.0,0,0.0
premier-league,2023-2024,Wolverhampton Wanderers,543,,Attacking Midfield,19,23.0,8,139.0
premier-league,2023-2024,Wolverhampton Wanderers,543,,Attacking Midfield,18,5.0,0,0.0
premier-league,2023-2024,Wolverhampton Wanderers,543,,Defensive Midfield,19,2.0,0,0.0
premier-league,2023-2024,Wolverhampton Wanderers,543,,Attacking Midfield,17,6.0,0,0.0
premier-league,2023-2024,Wolverhampton Wanderers,543,,Central Midfield,18,1.0,0,0.0
premier-league,2023-2024,Wolverhampton Wanderers,543,,Attacking Midfield,20,1.0,0,0.0
premier-league,2023-2024,Wolverhampton Wanderers,543,,Centre-Forward,24,32.0,32,2454.0
premier-league,2023-2024,Wolverhampton Wanderers,543,,Right Winger,23,21.0,20,1519.0
premier-league,2023-2024,Wolverhampton Wanderers,543,,Centre-Forward,20,17.0,8,262.0
premier-league,2023-2024,Wolverhampton Wanderers,543,,Centre-Forward,27,29.0,29,2124.0
premier-league,2023-2024,Wolverhampton Wanderers,543,,Centre-Forward,25,20.0,11,159.0
premier-league,2023-2024,Wolverhampton Wanderers,543,,Left Winger,18,5.0,1,1.0
premier-league,2023-2024,Wolverhampton Wanderers,543,,Left Winger,20,,0,0.0
premier-league,2023-2024,Wolverhampton Wanderers,543,,Centre-Forward,18,20.0,7,184.0
premier-league,2023-2024,Wolverhampton Wanderers,543,,Centre-Forward,17,4.0,3,175.0
premier-league,2023-2024,Wolverhampton Wanderers,543,,Centre-Forward,18,3.0,0,0.0
premier-league,2023-2024,Wolverhampton Wanderers,543,,Left Winger,14,,0,0.0
premier-league,2023-2024,Brentford FC,1148,,Goalkeeper,30,37.0,37,3285.0
premier-league,2023-2024,Brentford FC,1148,,Goalkeeper,28,34.0,2,135.0
premier-league,2023-2024,Brentford FC,1148,,Goalkeeper,21,4.0,0,0.0
premier-league,2023-2024,Brentford FC,1148,,Goalkeeper,20,,0,0.0
premier-league,2023-2024,Brentford FC,1148,,Goalkeeper,23,3.0,0,0.0
premier-league,2023-2024,Brentford FC,1148,,Goalkeeper,19,2.0,0,0.0
premier-league,2023-2024,Brentford FC,1148,,Centre-Back,22,33.0,32,2650.0
premier-league,2023-2024,Brentford FC,1148,,Centre-Back,25,29.0,28,1833.0
premier-league,2023-2024,Brentford FC,1148,,Right-Back,21,9.0,9,720.0
premier-league,2023-2024,Brentford FC,1148,,Left-Back,25,5.0,5,402.0
premier-league,2023-2024,Brentford FC,1148,,Right-Back,24,37.0,34,1988.0
premier-league,2023-2024,Brentford FC,1148,,Left-Back,26,16.0,16,1124.0
premier-league,2023-2024,Brentford FC,1148,,Centre-Back,30,29.0,29,2521.0
premier-league,2023-2024,Brentford FC,1148,,Centre-Back,18,8.0,0,0.0
premier-league,2023-2024,Brentford FC,1148,,Centre-Back,18,2.0,0,0.0
premier-league,2023-2024,Brentford FC,1148,,Right-Back,20,,0,0.0
premier-league,2023-2024,Brentford FC,1148,,Centre-Back,27,5.0,0,0.0
premier-league,2023-2024,Brentford FC,1148,,Centre-Back,33,37.0,14,1087.0
premier-league,2023-2024,Brentford FC,1148,,Centre-Back,17,1.0,0,0.0
premier-league,2023-2024,Brentford FC,1148,,Left-Back,20,5.0,0,0.0
premier-league,2023-2024,Brentford FC,1148,,Centre-Back,33,18.0,16,1276.0
premier-league,2023-2024,Brentford FC,1148,,Central Midfield,19,38.0,27,674.0
premier-league,2023-2024,Brentford FC,1148,,Attacking Midfield,22,26.0,23,836.0
premier-league,2023-2024,Brentford FC,1148,,Left Midfield,22,33.0,30,1441.0
premier-league,2023-2024,Brentford FC,1148,,Defensive Midfield,25,38.0,38,3073.0
premier-league,2023-2024,Brentford FC,1148,,Central Midfield,27,32.0,32,2221.0
premier-league,2023-2024,Brentford FC,1148,,Central Midfield,25,30.0,26,1153.0
premier-league,2023-2024,Brentford FC,1148,,Defensive Midfield,29,31.0,31,2514.0
premier-league,2023-2024,Brentford FC,1148,,Defensive Midfield,17,1.0,0,0.0
premier-league,2023-2024,Brentford FC,1148,,Central Midfield,22,,0,0.0
premier-league,2023-2024,Brentford FC,1148,,Central Midfield,24,4.0,3,25.0
premier-league,2023-2024,Brentford FC,1148,,Attacking Midfield,29,32.0,19,730.0
premier-league,2023-2024,Brentford FC,1148,,Central Midfield,25,21.0,10,224.0
premier-league,2023-2024,Brentford FC,1148,,Attacking Midfield,20,9.0,3,11.0
premier-league,2023-2024,Brentford FC,1148,,Central Midfield,19,13.0,0,0.0
premier-league,2023-2024,Brentford FC,1148,,Central Midfield,20,2.0,0,0.0
premier-league,2023-2024,Brentford FC,1148,,Right Winger,23,25.0,25,1961.0
premier-league,2023-2024,Brentford FC,1148,,Left Winger,21,11.0,11,330.0
premier-league,2023-2024,Brentford FC,1148,,Centre-Forward,26,34.0,34,2508.0
premier-league,2023-2024,Brentford FC,1148,,Centre-Forward,27,18.0,17,1449.0
premier-league,2023-2024,Brentford FC,1148,,Centre-Forward,26,31.0,29,1313.0
premier-league,2023-2024,Brentford FC,1148,,Right Winger,19,17.0,8,51.0
premier-league,2023-2024,AFC Bournemouth,989,,Goalkeeper,26,13.0,2,180.0
premier-league,2023-2024,AFC Bournemouth,989,,Goalkeeper,24,29.0,4,360.0
premier-league,2023-2024,AFC Bournemouth,989,,Goalkeeper,33,36.0,32,2880.0
premier-league,2023-2024,AFC Bournemouth,989,,Goalkeeper,16,3.0,0,0.0
premier-league,2023-2024,AFC Bournemouth,989,,Goalkeeper,22,,0,0.0
premier-league,2023-2024,AFC Bournemouth,989,,Goalkeeper,21,,0,0.0
premier-league,2023-2024,AFC Bournemouth,989,,Goalkeeper,36,1.0,0,0.0
premier-league,2023-2024,AFC Bournemouth,989,,Centre-Back,20,37.0,37,3330.0
premier-league,2023-2024,AFC Bournemouth,989,,Left-Back,19,31.0,28,1976.0
premier-league,2023-2024,AFC Bournemouth,989,,Centre-Back,26,32.0,31,2247.0
premier-league,2023-2024,AFC Bournemouth,989,,Centre-Back,21,15.0,5,75.0
premier-league,2023-2024,AFC Bournemouth,989,,Centre-Back,24,23.0,23,1556.0
premier-league,2023-2024,AFC Bournemouth,989,,Centre-Back,25,24.0,10,613.0
premier-league,2023-2024,AFC Bournemouth,989,,Right-Back,23,25.0,20,1234.0
premier-league,2023-2024,AFC Bournemouth,989,,Right-Back,32,34.0,28,2157.0
premier-league,2023-2024,AFC Bournemouth,989,,Left-Back,21,4.0,0,0.0
premier-league,2023-2024,AFC Bournemouth,989,,Centre-Back,18,7.0,0,0.0
premier-league,2023-2024,AFC Bournemouth,989,,Right-Back,30,,0,0.0
premier-league,2023-2024,AFC Bournemouth,989,,Central Midfield,19,25.0,23,1010.0
premier-league,2023-2024,AFC Bournemouth,989,,Attacking Midfield,24,30.0,30,2133.0
premier-league,2023-2024,AFC Bournemouth,989,,Defensive Midfield,24,5.0,3,118.0
premier-league,2023-2024,AFC Bournemouth,989,,Attacking Midfield,24,38.0,32,1935.0
premier-league,2023-2024,AFC Bournemouth,989,,Central Midfield,26,33.0,33,2792.0
premier-league,2023-2024,AFC Bournemouth,989,,Central Midfield,28,37.0,37,2920.0
premier-league,2023-2024,AFC Bournemouth,989,,Central Midfield,27,33.0,29,1393.0
premier-league,2023-2024,AFC Bournemouth,989,,Attacking Midfield,24,13.0,5,37.0
premier-league,2023-2024,AFC Bournemouth,989,,Central Midfield,28,19.0,11,381.0
premier-league,2023-2024,AFC Bournemouth,989,,Attacking Midfield,28,1.0,0,0.0
premier-league,2023-2024,AFC Bournemouth,989,,Central Midfield,23,7.0,0,0.0
premier-league,2023-2024,AFC Bournemouth,989,,Right Winger,23,36.0,33,2113.0
premier-league,2023-2024,AFC Bournemouth,989,,Right Winger,21,32.0,30,1220.0
premier-league,2023-2024,AFC Bournemouth,989,,Centre-Forward,25,38.0,38,3333.0
premier-league,2023-2024,AFC Bournemouth,989,,Left Winger,23,3.0,3,153.0
premier-league,2023-2024,AFC Bournemouth,989,,Left Winger,23,10.0,3,44.0
premier-league,2023-2024,AFC Bournemouth,989,,Right Winger,25,20.0,13,273.0
premier-league,2023-2024,AFC Bournemouth,989,,Left Winger,24,24.0,20,691.0
premier-league,2023-2024,AFC Bournemouth,989,,Centre-Forward,26,16.0,16,319.0
premier-league,2023-2024,AFC Bournemouth,989,,Centre-Forward,18,,0,0.0
premier-league,2023-2024,AFC Bournemouth,989,,Centre-Forward,30,16.0,8,100.0
premier-league,2023-2024,AFC Bournemouth,989,,Right Winger,19,5.0,1,1.0
premier-league,2023-2024,AFC Bournemouth,989,,Centre-Forward,28,,0,0.0
premier-league,2023-2024,AFC Bournemouth,989,,Right Winger,18,4.0,0,0.0
premier-league,2023-2024,Everton FC,29,,Goalkeeper,29,38.0,38,3420.0
premier-league,2023-2024,Everton FC,29,,Goalkeeper,23,38.0,0,0.0
premier-league,2023-2024,Everton FC,29,,Goalkeeper,23,1.0,0,0.0
premier-league,2023-2024,Everton FC,29,,Goalkeeper,39,10.0,0,0.0
premier-league,2023-2024,Everton FC,29,,Centre-Back,21,37.0,35,3117.0
premier-league,2023-2024,Everton FC,29,,Left-Back,24,32.0,28,2471.0
premier-league,2023-2024,Everton FC,29,,Right-Back,21,32.0,20,1000.0
premier-league,2023-2024,Everton FC,29,,Centre-Back,30,38.0,38,3420.0
premier-league,2023-2024,Everton FC,29,,Centre-Back,25,38.0,15,1123.0
premier-league,2023-2024,Everton FC,29,,Centre-Back,30,35.0,9,438.0
premier-league,2023-2024,Everton FC,29,,Centre-Back,26,,0,0.0
premier-league,2023-2024,Everton FC,29,,Centre-Back,18,1.0,0,0.0
premier-league,2023-2024,Everton FC,29,,Left-Back,21,17.0,0,0.0
premier-league,2023-2024,Everton FC,29,,Right-Back,34,18.0,12,662.0
premier-league,2023-2024,Everton FC,29,,Right-Back,37,32.0,31,2290.0
premier-league,2023-2024,Everton FC,29,,Defensive Midfield,21,31.0,30,2090.0
premier-league,2023-2024,Everton FC,29,,Defensive Midfield,22,37.0,37,3005.0
premier-league,2023-2024,Everton FC,29,,Attacking Midfield,30,32.0,32,2642.0
premier-league,2023-2024,Everton FC,29,,Central Midfield,29,16.0,12,504.0
premier-league,2023-2024,Everton FC,29,,Attacking Midfield,27,,0,0.0
premier-league,2023-2024,Everton FC,29,,Defensive Midfield,33,28.0,25,1893.0
premier-league,2023-2024,Everton FC,29,,Central Midfield,20,5.0,1,1.0
premier-league,2023-2024,Everton FC,29,,Central Midfield,18,4.0,0,0.0
premier-league,2023-2024,Everton FC,29,,Central Midfield,20,8.0,1,1.0
premier-league,2023-2024,Everton FC,29,,Centre-Forward,26,32.0,32,2186.0
premier-league,2023-2024,Everton FC,29,,Left Winger,27,2.0,2,141.0
premier-league,2023-2024,Everton FC,29,,Left Winger,23,35.0,35,2898.0
premier-league,2023-2024,Everton FC,29,,Centre-Forward,25,32.0,30,941.0
premier-league,2023-2024,Everton FC,29,,Centre-Forward,19,36.0,18,196.0
premier-league,2023-2024,Everton FC,29,,Centre-Forward,20,3.0,1,1.0
premier-league,2023-2024,Everton FC,29,,Left Winger,20,28.0,12,227.0
premier-league,2023-2024,Everton FC,29,,Left Winger,26,30.0,29,2219.0
premier-league,2023-2024,Everton FC,29,,Centre-Forward,26,3.0,2,112.0
premier-league,2023-2024,Everton FC,29,,Left Winger,26,28.0,14,589.0
premier-league,2023-2024,Fulham FC,931,,Goalkeeper,31,38.0,38,3420.0
premier-league,2023-2024,Fulham FC,931,,Goalkeeper,26,38.0,0,0.0
premier-league,2023-2024,Fulham FC,931,,Goalkeeper,24,,0,0.0
premier-league,2023-2024,Fulham FC,931,,Centre-Back,23,33.0,29,2300.0
premier-league,2023-2024,Fulham FC,931,,Left-Back,25,37.0,37,3270.0
premier-league,2023-2024,Fulham FC,931,,Centre-Back,25,22.0,20,1617.0
premier-league,2023-2024,Fulham FC,931,,Right-Back,27,28.0,14,868.0
premier-league,2023-2024,Fulham FC,931,,Right-Back,27,35.0,34,2634.0
premier-league,2023-2024,Fulham FC,931,,Centre-Back,26,21.0,18,1425.0
premier-league,2023-2024,Fulham FC,931,,Right-Back,28,3.0,0,0.0
premier-league,2023-2024,Fulham FC,931,,Centre-Back,17,5.0,0,0.0
premier-league,2023-2024,Fulham FC,931,,Left-Back,26,22.0,6,65.0
premier-league,2023-2024,Fulham FC,931,,Right-Back,19,1.0,0,0.0
premier-league,2023-2024,Fulham FC,931,,Centre-Back,35,31.0,18,1505.0
premier-league,2023-2024,Fulham FC,931,,Attacking Midfield,16,2.0,0,0.0
premier-league,2023-2024,Fulham FC,931,,Defensive Midfield,27,33.0,33,2709.0
premier-league,2023-2024,Fulham FC,931,,Central Midfield,27,38.0,37,2639.0
premier-league,2023-2024,Fulham FC,931,,Central Midfield,26,33.0,24,1120.0
premier-league,2023-2024,Fulham FC,931,,Central Midfield,28,37.0,27,1326.0
premier-league,2023-2024,Fulham FC,931,,Attacking Midfield,18,5.0,1,74.0
premier-league,2023-2024,Fulham FC,931,,Attacking Midfield,30,38.0,33,1423.0
premier-league,2023-2024,Fulham FC,931,,Central Midfield,32,38.0,34,1478.0
premier-league,2023-2024,Fulham FC,931,,Central Midfield,22,5.0,0,0.0
premier-league,2023-2024,Fulham FC,931,,Attacking Midfield,19,2.0,0,0.0
premier-league,2023-2024,Fulham FC,931,,Central Midfield,19,1.0,0,0.0
premier-league,2023-2024,Fulham FC,931,,Right Winger,26,36.0,35,1614.0
premier-league,2023-2024,Fulham FC,931,,Centre-Forward,22,33.0,26,1599.0
premier-league,2023-2024,Fulham FC,931,,Left Winger,27,30.0,30,2205.0
premier-league,2023-2024,Fulham FC,931,,Centre-Forward,20,1.0,0,0.0
premier-league,2023-2024,Fulham FC,931,,Centre-Forward,28,1.0,1,33.0
premier-league,2023-2024,Fulham FC,931,,Centre-Forward,28,20.0,13,306.0
premier-league,2023-2024,Fulham FC,931,,Right Winger,27,19.0,17,364.0
premier-league,2023-2024,Fulham FC,931,,Centre-Forward,21,12.0,8,81.0
premier-league,2023-2024,Fulham FC,931,,Centre-Forward,32,29.0,24,1402.0
premier-league,2023-2024,Fulham FC,931,,Left Winger,34,33.0,31,2056.0
premier-league,2023-2024,Burnley FC,1132,,Goalkeeper,20,36.0,28,2520.0
premier-league,2023-2024,Burnley FC,1132,,Goalkeeper,24,35.0,10,900.0
premier-league,2023-2024,Burnley FC,1132,,Goalkeeper,29,5.0,0,0.0
premier-league,2023-2024,Burnley FC,1132,,Goalkeeper,20,,0,0.0
premier-league,2023-2024,Burnley FC,1132,,Centre-Back,21,16.0,16,1312.0
premier-league,2023-2024,Burnley FC,1132,,Centre-Back,24,34.0,33,2895.0
premier-league,2023-2024,Burnley FC,1132,,Centre-Back,20,1.0,0,0.0
premier-league,2023-2024,Burnley FC,1132,,Right-Back,23,15.0,15,1238.0
premier-league,2023-2024,Burnley FC,1132,,Right-Back,23,34.0,32,2318.0
premier-league,2023-2024,Burnley FC,1132,,Centre-Back,24,20.0,8,438.0
premier-league,2023-2024,Burnley FC,1132,,Centre-Back,21,15.0,13,1055.0
premier-league,2023-2024,Burnley FC,1132,,Centre-Back,23,,0,0.0
premier-league,2023-2024,Burnley FC,1132,,Centre-Back,24,22.0,12,585.0
premier-league,2023-2024,Burnley FC,1132,,Centre-Back,23,15.0,15,1238.0
premier-league,2023-2024,Burnley FC,1132,,Right-Back,27,19.0,14,819.0
premier-league,2023-2024,Burnley FC,1132,,Left-Back,29,30.0,28,2332.0
premier-league,2023-2024,Burnley FC,1132,,Defensive Midfield,25,37.0,37,3006.0
premier-league,2023-2024,Burnley FC,1132,,Attacking Midfield,23,,0,0.0
premier-league,2023-2024,Burnley FC,1132,,Central Midfield,27,37.0,33,2252.0
premier-league,2023-2024,Burnley FC,1132,,Central Midfield,21,8.0,3,14.0
premier-league,2023-2024,Burnley FC,1132,,Attacking Midfield,20,17.0,14,526.0
premier-league,2023-2024,Burnley FC,1132,,Central Midfield,27,33.0,25,2060.0
premier-league,2023-2024,Burnley FC,1132,,Attacking Midfield,24,25.0,16,413.0
premier-league,2023-2024,Burnley FC,1132,,Defensive Midfield,34,22.0,4,25.0
premier-league,2023-2024,Burnley FC,1132,,Left Winger,18,33.0,29,2108.0
premier-league,2023-2024,Burnley FC,1132,,Centre-Forward,22,24.0,24,1909.0
premier-league,2023-2024,Burnley FC,1132,,Left Winger,22,13.0,6,149.0
premier-league,2023-2024,Burnley FC,1132,,Centre-Forward,22,38.0,34,1973.0
premier-league,2023-2024,Burnley FC,1132,,Right Winger,18,15.0,15,986.0
premier-league,2023-2024,Burnley FC,1132,,Centre-Forward,20,16.0,15,879.0
premier-league,2023-2024,Burnley FC,1132,,Left Winger,24,37.0,32,1247.0
premier-league,2023-2024,Burnley FC,1132,,Right Winger,26,21.0,8,110.0
premier-league,2023-2024,Burnley FC,1132,,Left Winger,22,,0,0.0
premier-league,2023-2024,Burnley FC,1132,,Right Winger,29,15.0,12,142.0
premier-league,2023-2024,Burnley FC,1132,,Centre-Forward,22,6.0,2,18.0
premier-league,2023-2024,Burnley FC,1132,,Right Winger,18,,0,0.0
premier-league,2023-2024,Burnley FC,1132,,Left Winger,20,,0,0.0
premier-league,2023-2024,Burnley FC,1132,,Right Winger,32,31.0,26,1192.0
premier-league,2023-2024,Burnley FC,1132,,Centre-Forward,33,35.0,21,813.0
premier-league,2023-2024,Sheffield United,350,,Goalkeeper,27,14.0,9,772.0
premier-league,2023-2024,Sheffield United,350,,Goalkeeper,32,38.0,30,2648.0
premier-league,2023-2024,Sheffield United,350,,Goalkeeper,30,18.0,0,0.0
premier-league,2023-2024,Sheffield United,350,,Goalkeeper,21,6.0,0,0.0
premier-league,2023-2024,Sheffield United,350,,Right-Back,22,35.0,34,2793.0
premier-league,2023-2024,Sheffield United,350,,Centre-Back,24,31.0,31,2650.0
premier-league,2023-2024,Sheffield United,350,,Centre-Back,24,38.0,32,2572.0
premier-league,2023-2024,Sheffield United,350,,Left-Back,22,16.0,12,919.0
premier-league,2023-2024,Sheffield United,350,,Right-Back,21,12.0,0,0.0
premier-league,2023-2024,Sheffield United,350,,Left-Back,24,6.0,5,111.0
premier-league,2023-2024,Sheffield United,350,,Centre-Back,26,12.0,10,714.0
premier-league,2023-2024,Sheffield United,350,,Left-Back,26,13.0,10,500.0
premier-league,2023-2024,Sheffield United,350,,Left-Back,22,34.0,11,533.0
premier-league,2023-2024,Sheffield United,350,,Centre-Back,30,6.0,6,484.0
premier-league,2023-2024,Sheffield United,350,,Centre-Back,29,34.0,34,2886.0
premier-league,2023-2024,Sheffield United,350,,Right-Back,17,9.0,1,27.0
premier-league,2023-2024,Sheffield United,350,,Centre-Back,18,,0,0.0
premier-league,2023-2024,Sheffield United,350,,Left-Back,19,2.0,0,0.0
premier-league,2023-2024,Sheffield United,350,,Right-Back,30,14.0,13,970.0
premier-league,2023-2024,Sheffield United,350,,Centre-Back,34,8.0,8,318.0
premier-league,2023-2024,Sheffield United,350,,Centre-Back,16,2.0,0,0.0
premier-league,2023-2024,Sheffield United,350,,Attacking Midfield,20,32.0,30,1827.0
premier-league,2023-2024,Sheffield United,350,,Central Midfield,18,2.0,1,9.0
premier-league,2023-2024,Sheffield United,350,,Central Midfield,26,36.0,36,2924.0
premier-league,2023-2024,Sheffield United,350,,Defensive Midfield,24,38.0,36,2672.0
premier-league,2023-2024,Sheffield United,350,,Central Midfield,19,31.0,20,942.0
premier-league,2023-2024,Sheffield United,350,,Attacking Midfield,22,28.0,15,412.0
premier-league,2023-2024,Sheffield United,350,,Central Midfield,25,10.0,9,214.0
premier-league,2023-2024,Sheffield United,350,,Central Midfield,19,14.0,12,946.0
premier-league,2023-2024,Sheffield United,350,,Central Midfield,22,1.0,0,0.0
premier-league,2023-2024,Sheffield United,350,,Central Midfield,28,29.0,24,1363.0
premier-league,2023-2024,Sheffield United,350,,Central Midfield,32,36.0,27,1433.0
premier-league,2023-2024,Sheffield United,350,,Central Midfield,17,1.0,0,0.0
premier-league,2023-2024,Sheffield United,350,,Central Midfield,18,1.0,0,0.0
premier-league,2023-2024,Sheffield United,350,,Central Midfield,31,9.0,4,89.0
premier-league,2023-2024,Sheffield United,350,,Centre-Forward,19,30.0,21,784.0
premier-league,2023-2024,Sheffield United,350,,Left Winger,20,19.0,8,385.0
premier-league,2023-2024,Sheffield United,350,,Centre-Forward,21,29.0,29,1835.0
premier-league,2023-2024,Sheffield United,350,,Centre-Forward,19,1.0,1,20.0
premier-league,2023-2024,Sheffield United,350,,Centre-Forward,27,24.0,21,1285.0
premier-league,2023-2024,Sheffield United,350,,Centre-Forward,24,15.0,14,1110.0
premier-league,2023-2024,Sheffield United,350,,Centre-Forward,23,14.0,13,340.0
premier-league,2023-2024,Sheffield United,350,,Centre-Forward,17,4.0,1,7.0
premier-league,2023-2024,Sheffield United,350,,Centre-Forward,19,2.0,2,11.0
premier-league,2023-2024,Sheffield United,350,,Second Striker,18,4.0,0,0.0
premier-league,2023-2024,Luton Town,1031,,Goalkeeper,30,38.0,38,3406.0
premier-league,2023-2024,Luton Town,1031,,Goalkeeper,25,,0,0.0
premier-league,2023-2024,Luton Town,1031,,Goalkeeper,32,14.0,1,14.0
premier-league,2023-2024,Luton Town,1031,,Goalkeeper,35,37.0,0,0.0
premier-league,2023-2024,Luton Town,1031,,Left-Back,23,20.0,11,501.0
premier-league,2023-2024,Luton Town,1031,,Right-Back,22,28.0,24,1732.0
premier-league,2023-2024,Luton Town,1031,,Centre-Back,21,33.0,30,2470.0
premier-league,2023-2024,Luton Town,1031,,Centre-Back,25,12.0,8,399.0
premier-league,2023-2024,Luton Town,1031,,Right-Back,24,13.0,10,595.0
premier-league,2023-2024,Luton Town,1031,,Centre-Back,24,22.0,21,1848.0
premier-league,2023-2024,Luton Town,1031,,Centre-Back,26,25.0,22,1664.0
premier-league,2023-2024,Luton Town,1031,,Centre-Back,23,,0,0.0
premier-league,2023-2024,Luton Town,1031,,Centre-Back,29,21.0,21,1723.0
premier-league,2023-2024,Luton Town,1031,,Left-Back,17,19.0,2,75.0
premier-league,2023-2024,Luton Town,1031,,Centre-Back,28,14.0,14,1172.0
premier-league,2023-2024,Luton Town,1031,,Centre-Back,29,4.0,0,0.0
premier-league,2023-2024,Luton Town,1031,,Centre-Back,18,2.0,0,0.0
premier-league,2023-2024,Luton Town,1031,,Centre-Back,15,2.0,0,0.0
premier-league,2023-2024,Luton Town,1031,,Central Midfield,23,17.0,17,1310.0
premier-league,2023-2024,Luton Town,1031,,Left Midfield,23,37.0,37,2937.0
premier-league,2023-2024,Luton Town,1031,,Central Midfield,29,32.0,32,2622.0
premier-league,2023-2024,Luton Town,1031,,Attacking Midfield,23,38.0,33,1987.0
premier-league,2023-2024,Luton Town,1031,,Defensive Midfield,29,13.0,13,1133.0
premier-league,2023-2024,Luton Town,1031,,Right Midfield,26,9.0,8,407.0
premier-league,2023-2024,Luton Town,1031,,Attacking Midfield,18,16.0,2,4.0
premier-league,2023-2024,Luton Town,1031,,Central Midfield,24,1.0,0,0.0
premier-league,2023-2024,Luton Town,1031,,Attacking Midfield,29,27.0,23,1306.0
premier-league,2023-2024,Luton Town,1031,,Defensive Midfield,29,38.0,27,1093.0
premier-league,2023-2024,Luton Town,1031,,Central Midfield,30,33.0,17,311.0
premier-league,2023-2024,Luton Town,1031,,Central Midfield,18,4.0,0,0.0
premier-league,2023-2024,Luton Town,1031,,Central Midfield,22,,0,0.0
premier-league,2023-2024,Luton Town,1031,,Central Midfield,18,9.0,0,0.0
premier-league,2023-2024,Luton Town,1031,,Central Midfield,18,,0,0.0
premier-league,2023-2024,Luton Town,1031,,Attacking Midfield,22,,0,0.0
premier-league,2023-2024,Luton Town,1031,,Defensive Midfield,17,2.0,0,0.0
premier-league,2023-2024,Luton Town,1031,,Centre-Forward,27,38.0,38,2868.0
premier-league,2023-2024,Luton Town,1031,,Right Winger,26,30.0,30,1992.0
premier-league,2023-2024,Luton Town,1031,,Centre-Forward,25,27.0,27,1416.0
premier-league,2023-2024,Luton Town,1031,,Centre-Forward,25,21.0,19,1020.0
premier-league,2023-2024,Luton Town,1031,,Centre-Forward,20,,0,0.0
premier-league,2023-2024,Luton Town,1031,,Second Striker,23,1.0,0,0.0
premier-league,2023-2024,Luton Town,1031,,Centre-Forward,28,32.0,24,408.0
premier-league,2023-2024,Luton Town,1031,,Right Winger,31,30.0,27,1209.0
premier-league,2023-2024,Luton Town,1031,,Left Winger,24,,0,0.0
premier-league,2023-2024,Luton Town,1031,,Centre-Forward,24,,0,0.0
premier-league,2023-2024,Luton Town,1031,,Centre-Forward,17,1.0,0,0.0
ligue-1,2015-2016,Paris Saint-Germain,583,,Goalkeeper,24,36.0,35,3106.0
ligue-1,2015-2016,Paris Saint-Germain,583,,Goalkeeper,28,34.0,3,225.0
ligue-1,2015-2016,Paris Saint-Germain,583,,Goalkeeper,35,6.0,1,90.0
ligue-1,2015-2016,Paris Saint-Germain,583,,Centre-Back,21,34.0,29,1923.0
ligue-1,2015-2016,Paris Saint-Germain,583,,Left-Back,21,,0,0.0
ligue-1,2015-2016,Paris Saint-Germain,583,,Centre-Back,19,13.0,6,426.0
ligue-1,2015-2016,Paris Saint-Germain,583,,Right-Back,16,1.0,0,0.0
ligue-1,2015-2016,Paris Saint-Germain,583,,Right-Back,22,2.0,0,0.0
ligue-1,2015-2016,Paris Saint-Germain,583,,Right-Back,22,30.0,21,1886.0
ligue-1,2015-2016,Paris Saint-Germain,583,,Left-Back,22,32.0,16,1288.0
ligue-1,2015-2016,Paris Saint-Germain,583,,Centre-Back,30,31.0,30,2622.0
ligue-1,2015-2016,Paris Saint-Germain,583,,Centre-Back,28,29.0,25,2087.0
ligue-1,2015-2016,Paris Saint-Germain,583,,Centre-Back,24,3.0,1,2.0
ligue-1,2015-2016,Paris Saint-Germain,583,,Centre-Back,17,1.0,0,0.0
ligue-1,2015-2016,Paris Saint-Germain,583,,Left-Back,33,36.0,28,2221.0
ligue-1,2015-2016,Paris Saint-Germain,583,,Right-Back,27,25.0,17,1379.0
ligue-1,2015-2016,Paris Saint-Germain,583,,Central Midfield,20,31.0,24,1620.0
ligue-1,2015-2016,Paris Saint-Germain,583,,Central Midfield,22,18.0,18,1058.0
ligue-1,2015-2016,Paris Saint-Germain,583,,Attacking Midfield,20,13.0,5,349.0
ligue-1,2015-2016,Paris Saint-Germain,583,,Defensive Midfield,19,1.0,0,0.0
ligue-1,2015-2016,Paris Saint-Germain,583,,Defensive Midfield,24,35.0,27,1503.0
ligue-1,2015-2016,Paris Saint-Germain,583,,Central Midfield,22,2.0,1,3.0
ligue-1,2015-2016,Paris Saint-Germain,583,,Defensive Midfield,32,34.0,32,2348.0
ligue-1,2015-2016,Paris Saint-Germain,583,,Central Midfield,28,32.0,31,2072.0
ligue-1,2015-2016,Paris Saint-Germain,583,,Attacking Midfield,26,16.0,16,880.0
ligue-1,2015-2016,Paris Saint-Germain,583,,Centre-Forward,17,11.0,5,329.0
ligue-1,2015-2016,Paris Saint-Germain,583,,Centre-Forward,17,1.0,0,0.0
ligue-1,2015-2016,Paris Saint-Germain,583,,Right Winger,22,38.0,36,2325.0
ligue-1,2015-2016,Paris Saint-Germain,583,,Right Winger,27,29.0,29,2134.0
ligue-1,2015-2016,Paris Saint-Germain,583,,Centre-Forward,19,1.0,1,1.0
ligue-1,2015-2016,Paris Saint-Germain,583,,Centre-Forward,28,34.0,32,2306.0
ligue-1,2015-2016,Paris Saint-Germain,583,,Centre-Forward,18,21.0,13,427.0
ligue-1,2015-2016,Paris Saint-Germain,583,,Second Striker,30,21.0,16,427.0
ligue-1,2015-2016,Paris Saint-Germain,583,,Centre-Forward,22,,0,0.0
ligue-1,2015-2016,Paris Saint-Germain,583,,Centre-Forward,33,32.0,31,2553.0
ligue-1,2015-2016,AS Monaco,162,,Goalkeeper,21,33.0,2,180.0
ligue-1,2015-2016,AS Monaco,162,,Goalkeeper,30,36.0,36,3240.0
ligue-1,2015-2016,AS Monaco,162,,Goalkeeper,19,7.0,0,0.0
ligue-1,2015-2016,AS Monaco,162,,Right-Back,18,2.0,0,0.0
ligue-1,2015-2016,AS Monaco,162,,Left-Back,22,3.0,3,229.0
ligue-1,2015-2016,AS Monaco,162,,Centre-Back,22,11.0,4,288.0
ligue-1,2015-2016,AS Monaco,162,,Centre-Back,20,34.0,26,2251.0
ligue-1,2015-2016,AS Monaco,162,,Left-Back,27,15.0,15,1083.0
ligue-1,2015-2016,AS Monaco,162,,Centre-Back,37,35.0,33,2902.0
ligue-1,2015-2016,AS Monaco,162,,Right-Back,29,21.0,20,1557.0
ligue-1,2015-2016,AS Monaco,162,,Left-Back,27,25.0,20,1570.0
ligue-1,2015-2016,AS Monaco,162,,Centre-Back,31,35.0,31,2606.0
ligue-1,2015-2016,AS Monaco,162,,Centre-Back,19,18.0,10,726.0
ligue-1,2015-2016,AS Monaco,162,,Centre-Back,20,1.0,0,0.0
ligue-1,2015-2016,AS Monaco,162,,Attacking Midfield,20,32.0,32,2247.0
ligue-1,2015-2016,AS Monaco,162,,Defensive Midfield,21,34.0,34,3060.0
ligue-1,2015-2016,AS Monaco,162,,Central Midfield,20,24.0,16,997.0
ligue-1,2015-2016,AS Monaco,162,,Attacking Midfield,19,28.0,26,1810.0
ligue-1,2015-2016,AS Monaco,162,,Attacking Midfield,19,15.0,5,144.0
ligue-1,2015-2016,AS Monaco,162,,Defensive Midfield,19,4.0,0,0.0
ligue-1,2015-2016,AS Monaco,162,,Central Midfield,20,8.0,6,397.0
ligue-1,2015-2016,AS Monaco,162,,Central Midfield,28,27.0,26,2123.0
ligue-1,2015-2016,AS Monaco,162,,Defensive Midfield,20,29.0,19,1362.0
ligue-1,2015-2016,AS Monaco,162,,Central Midfield,20,1.0,0,0.0
ligue-1,2015-2016,AS Monaco,162,,Attacking Midfield,20,14.0,8,185.0
ligue-1,2015-2016,AS Monaco,162,,Defensive Midfield,31,25.0,25,2216.0
ligue-1,2015-2016,AS Monaco,162,,Defensive Midfield,18,,0,0.0
ligue-1,2015-2016,AS Monaco,162,,Centre-Forward,16,13.0,11,298.0
ligue-1,2015-2016,AS Monaco,162,,Centre-Forward,19,4.0,3,203.0
ligue-1,2015-2016,AS Monaco,162,,Left Winger,22,18.0,15,678.0
ligue-1,2015-2016,AS Monaco,162,,Right Winger,18,1.0,0,0.0
ligue-1,2015-2016,AS Monaco,162,,Right Winger,19,8.0,2,115.0
ligue-1,2015-2016,AS Monaco,162,,Left Winger,21,18.0,12,515.0
ligue-1,2015-2016,AS Monaco,162,,Centre-Forward,24,34.0,31,1600.0
ligue-1,2015-2016,AS Monaco,162,,Centre-Forward,18,5.0,1,10.0
ligue-1,2015-2016,AS Monaco,162,,Left Winger,19,2.0,0,0.0
ligue-1,2015-2016,AS Monaco,162,,Centre-Forward,31,16.0,12,783.0
ligue-1,2015-2016,AS Monaco,162,,Right Winger,21,27.0,25,1320.0
ligue-1,2015-2016,AS Monaco,162,,Centre-Forward,25,21.0,19,816.0
ligue-1,2015-2016,Olympique Lyon,1041,,Goalkeeper,24,37.0,37,3330.0
ligue-1,2015-2016,Olympique Lyon,1041,,Goalkeeper,24,37.0,1,90.0
ligue-1,2015-2016,Olympique Lyon,1041,,Goalkeeper,21,2.0,0,0.0
ligue-1,2015-2016,Olympique Lyon,1041,,Centre-Back,23,6.0,1,90.0
ligue-1,2015-2016,Olympique Lyon,1041,,Centre-Back,31,9.0,6,457.0
ligue-1,2015-2016,Olympique Lyon,1041,,Centre-Back,26,29.0,27,2353.0
ligue-1,2015-2016,Olympique Lyon,1041,,Left-Back,31,30.0,18,1228.0
ligue-1,2015-2016,Olympique Lyon,1041,,Centre-Back,27,18.0,6,432.0
ligue-1,2015-2016,Olympique Lyon,1041,,Right-Back,31,28.0,23,1765.0
ligue-1,2015-2016,Olympique Lyon,1041,,Left-Back,31,35.0,31,2514.0
ligue-1,2015-2016,Olympique Lyon,1041,,Right-Back,24,25.0,21,1454.0
ligue-1,2015-2016,Olympique Lyon,1041,,Centre-Back,21,30.0,30,2658.0
ligue-1,2015-2016,Olympique Lyon,1041,,Central Midfield,20,33.0,33,2586.0
ligue-1,2015-2016,Olympique Lyon,1041,,Attacking Midfield,21,10.0,9,466.0
ligue-1,2015-2016,Olympique Lyon,1041,,Central Midfield,21,33.0,26,1482.0
ligue-1,2015-2016,Olympique Lyon,1041,,Central Midfield,18,4.0,2,106.0
ligue-1,2015-2016,Olympique Lyon,1041,,Central Midfield,18,2.0,1,61.0
ligue-1,2015-2016,Olympique Lyon,1041,,Attacking Midfield,20,1.0,0,0.0
ligue-1,2015-2016,Olympique Lyon,1041,,Central Midfield,23,37.0,34,2457.0
ligue-1,2015-2016,Olympique Lyon,1041,,Attacking Midfield,30,27.0,26,1819.0
ligue-1,2015-2016,Olympique Lyon,1041,,Defensive Midfield,24,1.0,0,0.0
ligue-1,2015-2016,Olympique Lyon,1041,,Central Midfield,24,20.0,18,1021.0
ligue-1,2015-2016,Olympique Lyon,1041,,Left Midfield,35,22.0,11,410.0
ligue-1,2015-2016,Olympique Lyon,1041,,Defensive Midfield,26,34.0,33,2891.0
ligue-1,2015-2016,Olympique Lyon,1041,,Defensive Midfield,30,19.0,6,291.0
ligue-1,2015-2016,Olympique Lyon,1041,,Attacking Midfield,20,6.0,3,26.0
ligue-1,2015-2016,Olympique Lyon,1041,,Right Winger,19,6.0,2,34.0
ligue-1,2015-2016,Olympique Lyon,1041,,Right Winger,19,9.0,3,29.0
ligue-1,2015-2016,Olympique Lyon,1041,,Centre-Forward,24,34.0,34,2962.0
ligue-1,2015-2016,Olympique Lyon,1041,,Left Winger,18,34.0,31,1523.0
ligue-1,2015-2016,Olympique Lyon,1041,,Right Winger,19,14.0,10,188.0
ligue-1,2015-2016,Olympique Lyon,1041,,Right Winger,23,33.0,29,1600.0
ligue-1,2015-2016,Olympique Lyon,1041,,Centre-Forward,27,19.0,19,1282.0
ligue-1,2015-2016,Olympique Marseille,244,,Goalkeeper,19,3.0,0,0.0
ligue-1,2015-2016,Olympique Marseille,244,,Goalkeeper,32,37.0,2,180.0
ligue-1,2015-2016,Olympique Marseille,244,,Goalkeeper,30,36.0,36,3240.0
ligue-1,2015-2016,Olympique Marseille,244,,Centre-Back,20,2.0,0,0.0
ligue-1,2015-2016,Olympique Marseille,244,,Centre-Back,20,33.0,24,2036.0
ligue-1,2015-2016,Olympique Marseille,244,,Centre-Back,20,1.0,0,0.0
ligue-1,2015-2016,Olympique Marseille,244,,Left-Back,20,24.0,24,1954.0
ligue-1,2015-2016,Olympique Marseille,244,,Right-Back,23,32.0,25,991.0
ligue-1,2015-2016,Olympique Marseille,244,,Right-Back,19,1.0,0,0.0
ligue-1,2015-2016,Olympique Marseille,244,,Right-Back,27,26.0,23,1799.0
ligue-1,2015-2016,Olympique Marseille,244,,Centre-Back,20,1.0,0,0.0
ligue-1,2015-2016,Olympique Marseille,244,,Centre-Back,21,2.0,0,0.0
ligue-1,2015-2016,Olympique Marseille,244,,Left-Back,19,1.0,0,0.0
ligue-1,2015-2016,Olympique Marseille,244,,Right-Back,21,36.0,31,2674.0
ligue-1,2015-2016,Olympique Marseille,244,,Centre-Back,25,34.0,33,2941.0
ligue-1,2015-2016,Olympique Marseille,244,,Centre-Back,29,28.0,19,1632.0
ligue-1,2015-2016,Olympique Marseille,244,,Centre-Back,20,20.0,8,230.0
ligue-1,2015-2016,Olympique Marseille,244,,Left-Back,28,17.0,7,305.0
ligue-1,2015-2016,Olympique Marseille,244,,Central Midfield,19,14.0,9,285.0
ligue-1,2015-2016,Olympique Marseille,244,,Defensive Midfield,17,1.0,0,0.0
ligue-1,2015-2016,Olympique Marseille,244,,Defensive Midfield,21,4.0,4,335.0
ligue-1,2015-2016,Olympique Marseille,244,,Attacking Midfield,25,34.0,34,2562.0
ligue-1,2015-2016,Olympique Marseille,244,,Defensive Midfield,22,30.0,22,1039.0
ligue-1,2015-2016,Olympique Marseille,244,,Central Midfield,29,5.0,3,136.0
ligue-1,2015-2016,Olympique Marseille,244,,Defensive Midfield,30,27.0,26,2088.0
ligue-1,2015-2016,Olympique Marseille,244,,Attacking Midfield,26,29.0,24,1452.0
ligue-1,2015-2016,Olympique Marseille,244,,Defensive Midfield,31,32.0,23,1248.0
ligue-1,2015-2016,Olympique Marseille,244,,Defensive Midfield,24,24.0,19,1477.0
ligue-1,2015-2016,Olympique Marseille,244,,Right Winger,22,16.0,16,946.0
ligue-1,2015-2016,Olympique Marseille,244,,Left Winger,20,25.0,17,768.0
ligue-1,2015-2016,Olympique Marseille,244,,Left Winger,20,30.0,28,2077.0
ligue-1,2015-2016,Olympique Marseille,244,,Centre-Forward,21,36.0,36,2941.0
ligue-1,2015-2016,Olympique Marseille,244,,Centre-Forward,19,5.0,3,85.0
ligue-1,2015-2016,Olympique Marseille,244,,Left Winger,17,1.0,1,1.0
ligue-1,2015-2016,Olympique Marseille,244,,Centre-Forward,22,,0,0.0
ligue-1,2015-2016,Olympique Marseille,244,,Centre-Forward,28,13.0,12,756.0
ligue-1,2015-2016,Olympique Marseille,244,,Right Winger,26,24.0,22,1249.0
ligue-1,2015-2016,Olympique Marseille,244,,Right Winger,20,,0,0.0
ligue-1,2015-2016,AS Saint-Étienne,618,,Goalkeeper,17,,0,0.0
ligue-1,2015-2016,AS Saint-Étienne,618,,Goalkeeper,28,38.0,38,3420.0
ligue-1,2015-2016,AS Saint-Étienne,618,,Goalkeeper,29,38.0,0,0.0
ligue-1,2015-2016,AS Saint-Étienne,618,,Centre-Back,18,,0,0.0
ligue-1,2015-2016,AS Saint-Étienne,618,,Right-Back,17,13.0,5,330.0
ligue-1,2015-2016,AS Saint-Étienne,618,,Centre-Back,19,,0,0.0
ligue-1,2015-2016,AS Saint-Étienne,618,,Centre-Back,25,23.0,22,1980.0
ligue-1,2015-2016,AS Saint-Étienne,618,,Centre-Back,20,2.0,0,0.0
ligue-1,2015-2016,AS Saint-Étienne,618,,Left-Back,21,24.0,15,920.0
ligue-1,2015-2016,AS Saint-Étienne,618,,Left-Back,26,13.0,11,692.0
ligue-1,2015-2016,AS Saint-Étienne,618,,Centre-Back,24,31.0,24,1946.0
ligue-1,2015-2016,AS Saint-Étienne,618,,Left-Back,32,19.0,7,443.0
ligue-1,2015-2016,AS Saint-Étienne,618,,Centre-Back,29,26.0,24,2103.0
ligue-1,2015-2016,AS Saint-Étienne,618,,Right-Back,23,16.0,9,713.0
ligue-1,2015-2016,AS Saint-Étienne,618,,Centre-Back,29,30.0,28,2359.0
ligue-1,2015-2016,AS Saint-Étienne,618,,Right-Back,32,13.0,10,871.0
ligue-1,2015-2016,AS Saint-Étienne,618,,Left-Back,31,24.0,20,1704.0
ligue-1,2015-2016,AS Saint-Étienne,618,,Attacking Midfield,21,10.0,10,605.0
ligue-1,2015-2016,AS Saint-Étienne,618,,Defensive Midfield,20,12.0,3,175.0
ligue-1,2015-2016,AS Saint-Étienne,618,,Attacking Midfield,23,31.0,29,1725.0
ligue-1,2015-2016,AS Saint-Étienne,618,,Central Midfield,18,2.0,0,0.0
ligue-1,2015-2016,AS Saint-Étienne,618,,Defensive Midfield,22,10.0,7,305.0
ligue-1,2015-2016,AS Saint-Étienne,618,,Defensive Midfield,24,32.0,28,1752.0
ligue-1,2015-2016,AS Saint-Étienne,618,,Defensive Midfield,30,32.0,27,2223.0
ligue-1,2015-2016,AS Saint-Étienne,618,,Attacking Midfield,28,22.0,16,543.0
ligue-1,2015-2016,AS Saint-Étienne,618,,Central Midfield,30,22.0,19,1152.0
ligue-1,2015-2016,AS Saint-Étienne,618,,Central Midfield,17,4.0,2,19.0
ligue-1,2015-2016,AS Saint-Étienne,618,,Defensive Midfield,28,34.0,33,2465.0
ligue-1,2015-2016,AS Saint-Étienne,618,,Centre-Forward,18,22.0,15,529.0
ligue-1,2015-2016,AS Saint-Étienne,618,,Left Winger,19,9.0,5,293.0
ligue-1,2015-2016,AS Saint-Étienne,618,,Centre-Forward,24,10.0,10,675.0
ligue-1,2015-2016,AS Saint-Étienne,618,,Left Winger,27,,0,0.0
ligue-1,2015-2016,AS Saint-Étienne,618,,Left Winger,20,1.0,0,0.0
ligue-1,2015-2016,AS Saint-Étienne,618,,Right Winger,25,1.0,1,20.0
ligue-1,2015-2016,AS Saint-Étienne,618,,Centre-Forward,18,,0,0.0
ligue-1,2015-2016,AS Saint-Étienne,618,,Centre-Forward,22,17.0,16,845.0
ligue-1,2015-2016,AS Saint-Étienne,618,,Centre-Forward,27,32.0,29,1965.0
ligue-1,2015-2016,AS Saint-Étienne,618,,Right Winger,28,24.0,24,1604.0
ligue-1,2015-2016,AS Saint-Étienne,618,,Left Winger,26,32.0,31,2284.0
ligue-1,2015-2016,AS Saint-Étienne,618,,Centre-Forward,27,14.0,14,923.0
ligue-1,2015-2016,Stade Rennais FC,273,,Goalkeeper,19,2.0,0,0.0
ligue-1,2015-2016,Stade Rennais FC,273,,Goalkeeper,27,31.0,31,2790.0
ligue-1,2015-2016,Stade Rennais FC,273,,Goalkeeper,34,29.0,0,0.0
ligue-1,2015-2016,Stade Rennais FC,273,,Goalkeeper,23,14.0,7,630.0
ligue-1,2015-2016,Stade Rennais FC,273,,Right-Back,20,27.0,16,1229.0
ligue-1,2015-2016,Stade Rennais FC,273,,Right-Back,23,30.0,16,814.0
ligue-1,2015-2016,Stade Rennais FC,273,,Centre-Back,20,,0,0.0
ligue-1,2015-2016,Stade Rennais FC,273,,Centre-Back,26,18.0,16,1308.0
ligue-1,2015-2016,Stade Rennais FC,273,,Left-Back,25,1.0,1,78.0
ligue-1,2015-2016,Stade Rennais FC,273,,Centre-Back,19,2.0,0,0.0
ligue-1,2015-2016,Stade Rennais FC,273,,Centre-Back,18,12.0,7,224.0
ligue-1,2015-2016,Stade Rennais FC,273,,Left-Back,26,27.0,23,1896.0
ligue-1,2015-2016,Stade Rennais FC,273,,Centre-Back,24,28.0,22,1852.0
ligue-1,2015-2016,Stade Rennais FC,273,,Centre-Back,25,31.0,22,1859.0
ligue-1,2015-2016,Stade Rennais FC,273,,Left-Back,34,37.0,34,2991.0
ligue-1,2015-2016,Stade Rennais FC,273,,Left-Back,29,26.0,22,1522.0
ligue-1,2015-2016,Stade Rennais FC,273,,Right-Back,28,32.0,21,1615.0
ligue-1,2015-2016,Stade Rennais FC,273,,Attacking Midfield,22,17.0,16,946.0
ligue-1,2015-2016,Stade Rennais FC,273,,Defensive Midfield,24,37.0,32,2636.0
ligue-1,2015-2016,Stade Rennais FC,273,,Central Midfield,19,8.0,3,108.0
ligue-1,2015-2016,Stade Rennais FC,273,,Attacking Midfield,22,16.0,12,817.0
ligue-1,2015-2016,Stade Rennais FC,273,,Defensive Midfield,18,1.0,0,0.0
ligue-1,2015-2016,Stade Rennais FC,273,,Central Midfield,16,5.0,3,27.0
ligue-1,2015-2016,Stade Rennais FC,273,,Central Midfield,18,3.0,0,0.0
ligue-1,2015-2016,Stade Rennais FC,273,,Defensive Midfield,28,33.0,33,2902.0
ligue-1,2015-2016,Stade Rennais FC,273,,Defensive Midfield,24,27.0,20,1498.0
ligue-1,2015-2016,Stade Rennais FC,273,,Attacking Midfield,28,12.0,12,625.0
ligue-1,2015-2016,Stade Rennais FC,273,,Centre-Forward,18,26.0,26,1941.0
ligue-1,2015-2016,Stade Rennais FC,273,,Left Winger,18,30.0,27,961.0
ligue-1,2015-2016,Stade Rennais FC,273,,Second Striker,20,1.0,1,9.0
ligue-1,2015-2016,Stade Rennais FC,273,,Right Winger,25,28.0,23,1216.0
ligue-1,2015-2016,Stade Rennais FC,273,,Centre-Forward,21,2.0,0,0.0
ligue-1,2015-2016,Stade Rennais FC,273,,Left Winger,27,34.0,33,1526.0
ligue-1,2015-2016,Stade Rennais FC,273,,Centre-Forward,28,1.0,1,17.0
ligue-1,2015-2016,Stade Rennais FC,273,,Centre-Forward,28,3.0,1,8.0
ligue-1,2015-2016,Stade Rennais FC,273,,Left Winger,22,14.0,14,926.0
ligue-1,2015-2016,Stade Rennais FC,273,,Centre-Forward,24,3.0,2,33.0
ligue-1,2015-2016,Stade Rennais FC,273,,Centre-Forward,26,35.0,34,2602.0
ligue-1,2015-2016,FC Girondins Bordeaux,40,,Goalkeeper,18,15.0,7,630.0
ligue-1,2015-2016,FC Girondins Bordeaux,40,,Goalkeeper,19,32.0,13,1074.0
ligue-1,2015-2016,FC Girondins Bordeaux,40,,Goalkeeper,20,7.0,0,0.0
ligue-1,2015-2016,FC Girondins Bordeaux,40,,Goalkeeper,18,2.0,0,0.0
ligue-1,2015-2016,FC Girondins Bordeaux,40,,Goalkeeper,33,20.0,20,1716.0
ligue-1,2015-2016,FC Girondins Bordeaux,40,,Right-Back,16,,0,0.0
ligue-1,2015-2016,FC Girondins Bordeaux,40,,Right-Back,19,13.0,9,591.0
ligue-1,2015-2016,FC Girondins Bordeaux,40,,Right-Back,20,35.0,30,2507.0
ligue-1,2015-2016,FC Girondins Bordeaux,40,,Centre-Back,24,20.0,16,1338.0
ligue-1,2015-2016,FC Girondins Bordeaux,40,,Centre-Back,27,18.0,17,1470.0
ligue-1,2015-2016,FC Girondins Bordeaux,40,,Centre-Back,19,1.0,1,15.0
ligue-1,2015-2016,FC Girondins Bordeaux,40,,Centre-Back,21,6.0,1,1.0
ligue-1,2015-2016,FC Girondins Bordeaux,40,,Right-Back,19,2.0,0,0.0
ligue-1,2015-2016,FC Girondins Bordeaux,40,,Left-Back,25,28.0,25,2114.0
ligue-1,2015-2016,FC Girondins Bordeaux,40,,Centre-Back,28,19.0,13,927.0
ligue-1,2015-2016,FC Girondins Bordeaux,40,,Centre-Back,24,35.0,27,2253.0
ligue-1,2015-2016,FC Girondins Bordeaux,40,,Right-Back,29,9.0,9,783.0
ligue-1,2015-2016,FC Girondins Bordeaux,40,,Left-Back,22,27.0,14,1260.0
ligue-1,2015-2016,FC Girondins Bordeaux,40,,Central Midfield,19,8.0,5,152.0
ligue-1,2015-2016,FC Girondins Bordeaux,40,,Central Midfield,19,21.0,16,935.0
ligue-1,2015-2016,FC Girondins Bordeaux,40,,Central Midfield,24,18.0,18,1558.0
ligue-1,2015-2016,FC Girondins Bordeaux,40,,Attacking Midfield,18,2.0,1,50.0
ligue-1,2015-2016,FC Girondins Bordeaux,40,,Defensive Midfield,22,32.0,25,1875.0
ligue-1,2015-2016,FC Girondins Bordeaux,40,,Central Midfield,27,26.0,10,364.0
ligue-1,2015-2016,FC Girondins Bordeaux,40,,Defensive Midfield,25,1.0,1,25.0
ligue-1,2015-2016,FC Girondins Bordeaux,40,,Defensive Midfield,27,26.0,26,2180.0
ligue-1,2015-2016,FC Girondins Bordeaux,40,,Central Midfield,33,28.0,27,2198.0
ligue-1,2015-2016,FC Girondins Bordeaux,40,,Left Midfield,30,18.0,18,1281.0
ligue-1,2015-2016,FC Girondins Bordeaux,40,,Attacking Midfield,31,24.0,14,461.0
ligue-1,2015-2016,FC Girondins Bordeaux,40,,Right Winger,18,14.0,12,533.0
ligue-1,2015-2016,FC Girondins Bordeaux,40,,Centre-Forward,21,3.0,1,11.0
ligue-1,2015-2016,FC Girondins Bordeaux,40,,Right Winger,18,24.0,23,1315.0
ligue-1,2015-2016,FC Girondins Bordeaux,40,,Centre-Forward,23,12.0,7,311.0
ligue-1,2015-2016,FC Girondins Bordeaux,40,,Centre-Forward,20,32.0,29,1528.0
ligue-1,2015-2016,FC Girondins Bordeaux,40,,Right Winger,19,,0,0.0
ligue-1,2015-2016,FC Girondins Bordeaux,40,,Centre-Forward,17,3.0,2,88.0
ligue-1,2015-2016,FC Girondins Bordeaux,40,,Centre-Forward,22,33.0,31,2122.0
ligue-1,2015-2016,FC Girondins Bordeaux,40,,Left Winger,24,21.0,20,1586.0
ligue-1,2015-2016,FC Girondins Bordeaux,40,,Centre-Forward,19,,0,0.0
ligue-1,2015-2016,FC Girondins Bordeaux,40,,Centre-Forward,21,25.0,22,836.0
ligue-1,2015-2016,FC Girondins Bordeaux,40,,Centre-Forward,27,23.0,22,1450.0
ligue-1,2015-2016,FC Girondins Bordeaux,40,,Left Winger,18,,0,0.0
ligue-1,2015-2016,OGC Nice,417,,Goalkeeper,20,35.0,14,1077.0
ligue-1,2015-2016,OGC Nice,417,,Goalkeeper,30,1.0,1,37.0
ligue-1,2015-2016,OGC Nice,417,,Goalkeeper,21,37.0,26,2307.0
ligue-1,2015-2016,OGC Nice,417,,Goalkeeper,18,3.0,0,0.0
ligue-1,2015-2016,OGC Nice,417,,Centre-Back,17,19.0,11,776.0
ligue-1,2015-2016,OGC Nice,417,,Centre-Back,19,4.0,2,65.0
ligue-1,2015-2016,OGC Nice,417,,Right-Back,21,26.0,26,2280.0
ligue-1,2015-2016,OGC Nice,417,,Left-Back,25,25.0,15,805.0
ligue-1,2015-2016,OGC Nice,417,,Centre-Back,27,36.0,30,2585.0
ligue-1,2015-2016,OGC Nice,417,,Centre-Back,26,5.0,3,177.0
ligue-1,2015-2016,OGC Nice,417,,Centre-Back,25,27.0,26,2197.0
ligue-1,2015-2016,OGC Nice,417,,Centre-Back,27,28.0,14,1010.0
ligue-1,2015-2016,OGC Nice,417,,Right-Back,26,34.0,33,2961.0
ligue-1,2015-2016,OGC Nice,417,,Defensive Midfield,23,38.0,38,3392.0
ligue-1,2015-2016,OGC Nice,417,,Attacking Midfield,23,2.0,1,20.0
ligue-1,2015-2016,OGC Nice,417,,Central Midfield,20,15.0,12,548.0
ligue-1,2015-2016,OGC Nice,417,,Defensive Midfield,23,38.0,38,3112.0
ligue-1,2015-2016,OGC Nice,417,,Defensive Midfield,18,5.0,1,3.0
ligue-1,2015-2016,OGC Nice,417,,Defensive Midfield,21,7.0,4,234.0
ligue-1,2015-2016,OGC Nice,417,,Central Midfield,26,14.0,12,411.0
ligue-1,2015-2016,OGC Nice,417,,Attacking Midfield,28,34.0,34,2842.0
ligue-1,2015-2016,OGC Nice,417,,Defensive Midfield,21,26.0,17,745.0
ligue-1,2015-2016,OGC Nice,417,,Central Midfield,21,11.0,4,74.0
ligue-1,2015-2016,OGC Nice,417,,Defensive Midfield,32,22.0,19,1359.0
ligue-1,2015-2016,OGC Nice,417,,Central Midfield,19,35.0,35,2715.0
ligue-1,2015-2016,OGC Nice,417,,Left Winger,19,17.0,9,128.0
ligue-1,2015-2016,OGC Nice,417,,Right Winger,18,8.0,6,113.0
ligue-1,2015-2016,OGC Nice,417,,Centre-Forward,22,19.0,19,1414.0
ligue-1,2015-2016,OGC Nice,417,,Centre-Forward,21,33.0,18,373.0
ligue-1,2015-2016,OGC Nice,417,,Centre-Forward,22,,0,0.0
ligue-1,2015-2016,OGC Nice,417,,Centre-Forward,18,4.0,2,3.0
ligue-1,2015-2016,OGC Nice,417,,Centre-Forward,18,24.0,11,187.0
ligue-1,2015-2016,OGC Nice,417,,Centre-Forward,25,3.0,3,136.0
ligue-1,2015-2016,OGC Nice,417,,Centre-Forward,20,11.0,7,237.0
ligue-1,2015-2016,OGC Nice,417,,Centre-Forward,25,38.0,38,3119.0
ligue-1,2015-2016,LOSC Lille,1082,,Goalkeeper,19,12.0,4,289.0
ligue-1,2015-2016,LOSC Lille,1082,,Goalkeeper,20,,0,0.0
ligue-1,2015-2016,LOSC Lille,1082,,Goalkeeper,32,35.0,35,3130.0
ligue-1,2015-2016,LOSC Lille,1082,,Goalkeeper,34,29.0,0,0.0
ligue-1,2015-2016,LOSC Lille,1082,,Centre-Back,19,28.0,13,638.0
ligue-1,2015-2016,LOSC Lille,1082,,Right-Back,22,37.0,37,3275.0
ligue-1,2015-2016,LOSC Lille,1082,,Left-Back,19,13.0,1,5.0
ligue-1,2015-2016,LOSC Lille,1082,,Right-Back,24,34.0,33,2636.0
ligue-1,2015-2016,LOSC Lille,1082,,Centre-Back,31,32.0,32,2763.0
ligue-1,2015-2016,LOSC Lille,1082,,Centre-Back,26,31.0,12,917.0
ligue-1,2015-2016,LOSC Lille,1082,,Right-Back,32,4.0,2,62.0
ligue-1,2015-2016,LOSC Lille,1082,,Centre-Back,23,32.0,28,2321.0
ligue-1,2015-2016,LOSC Lille,1082,,Centre-Back,32,16.0,15,1331.0
ligue-1,2015-2016,LOSC Lille,1082,,Attacking Midfield,21,29.0,29,2342.0
ligue-1,2015-2016,LOSC Lille,1082,,Defensive Midfield,21,9.0,3,47.0
ligue-1,2015-2016,LOSC Lille,1082,,Attacking Midfield,20,29.0,25,1345.0
ligue-1,2015-2016,LOSC Lille,1082,,Defensive Midfield,22,31.0,22,1664.0
ligue-1,2015-2016,LOSC Lille,1082,,Defensive Midfield,20,2.0,1,66.0
ligue-1,2015-2016,LOSC Lille,1082,,Central Midfield,35,31.0,28,1944.0
ligue-1,2015-2016,LOSC Lille,1082,,Central Midfield,32,31.0,30,2293.0
ligue-1,2015-2016,LOSC Lille,1082,,Attacking Midfield,27,15.0,12,431.0
ligue-1,2015-2016,LOSC Lille,1082,,Defensive Midfield,31,37.0,35,2808.0
ligue-1,2015-2016,LOSC Lille,1082,,Right Midfield,30,17.0,15,961.0
ligue-1,2015-2016,LOSC Lille,1082,,Centre-Forward,19,11.0,8,304.0
ligue-1,2015-2016,LOSC Lille,1082,,Right Winger,18,5.0,3,103.0
ligue-1,2015-2016,LOSC Lille,1082,,Right Winger,19,18.0,12,524.0
ligue-1,2015-2016,LOSC Lille,1082,,Left Winger,25,4.0,3,83.0
ligue-1,2015-2016,LOSC Lille,1082,,Centre-Forward,20,14.0,10,538.0
ligue-1,2015-2016,LOSC Lille,1082,,Left Winger,21,24.0,11,334.0
ligue-1,2015-2016,LOSC Lille,1082,,Right Winger,25,2.0,1,68.0
ligue-1,2015-2016,LOSC Lille,1082,,Left Winger,18,1.0,1,3.0
ligue-1,2015-2016,LOSC Lille,1082,,Right Winger,27,28.0,28,2169.0
ligue-1,2015-2016,LOSC Lille,1082,,Centre-Forward,22,30.0,23,1106.0
ligue-1,2015-2016,LOSC Lille,1082,,Centre-Forward,27,13.0,13,1073.0
ligue-1,2015-2016,FC Lorient,1158,,Goalkeeper,24,37.0,37,3242.0
ligue-1,2015-2016,FC Lorient,1158,,Goalkeeper,19,2.0,0,0.0
ligue-1,2015-2016,FC Lorient,1158,,Goalkeeper,19,1.0,0,0.0
ligue-1,2015-2016,FC Lorient,1158,,Goalkeeper,31,36.0,2,178.0
ligue-1,2015-2016,FC Lorient,1158,,Left-Back,21,35.0,34,2507.0
ligue-1,2015-2016,FC Lorient,1158,,Left-Back,19,1.0,0,0.0
ligue-1,2015-2016,FC Lorient,1158,,Right-Back,20,1.0,1,90.0
ligue-1,2015-2016,FC Lorient,1158,,Centre-Back,19,8.0,3,270.0
ligue-1,2015-2016,FC Lorient,1158,,Centre-Back,23,12.0,10,900.0
ligue-1,2015-2016,FC Lorient,1158,,Centre-Back,26,19.0,18,1552.0
ligue-1,2015-2016,FC Lorient,1158,,Centre-Back,23,8.0,3,186.0
ligue-1,2015-2016,FC Lorient,1158,,Left-Back,25,31.0,27,1780.0
ligue-1,2015-2016,FC Lorient,1158,,Centre-Back,25,31.0,29,2556.0
ligue-1,2015-2016,FC Lorient,1158,,Centre-Back,27,15.0,13,1008.0
ligue-1,2015-2016,FC Lorient,1158,,Right-Back,25,31.0,31,2708.0
ligue-1,2015-2016,FC Lorient,1158,,Right-Back,25,27.0,10,685.0
ligue-1,2015-2016,FC Lorient,1158,,Defensive Midfield,21,34.0,34,3056.0
ligue-1,2015-2016,FC Lorient,1158,,Central Midfield,21,9.0,3,42.0
ligue-1,2015-2016,FC Lorient,1158,,Defensive Midfield,22,14.0,6,151.0
ligue-1,2015-2016,FC Lorient,1158,,Defensive Midfield,21,23.0,12,575.0
ligue-1,2015-2016,FC Lorient,1158,,Defensive Midfield,31,1.0,1,90.0
ligue-1,2015-2016,FC Lorient,1158,,Central Midfield,19,1.0,1,19.0
ligue-1,2015-2016,FC Lorient,1158,,Defensive Midfield,28,37.0,33,2301.0
ligue-1,2015-2016,FC Lorient,1158,,Right Midfield,30,29.0,27,1791.0
ligue-1,2015-2016,FC Lorient,1158,,Attacking Midfield,26,9.0,3,31.0
ligue-1,2015-2016,FC Lorient,1158,,Central Midfield,29,32.0,29,2122.0
ligue-1,2015-2016,FC Lorient,1158,,Left Midfield,27,37.0,31,1422.0
ligue-1,2015-2016,FC Lorient,1158,,Right Midfield,21,14.0,13,735.0
ligue-1,2015-2016,FC Lorient,1158,,Left Midfield,26,35.0,24,1268.0
ligue-1,2015-2016,FC Lorient,1158,,Left Winger,20,7.0,4,195.0
ligue-1,2015-2016,FC Lorient,1158,,Centre-Forward,21,10.0,6,151.0
ligue-1,2015-2016,FC Lorient,1158,,Left Winger,23,10.0,6,114.0
ligue-1,2015-2016,FC Lorient,1158,,Centre-Forward,23,21.0,21,1655.0
ligue-1,2015-2016,FC Lorient,1158,,Centre-Forward,26,32.0,31,2232.0
ligue-1,2015-2016,FC Lorient,1158,,Centre-Forward,23,33.0,29,1792.0
ligue-1,2015-2016,Montpellier HSC,969,,Goalkeeper,17,5.0,0,0.0
ligue-1,2015-2016,Montpellier HSC,969,,Goalkeeper,33,35.0,25,2250.0
ligue-1,2015-2016,Montpellier HSC,969,,Goalkeeper,29,7.0,7,630.0
ligue-1,2015-2016,Montpellier HSC,969,,Goalkeeper,24,29.0,6,540.0
ligue-1,2015-2016,Montpellier HSC,969,,Centre-Back,20,29.0,22,1346.0
ligue-1,2015-2016,Montpellier HSC,969,,Left-Back,22,34.0,33,2666.0
ligue-1,2015-2016,Montpellier HSC,969,,Right-Back,19,7.0,1,58.0
ligue-1,2015-2016,Montpellier HSC,969,,Centre-Back,24,,0,0.0
ligue-1,2015-2016,Montpellier HSC,969,,Left-Back,20,20.0,8,137.0
ligue-1,2015-2016,Montpellier HSC,969,,Centre-Back,30,37.0,35,3128.0
ligue-1,2015-2016,Montpellier HSC,969,,Centre-Back,37,36.0,36,3180.0
ligue-1,2015-2016,Montpellier HSC,969,,Centre-Back,24,37.0,28,2399.0
ligue-1,2015-2016,Montpellier HSC,969,,Right-Back,23,35.0,25,1801.0
ligue-1,2015-2016,Montpellier HSC,969,,Defensive Midfield,20,25.0,12,815.0
ligue-1,2015-2016,Montpellier HSC,969,,Central Midfield,20,14.0,14,554.0
ligue-1,2015-2016,Montpellier HSC,969,,Attacking Midfield,25,38.0,38,3250.0
ligue-1,2015-2016,Montpellier HSC,969,,Defensive Midfield,25,36.0,36,3140.0
ligue-1,2015-2016,Montpellier HSC,969,,Central Midfield,23,37.0,36,2855.0
ligue-1,2015-2016,Montpellier HSC,969,,Central Midfield,32,18.0,9,438.0
ligue-1,2015-2016,Montpellier HSC,969,,Central Midfield,26,10.0,9,517.0
ligue-1,2015-2016,Montpellier HSC,969,,Attacking Midfield,25,4.0,1,2.0
ligue-1,2015-2016,Montpellier HSC,969,,Defensive Midfield,28,20.0,13,595.0
ligue-1,2015-2016,Montpellier HSC,969,,Centre-Forward,20,2.0,2,36.0
ligue-1,2015-2016,Montpellier HSC,969,,Centre-Forward,24,7.0,1,1.0
ligue-1,2015-2016,Montpellier HSC,969,,Right Winger,21,10.0,5,145.0
ligue-1,2015-2016,Montpellier HSC,969,,Left Winger,22,13.0,7,189.0
ligue-1,2015-2016,Montpellier HSC,969,,Left Winger,27,3.0,3,270.0
ligue-1,2015-2016,Montpellier HSC,969,,Centre-Forward,29,31.0,28,1404.0
ligue-1,2015-2016,Montpellier HSC,969,,Right Winger,32,33.0,33,2009.0
ligue-1,2015-2016,Montpellier HSC,969,,Centre-Forward,27,24.0,19,1031.0
ligue-1,2015-2016,Montpellier HSC,969,,Centre-Forward,26,18.0,6,200.0
ligue-1,2015-2016,Montpellier HSC,969,,Centre-Forward,22,28.0,26,1970.0
ligue-1,2015-2016,Stade Reims,1421,,Goalkeeper,18,5.0,0,0.0
ligue-1,2015-2016,Stade Reims,1421,,Goalkeeper,27,25.0,19,1618.0
ligue-1,2015-2016,Stade Reims,1421,,Goalkeeper,18,4.0,0,0.0
ligue-1,2015-2016,Stade Reims,1421,,Goalkeeper,27,10.0,10,900.0
ligue-1,2015-2016,Stade Reims,1421,,Goalkeeper,36,31.0,11,902.0
ligue-1,2015-2016,Stade Reims,1421,,Goalkeeper,16,1.0,0,0.0
ligue-1,2015-2016,Stade Reims,1421,,Left-Back,21,2.0,2,30.0
ligue-1,2015-2016,Stade Reims,1421,,Right-Back,23,33.0,33,2912.0
ligue-1,2015-2016,Stade Reims,1421,,Centre-Back,23,32.0,32,2860.0
ligue-1,2015-2016,Stade Reims,1421,,Centre-Back,21,11.0,11,920.0
ligue-1,2015-2016,Stade Reims,1421,,Centre-Back,31,1.0,0,0.0
ligue-1,2015-2016,Stade Reims,1421,,Centre-Back,30,26.0,13,982.0
ligue-1,2015-2016,Stade Reims,1421,,Left-Back,33,32.0,29,2561.0
ligue-1,2015-2016,Stade Reims,1421,,Centre-Back,25,9.0,8,645.0
ligue-1,2015-2016,Stade Reims,1421,,Left-Back,23,24.0,11,747.0
ligue-1,2015-2016,Stade Reims,1421,,Centre-Back,34,28.0,15,1164.0
ligue-1,2015-2016,Stade Reims,1421,,Centre-Back,28,23.0,19,1595.0
ligue-1,2015-2016,Stade Reims,1421,,Defensive Midfield,19,12.0,8,343.0
ligue-1,2015-2016,Stade Reims,1421,,Central Midfield,21,26.0,13,373.0
ligue-1,2015-2016,Stade Reims,1421,,Defensive Midfield,29,29.0,27,2338.0
ligue-1,2015-2016,Stade Reims,1421,,Central Midfield,30,34.0,33,2819.0
ligue-1,2015-2016,Stade Reims,1421,,Defensive Midfield,26,30.0,27,2093.0
ligue-1,2015-2016,Stade Reims,1421,,Left Midfield,27,28.0,23,1451.0
ligue-1,2015-2016,Stade Reims,1421,,Defensive Midfield,24,21.0,12,667.0
ligue-1,2015-2016,Stade Reims,1421,,Central Midfield,24,5.0,3,173.0
ligue-1,2015-2016,Stade Reims,1421,,Centre-Forward,19,28.0,25,833.0
ligue-1,2015-2016,Stade Reims,1421,,Centre-Forward,19,16.0,16,723.0
ligue-1,2015-2016,Stade Reims,1421,,Left Winger,23,15.0,14,940.0
ligue-1,2015-2016,Stade Reims,1421,,Centre-Forward,24,36.0,36,2924.0
ligue-1,2015-2016,Stade Reims,1421,,Centre-Forward,20,2.0,1,14.0
ligue-1,2015-2016,Stade Reims,1421,,Right Winger,28,21.0,16,474.0
ligue-1,2015-2016,Stade Reims,1421,,Centre-Forward,26,29.0,22,1263.0
ligue-1,2015-2016,Stade Reims,1421,,Right Winger,23,13.0,10,419.0
ligue-1,2015-2016,Stade Reims,1421,,Left Winger,24,18.0,16,1026.0
ligue-1,2015-2016,Stade Reims,1421,,Centre-Forward,26,24.0,16,856.0
ligue-1,2015-2016,FC Toulouse,415,,Goalkeeper,16,24.0,24,2145.0
ligue-1,2015-2016,FC Toulouse,415,,Goalkeeper,27,34.0,9,735.0
ligue-1,2015-2016,FC Toulouse,415,,Goalkeeper,23,14.0,6,540.0
ligue-1,2015-2016,FC Toulouse,415,,Goalkeeper,17,1.0,0,0.0
ligue-1,2015-2016,FC Toulouse,415,,Goalkeeper,24,3.0,0,0.0
ligue-1,2015-2016,FC Toulouse,415,,Centre-Back,18,22.0,21,1861.0
ligue-1,2015-2016,FC Toulouse,415,,Centre-Back,22,34.0,33,2874.0
ligue-1,2015-2016,FC Toulouse,415,,Centre-Back,22,27.0,14,1091.0
ligue-1,2015-2016,FC Toulouse,415,,Right-Back,22,31.0,19,1447.0
ligue-1,2015-2016,FC Toulouse,415,,Centre-Back,20,4.0,0,0.0
ligue-1,2015-2016,FC Toulouse,415,,Left-Back,25,16.0,14,1247.0
ligue-1,2015-2016,FC Toulouse,415,,Centre-Back,25,25.0,18,1457.0
ligue-1,2015-2016,FC Toulouse,415,,Right-Back,30,16.0,10,508.0
ligue-1,2015-2016,FC Toulouse,415,,Left-Back,25,27.0,23,1875.0
ligue-1,2015-2016,FC Toulouse,415,,Defensive Midfield,18,35.0,24,1413.0
ligue-1,2015-2016,FC Toulouse,415,,Attacking Midfield,19,18.0,16,859.0
ligue-1,2015-2016,FC Toulouse,415,,Central Midfield,22,35.0,33,2566.0
ligue-1,2015-2016,FC Toulouse,415,,Central Midfield,20,32.0,22,1073.0
ligue-1,2015-2016,FC Toulouse,415,,Attacking Midfield,18,,0,0.0
ligue-1,2015-2016,FC Toulouse,415,,Attacking Midfield,23,37.0,34,1513.0
ligue-1,2015-2016,FC Toulouse,415,,Defensive Midfield,25,26.0,25,1897.0
ligue-1,2015-2016,FC Toulouse,415,,Central Midfield,31,31.0,23,1656.0
ligue-1,2015-2016,FC Toulouse,415,,Central Midfield,34,15.0,5,67.0
ligue-1,2015-2016,FC Toulouse,415,,Attacking Midfield,27,35.0,34,2180.0
ligue-1,2015-2016,FC Toulouse,415,,Central Midfield,26,31.0,29,2125.0
ligue-1,2015-2016,FC Toulouse,415,,Centre-Forward,24,36.0,36,2933.0
ligue-1,2015-2016,FC Toulouse,415,,Centre-Forward,24,38.0,35,2893.0
ligue-1,2015-2016,FC Toulouse,415,,Centre-Forward,23,29.0,23,626.0
ligue-1,2015-2016,FC Toulouse,415,,Right Winger,19,,0,0.0
ligue-1,2015-2016,FC Toulouse,415,,Right Winger,20,3.0,1,13.0
ligue-1,2015-2016,FC Toulouse,415,,Centre-Forward,20,,0,0.0
ligue-1,2015-2016,FC Toulouse,415,,Right Winger,30,3.0,0,0.0
ligue-1,2015-2016,FC Nantes,995,,Goalkeeper,17,6.0,0,0.0
ligue-1,2015-2016,FC Nantes,995,,Goalkeeper,22,38.0,7,630.0
ligue-1,2015-2016,FC Nantes,995,,Goalkeeper,19,1.0,0,0.0
ligue-1,2015-2016,FC Nantes,995,,Goalkeeper,27,31.0,31,2790.0
ligue-1,2015-2016,FC Nantes,995,,Right-Back,22,28.0,28,2501.0
ligue-1,2015-2016,FC Nantes,995,,Right-Back,18,16.0,2,31.0
ligue-1,2015-2016,FC Nantes,995,,Left-Back,29,2.0,2,169.0
ligue-1,2015-2016,FC Nantes,995,,Left-Back,25,29.0,20,1395.0
ligue-1,2015-2016,FC Nantes,995,,Centre-Back,31,34.0,30,2616.0
ligue-1,2015-2016,FC Nantes,995,,Left-Back,26,21.0,15,1323.0
ligue-1,2015-2016,FC Nantes,995,,Right-Back,20,38.0,24,1982.0
ligue-1,2015-2016,FC Nantes,995,,Centre-Back,21,3.0,1,90.0
ligue-1,2015-2016,FC Nantes,995,,Centre-Back,22,30.0,22,1795.0
ligue-1,2015-2016,FC Nantes,995,,Central Midfield,20,11.0,11,741.0
ligue-1,2015-2016,FC Nantes,995,,Central Midfield,21,34.0,34,2529.0
ligue-1,2015-2016,FC Nantes,995,,Defensive Midfield,21,11.0,4,201.0
ligue-1,2015-2016,FC Nantes,995,,Defensive Midfield,23,31.0,23,1815.0
ligue-1,2015-2016,FC Nantes,995,,Central Midfield,28,28.0,28,2053.0
ligue-1,2015-2016,FC Nantes,995,,Defensive Midfield,26,18.0,16,1184.0
ligue-1,2015-2016,FC Nantes,995,,Attacking Midfield,25,7.0,2,27.0
ligue-1,2015-2016,FC Nantes,995,,Defensive Midfield,31,29.0,21,1759.0
ligue-1,2015-2016,FC Nantes,995,,Defensive Midfield,31,26.0,17,1192.0
ligue-1,2015-2016,FC Nantes,995,,Right Midfield,23,29.0,21,1013.0
ligue-1,2015-2016,FC Nantes,995,,Attacking Midfield,20,34.0,26,1431.0
ligue-1,2015-2016,FC Nantes,995,,Defensive Midfield,31,19.0,19,1710.0
ligue-1,2015-2016,FC Nantes,995,,Right Winger,18,5.0,3,96.0
ligue-1,2015-2016,FC Nantes,995,,Centre-Forward,20,2.0,2,26.0
ligue-1,2015-2016,FC Nantes,995,,Centre-Forward,23,33.0,32,1521.0
ligue-1,2015-2016,FC Nantes,995,,Left Winger,21,1.0,0,0.0
ligue-1,2015-2016,FC Nantes,995,,Centre-Forward,25,26.0,26,1698.0
ligue-1,2015-2016,FC Nantes,995,,Left Winger,31,31.0,29,1266.0
ligue-1,2015-2016,FC Nantes,995,,Centre-Forward,24,32.0,31,1957.0
ligue-1,2015-2016,SM Caen,1162,,Goalkeeper,35,38.0,38,3420.0
ligue-1,2015-2016,SM Caen,1162,,Goalkeeper,18,,0,0.0
ligue-1,2015-2016,SM Caen,1162,,Goalkeeper,21,38.0,0,0.0
ligue-1,2015-2016,SM Caen,1162,,Right-Back,23,38.0,38,3420.0
ligue-1,2015-2016,SM Caen,1162,,Centre-Back,20,6.0,0,0.0
ligue-1,2015-2016,SM Caen,1162,,Centre-Back,33,28.0,26,2214.0
ligue-1,2015-2016,SM Caen,1162,,Left-Back,29,35.0,35,2767.0
ligue-1,2015-2016,SM Caen,1162,,Centre-Back,26,32.0,18,1478.0
ligue-1,2015-2016,SM Caen,1162,,Left-Back,26,15.0,15,1203.0
ligue-1,2015-2016,SM Caen,1162,,Left-Back,23,26.0,10,785.0
ligue-1,2015-2016,SM Caen,1162,,Left-Back,29,17.0,7,320.0
ligue-1,2015-2016,SM Caen,1162,,Centre-Back,27,28.0,28,2483.0
ligue-1,2015-2016,SM Caen,1162,,Attacking Midfield,17,17.0,10,431.0
ligue-1,2015-2016,SM Caen,1162,,Central Midfield,19,34.0,14,662.0
ligue-1,2015-2016,SM Caen,1162,,Defensive Midfield,19,3.0,0,0.0
ligue-1,2015-2016,SM Caen,1162,,Defensive Midfield,35,35.0,33,2176.0
ligue-1,2015-2016,SM Caen,1162,,Defensive Midfield,22,10.0,6,409.0
ligue-1,2015-2016,SM Caen,1162,,Central Midfield,29,23.0,22,1570.0
ligue-1,2015-2016,SM Caen,1162,,Attacking Midfield,28,21.0,14,595.0
ligue-1,2015-2016,SM Caen,1162,,Attacking Midfield,22,25.0,18,701.0
ligue-1,2015-2016,SM Caen,1162,,Defensive Midfield,26,37.0,32,1708.0
ligue-1,2015-2016,SM Caen,1162,,Attacking Midfield,32,38.0,38,3275.0
ligue-1,2015-2016,SM Caen,1162,,Defensive Midfield,22,,0,0.0
ligue-1,2015-2016,SM Caen,1162,,Left Winger,16,,0,0.0
ligue-1,2015-2016,SM Caen,1162,,Left Winger,21,4.0,3,177.0
ligue-1,2015-2016,SM Caen,1162,,Second Striker,22,30.0,16,530.0
ligue-1,2015-2016,SM Caen,1162,,Centre-Forward,23,36.0,36,3141.0
ligue-1,2015-2016,SM Caen,1162,,Left Winger,25,28.0,25,1076.0
ligue-1,2015-2016,SM Caen,1162,,Right Winger,25,34.0,34,2798.0
ligue-1,2015-2016,SM Caen,1162,,Centre-Forward,24,8.0,6,123.0
ligue-1,2015-2016,EA Guingamp,855,,Goalkeeper,19,18.0,0,0.0
ligue-1,2015-2016,EA Guingamp,855,,Goalkeeper,25,21.0,1,90.0
ligue-1,2015-2016,EA Guingamp,855,,Goalkeeper,26,37.0,37,3330.0
ligue-1,2015-2016,EA Guingamp,855,,Right-Back,19,32.0,30,1730.0
ligue-1,2015-2016,EA Guingamp,855,,Centre-Back,28,35.0,18,1237.0
ligue-1,2015-2016,EA Guingamp,855,,Centre-Back,20,,0,0.0
ligue-1,2015-2016,EA Guingamp,855,,Right-Back,35,35.0,32,2750.0
ligue-1,2015-2016,EA Guingamp,855,,Right-Back,32,9.0,2,180.0
ligue-1,2015-2016,EA Guingamp,855,,Left-Back,25,15.0,14,1205.0
ligue-1,2015-2016,EA Guingamp,855,,Centre-Back,31,34.0,34,3031.0
ligue-1,2015-2016,EA Guingamp,855,,Right-Back,22,27.0,9,599.0
ligue-1,2015-2016,EA Guingamp,855,,Right-Back,29,16.0,16,1384.0
ligue-1,2015-2016,EA Guingamp,855,,Left-Back,32,11.0,6,450.0
ligue-1,2015-2016,EA Guingamp,855,,Centre-Back,28,29.0,29,2589.0
ligue-1,2015-2016,EA Guingamp,855,,Right Midfield,17,19.0,14,646.0
ligue-1,2015-2016,EA Guingamp,855,,Defensive Midfield,29,32.0,30,1913.0
ligue-1,2015-2016,EA Guingamp,855,,Defensive Midfield,33,28.0,14,506.0
ligue-1,2015-2016,EA Guingamp,855,,Central Midfield,25,33.0,33,2921.0
ligue-1,2015-2016,EA Guingamp,855,,Defensive Midfield,33,21.0,20,1386.0
ligue-1,2015-2016,EA Guingamp,855,,Left Midfield,34,33.0,25,1705.0
ligue-1,2015-2016,EA Guingamp,855,,Defensive Midfield,22,10.0,3,270.0
ligue-1,2015-2016,EA Guingamp,855,,Right Winger,17,2.0,1,7.0
ligue-1,2015-2016,EA Guingamp,855,,Centre-Forward,21,7.0,3,43.0
ligue-1,2015-2016,EA Guingamp,855,,Centre-Forward,19,2.0,0,0.0
ligue-1,2015-2016,EA Guingamp,855,,Centre-Forward,26,18.0,13,427.0
ligue-1,2015-2016,EA Guingamp,855,,Left Winger,24,21.0,19,1238.0
ligue-1,2015-2016,EA Guingamp,855,,Centre-Forward,25,36.0,27,1249.0
ligue-1,2015-2016,EA Guingamp,855,,Right Winger,25,19.0,13,369.0
ligue-1,2015-2016,EA Guingamp,855,,Right Winger,24,32.0,30,2341.0
ligue-1,2015-2016,EA Guingamp,855,,Centre-Forward,29,35.0,35,2938.0
ligue-1,2015-2016,EA Guingamp,855,,Centre-Forward,28,17.0,15,878.0
ligue-1,2015-2016,Angers SCO,1420,,Goalkeeper,32,19.0,19,1710.0
ligue-1,2015-2016,Angers SCO,1420,,Goalkeeper,18,2.0,0,0.0
ligue-1,2015-2016,Angers SCO,1420,,Goalkeeper,27,18.0,2,180.0
ligue-1,2015-2016,Angers SCO,1420,,Goalkeeper,24,37.0,17,1530.0
ligue-1,2015-2016,Angers SCO,1420,,Centre-Back,25,35.0,35,3104.0
ligue-1,2015-2016,Angers SCO,1420,,Centre-Back,27,1.0,0,0.0
ligue-1,2015-2016,Angers SCO,1420,,Right-Back,32,37.0,13,1012.0
ligue-1,2015-2016,Angers SCO,1420,,Left-Back,26,29.0,23,1246.0
ligue-1,2015-2016,Angers SCO,1420,,Centre-Back,31,15.0,8,514.0
ligue-1,2015-2016,Angers SCO,1420,,Centre-Back,28,34.0,34,2959.0
ligue-1,2015-2016,Angers SCO,1420,,Left-Back,29,,0,0.0
ligue-1,2015-2016,Angers SCO,1420,,Left-Back,26,32.0,31,2723.0
ligue-1,2015-2016,Angers SCO,1420,,Centre-Back,27,36.0,36,3220.0
ligue-1,2015-2016,Angers SCO,1420,,Right-Back,25,30.0,27,2385.0
ligue-1,2015-2016,Angers SCO,1420,,Central Midfield,18,2.0,1,90.0
ligue-1,2015-2016,Angers SCO,1420,,Attacking Midfield,31,1.0,1,25.0
ligue-1,2015-2016,Angers SCO,1420,,Central Midfield,28,33.0,33,2501.0
ligue-1,2015-2016,Angers SCO,1420,,Defensive Midfield,31,28.0,16,397.0
ligue-1,2015-2016,Angers SCO,1420,,Central Midfield,28,34.0,28,1256.0
ligue-1,2015-2016,Angers SCO,1420,,Central Midfield,29,32.0,32,2775.0
ligue-1,2015-2016,Angers SCO,1420,,Attacking Midfield,23,6.0,1,1.0
ligue-1,2015-2016,Angers SCO,1420,,Central Midfield,34,37.0,15,479.0
ligue-1,2015-2016,Angers SCO,1420,,Defensive Midfield,30,15.0,3,152.0
ligue-1,2015-2016,Angers SCO,1420,,Left Winger,19,14.0,12,298.0
ligue-1,2015-2016,Angers SCO,1420,,Centre-Forward,22,7.0,5,61.0
ligue-1,2015-2016,Angers SCO,1420,,Left Winger,25,17.0,17,1459.0
ligue-1,2015-2016,Angers SCO,1420,,Centre-Forward,21,19.0,19,944.0
ligue-1,2015-2016,Angers SCO,1420,,Right Winger,24,32.0,32,2442.0
ligue-1,2015-2016,Angers SCO,1420,,Centre-Forward,24,15.0,12,311.0
ligue-1,2015-2016,Angers SCO,1420,,Centre-Forward,25,35.0,35,2697.0
ligue-1,2015-2016,Angers SCO,1420,,Centre-Forward,27,18.0,12,315.0
ligue-1,2015-2016,Angers SCO,1420,,Right Winger,33,,0,0.0
ligue-1,2015-2016,Angers SCO,1420,,Centre-Forward,26,13.0,9,620.0
ligue-1,2015-2016,Angers SCO,1420,,Centre-Forward,19,,0,0.0
ligue-1,2015-2016,ESTAC Troyes,1095,,Goalkeeper,18,19.0,14,1260.0
ligue-1,2015-2016,ESTAC Troyes,1095,,Goalkeeper,27,14.0,9,810.0
ligue-1,2015-2016,ESTAC Troyes,1095,,Goalkeeper,26,28.0,15,1350.0
ligue-1,2015-2016,ESTAC Troyes,1095,,Goalkeeper,37,14.0,0,0.0
ligue-1,2015-2016,ESTAC Troyes,1095,,Goalkeeper,17,1.0,0,0.0
ligue-1,2015-2016,ESTAC Troyes,1095,,Right-Back,19,,0,0.0
ligue-1,2015-2016,ESTAC Troyes,1095,,Left-Back,23,8.0,5,450.0
ligue-1,2015-2016,ESTAC Troyes,1095,,Right-Back,29,11.0,11,901.0
ligue-1,2015-2016,ESTAC Troyes,1095,,Centre-Back,24,10.0,8,571.0
ligue-1,2015-2016,ESTAC Troyes,1095,,Centre-Back,24,26.0,20,1588.0
ligue-1,2015-2016,ESTAC Troyes,1095,,Centre-Back,25,28.0,28,2418.0
ligue-1,2015-2016,ESTAC Troyes,1095,,Centre-Back,28,9.0,8,716.0
ligue-1,2015-2016,ESTAC Troyes,1095,,Right-Back,34,,0,0.0
ligue-1,2015-2016,ESTAC Troyes,1095,,Centre-Back,24,1.0,1,13.0
ligue-1,2015-2016,ESTAC Troyes,1095,,Centre-Back,21,3.0,3,239.0
ligue-1,2015-2016,ESTAC Troyes,1095,,Right-Back,27,24.0,20,1698.0
ligue-1,2015-2016,ESTAC Troyes,1095,,Centre-Back,29,18.0,13,1056.0
ligue-1,2015-2016,ESTAC Troyes,1095,,Right-Back,28,21.0,17,1069.0
ligue-1,2015-2016,ESTAC Troyes,1095,,Defensive Midfield,18,19.0,15,1208.0
ligue-1,2015-2016,ESTAC Troyes,1095,,Defensive Midfield,28,15.0,14,1017.0
ligue-1,2015-2016,ESTAC Troyes,1095,,Right Midfield,21,17.0,15,722.0
ligue-1,2015-2016,ESTAC Troyes,1095,,Left Midfield,31,28.0,26,1662.0
ligue-1,2015-2016,ESTAC Troyes,1095,,Attacking Midfield,38,35.0,34,2430.0
ligue-1,2015-2016,ESTAC Troyes,1095,,Defensive Midfield,31,34.0,16,1062.0
ligue-1,2015-2016,ESTAC Troyes,1095,,Central Midfield,25,25.0,14,756.0
ligue-1,2015-2016,ESTAC Troyes,1095,,Attacking Midfield,30,37.0,35,2411.0
ligue-1,2015-2016,ESTAC Troyes,1095,,Central Midfield,27,36.0,32,2347.0
ligue-1,2015-2016,ESTAC Troyes,1095,,Defensive Midfield,21,38.0,37,3177.0
ligue-1,2015-2016,ESTAC Troyes,1095,,Defensive Midfield,27,17.0,8,587.0
ligue-1,2015-2016,ESTAC Troyes,1095,,Centre-Forward,18,9.0,6,154.0
ligue-1,2015-2016,ESTAC Troyes,1095,,Right Winger,18,1.0,1,14.0
ligue-1,2015-2016,ESTAC Troyes,1095,,Centre-Forward,22,17.0,12,515.0
ligue-1,2015-2016,ESTAC Troyes,1095,,Centre-Forward,19,34.0,34,2631.0
ligue-1,2015-2016,ESTAC Troyes,1095,,Centre-Forward,20,12.0,10,588.0
ligue-1,2015-2016,ESTAC Troyes,1095,,Left Winger,25,36.0,25,954.0
ligue-1,2015-2016,ESTAC Troyes,1095,,Centre-Forward,26,13.0,7,175.0
ligue-1,2015-2016,ESTAC Troyes,1095,,Right Winger,31,26.0,18,815.0
ligue-1,2015-2016,SC Bastia,595,,Goalkeeper,30,29.0,4,311.0
ligue-1,2015-2016,SC Bastia,595,,Goalkeeper,21,13.0,2,118.0
ligue-1,2015-2016,SC Bastia,595,,Goalkeeper,29,34.0,34,2990.0
ligue-1,2015-2016,SC Bastia,595,,Centre-Back,20,20.0,20,1514.0
ligue-1,2015-2016,SC Bastia,595,,Left-Back,18,4.0,0,0.0
ligue-1,2015-2016,SC Bastia,595,,Centre-Back,24,36.0,25,2044.0
ligue-1,2015-2016,SC Bastia,595,,Centre-Back,34,34.0,31,2667.0
ligue-1,2015-2016,SC Bastia,595,,Left-Back,28,34.0,34,2942.0
ligue-1,2015-2016,SC Bastia,595,,Centre-Back,36,36.0,29,2423.0
ligue-1,2015-2016,SC Bastia,595,,Right-Back,23,15.0,4,180.0
ligue-1,2015-2016,SC Bastia,595,,Left-Back,29,31.0,24,1672.0
ligue-1,2015-2016,SC Bastia,595,,Right-Back,31,28.0,20,1586.0
ligue-1,2015-2016,SC Bastia,595,,Left-Back,18,1.0,0,0.0
ligue-1,2015-2016,SC Bastia,595,,Central Midfield,20,34.0,32,2304.0
ligue-1,2015-2016,SC Bastia,595,,Central Midfield,19,31.0,15,703.0
ligue-1,2015-2016,SC Bastia,595,,Attacking Midfield,19,12.0,1,16.0
ligue-1,2015-2016,SC Bastia,595,,Left Midfield,18,1.0,0,0.0
ligue-1,2015-2016,SC Bastia,595,,Attacking Midfield,21,2.0,0,0.0
ligue-1,2015-2016,SC Bastia,595,,Attacking Midfield,24,18.0,15,714.0
ligue-1,2015-2016,SC Bastia,595,,Defensive Midfield,21,4.0,4,34.0
ligue-1,2015-2016,SC Bastia,595,,Defensive Midfield,31,29.0,25,1809.0
ligue-1,2015-2016,SC Bastia,595,,Defensive Midfield,30,32.0,31,2546.0
ligue-1,2015-2016,SC Bastia,595,,Attacking Midfield,21,29.0,22,1304.0
ligue-1,2015-2016,SC Bastia,595,,Left Winger,19,24.0,23,1410.0
ligue-1,2015-2016,SC Bastia,595,,Left Winger,26,32.0,32,2629.0
ligue-1,2015-2016,SC Bastia,595,,Left Winger,33,37.0,37,2702.0
ligue-1,2015-2016,SC Bastia,595,,Centre-Forward,26,22.0,11,510.0
ligue-1,2015-2016,SC Bastia,595,,Centre-Forward,35,30.0,27,1838.0
ligue-1,2015-2016,SC Bastia,595,,Centre-Forward,25,18.0,9,242.0
ligue-1,2015-2016,SC Bastia,595,,Centre-Forward,19,10.0,5,160.0
ligue-1,2015-2016,SC Bastia,595,,Left Winger,20,1.0,0,0.0
ligue-1,2015-2016,GFC Ajaccio,3558,,Goalkeeper,17,6.0,2,139.0
ligue-1,2015-2016,GFC Ajaccio,3558,,Goalkeeper,29,36.0,34,3060.0
ligue-1,2015-2016,GFC Ajaccio,3558,,Goalkeeper,26,31.0,3,221.0
ligue-1,2015-2016,GFC Ajaccio,3558,,Goalkeeper,16,2.0,0,0.0
ligue-1,2015-2016,GFC Ajaccio,3558,,Left-Back,21,35.0,34,2695.0
ligue-1,2015-2016,GFC Ajaccio,3558,,Centre-Back,23,30.0,24,1999.0
ligue-1,2015-2016,GFC Ajaccio,3558,,Centre-Back,26,32.0,26,1920.0
ligue-1,2015-2016,GFC Ajaccio,3558,,Centre-Back,35,25.0,23,1938.0
ligue-1,2015-2016,GFC Ajaccio,3558,,Right-Back,37,34.0,33,2654.0
ligue-1,2015-2016,GFC Ajaccio,3558,,Centre-Back,26,17.0,13,952.0
ligue-1,2015-2016,GFC Ajaccio,3558,,Centre-Back,32,33.0,31,2556.0
ligue-1,2015-2016,GFC Ajaccio,3558,,Centre-Back,26,31.0,28,2206.0
ligue-1,2015-2016,GFC Ajaccio,3558,,Left-Back,17,3.0,0,0.0
ligue-1,2015-2016,GFC Ajaccio,3558,,Right-Back,18,4.0,0,0.0
ligue-1,2015-2016,GFC Ajaccio,3558,,Central Midfield,22,25.0,18,1142.0
ligue-1,2015-2016,GFC Ajaccio,3558,,Defensive Midfield,25,37.0,35,2380.0
ligue-1,2015-2016,GFC Ajaccio,3558,,Defensive Midfield,32,34.0,31,2465.0
ligue-1,2015-2016,GFC Ajaccio,3558,,Attacking Midfield,27,33.0,30,2285.0
ligue-1,2015-2016,GFC Ajaccio,3558,,Right Midfield,31,36.0,15,789.0
ligue-1,2015-2016,GFC Ajaccio,3558,,Central Midfield,16,3.0,0,0.0
ligue-1,2015-2016,GFC Ajaccio,3558,,Midfield,18,2.0,0,0.0
ligue-1,2015-2016,GFC Ajaccio,3558,,Central Midfield,17,1.0,0,0.0
ligue-1,2015-2016,GFC Ajaccio,3558,,Midfield,17,2.0,0,0.0
ligue-1,2015-2016,GFC Ajaccio,3558,,Centre-Forward,28,37.0,31,1928.0
ligue-1,2015-2016,GFC Ajaccio,3558,,Right Winger,28,13.0,11,356.0
ligue-1,2015-2016,GFC Ajaccio,3558,,Centre-Forward,22,35.0,23,963.0
ligue-1,2015-2016,GFC Ajaccio,3558,,Centre-Forward,23,35.0,31,2354.0
ligue-1,2015-2016,GFC Ajaccio,3558,,Centre-Forward,26,34.0,23,1069.0
ligue-1,2015-2016,GFC Ajaccio,3558,,Centre-Forward,27,15.0,9,281.0
ligue-1,2015-2016,GFC Ajaccio,3558,,Centre-Forward,35,21.0,19,1142.0
ligue-1,2016-2017,Paris Saint-Germain,583,,Goalkeeper,23,35.0,15,1297.0
ligue-1,2016-2017,Paris Saint-Germain,583,,Goalkeeper,25,36.0,24,2124.0
ligue-1,2016-2017,Paris Saint-Germain,583,,Goalkeeper,20,5.0,0,0.0
ligue-1,2016-2017,Paris Saint-Germain,583,,Goalkeeper,29,,0,0.0
ligue-1,2016-2017,Paris Saint-Germain,583,,Centre-Back,22,33.0,29,2500.0
ligue-1,2016-2017,Paris Saint-Germain,583,,Centre-Back,20,31.0,19,1710.0
ligue-1,2016-2017,Paris Saint-Germain,583,,Right-Back,17,,0,0.0
ligue-1,2016-2017,Paris Saint-Germain,583,,Right-Back,24,33.0,22,1692.0
ligue-1,2016-2017,Paris Saint-Germain,583,,Right-Back,23,,0,0.0
ligue-1,2016-2017,Paris Saint-Germain,583,,Right-Back,23,29.0,22,1830.0
ligue-1,2016-2017,Paris Saint-Germain,583,,Left-Back,19,1.0,0,0.0
ligue-1,2016-2017,Paris Saint-Germain,583,,Left-Back,23,22.0,18,1528.0
ligue-1,2016-2017,Paris Saint-Germain,583,,Centre-Back,31,29.0,27,2385.0
ligue-1,2016-2017,Paris Saint-Germain,583,,Centre-Back,29,3.0,3,242.0
ligue-1,2016-2017,Paris Saint-Germain,583,,Left-Back,34,34.0,20,1712.0
ligue-1,2016-2017,Paris Saint-Germain,583,,Central Midfield,21,28.0,27,1938.0
ligue-1,2016-2017,Paris Saint-Germain,583,,Attacking Midfield,20,11.0,4,81.0
ligue-1,2016-2017,Paris Saint-Germain,583,,Central Midfield,23,29.0,28,2157.0
ligue-1,2016-2017,Paris Saint-Germain,583,,Defensive Midfield,25,,0,0.0
ligue-1,2016-2017,Paris Saint-Germain,583,,Defensive Midfield,18,2.0,1,3.0
ligue-1,2016-2017,Paris Saint-Germain,583,,Central Midfield,20,,0,0.0
ligue-1,2016-2017,Paris Saint-Germain,583,,Defensive Midfield,26,20.0,11,657.0
ligue-1,2016-2017,Paris Saint-Germain,583,,Defensive Midfield,33,30.0,30,2227.0
ligue-1,2016-2017,Paris Saint-Germain,583,,Attacking Midfield,27,18.0,15,871.0
ligue-1,2016-2017,Paris Saint-Germain,583,,Central Midfield,29,36.0,34,2414.0
ligue-1,2016-2017,Paris Saint-Germain,583,,Attacking Midfield,29,26.0,23,626.0
ligue-1,2016-2017,Paris Saint-Germain,583,,Centre-Forward,18,20.0,8,397.0
ligue-1,2016-2017,Paris Saint-Germain,583,,Centre-Forward,18,,0,0.0
ligue-1,2016-2017,Paris Saint-Germain,583,,Left Winger,19,15.0,7,139.0
ligue-1,2016-2017,Paris Saint-Germain,583,,Right Winger,18,5.0,4,138.0
ligue-1,2016-2017,Paris Saint-Germain,583,,Left Winger,22,17.0,17,1021.0
ligue-1,2016-2017,Paris Saint-Germain,583,,Right Winger,23,37.0,37,2436.0
ligue-1,2016-2017,Paris Saint-Germain,583,,Right Winger,28,30.0,29,2046.0
ligue-1,2016-2017,Paris Saint-Germain,583,,Centre-Forward,29,37.0,36,2975.0
ligue-1,2016-2017,Paris Saint-Germain,583,,Left Winger,22,2.0,0,0.0
ligue-1,2016-2017,Paris Saint-Germain,583,,Left Winger,23,14.0,9,269.0
ligue-1,2016-2017,Paris Saint-Germain,583,,Centre-Forward,19,16.0,10,198.0
ligue-1,2016-2017,Paris Saint-Germain,583,,Right Winger,22,,0,0.0
ligue-1,2016-2017,Paris Saint-Germain,583,,Centre-Forward,23,,0,0.0
ligue-1,2016-2017,AS Monaco,162,,Goalkeeper,31,36.0,36,3240.0
ligue-1,2016-2017,AS Monaco,162,,Goalkeeper,39,34.0,1,90.0
ligue-1,2016-2017,AS Monaco,162,,Goalkeeper,20,1.0,1,45.0
ligue-1,2016-2017,AS Monaco,162,,Goalkeeper,18,5.0,1,45.0
ligue-1,2016-2017,AS Monaco,162,,Centre-Back,20,19.0,5,387.0
ligue-1,2016-2017,AS Monaco,162,,Centre-Back,23,1.0,1,90.0
ligue-1,2016-2017,AS Monaco,162,,Right-Back,23,30.0,29,2322.0
ligue-1,2016-2017,AS Monaco,162,,Centre-Back,21,,0,0.0
ligue-1,2016-2017,AS Monaco,162,,Right-Back,19,,0,0.0
ligue-1,2016-2017,AS Monaco,162,,Centre-Back,23,34.0,34,3058.0
ligue-1,2016-2017,AS Monaco,162,,Left-Back,20,10.0,2,91.0
ligue-1,2016-2017,AS Monaco,162,,Left-Back,21,25.0,25,2062.0
ligue-1,2016-2017,AS Monaco,162,,Right-Back,20,,0,0.0
ligue-1,2016-2017,AS Monaco,162,,Centre-Back,28,37.0,36,3240.0
ligue-1,2016-2017,AS Monaco,162,,Left-Back,28,1.0,0,0.0
ligue-1,2016-2017,AS Monaco,162,,Centre-Back,21,,0,0.0
ligue-1,2016-2017,AS Monaco,162,,Centre-Back,19,,0,0.0
ligue-1,2016-2017,AS Monaco,162,,Centre-Back,19,,0,0.0
ligue-1,2016-2017,AS Monaco,162,,Right-Back,30,20.0,18,864.0
ligue-1,2016-2017,AS Monaco,162,,Centre-Back,32,32.0,14,969.0
ligue-1,2016-2017,AS Monaco,162,,Centre-Back,20,25.0,15,1081.0
ligue-1,2016-2017,AS Monaco,162,,Attacking Midfield,21,37.0,37,2804.0
ligue-1,2016-2017,AS Monaco,162,,Defensive Midfield,22,37.0,37,3071.0
ligue-1,2016-2017,AS Monaco,162,,Defensive Midfield,19,,0,0.0
ligue-1,2016-2017,AS Monaco,162,,Attacking Midfield,20,36.0,34,2612.0
ligue-1,2016-2017,AS Monaco,162,,Attacking Midfield,20,24.0,11,437.0
ligue-1,2016-2017,AS Monaco,162,,Defensive Midfield,20,15.0,5,320.0
ligue-1,2016-2017,AS Monaco,162,,Central Midfield,21,11.0,5,280.0
ligue-1,2016-2017,AS Monaco,162,,Defensive Midfield,19,,0,0.0
ligue-1,2016-2017,AS Monaco,162,,Central Midfield,29,34.0,31,1766.0
ligue-1,2016-2017,AS Monaco,162,,Defensive Midfield,21,34.0,32,2220.0
ligue-1,2016-2017,AS Monaco,162,,Central Midfield,21,,0,0.0
ligue-1,2016-2017,AS Monaco,162,,Attacking Midfield,19,,0,0.0
ligue-1,2016-2017,AS Monaco,162,,Centre-Forward,17,35.0,29,1511.0
ligue-1,2016-2017,AS Monaco,162,,Left Winger,19,,0,0.0
ligue-1,2016-2017,AS Monaco,162,,Right Winger,18,10.0,3,16.0
ligue-1,2016-2017,AS Monaco,162,,Right Winger,19,,0,0.0
ligue-1,2016-2017,AS Monaco,162,,Right Winger,20,,0,0.0
ligue-1,2016-2017,AS Monaco,162,,Left Winger,22,2.0,2,98.0
ligue-1,2016-2017,AS Monaco,162,,Centre-Forward,25,24.0,19,585.0
ligue-1,2016-2017,AS Monaco,162,,Centre-Forward,20,8.0,2,101.0
ligue-1,2016-2017,AS Monaco,162,,Centre-Forward,30,30.0,29,1938.0
ligue-1,2016-2017,AS Monaco,162,,Centre-Forward,26,,0,0.0
ligue-1,2016-2017,AS Monaco,162,,Left Winger,16,,0,0.0
ligue-1,2016-2017,AS Monaco,162,,Centre-Forward,19,,0,0.0
ligue-1,2016-2017,AS Monaco,162,,Left Winger,20,,0,0.0
ligue-1,2016-2017,AS Monaco,162,,Centre-Forward,26,37.0,36,2241.0
ligue-1,2016-2017,Olympique Lyon,1041,,Goalkeeper,25,37.0,37,3330.0
ligue-1,2016-2017,Olympique Lyon,1041,,Goalkeeper,25,38.0,1,90.0
ligue-1,2016-2017,Olympique Lyon,1041,,Goalkeeper,22,1.0,0,0.0
ligue-1,2016-2017,Olympique Lyon,1041,,Centre-Back,20,23.0,17,1514.0
ligue-1,2016-2017,Olympique Lyon,1041,,Centre-Back,19,26.0,22,1930.0
ligue-1,2016-2017,Olympique Lyon,1041,,Right-Back,19,14.0,2,173.0
ligue-1,2016-2017,Olympique Lyon,1041,,Left-Back,21,,0,0.0
ligue-1,2016-2017,Olympique Lyon,1041,,Centre-Back,27,35.0,25,2131.0
ligue-1,2016-2017,Olympique Lyon,1041,,Centre-Back,26,18.0,13,1170.0
ligue-1,2016-2017,Olympique Lyon,1041,,Right-Back,32,22.0,13,1093.0
ligue-1,2016-2017,Olympique Lyon,1041,,Left-Back,32,30.0,29,2543.0
ligue-1,2016-2017,Olympique Lyon,1041,,Right-Back,25,29.0,27,2151.0
ligue-1,2016-2017,Olympique Lyon,1041,,Left-Back,26,28.0,19,1236.0
ligue-1,2016-2017,Olympique Lyon,1041,,Central Midfield,21,33.0,31,2578.0
ligue-1,2016-2017,Olympique Lyon,1041,,Attacking Midfield,18,7.0,3,125.0
ligue-1,2016-2017,Olympique Lyon,1041,,Attacking Midfield,22,32.0,32,2225.0
ligue-1,2016-2017,Olympique Lyon,1041,,Central Midfield,22,36.0,23,1412.0
ligue-1,2016-2017,Olympique Lyon,1041,,Central Midfield,19,4.0,2,60.0
ligue-1,2016-2017,Olympique Lyon,1041,,Central Midfield,18,,0,0.0
ligue-1,2016-2017,Olympique Lyon,1041,,Central Midfield,19,34.0,22,1638.0
ligue-1,2016-2017,Olympique Lyon,1041,,Central Midfield,24,38.0,28,1038.0
ligue-1,2016-2017,Olympique Lyon,1041,,Attacking Midfield,31,30.0,30,1488.0
ligue-1,2016-2017,Olympique Lyon,1041,,Central Midfield,25,5.0,4,33.0
ligue-1,2016-2017,Olympique Lyon,1041,,Defensive Midfield,27,31.0,30,2522.0
ligue-1,2016-2017,Olympique Lyon,1041,,Centre-Forward,19,7.0,2,86.0
ligue-1,2016-2017,Olympique Lyon,1041,,Right Winger,20,,0,0.0
ligue-1,2016-2017,Olympique Lyon,1041,,Centre-Forward,22,17.0,17,1189.0
ligue-1,2016-2017,Olympique Lyon,1041,,Right Winger,20,5.0,0,0.0
ligue-1,2016-2017,Olympique Lyon,1041,,Centre-Forward,25,31.0,30,2410.0
ligue-1,2016-2017,Olympique Lyon,1041,,Left Winger,19,35.0,33,1909.0
ligue-1,2016-2017,Olympique Lyon,1041,,Right Winger,20,8.0,4,76.0
ligue-1,2016-2017,Olympique Lyon,1041,,Left Winger,17,1.0,0,0.0
ligue-1,2016-2017,Olympique Lyon,1041,,Right Winger,24,28.0,26,1375.0
ligue-1,2016-2017,Olympique Lyon,1041,,Centre-Forward,19,,0,0.0
ligue-1,2016-2017,OGC Nice,417,,Goalkeeper,23,28.0,3,214.0
ligue-1,2016-2017,OGC Nice,417,,Goalkeeper,21,10.0,0,0.0
ligue-1,2016-2017,OGC Nice,417,,Goalkeeper,31,2.0,0,0.0
ligue-1,2016-2017,OGC Nice,417,,Goalkeeper,22,36.0,36,3206.0
ligue-1,2016-2017,OGC Nice,417,,Centre-Back,17,33.0,27,2210.0
ligue-1,2016-2017,OGC Nice,417,,Centre-Back,18,11.0,1,42.0
ligue-1,2016-2017,OGC Nice,417,,Left-Back,18,,0,0.0
ligue-1,2016-2017,OGC Nice,417,,Centre-Back,20,1.0,0,0.0
ligue-1,2016-2017,OGC Nice,417,,Right-Back,22,26.0,24,2058.0
ligue-1,2016-2017,OGC Nice,417,,Left-Back,22,33.0,33,2874.0
ligue-1,2016-2017,OGC Nice,417,,Right-Back,24,38.0,26,2340.0
ligue-1,2016-2017,OGC Nice,417,,Right-Back,20,18.0,4,248.0
ligue-1,2016-2017,OGC Nice,417,,Left-Back,18,2.0,0,0.0
ligue-1,2016-2017,OGC Nice,417,,Centre-Back,28,22.0,22,1858.0
ligue-1,2016-2017,OGC Nice,417,,Centre-Back,26,15.0,10,703.0
ligue-1,2016-2017,OGC Nice,417,,Centre-Back,32,34.0,33,2970.0
ligue-1,2016-2017,OGC Nice,417,,Central Midfield,19,13.0,6,253.0
ligue-1,2016-2017,OGC Nice,417,,Attacking Midfield,26,31.0,31,2541.0
ligue-1,2016-2017,OGC Nice,417,,Attacking Midfield,24,30.0,29,2085.0
ligue-1,2016-2017,OGC Nice,417,,Central Midfield,21,29.0,29,2433.0
ligue-1,2016-2017,OGC Nice,417,,Central Midfield,21,33.0,22,1406.0
ligue-1,2016-2017,OGC Nice,417,,Attacking Midfield,19,21.0,6,231.0
ligue-1,2016-2017,OGC Nice,417,,Defensive Midfield,24,34.0,34,2990.0
ligue-1,2016-2017,OGC Nice,417,,Defensive Midfield,33,18.0,12,588.0
ligue-1,2016-2017,OGC Nice,417,,Attacking Midfield,23,2.0,0,0.0
ligue-1,2016-2017,OGC Nice,417,,Defensive Midfield,19,1.0,0,0.0
ligue-1,2016-2017,OGC Nice,417,,Central Midfield,33,8.0,6,305.0
ligue-1,2016-2017,OGC Nice,417,,Central Midfield,20,37.0,27,1670.0
ligue-1,2016-2017,OGC Nice,417,,Left Winger,20,,0,0.0
ligue-1,2016-2017,OGC Nice,417,,Right Winger,19,,0,0.0
ligue-1,2016-2017,OGC Nice,417,,Centre-Forward,23,25.0,25,1853.0
ligue-1,2016-2017,OGC Nice,417,,Right Winger,16,3.0,1,15.0
ligue-1,2016-2017,OGC Nice,417,,Left Winger,19,34.0,18,443.0
ligue-1,2016-2017,OGC Nice,417,,Right Winger,19,13.0,5,36.0
ligue-1,2016-2017,OGC Nice,417,,Centre-Forward,21,,0,0.0
ligue-1,2016-2017,OGC Nice,417,,Centre-Forward,25,23.0,23,1746.0
ligue-1,2016-2017,OGC Nice,417,,Centre-Forward,26,10.0,10,298.0
ligue-1,2016-2017,OGC Nice,417,,Centre-Forward,22,,0,0.0
ligue-1,2016-2017,OGC Nice,417,,Centre-Forward,23,6.0,0,0.0
ligue-1,2016-2017,Olympique Marseille,244,,Goalkeeper,22,38.0,0,0.0
ligue-1,2016-2017,Olympique Marseille,244,,Goalkeeper,20,,0,0.0
ligue-1,2016-2017,Olympique Marseille,244,,Goalkeeper,33,38.0,38,3420.0
ligue-1,2016-2017,Olympique Marseille,244,,Centre-Back,21,35.0,23,1364.0
ligue-1,2016-2017,Olympique Marseille,244,,Centre-Back,21,28.0,10,793.0
ligue-1,2016-2017,Olympique Marseille,244,,Right-Back,26,35.0,35,2983.0
ligue-1,2016-2017,Olympique Marseille,244,,Centre-Back,21,1.0,0,0.0
ligue-1,2016-2017,Olympique Marseille,244,,Right-Back,24,34.0,26,932.0
ligue-1,2016-2017,Olympique Marseille,244,,Right-Back,20,1.0,0,0.0
ligue-1,2016-2017,Olympique Marseille,244,,Centre-Back,30,36.0,30,2617.0
ligue-1,2016-2017,Olympique Marseille,244,,Left-Back,32,23.0,16,1173.0
ligue-1,2016-2017,Olympique Marseille,244,,Centre-Back,21,,0,0.0
ligue-1,2016-2017,Olympique Marseille,244,,Centre-Back,30,23.0,13,996.0
ligue-1,2016-2017,Olympique Marseille,244,,Left-Back,35,12.0,11,873.0
ligue-1,2016-2017,Olympique Marseille,244,,Right-Back,34,31.0,28,2395.0
ligue-1,2016-2017,Olympique Marseille,244,,Defensive Midfield,16,2.0,0,0.0
ligue-1,2016-2017,Olympique Marseille,244,,Central Midfield,20,37.0,33,1957.0
ligue-1,2016-2017,Olympique Marseille,244,,Defensive Midfield,18,36.0,30,2185.0
ligue-1,2016-2017,Olympique Marseille,244,,Central Midfield,21,18.0,17,1358.0
ligue-1,2016-2017,Olympique Marseille,244,,Attacking Midfield,26,32.0,29,1570.0
ligue-1,2016-2017,Olympique Marseille,244,,Attacking Midfield,21,17.0,9,144.0
ligue-1,2016-2017,Olympique Marseille,244,,Attacking Midfield,20,17.0,10,416.0
ligue-1,2016-2017,Olympique Marseille,244,,Central Midfield,30,2.0,2,130.0
ligue-1,2016-2017,Olympique Marseille,244,,Defensive Midfield,31,11.0,11,727.0
ligue-1,2016-2017,Olympique Marseille,244,,Attacking Midfield,29,15.0,15,1249.0
ligue-1,2016-2017,Olympique Marseille,244,,Defensive Midfield,26,9.0,8,654.0
ligue-1,2016-2017,Olympique Marseille,244,,Defensive Midfield,27,30.0,29,2550.0
ligue-1,2016-2017,Olympique Marseille,244,,Right Winger,23,38.0,38,2976.0
ligue-1,2016-2017,Olympique Marseille,244,,Centre-Forward,20,5.0,2,15.0
ligue-1,2016-2017,Olympique Marseille,244,,Centre-Forward,18,14.0,8,260.0
ligue-1,2016-2017,Olympique Marseille,244,,Right Winger,22,26.0,22,1021.0
ligue-1,2016-2017,Olympique Marseille,244,,Right Winger,27,7.0,6,240.0
ligue-1,2016-2017,Olympique Marseille,244,,Centre-Forward,30,33.0,31,2606.0
ligue-1,2016-2017,FC Girondins Bordeaux,40,,Goalkeeper,19,14.0,0,0.0
ligue-1,2016-2017,FC Girondins Bordeaux,40,,Goalkeeper,20,35.0,14,1260.0
ligue-1,2016-2017,FC Girondins Bordeaux,40,,Goalkeeper,34,27.0,24,2160.0
ligue-1,2016-2017,FC Girondins Bordeaux,40,,Right-Back,20,31.0,14,1137.0
ligue-1,2016-2017,FC Girondins Bordeaux,40,,Right-Back,23,32.0,30,2647.0
ligue-1,2016-2017,FC Girondins Bordeaux,40,,Right-Back,21,3.0,3,222.0
ligue-1,2016-2017,FC Girondins Bordeaux,40,,Centre-Back,20,13.0,8,705.0
ligue-1,2016-2017,FC Girondins Bordeaux,40,,Centre-Back,25,5.0,0,0.0
ligue-1,2016-2017,FC Girondins Bordeaux,40,,Centre-Back,28,31.0,31,2790.0
ligue-1,2016-2017,FC Girondins Bordeaux,40,,Centre-Back,22,15.0,6,458.0
ligue-1,2016-2017,FC Girondins Bordeaux,40,,Centre-Back,25,,0,0.0
ligue-1,2016-2017,FC Girondins Bordeaux,40,,Left-Back,26,33.0,25,2104.0
ligue-1,2016-2017,FC Girondins Bordeaux,40,,Centre-Back,31,31.0,25,2114.0
ligue-1,2016-2017,FC Girondins Bordeaux,40,,Left-Back,23,13.0,7,586.0
ligue-1,2016-2017,FC Girondins Bordeaux,40,,Central Midfield,20,18.0,4,35.0
ligue-1,2016-2017,FC Girondins Bordeaux,40,,Central Midfield,16,6.0,2,69.0
ligue-1,2016-2017,FC Girondins Bordeaux,40,,Central Midfield,20,33.0,28,1896.0
ligue-1,2016-2017,FC Girondins Bordeaux,40,,Defensive Midfield,26,20.0,17,1366.0
ligue-1,2016-2017,FC Girondins Bordeaux,40,,Defensive Midfield,21,2.0,0,0.0
ligue-1,2016-2017,FC Girondins Bordeaux,40,,Central Midfield,26,16.0,16,1391.0
ligue-1,2016-2017,FC Girondins Bordeaux,40,,Defensive Midfield,32,31.0,30,2607.0
ligue-1,2016-2017,FC Girondins Bordeaux,40,,Central Midfield,28,9.0,6,89.0
ligue-1,2016-2017,FC Girondins Bordeaux,40,,Central Midfield,34,38.0,37,2394.0
ligue-1,2016-2017,FC Girondins Bordeaux,40,,Left Midfield,31,4.0,0,0.0
ligue-1,2016-2017,FC Girondins Bordeaux,40,,Right Winger,19,37.0,37,2742.0
ligue-1,2016-2017,FC Girondins Bordeaux,40,,Centre-Forward,22,37.0,36,2026.0
ligue-1,2016-2017,FC Girondins Bordeaux,40,,Right Winger,19,,0,0.0
ligue-1,2016-2017,FC Girondins Bordeaux,40,,Right Winger,19,30.0,26,1217.0
ligue-1,2016-2017,FC Girondins Bordeaux,40,,Left Winger,20,36.0,30,1688.0
ligue-1,2016-2017,FC Girondins Bordeaux,40,,Centre-Forward,24,13.0,7,235.0
ligue-1,2016-2017,FC Girondins Bordeaux,40,,Centre-Forward,21,,0,0.0
ligue-1,2016-2017,FC Girondins Bordeaux,40,,Centre-Forward,18,,0,0.0
ligue-1,2016-2017,FC Girondins Bordeaux,40,,Centre-Forward,23,31.0,29,1765.0
ligue-1,2016-2017,FC Girondins Bordeaux,40,,Right Winger,21,2.0,0,0.0
ligue-1,2016-2017,FC Girondins Bordeaux,40,,Centre-Forward,29,29.0,26,1473.0
ligue-1,2016-2017,FC Girondins Bordeaux,40,,Centre-Forward,22,9.0,6,369.0
ligue-1,2016-2017,AS Saint-Étienne,618,,Goalkeeper,20,1.0,0,0.0
ligue-1,2016-2017,AS Saint-Étienne,618,,Goalkeeper,18,7.0,2,167.0
ligue-1,2016-2017,AS Saint-Étienne,618,,Goalkeeper,29,31.0,31,2790.0
ligue-1,2016-2017,AS Saint-Étienne,618,,Goalkeeper,30,37.0,6,460.0
ligue-1,2016-2017,AS Saint-Étienne,618,,Centre-Back,17,2.0,1,90.0
ligue-1,2016-2017,AS Saint-Étienne,618,,Right-Back,18,22.0,14,964.0
ligue-1,2016-2017,AS Saint-Étienne,618,,Centre-Back,24,31.0,20,1679.0
ligue-1,2016-2017,AS Saint-Étienne,618,,Centre-Back,26,34.0,31,2729.0
ligue-1,2016-2017,AS Saint-Étienne,618,,Centre-Back,21,5.0,1,61.0
ligue-1,2016-2017,AS Saint-Étienne,618,,Right-Back,22,3.0,0,0.0
ligue-1,2016-2017,AS Saint-Étienne,618,,Left-Back,22,21.0,11,642.0
ligue-1,2016-2017,AS Saint-Étienne,618,,Left-Back,27,17.0,15,1183.0
ligue-1,2016-2017,AS Saint-Étienne,618,,Centre-Back,25,24.0,17,1364.0
ligue-1,2016-2017,AS Saint-Étienne,618,,Centre-Back,30,27.0,27,2246.0
ligue-1,2016-2017,AS Saint-Étienne,618,,Right-Back,24,27.0,25,2095.0
ligue-1,2016-2017,AS Saint-Étienne,618,,Centre-Back,20,,0,0.0
ligue-1,2016-2017,AS Saint-Étienne,618,,Central Midfield,23,35.0,35,2950.0
ligue-1,2016-2017,AS Saint-Étienne,618,,Defensive Midfield,20,13.0,5,297.0
ligue-1,2016-2017,AS Saint-Étienne,618,,Attacking Midfield,22,17.0,17,1287.0
ligue-1,2016-2017,AS Saint-Étienne,618,,Defensive Midfield,21,31.0,26,2068.0
ligue-1,2016-2017,AS Saint-Étienne,618,,Central Midfield,16,6.0,3,59.0
ligue-1,2016-2017,AS Saint-Étienne,618,,Attacking Midfield,20,6.0,5,260.0
ligue-1,2016-2017,AS Saint-Étienne,618,,Central Midfield,25,29.0,27,1770.0
ligue-1,2016-2017,AS Saint-Étienne,618,,Central Midfield,24,23.0,14,643.0
ligue-1,2016-2017,AS Saint-Étienne,618,,Defensive Midfield,18,,0,0.0
ligue-1,2016-2017,AS Saint-Étienne,618,,Defensive Midfield,25,28.0,21,1365.0
ligue-1,2016-2017,AS Saint-Étienne,618,,Defensive Midfield,31,9.0,5,335.0
ligue-1,2016-2017,AS Saint-Étienne,618,,Attacking Midfield,29,11.0,10,393.0
ligue-1,2016-2017,AS Saint-Étienne,618,,Central Midfield,18,,0,0.0
ligue-1,2016-2017,AS Saint-Étienne,618,,Defensive Midfield,29,25.0,16,784.0
ligue-1,2016-2017,AS Saint-Étienne,618,,Centre-Forward,19,,0,0.0
ligue-1,2016-2017,AS Saint-Étienne,618,,Right Winger,18,18.0,15,601.0
ligue-1,2016-2017,AS Saint-Étienne,618,,Left Winger,20,,0,0.0
ligue-1,2016-2017,AS Saint-Étienne,618,,Centre-Forward,25,25.0,22,1450.0
ligue-1,2016-2017,AS Saint-Étienne,618,,Left Winger,21,5.0,4,163.0
ligue-1,2016-2017,AS Saint-Étienne,618,,Right Winger,16,1.0,1,1.0
ligue-1,2016-2017,AS Saint-Étienne,618,,Left Winger,21,2.0,1,84.0
ligue-1,2016-2017,AS Saint-Étienne,618,,Centre-Forward,28,23.0,21,1221.0
ligue-1,2016-2017,AS Saint-Étienne,618,,Right Winger,29,29.0,29,1967.0
ligue-1,2016-2017,AS Saint-Étienne,618,,Left Winger,27,35.0,34,2375.0
ligue-1,2016-2017,AS Saint-Étienne,618,,Centre-Forward,28,20.0,17,826.0
ligue-1,2016-2017,AS Saint-Étienne,618,,Centre-Forward,18,2.0,0,0.0
ligue-1,2016-2017,LOSC Lille,1082,,Goalkeeper,20,38.0,7,565.0
ligue-1,2016-2017,LOSC Lille,1082,,Goalkeeper,21,6.0,0,0.0
ligue-1,2016-2017,LOSC Lille,1082,,Goalkeeper,33,32.0,32,2855.0
ligue-1,2016-2017,LOSC Lille,1082,,Centre-Back,18,7.0,1,8.0
ligue-1,2016-2017,LOSC Lille,1082,,Centre-Back,20,2.0,0,0.0
ligue-1,2016-2017,LOSC Lille,1082,,Right-Back,20,5.0,0,0.0
ligue-1,2016-2017,LOSC Lille,1082,,Centre-Back,23,16.0,12,956.0
ligue-1,2016-2017,LOSC Lille,1082,,Left-Back,18,2.0,1,11.0
ligue-1,2016-2017,LOSC Lille,1082,,Left-Back,20,8.0,2,180.0
ligue-1,2016-2017,LOSC Lille,1082,,Centre-Back,32,18.0,13,1096.0
ligue-1,2016-2017,LOSC Lille,1082,,Centre-Back,27,15.0,4,187.0
ligue-1,2016-2017,LOSC Lille,1082,,Right-Back,25,38.0,38,3418.0
ligue-1,2016-2017,LOSC Lille,1082,,Left-Back,29,30.0,22,1510.0
ligue-1,2016-2017,LOSC Lille,1082,,Right-Back,33,34.0,28,2328.0
ligue-1,2016-2017,LOSC Lille,1082,,Centre-Back,24,30.0,27,2325.0
ligue-1,2016-2017,LOSC Lille,1082,,Centre-Back,33,23.0,23,1956.0
ligue-1,2016-2017,LOSC Lille,1082,,Left-Back,18,,0,0.0
ligue-1,2016-2017,LOSC Lille,1082,,Defensive Midfield,19,26.0,23,750.0
ligue-1,2016-2017,LOSC Lille,1082,,Defensive Midfield,22,,0,0.0
ligue-1,2016-2017,LOSC Lille,1082,,Attacking Midfield,21,28.0,25,1645.0
ligue-1,2016-2017,LOSC Lille,1082,,Central Midfield,21,14.0,13,1128.0
ligue-1,2016-2017,LOSC Lille,1082,,Defensive Midfield,23,38.0,35,2956.0
ligue-1,2016-2017,LOSC Lille,1082,,Central Midfield,33,5.0,5,341.0
ligue-1,2016-2017,LOSC Lille,1082,,Right Midfield,31,20.0,17,727.0
ligue-1,2016-2017,LOSC Lille,1082,,Central Midfield,26,21.0,21,1573.0
ligue-1,2016-2017,LOSC Lille,1082,,Attacking Midfield,28,,0,0.0
ligue-1,2016-2017,LOSC Lille,1082,,Attacking Midfield,23,,0,0.0
ligue-1,2016-2017,LOSC Lille,1082,,Defensive Midfield,19,4.0,0,0.0
ligue-1,2016-2017,LOSC Lille,1082,,Central Midfield,19,1.0,0,0.0
ligue-1,2016-2017,LOSC Lille,1082,,Defensive Midfield,32,24.0,18,1114.0
ligue-1,2016-2017,LOSC Lille,1082,,Attacking Midfield,21,6.0,3,97.0
ligue-1,2016-2017,LOSC Lille,1082,,Left Winger,19,17.0,11,247.0
ligue-1,2016-2017,LOSC Lille,1082,,Left Winger,23,27.0,16,954.0
ligue-1,2016-2017,LOSC Lille,1082,,Right Winger,20,25.0,25,1878.0
ligue-1,2016-2017,LOSC Lille,1082,,Centre-Forward,20,1.0,0,0.0
ligue-1,2016-2017,LOSC Lille,1082,,Right Winger,21,16.0,12,692.0
ligue-1,2016-2017,LOSC Lille,1082,,Left Winger,26,8.0,7,234.0
ligue-1,2016-2017,LOSC Lille,1082,,Centre-Forward,21,,0,0.0
ligue-1,2016-2017,LOSC Lille,1082,,Left Winger,22,,0,0.0
ligue-1,2016-2017,LOSC Lille,1082,,Centre-Forward,25,31.0,30,2076.0
ligue-1,2016-2017,LOSC Lille,1082,,Centre-Forward,23,2.0,0,0.0
ligue-1,2016-2017,LOSC Lille,1082,,Left Winger,21,13.0,11,501.0
ligue-1,2016-2017,LOSC Lille,1082,,Left Winger,19,,0,0.0
ligue-1,2016-2017,LOSC Lille,1082,,Centre-Forward,18,,0,0.0
ligue-1,2016-2017,LOSC Lille,1082,,Right Winger,28,22.0,13,727.0
ligue-1,2016-2017,LOSC Lille,1082,,Centre-Forward,28,31.0,31,2470.0
ligue-1,2016-2017,Stade Rennais FC,273,,Goalkeeper,20,11.0,0,0.0
ligue-1,2016-2017,Stade Rennais FC,273,,Goalkeeper,22,13.0,0,0.0
ligue-1,2016-2017,Stade Rennais FC,273,,Goalkeeper,24,1.0,0,0.0
ligue-1,2016-2017,Stade Rennais FC,273,,Goalkeeper,19,1.0,0,0.0
ligue-1,2016-2017,Stade Rennais FC,273,,Goalkeeper,28,38.0,38,3420.0
ligue-1,2016-2017,Stade Rennais FC,273,,Goalkeeper,30,12.0,0,0.0
ligue-1,2016-2017,Stade Rennais FC,273,,Centre-Back,21,30.0,25,1837.0
ligue-1,2016-2017,Stade Rennais FC,273,,Right-Back,21,2.0,1,90.0
ligue-1,2016-2017,Stade Rennais FC,273,,Right-Back,20,2.0,0,0.0
ligue-1,2016-2017,Stade Rennais FC,273,,Right-Back,24,15.0,1,75.0
ligue-1,2016-2017,Stade Rennais FC,273,,Centre-Back,21,11.0,2,105.0
ligue-1,2016-2017,Stade Rennais FC,273,,Left-Back,20,,0,0.0
ligue-1,2016-2017,Stade Rennais FC,273,,Centre-Back,27,25.0,23,1818.0
ligue-1,2016-2017,Stade Rennais FC,273,,Centre-Back,20,,0,0.0
ligue-1,2016-2017,Stade Rennais FC,273,,Centre-Back,25,29.0,19,1667.0
ligue-1,2016-2017,Stade Rennais FC,273,,Left-Back,26,5.0,2,24.0
ligue-1,2016-2017,Stade Rennais FC,273,,Left-Back,35,6.0,1,65.0
ligue-1,2016-2017,Stade Rennais FC,273,,Left-Back,30,33.0,33,2882.0
ligue-1,2016-2017,Stade Rennais FC,273,,Left-Back,23,11.0,5,258.0
ligue-1,2016-2017,Stade Rennais FC,273,,Right-Back,29,36.0,35,3091.0
ligue-1,2016-2017,Stade Rennais FC,273,,Centre-Back,19,27.0,27,2328.0
ligue-1,2016-2017,Stade Rennais FC,273,,Defensive Midfield,25,36.0,36,3219.0
ligue-1,2016-2017,Stade Rennais FC,273,,Central Midfield,20,,0,0.0
ligue-1,2016-2017,Stade Rennais FC,273,,Central Midfield,17,9.0,4,90.0
ligue-1,2016-2017,Stade Rennais FC,273,,Central Midfield,19,30.0,25,706.0
ligue-1,2016-2017,Stade Rennais FC,273,,Central Midfield,20,3.0,1,12.0
ligue-1,2016-2017,Stade Rennais FC,273,,Central Midfield,19,1.0,0,0.0
ligue-1,2016-2017,Stade Rennais FC,273,,Defensive Midfield,25,1.0,0,0.0
ligue-1,2016-2017,Stade Rennais FC,273,,Defensive Midfield,29,35.0,27,1838.0
ligue-1,2016-2017,Stade Rennais FC,273,,Defensive Midfield,28,11.0,7,340.0
ligue-1,2016-2017,Stade Rennais FC,273,,Right Midfield,31,6.0,6,405.0
ligue-1,2016-2017,Stade Rennais FC,273,,Central Midfield,22,30.0,25,1853.0
ligue-1,2016-2017,Stade Rennais FC,273,,Attacking Midfield,29,28.0,27,2301.0
ligue-1,2016-2017,Stade Rennais FC,273,,Second Striker,21,29.0,25,1023.0
ligue-1,2016-2017,Stade Rennais FC,273,,Right Winger,20,13.0,10,420.0
ligue-1,2016-2017,Stade Rennais FC,273,,Right Winger,26,18.0,13,326.0
ligue-1,2016-2017,Stade Rennais FC,273,,Centre-Forward,22,32.0,22,1143.0
ligue-1,2016-2017,Stade Rennais FC,273,,Left Winger,28,17.0,16,989.0
ligue-1,2016-2017,Stade Rennais FC,273,,Centre-Forward,29,1.0,0,0.0
ligue-1,2016-2017,Stade Rennais FC,273,,Centre-Forward,25,12.0,8,162.0
ligue-1,2016-2017,Stade Rennais FC,273,,Left Winger,23,15.0,15,1132.0
ligue-1,2016-2017,Stade Rennais FC,273,,Centre-Forward,22,15.0,15,1166.0
ligue-1,2016-2017,Stade Rennais FC,273,,Centre-Forward,27,34.0,34,2698.0
ligue-1,2016-2017,FC Toulouse,415,,Goalkeeper,17,36.0,36,3240.0
ligue-1,2016-2017,FC Toulouse,415,,Goalkeeper,28,38.0,2,180.0
ligue-1,2016-2017,FC Toulouse,415,,Goalkeeper,25,2.0,0,0.0
ligue-1,2016-2017,FC Toulouse,415,,Centre-Back,19,30.0,30,2700.0
ligue-1,2016-2017,FC Toulouse,415,,Right-Back,18,34.0,22,1775.0
ligue-1,2016-2017,FC Toulouse,415,,Left-Back,22,36.0,27,1678.0
ligue-1,2016-2017,FC Toulouse,415,,Centre-Back,23,1.0,0,0.0
ligue-1,2016-2017,FC Toulouse,415,,Centre-Back,23,35.0,35,3150.0
ligue-1,2016-2017,FC Toulouse,415,,Right-Back,19,9.0,8,483.0
ligue-1,2016-2017,FC Toulouse,415,,Right-Back,23,28.0,22,1862.0
ligue-1,2016-2017,FC Toulouse,415,,Centre-Back,24,9.0,3,270.0
ligue-1,2016-2017,FC Toulouse,415,,Centre-Back,30,4.0,1,90.0
ligue-1,2016-2017,FC Toulouse,415,,Right-Back,31,17.0,9,186.0
ligue-1,2016-2017,FC Toulouse,415,,Left-Back,26,34.0,34,3038.0
ligue-1,2016-2017,FC Toulouse,415,,Defensive Midfield,18,14.0,5,262.0
ligue-1,2016-2017,FC Toulouse,415,,Defensive Midfield,19,28.0,26,2154.0
ligue-1,2016-2017,FC Toulouse,415,,Attacking Midfield,20,,0,0.0
ligue-1,2016-2017,FC Toulouse,415,,Central Midfield,23,3.0,2,71.0
ligue-1,2016-2017,FC Toulouse,415,,Central Midfield,21,34.0,29,1841.0
ligue-1,2016-2017,FC Toulouse,415,,Attacking Midfield,19,,0,0.0
ligue-1,2016-2017,FC Toulouse,415,,Left Midfield,19,,0,0.0
ligue-1,2016-2017,FC Toulouse,415,,Central Midfield,23,,0,0.0
ligue-1,2016-2017,FC Toulouse,415,,Defensive Midfield,26,13.0,10,476.0
ligue-1,2016-2017,FC Toulouse,415,,Attacking Midfield,28,29.0,29,2322.0
ligue-1,2016-2017,FC Toulouse,415,,Central Midfield,35,20.0,4,40.0
ligue-1,2016-2017,FC Toulouse,415,,Central Midfield,27,29.0,28,1782.0
ligue-1,2016-2017,FC Toulouse,415,,Defensive Midfield,22,25.0,16,419.0
ligue-1,2016-2017,FC Toulouse,415,,Right Winger,18,7.0,5,87.0
ligue-1,2016-2017,FC Toulouse,415,,Centre-Forward,18,22.0,16,561.0
ligue-1,2016-2017,FC Toulouse,415,,Right Winger,19,12.0,4,64.0
ligue-1,2016-2017,FC Toulouse,415,,Centre-Forward,25,34.0,34,2948.0
ligue-1,2016-2017,FC Toulouse,415,,Centre-Forward,24,,0,0.0
ligue-1,2016-2017,FC Toulouse,415,,Centre-Forward,20,16.0,16,1268.0
ligue-1,2016-2017,FC Toulouse,415,,Centre-Forward,29,36.0,35,1804.0
ligue-1,2016-2017,FC Toulouse,415,,Left Winger,27,32.0,27,1524.0
ligue-1,2016-2017,FC Toulouse,415,,Centre-Forward,24,15.0,15,1226.0
ligue-1,2016-2017,FC Toulouse,415,,Centre-Forward,18,,0,0.0
ligue-1,2016-2017,FC Toulouse,415,,Centre-Forward,19,2.0,1,11.0
ligue-1,2016-2017,FC Lorient,1158,,Goalkeeper,25,31.0,31,2790.0
ligue-1,2016-2017,FC Lorient,1158,,Goalkeeper,27,37.0,7,630.0
ligue-1,2016-2017,FC Lorient,1158,,Goalkeeper,20,8.0,0,0.0
ligue-1,2016-2017,FC Lorient,1158,,Right-Back,21,33.0,28,2515.0
ligue-1,2016-2017,FC Lorient,1158,,Left-Back,20,2.0,0,0.0
ligue-1,2016-2017,FC Lorient,1158,,Centre-Back,20,,0,0.0
ligue-1,2016-2017,FC Lorient,1158,,Right-Back,21,32.0,12,999.0
ligue-1,2016-2017,FC Lorient,1158,,Centre-Back,25,18.0,18,1532.0
ligue-1,2016-2017,FC Lorient,1158,,Centre-Back,24,5.0,3,270.0
ligue-1,2016-2017,FC Lorient,1158,,Right-Back,24,,0,0.0
ligue-1,2016-2017,FC Lorient,1158,,Centre-Back,26,33.0,23,1887.0
ligue-1,2016-2017,FC Lorient,1158,,Centre-Back,32,27.0,25,2168.0
ligue-1,2016-2017,FC Lorient,1158,,Centre-Back,28,30.0,21,1513.0
ligue-1,2016-2017,FC Lorient,1158,,Left-Back,26,38.0,38,3335.0
ligue-1,2016-2017,FC Lorient,1158,,Right-Back,26,,0,0.0
ligue-1,2016-2017,FC Lorient,1158,,Centre-Back,21,2.0,0,0.0
ligue-1,2016-2017,FC Lorient,1158,,Central Midfield,17,12.0,8,417.0
ligue-1,2016-2017,FC Lorient,1158,,Attacking Midfield,18,3.0,0,0.0
ligue-1,2016-2017,FC Lorient,1158,,Defensive Midfield,22,2.0,2,120.0
ligue-1,2016-2017,FC Lorient,1158,,Central Midfield,23,28.0,18,1189.0
ligue-1,2016-2017,FC Lorient,1158,,Central Midfield,22,,0,0.0
ligue-1,2016-2017,FC Lorient,1158,,Defensive Midfield,24,17.0,13,687.0
ligue-1,2016-2017,FC Lorient,1158,,Central Midfield,20,,0,0.0
ligue-1,2016-2017,FC Lorient,1158,,Defensive Midfield,29,35.0,26,1424.0
ligue-1,2016-2017,FC Lorient,1158,,Defensive Midfield,31,32.0,32,2780.0
ligue-1,2016-2017,FC Lorient,1158,,Attacking Midfield,30,24.0,24,1921.0
ligue-1,2016-2017,FC Lorient,1158,,Central Midfield,30,26.0,21,1176.0
ligue-1,2016-2017,FC Lorient,1158,,Left Midfield,28,33.0,30,1561.0
ligue-1,2016-2017,FC Lorient,1158,,Central Midfield,20,4.0,2,25.0
ligue-1,2016-2017,FC Lorient,1158,,Right Midfield,22,29.0,25,1266.0
ligue-1,2016-2017,FC Lorient,1158,,Left Midfield,27,15.0,9,324.0
ligue-1,2016-2017,FC Lorient,1158,,Left Winger,21,,0,0.0
ligue-1,2016-2017,FC Lorient,1158,,Left Winger,22,5.0,3,63.0
ligue-1,2016-2017,FC Lorient,1158,,Left Winger,19,12.0,9,625.0
ligue-1,2016-2017,FC Lorient,1158,,Centre-Forward,22,4.0,3,33.0
ligue-1,2016-2017,FC Lorient,1158,,Centre-Forward,22,,0,0.0
ligue-1,2016-2017,FC Lorient,1158,,Left Winger,24,12.0,7,353.0
ligue-1,2016-2017,FC Lorient,1158,,Centre-Forward,24,35.0,35,2842.0
ligue-1,2016-2017,FC Lorient,1158,,Centre-Forward,27,25.0,25,2008.0
ligue-1,2016-2017,FC Lorient,1158,,Centre-Forward,33,16.0,13,488.0
ligue-1,2016-2017,FC Lorient,1158,,Centre-Forward,24,19.0,17,512.0
ligue-1,2016-2017,Montpellier HSC,969,,Goalkeeper,18,2.0,0,0.0
ligue-1,2016-2017,Montpellier HSC,969,,Goalkeeper,34,37.0,25,2250.0
ligue-1,2016-2017,Montpellier HSC,969,,Goalkeeper,30,26.0,13,1170.0
ligue-1,2016-2017,Montpellier HSC,969,,Goalkeeper,25,11.0,0,0.0
ligue-1,2016-2017,Montpellier HSC,969,,Right-Back,18,18.0,17,1444.0
ligue-1,2016-2017,Montpellier HSC,969,,Left-Back,18,7.0,3,49.0
ligue-1,2016-2017,Montpellier HSC,969,,Left-Back,23,33.0,32,2746.0
ligue-1,2016-2017,Montpellier HSC,969,,Centre-Back,18,8.0,3,144.0
ligue-1,2016-2017,Montpellier HSC,969,,Centre-Back,23,14.0,7,621.0
ligue-1,2016-2017,Montpellier HSC,969,,Right-Back,28,13.0,10,795.0
ligue-1,2016-2017,Montpellier HSC,969,,Left-Back,21,8.0,3,88.0
ligue-1,2016-2017,Montpellier HSC,969,,Centre-Back,31,25.0,24,1814.0
ligue-1,2016-2017,Montpellier HSC,969,,Centre-Back,38,32.0,32,2806.0
ligue-1,2016-2017,Montpellier HSC,969,,Centre-Back,22,17.0,13,1088.0
ligue-1,2016-2017,Montpellier HSC,969,,Centre-Back,25,22.0,15,941.0
ligue-1,2016-2017,Montpellier HSC,969,,Right-Back,24,35.0,19,1126.0
ligue-1,2016-2017,Montpellier HSC,969,,Centre-Back,27,12.0,3,26.0
ligue-1,2016-2017,Montpellier HSC,969,,Defensive Midfield,21,37.0,37,3286.0
ligue-1,2016-2017,Montpellier HSC,969,,Central Midfield,21,20.0,20,1746.0
ligue-1,2016-2017,Montpellier HSC,969,,Attacking Midfield,26,33.0,33,2925.0
ligue-1,2016-2017,Montpellier HSC,969,,Defensive Midfield,29,3.0,2,58.0
ligue-1,2016-2017,Montpellier HSC,969,,Defensive Midfield,25,25.0,19,1075.0
ligue-1,2016-2017,Montpellier HSC,969,,Attacking Midfield,18,5.0,2,16.0
ligue-1,2016-2017,Montpellier HSC,969,,Central Midfield,33,18.0,8,365.0
ligue-1,2016-2017,Montpellier HSC,969,,Central Midfield,27,28.0,24,1486.0
ligue-1,2016-2017,Montpellier HSC,969,,Defensive Midfield,20,6.0,0,0.0
ligue-1,2016-2017,Montpellier HSC,969,,Central Midfield,19,2.0,1,14.0
ligue-1,2016-2017,Montpellier HSC,969,,Attacking Midfield,32,27.0,27,2315.0
ligue-1,2016-2017,Montpellier HSC,969,,Right Winger,18,14.0,14,666.0
ligue-1,2016-2017,Montpellier HSC,969,,Centre-Forward,21,36.0,35,2830.0
ligue-1,2016-2017,Montpellier HSC,969,,Right Winger,20,16.0,16,951.0
ligue-1,2016-2017,Montpellier HSC,969,,Left Winger,23,16.0,11,429.0
ligue-1,2016-2017,Montpellier HSC,969,,Centre-Forward,28,19.0,13,621.0
ligue-1,2016-2017,Montpellier HSC,969,,Right Winger,33,35.0,28,1078.0
ligue-1,2016-2017,Montpellier HSC,969,,Centre-Forward,23,9.0,9,515.0
ligue-1,2016-2017,FC Nantes,995,,Goalkeeper,18,6.0,0,0.0
ligue-1,2016-2017,FC Nantes,995,,Goalkeeper,23,37.0,16,1440.0
ligue-1,2016-2017,FC Nantes,995,,Goalkeeper,28,32.0,22,1980.0
ligue-1,2016-2017,FC Nantes,995,,Goalkeeper,20,1.0,0,0.0
ligue-1,2016-2017,FC Nantes,995,,Centre-Back,23,34.0,34,2952.0
ligue-1,2016-2017,FC Nantes,995,,Right-Back,19,15.0,7,430.0
ligue-1,2016-2017,FC Nantes,995,,Left-Back,24,38.0,38,3382.0
ligue-1,2016-2017,FC Nantes,995,,Centre-Back,32,35.0,20,1405.0
ligue-1,2016-2017,FC Nantes,995,,Left-Back,27,20.0,8,167.0
ligue-1,2016-2017,FC Nantes,995,,Right-Back,21,38.0,36,3133.0
ligue-1,2016-2017,FC Nantes,995,,Centre-Back,22,8.0,3,250.0
ligue-1,2016-2017,FC Nantes,995,,Centre-Back,23,32.0,28,2495.0
ligue-1,2016-2017,FC Nantes,995,,Central Midfield,21,33.0,31,2163.0
ligue-1,2016-2017,FC Nantes,995,,Central Midfield,22,32.0,29,1925.0
ligue-1,2016-2017,FC Nantes,995,,Defensive Midfield,22,23.0,12,370.0
ligue-1,2016-2017,FC Nantes,995,,Central Midfield,24,11.0,6,115.0
ligue-1,2016-2017,FC Nantes,995,,Attacking Midfield,23,15.0,13,745.0
ligue-1,2016-2017,FC Nantes,995,,Right Midfield,24,25.0,23,1219.0
ligue-1,2016-2017,FC Nantes,995,,Defensive Midfield,32,38.0,38,3369.0
ligue-1,2016-2017,FC Nantes,995,,Centre-Forward,17,1.0,0,0.0
ligue-1,2016-2017,FC Nantes,995,,Left Winger,19,34.0,30,2190.0
ligue-1,2016-2017,FC Nantes,995,,Right Winger,19,7.0,2,16.0
ligue-1,2016-2017,FC Nantes,995,,Centre-Forward,21,27.0,21,1182.0
ligue-1,2016-2017,FC Nantes,995,,Centre-Forward,24,36.0,32,1779.0
ligue-1,2016-2017,FC Nantes,995,,Right Winger,25,17.0,13,584.0
ligue-1,2016-2017,FC Nantes,995,,Centre-Forward,24,15.0,5,47.0
ligue-1,2016-2017,FC Nantes,995,,Centre-Forward,26,2.0,2,157.0
ligue-1,2016-2017,FC Nantes,995,,Centre-Forward,25,34.0,34,2567.0
ligue-1,2016-2017,FC Nantes,995,,Right Winger,24,26.0,17,696.0
ligue-1,2016-2017,FC Nantes,995,,Centre-Forward,29,12.0,11,821.0
ligue-1,2016-2017,Angers SCO,1420,,Goalkeeper,19,7.0,0,0.0
ligue-1,2016-2017,Angers SCO,1420,,Goalkeeper,24,35.0,23,2070.0
ligue-1,2016-2017,Angers SCO,1420,,Goalkeeper,28,26.0,9,810.0
ligue-1,2016-2017,Angers SCO,1420,,Goalkeeper,25,7.0,6,540.0
ligue-1,2016-2017,Angers SCO,1420,,Centre-Back,20,,0,0.0
ligue-1,2016-2017,Angers SCO,1420,,Centre-Back,26,17.0,7,295.0
ligue-1,2016-2017,Angers SCO,1420,,Centre-Back,25,,0,0.0
ligue-1,2016-2017,Angers SCO,1420,,Left-Back,27,16.0,16,1368.0
ligue-1,2016-2017,Angers SCO,1420,,Centre-Back,26,28.0,12,853.0
ligue-1,2016-2017,Angers SCO,1420,,Centre-Back,32,14.0,5,346.0
ligue-1,2016-2017,Angers SCO,1420,,Centre-Back,29,33.0,32,2812.0
ligue-1,2016-2017,Angers SCO,1420,,Centre-Back,27,30.0,9,624.0
ligue-1,2016-2017,Angers SCO,1420,,Centre-Back,28,36.0,36,3208.0
ligue-1,2016-2017,Angers SCO,1420,,Centre-Back,26,9.0,8,592.0
ligue-1,2016-2017,Angers SCO,1420,,Right-Back,31,15.0,13,1159.0
ligue-1,2016-2017,Angers SCO,1420,,Right-Back,26,33.0,33,2865.0
ligue-1,2016-2017,Angers SCO,1420,,Right-Back,18,1.0,0,0.0
ligue-1,2016-2017,Angers SCO,1420,,Central Midfield,19,,0,0.0
ligue-1,2016-2017,Angers SCO,1420,,Defensive Midfield,21,38.0,37,3075.0
ligue-1,2016-2017,Angers SCO,1420,,Central Midfield,23,25.0,11,436.0
ligue-1,2016-2017,Angers SCO,1420,,Central Midfield,29,34.0,34,2854.0
ligue-1,2016-2017,Angers SCO,1420,,Central Midfield,29,35.0,32,1751.0
ligue-1,2016-2017,Angers SCO,1420,,Central Midfield,30,33.0,33,2911.0
ligue-1,2016-2017,Angers SCO,1420,,Attacking Midfield,24,,0,0.0
ligue-1,2016-2017,Angers SCO,1420,,Defensive Midfield,29,9.0,5,235.0
ligue-1,2016-2017,Angers SCO,1420,,Centre-Forward,19,7.0,2,25.0
ligue-1,2016-2017,Angers SCO,1420,,Right Winger,21,34.0,33,1309.0
ligue-1,2016-2017,Angers SCO,1420,,Left Winger,20,18.0,16,834.0
ligue-1,2016-2017,Angers SCO,1420,,Centre-Forward,23,31.0,31,2440.0
ligue-1,2016-2017,Angers SCO,1420,,Centre-Forward,23,31.0,31,2284.0
ligue-1,2016-2017,Angers SCO,1420,,Centre-Forward,28,,0,0.0
ligue-1,2016-2017,Angers SCO,1420,,Centre-Forward,28,13.0,13,465.0
ligue-1,2016-2017,Angers SCO,1420,,Right Winger,25,29.0,23,822.0
ligue-1,2016-2017,Angers SCO,1420,,Centre-Forward,30,9.0,6,92.0
ligue-1,2016-2017,Angers SCO,1420,,Centre-Forward,26,5.0,5,292.0
ligue-1,2016-2017,Angers SCO,1420,,Centre-Forward,27,22.0,9,171.0
ligue-1,2016-2017,EA Guingamp,855,,Goalkeeper,20,15.0,1,49.0
ligue-1,2016-2017,EA Guingamp,855,,Goalkeeper,26,37.0,37,3279.0
ligue-1,2016-2017,EA Guingamp,855,,Goalkeeper,28,6.0,0,0.0
ligue-1,2016-2017,EA Guingamp,855,,Goalkeeper,31,18.0,1,90.0
ligue-1,2016-2017,EA Guingamp,855,,Right-Back,20,34.0,34,2630.0
ligue-1,2016-2017,EA Guingamp,855,,Right-Back,22,31.0,27,2325.0
ligue-1,2016-2017,EA Guingamp,855,,Left-Back,27,31.0,31,2689.0
ligue-1,2016-2017,EA Guingamp,855,,Centre-Back,29,18.0,7,538.0
ligue-1,2016-2017,EA Guingamp,855,,Left-Back,19,1.0,0,0.0
ligue-1,2016-2017,EA Guingamp,855,,Left-Back,26,10.0,2,166.0
ligue-1,2016-2017,EA Guingamp,855,,Centre-Back,32,35.0,33,2946.0
ligue-1,2016-2017,EA Guingamp,855,,Right-Back,30,16.0,13,1011.0
ligue-1,2016-2017,EA Guingamp,855,,Left-Back,33,,0,0.0
ligue-1,2016-2017,EA Guingamp,855,,Centre-Back,29,37.0,35,3135.0
ligue-1,2016-2017,EA Guingamp,855,,Right Midfield,18,32.0,24,1164.0
ligue-1,2016-2017,EA Guingamp,855,,Central Midfield,16,1.0,0,0.0
ligue-1,2016-2017,EA Guingamp,855,,Attacking Midfield,20,,0,0.0
ligue-1,2016-2017,EA Guingamp,855,,Defensive Midfield,23,,0,0.0
ligue-1,2016-2017,EA Guingamp,855,,Defensive Midfield,19,7.0,4,37.0
ligue-1,2016-2017,EA Guingamp,855,,Defensive Midfield,22,4.0,0,0.0
ligue-1,2016-2017,EA Guingamp,855,,Defensive Midfield,30,30.0,26,1749.0
ligue-1,2016-2017,EA Guingamp,855,,Defensive Midfield,24,24.0,17,1045.0
ligue-1,2016-2017,EA Guingamp,855,,Defensive Midfield,27,38.0,38,3078.0
ligue-1,2016-2017,EA Guingamp,855,,Central Midfield,32,29.0,28,2144.0
ligue-1,2016-2017,EA Guingamp,855,,Left Midfield,35,37.0,13,428.0
ligue-1,2016-2017,EA Guingamp,855,,Defensive Midfield,33,14.0,10,672.0
ligue-1,2016-2017,EA Guingamp,855,,Right Winger,18,6.0,0,0.0
ligue-1,2016-2017,EA Guingamp,855,,Centre-Forward,22,29.0,22,803.0
ligue-1,2016-2017,EA Guingamp,855,,Right Winger,20,2.0,0,0.0
ligue-1,2016-2017,EA Guingamp,855,,Left Winger,25,6.0,5,169.0
ligue-1,2016-2017,EA Guingamp,855,,Centre-Forward,26,26.0,20,885.0
ligue-1,2016-2017,EA Guingamp,855,,Right Winger,26,38.0,28,738.0
ligue-1,2016-2017,EA Guingamp,855,,Centre-Forward,20,,0,0.0
ligue-1,2016-2017,EA Guingamp,855,,Right Winger,25,36.0,35,2827.0
ligue-1,2016-2017,EA Guingamp,855,,Centre-Forward,30,35.0,34,2884.0
ligue-1,2016-2017,FC Metz,347,,Goalkeeper,20,36.0,32,2880.0
ligue-1,2016-2017,FC Metz,347,,Goalkeeper,33,17.0,5,450.0
ligue-1,2016-2017,FC Metz,347,,Goalkeeper,25,23.0,1,90.0
ligue-1,2016-2017,FC Metz,347,,Left-Back,20,5.0,3,270.0
ligue-1,2016-2017,FC Metz,347,,Right-Back,24,35.0,27,2331.0
ligue-1,2016-2017,FC Metz,347,,Centre-Back,18,,0,0.0
ligue-1,2016-2017,FC Metz,347,,Centre-Back,19,2.0,0,0.0
ligue-1,2016-2017,FC Metz,347,,Right-Back,22,16.0,13,536.0
ligue-1,2016-2017,FC Metz,347,,Centre-Back,24,35.0,35,3091.0
ligue-1,2016-2017,FC Metz,347,,Right-Back,21,,0,0.0
ligue-1,2016-2017,FC Metz,347,,Centre-Back,20,,0,0.0
ligue-1,2016-2017,FC Metz,347,,Left-Back,17,3.0,1,25.0
ligue-1,2016-2017,FC Metz,347,,Centre-Back,19,5.0,0,0.0
ligue-1,2016-2017,FC Metz,347,,Centre-Back,26,15.0,12,1004.0
ligue-1,2016-2017,FC Metz,347,,Centre-Back,27,32.0,16,1252.0
ligue-1,2016-2017,FC Metz,347,,Centre-Back,32,25.0,21,1835.0
ligue-1,2016-2017,FC Metz,347,,Centre-Back,28,36.0,22,1730.0
ligue-1,2016-2017,FC Metz,347,,Left-Back,34,27.0,17,1478.0
ligue-1,2016-2017,FC Metz,347,,Left-Back,32,25.0,18,1479.0
ligue-1,2016-2017,FC Metz,347,,Attacking Midfield,18,3.0,1,14.0
ligue-1,2016-2017,FC Metz,347,,Attacking Midfield,20,,0,0.0
ligue-1,2016-2017,FC Metz,347,,Attacking Midfield,24,27.0,25,886.0
ligue-1,2016-2017,FC Metz,347,,Defensive Midfield,23,30.0,29,2261.0
ligue-1,2016-2017,FC Metz,347,,Defensive Midfield,19,1.0,0,0.0
ligue-1,2016-2017,FC Metz,347,,Right Midfield,31,21.0,20,1254.0
ligue-1,2016-2017,FC Metz,347,,Defensive Midfield,27,31.0,29,2339.0
ligue-1,2016-2017,FC Metz,347,,Central Midfield,19,2.0,0,0.0
ligue-1,2016-2017,FC Metz,347,,Left Midfield,31,19.0,14,637.0
ligue-1,2016-2017,FC Metz,347,,Defensive Midfield,22,20.0,11,814.0
ligue-1,2016-2017,FC Metz,347,,Central Midfield,31,33.0,33,2787.0
ligue-1,2016-2017,FC Metz,347,,Right Winger,18,31.0,31,1938.0
ligue-1,2016-2017,FC Metz,347,,Right Winger,19,25.0,13,517.0
ligue-1,2016-2017,FC Metz,347,,Centre-Forward,21,19.0,19,823.0
ligue-1,2016-2017,FC Metz,347,,Right Winger,16,6.0,1,8.0
ligue-1,2016-2017,FC Metz,347,,Left Winger,21,34.0,33,2239.0
ligue-1,2016-2017,FC Metz,347,,Centre-Forward,29,26.0,24,1414.0
ligue-1,2016-2017,FC Metz,347,,Centre-Forward,28,15.0,14,1056.0
ligue-1,2016-2017,FC Metz,347,,Left Winger,19,2.0,1,20.0
ligue-1,2016-2017,FC Metz,347,,Centre-Forward,18,2.0,2,20.0
ligue-1,2016-2017,SM Caen,1162,,Goalkeeper,36,34.0,34,3044.0
ligue-1,2016-2017,SM Caen,1162,,Goalkeeper,19,,0,0.0
ligue-1,2016-2017,SM Caen,1162,,Goalkeeper,22,10.0,3,196.0
ligue-1,2016-2017,SM Caen,1162,,Goalkeeper,27,32.0,2,180.0
ligue-1,2016-2017,SM Caen,1162,,Left-Back,19,1.0,0,0.0
ligue-1,2016-2017,SM Caen,1162,,Right-Back,21,23.0,23,2043.0
ligue-1,2016-2017,SM Caen,1162,,Centre-Back,21,,0,0.0
ligue-1,2016-2017,SM Caen,1162,,Left-Back,22,,0,0.0
ligue-1,2016-2017,SM Caen,1162,,Centre-Back,34,34.0,31,2567.0
ligue-1,2016-2017,SM Caen,1162,,Left-Back,30,38.0,37,2814.0
ligue-1,2016-2017,SM Caen,1162,,Centre-Back,27,25.0,17,1291.0
ligue-1,2016-2017,SM Caen,1162,,Left-Back,27,20.0,9,700.0
ligue-1,2016-2017,SM Caen,1162,,Left-Back,24,1.0,0,0.0
ligue-1,2016-2017,SM Caen,1162,,Right-Back,29,3.0,2,147.0
ligue-1,2016-2017,SM Caen,1162,,Centre-Back,28,36.0,36,3169.0
ligue-1,2016-2017,SM Caen,1162,,Centre-Back,28,26.0,13,860.0
ligue-1,2016-2017,SM Caen,1162,,Attacking Midfield,18,26.0,17,875.0
ligue-1,2016-2017,SM Caen,1162,,Central Midfield,20,13.0,6,245.0
ligue-1,2016-2017,SM Caen,1162,,Central Midfield,18,4.0,0,0.0
ligue-1,2016-2017,SM Caen,1162,,Defensive Midfield,36,33.0,20,1033.0
ligue-1,2016-2017,SM Caen,1162,,Defensive Midfield,23,21.0,12,794.0
ligue-1,2016-2017,SM Caen,1162,,Central Midfield,30,34.0,33,2644.0
ligue-1,2016-2017,SM Caen,1162,,Left Midfield,36,25.0,13,361.0
ligue-1,2016-2017,SM Caen,1162,,Attacking Midfield,23,10.0,5,232.0
ligue-1,2016-2017,SM Caen,1162,,Defensive Midfield,27,32.0,27,2119.0
ligue-1,2016-2017,SM Caen,1162,,Attacking Midfield,33,35.0,35,3119.0
ligue-1,2016-2017,SM Caen,1162,,Defensive Midfield,20,,0,0.0
ligue-1,2016-2017,SM Caen,1162,,Left Winger,17,35.0,35,2186.0
ligue-1,2016-2017,SM Caen,1162,,Centre-Forward,19,8.0,5,57.0
ligue-1,2016-2017,SM Caen,1162,,Second Striker,23,,0,0.0
ligue-1,2016-2017,SM Caen,1162,,Centre-Forward,25,,0,0.0
ligue-1,2016-2017,SM Caen,1162,,Centre-Forward,19,4.0,1,2.0
ligue-1,2016-2017,SM Caen,1162,,Right Winger,26,37.0,37,2957.0
ligue-1,2016-2017,SM Caen,1162,,Left Winger,26,21.0,19,724.0
ligue-1,2016-2017,SM Caen,1162,,Centre-Forward,24,27.0,13,332.0
ligue-1,2016-2017,SM Caen,1162,,Centre-Forward,27,36.0,34,2889.0
ligue-1,2016-2017,SC Bastia,595,,Goalkeeper,22,25.0,3,270.0
ligue-1,2016-2017,SC Bastia,595,,Goalkeeper,22,12.0,1,41.0
ligue-1,2016-2017,SC Bastia,595,,Goalkeeper,30,34.0,34,3017.0
ligue-1,2016-2017,SC Bastia,595,,Goalkeeper,31,5.0,1,90.0
ligue-1,2016-2017,SC Bastia,595,,Centre-Back,21,23.0,23,1849.0
ligue-1,2016-2017,SC Bastia,595,,Left-Back,19,4.0,0,0.0
ligue-1,2016-2017,SC Bastia,595,,Centre-Back,23,11.0,5,316.0
ligue-1,2016-2017,SC Bastia,595,,Centre-Back,25,19.0,19,1641.0
ligue-1,2016-2017,SC Bastia,595,,Centre-Back,24,10.0,9,688.0
ligue-1,2016-2017,SC Bastia,595,,Left-Back,28,32.0,30,2626.0
ligue-1,2016-2017,SC Bastia,595,,Centre-Back,26,22.0,18,1354.0
ligue-1,2016-2017,SC Bastia,595,,Left-Back,18,2.0,0,0.0
ligue-1,2016-2017,SC Bastia,595,,Centre-Back,35,11.0,10,855.0
ligue-1,2016-2017,SC Bastia,595,,Left-Back,30,25.0,19,1454.0
ligue-1,2016-2017,SC Bastia,595,,Right-Back,32,37.0,25,2064.0
ligue-1,2016-2017,SC Bastia,595,,Defender,18,2.0,0,0.0
ligue-1,2016-2017,SC Bastia,595,,Central Midfield,18,4.0,0,0.0
ligue-1,2016-2017,SC Bastia,595,,Central Midfield,20,35.0,30,2277.0
ligue-1,2016-2017,SC Bastia,595,,Attacking Midfield,23,3.0,2,18.0
ligue-1,2016-2017,SC Bastia,595,,Attacking Midfield,20,4.0,0,0.0
ligue-1,2016-2017,SC Bastia,595,,Attacking Midfield,19,10.0,2,11.0
ligue-1,2016-2017,SC Bastia,595,,Left Midfield,19,,0,0.0
ligue-1,2016-2017,SC Bastia,595,,Defensive Midfield,27,18.0,14,1125.0
ligue-1,2016-2017,SC Bastia,595,,Attacking Midfield,25,32.0,28,1422.0
ligue-1,2016-2017,SC Bastia,595,,Defensive Midfield,22,28.0,21,1464.0
ligue-1,2016-2017,SC Bastia,595,,Defensive Midfield,32,35.0,31,2347.0
ligue-1,2016-2017,SC Bastia,595,,Defensive Midfield,31,29.0,29,2429.0
ligue-1,2016-2017,SC Bastia,595,,Attacking Midfield,22,35.0,20,910.0
ligue-1,2016-2017,SC Bastia,595,,Left Winger,19,34.0,34,2708.0
ligue-1,2016-2017,SC Bastia,595,,Centre-Forward,21,24.0,24,2084.0
ligue-1,2016-2017,SC Bastia,595,,Left Winger,24,15.0,14,708.0
ligue-1,2016-2017,SC Bastia,595,,Left Winger,22,34.0,30,1393.0
ligue-1,2016-2017,SC Bastia,595,,Left Winger,25,14.0,6,67.0
ligue-1,2016-2017,SC Bastia,595,,Centre-Forward,20,,0,0.0
ligue-1,2016-2017,SC Bastia,595,,Centre-Forward,18,1.0,0,0.0
ligue-1,2016-2017,SC Bastia,595,,Left Winger,34,32.0,29,1835.0
ligue-1,2016-2017,SC Bastia,595,,Centre-Forward,27,21.0,9,276.0
ligue-1,2016-2017,AS Nancy-Lorraine,1159,,Goalkeeper,27,38.0,17,1374.0
ligue-1,2016-2017,AS Nancy-Lorraine,1159,,Goalkeeper,30,33.0,23,2046.0
ligue-1,2016-2017,AS Nancy-Lorraine,1159,,Goalkeeper,19,5.0,0,0.0
ligue-1,2016-2017,AS Nancy-Lorraine,1159,,Centre-Back,21,18.0,18,1620.0
ligue-1,2016-2017,AS Nancy-Lorraine,1159,,Left-Back,17,23.0,14,1045.0
ligue-1,2016-2017,AS Nancy-Lorraine,1159,,Centre-Back,19,,0,0.0
ligue-1,2016-2017,AS Nancy-Lorraine,1159,,Centre-Back,21,29.0,20,1612.0
ligue-1,2016-2017,AS Nancy-Lorraine,1159,,Left-Back,23,28.0,26,2251.0
ligue-1,2016-2017,AS Nancy-Lorraine,1159,,Centre-Back,22,26.0,22,1846.0
ligue-1,2016-2017,AS Nancy-Lorraine,1159,,Right-Back,28,36.0,30,2570.0
ligue-1,2016-2017,AS Nancy-Lorraine,1159,,Right-Back,31,18.0,13,1127.0
ligue-1,2016-2017,AS Nancy-Lorraine,1159,,Left-Back,28,20.0,17,1402.0
ligue-1,2016-2017,AS Nancy-Lorraine,1159,,Right-Back,28,36.0,28,2335.0
ligue-1,2016-2017,AS Nancy-Lorraine,1159,,Attacking Midfield,18,1.0,1,90.0
ligue-1,2016-2017,AS Nancy-Lorraine,1159,,Central Midfield,18,29.0,17,975.0
ligue-1,2016-2017,AS Nancy-Lorraine,1159,,Defensive Midfield,19,28.0,26,1936.0
ligue-1,2016-2017,AS Nancy-Lorraine,1159,,Defensive Midfield,34,26.0,18,1297.0
ligue-1,2016-2017,AS Nancy-Lorraine,1159,,Central Midfield,21,18.0,9,561.0
ligue-1,2016-2017,AS Nancy-Lorraine,1159,,Defensive Midfield,26,28.0,24,1718.0
ligue-1,2016-2017,AS Nancy-Lorraine,1159,,Central Midfield,27,25.0,22,1429.0
ligue-1,2016-2017,AS Nancy-Lorraine,1159,,Defensive Midfield,35,28.0,26,1871.0
ligue-1,2016-2017,AS Nancy-Lorraine,1159,,Centre-Forward,20,,0,0.0
ligue-1,2016-2017,AS Nancy-Lorraine,1159,,Right Winger,30,27.0,24,1159.0
ligue-1,2016-2017,AS Nancy-Lorraine,1159,,Centre-Forward,30,29.0,25,1462.0
ligue-1,2016-2017,AS Nancy-Lorraine,1159,,Right Winger,29,32.0,31,2004.0
ligue-1,2016-2017,AS Nancy-Lorraine,1159,,Centre-Forward,23,16.0,9,562.0
ligue-1,2016-2017,AS Nancy-Lorraine,1159,,Centre-Forward,31,26.0,20,926.0
ligue-1,2016-2017,AS Nancy-Lorraine,1159,,Centre-Forward,36,32.0,26,1292.0
ligue-1,2016-2017,AS Nancy-Lorraine,1159,,Centre-Forward,23,22.0,15,764.0
ligue-1,2016-2017,AS Nancy-Lorraine,1159,,Right Winger,20,7.0,6,238.0
ligue-1,2016-2017,Dijon FCO,2969,,Goalkeeper,21,,0,0.0
ligue-1,2016-2017,Dijon FCO,2969,,Goalkeeper,27,38.0,1,90.0
ligue-1,2016-2017,Dijon FCO,2969,,Goalkeeper,24,1.0,0,0.0
ligue-1,2016-2017,Dijon FCO,2969,,Goalkeeper,25,37.0,37,3330.0
ligue-1,2016-2017,Dijon FCO,2969,,Right-Back,19,4.0,3,270.0
ligue-1,2016-2017,Dijon FCO,2969,,Centre-Back,23,30.0,19,1627.0
ligue-1,2016-2017,Dijon FCO,2969,,Centre-Back,28,27.0,18,1311.0
ligue-1,2016-2017,Dijon FCO,2969,,Centre-Back,24,15.0,13,1079.0
ligue-1,2016-2017,Dijon FCO,2969,,Centre-Back,26,14.0,7,553.0
ligue-1,2016-2017,Dijon FCO,2969,,Centre-Back,31,35.0,24,2045.0
ligue-1,2016-2017,Dijon FCO,2969,,Right-Back,28,21.0,19,1482.0
ligue-1,2016-2017,Dijon FCO,2969,,Left-Back,27,17.0,10,752.0
ligue-1,2016-2017,Dijon FCO,2969,,Right-Back,29,29.0,27,2399.0
ligue-1,2016-2017,Dijon FCO,2969,,Centre-Back,36,32.0,32,2796.0
ligue-1,2016-2017,Dijon FCO,2969,,Defensive Midfield,23,33.0,32,2497.0
ligue-1,2016-2017,Dijon FCO,2969,,Central Midfield,21,,0,0.0
ligue-1,2016-2017,Dijon FCO,2969,,Central Midfield,20,13.0,8,288.0
ligue-1,2016-2017,Dijon FCO,2969,,Central Midfield,23,28.0,28,2376.0
ligue-1,2016-2017,Dijon FCO,2969,,Central Midfield,24,26.0,24,1432.0
ligue-1,2016-2017,Dijon FCO,2969,,Defensive Midfield,28,20.0,15,884.0
ligue-1,2016-2017,Dijon FCO,2969,,Attacking Midfield,28,18.0,12,443.0
ligue-1,2016-2017,Dijon FCO,2969,,Defensive Midfield,20,,0,0.0
ligue-1,2016-2017,Dijon FCO,2969,,Defensive Midfield,19,,0,0.0
ligue-1,2016-2017,Dijon FCO,2969,,Central Midfield,36,24.0,23,1738.0
ligue-1,2016-2017,Dijon FCO,2969,,Central Midfield,26,33.0,27,1439.0
ligue-1,2016-2017,Dijon FCO,2969,,Attacking Midfield,21,19.0,11,518.0
ligue-1,2016-2017,Dijon FCO,2969,,Centre-Forward,21,,0,0.0
ligue-1,2016-2017,Dijon FCO,2969,,Centre-Forward,23,35.0,35,2815.0
ligue-1,2016-2017,Dijon FCO,2969,,Right Winger,22,12.0,8,220.0
ligue-1,2016-2017,Dijon FCO,2969,,Left Winger,23,29.0,14,364.0
ligue-1,2016-2017,Dijon FCO,2969,,Centre-Forward,27,35.0,35,2721.0
ligue-1,2016-2017,Dijon FCO,2969,,Centre-Forward,31,26.0,14,141.0
ligue-1,2016-2017,Dijon FCO,2969,,Left Winger,30,33.0,30,1886.0
ligue-1,2017-2018,Paris Saint-Germain,583,,Goalkeeper,24,37.0,34,3060.0
ligue-1,2017-2018,Paris Saint-Germain,583,,Goalkeeper,26,36.0,4,360.0
ligue-1,2017-2018,Paris Saint-Germain,583,,Goalkeeper,21,1.0,0,0.0
ligue-1,2017-2018,Paris Saint-Germain,583,,Goalkeeper,19,2.0,0,0.0
ligue-1,2017-2018,Paris Saint-Germain,583,,Centre-Back,23,33.0,26,2264.0
ligue-1,2017-2018,Paris Saint-Germain,583,,Centre-Back,21,35.0,28,2425.0
ligue-1,2017-2018,Paris Saint-Germain,583,,Centre-Back,18,5.0,1,25.0
ligue-1,2017-2018,Paris Saint-Germain,583,,Right-Back,18,1.0,0,0.0
ligue-1,2017-2018,Paris Saint-Germain,583,,Right-Back,25,35.0,24,1571.0
ligue-1,2017-2018,Paris Saint-Germain,583,,Left-Back,27,35.0,22,1713.0
ligue-1,2017-2018,Paris Saint-Germain,583,,Left-Back,24,30.0,20,1707.0
ligue-1,2017-2018,Paris Saint-Germain,583,,Centre-Back,32,32.0,25,2115.0
ligue-1,2017-2018,Paris Saint-Germain,583,,Centre-Back,26,7.0,1,6.0
ligue-1,2017-2018,Paris Saint-Germain,583,,Right-Back,34,32.0,25,2064.0
ligue-1,2017-2018,Paris Saint-Germain,583,,Right Midfield,17,8.0,3,122.0
ligue-1,2017-2018,Paris Saint-Germain,583,,Central Midfield,22,34.0,33,2372.0
ligue-1,2017-2018,Paris Saint-Germain,583,,Attacking Midfield,25,20.0,20,1797.0
ligue-1,2017-2018,Paris Saint-Germain,583,,Attacking Midfield,21,37.0,33,1768.0
ligue-1,2017-2018,Paris Saint-Germain,583,,Defensive Midfield,16,1.0,1,8.0
ligue-1,2017-2018,Paris Saint-Germain,583,,Central Midfield,24,23.0,22,1722.0
ligue-1,2017-2018,Paris Saint-Germain,583,,Central Midfield,18,2.0,0,0.0
ligue-1,2017-2018,Paris Saint-Germain,583,,Defensive Midfield,19,1.0,0,0.0
ligue-1,2017-2018,Paris Saint-Germain,583,,Central Midfield,30,2.0,2,28.0
ligue-1,2017-2018,Paris Saint-Germain,583,,Defensive Midfield,34,21.0,19,1159.0
ligue-1,2017-2018,Paris Saint-Germain,583,,Defensive Midfield,32,12.0,10,608.0
ligue-1,2017-2018,Paris Saint-Germain,583,,Attacking Midfield,30,,0,0.0
ligue-1,2017-2018,Paris Saint-Germain,583,,Attacking Midfield,28,28.0,25,1345.0
ligue-1,2017-2018,Paris Saint-Germain,583,,Centre-Forward,18,29.0,27,2099.0
ligue-1,2017-2018,Paris Saint-Germain,583,,Centre-Forward,19,34.0,20,622.0
ligue-1,2017-2018,Paris Saint-Germain,583,,Left Winger,20,2.0,1,4.0
ligue-1,2017-2018,Paris Saint-Germain,583,,Left Winger,23,33.0,30,1706.0
ligue-1,2017-2018,Paris Saint-Germain,583,,Right Winger,24,11.0,5,71.0
ligue-1,2017-2018,Paris Saint-Germain,583,,Right Winger,29,33.0,30,2122.0
ligue-1,2017-2018,Paris Saint-Germain,583,,Centre-Forward,30,32.0,32,2589.0
ligue-1,2017-2018,Paris Saint-Germain,583,,Left Winger,24,,0,0.0
ligue-1,2017-2018,AS Monaco,162,,Goalkeeper,32,34.0,34,2940.0
ligue-1,2017-2018,AS Monaco,162,,Goalkeeper,33,23.0,3,225.0
ligue-1,2017-2018,AS Monaco,162,,Goalkeeper,21,17.0,3,255.0
ligue-1,2017-2018,AS Monaco,162,,Goalkeeper,19,2.0,0,0.0
ligue-1,2017-2018,AS Monaco,162,,Right-Back,24,29.0,27,2157.0
ligue-1,2017-2018,AS Monaco,162,,Centre-Back,24,33.0,33,2856.0
ligue-1,2017-2018,AS Monaco,162,,Left-Back,21,25.0,22,1922.0
ligue-1,2017-2018,AS Monaco,162,,Right-Back,21,1.0,0,0.0
ligue-1,2017-2018,AS Monaco,162,,Centre-Back,29,36.0,36,3240.0
ligue-1,2017-2018,AS Monaco,162,,Centre-Back,23,10.0,3,257.0
ligue-1,2017-2018,AS Monaco,162,,Centre-Back,20,1.0,0,0.0
ligue-1,2017-2018,AS Monaco,162,,Left-Back,19,6.0,4,279.0
ligue-1,2017-2018,AS Monaco,162,,Centre-Back,33,30.0,20,1608.0
ligue-1,2017-2018,AS Monaco,162,,Centre-Back,21,32.0,20,1242.0
ligue-1,2017-2018,AS Monaco,162,,Central Midfield,20,32.0,27,1566.0
ligue-1,2017-2018,AS Monaco,162,,Defensive Midfield,23,34.0,34,3060.0
ligue-1,2017-2018,AS Monaco,162,,Attacking Midfield,18,1.0,0,0.0
ligue-1,2017-2018,AS Monaco,162,,Defensive Midfield,18,1.0,0,0.0
ligue-1,2017-2018,AS Monaco,162,,Attacking Midfield,21,30.0,30,2383.0
ligue-1,2017-2018,AS Monaco,162,,Defensive Midfield,23,3.0,2,95.0
ligue-1,2017-2018,AS Monaco,162,,Attacking Midfield,21,17.0,5,80.0
ligue-1,2017-2018,AS Monaco,162,,Defensive Midfield,21,28.0,11,720.0
ligue-1,2017-2018,AS Monaco,162,,Central Midfield,22,6.0,3,188.0
ligue-1,2017-2018,AS Monaco,162,,Central Midfield,30,36.0,33,2801.0
ligue-1,2017-2018,AS Monaco,162,,Central Midfield,20,33.0,22,851.0
ligue-1,2017-2018,AS Monaco,162,,Centre-Forward,18,3.0,1,75.0
ligue-1,2017-2018,AS Monaco,162,,Left Winger,20,1.0,1,16.0
ligue-1,2017-2018,AS Monaco,162,,Centre-Forward,17,10.0,5,303.0
ligue-1,2017-2018,AS Monaco,162,,Right Winger,20,1.0,1,7.0
ligue-1,2017-2018,AS Monaco,162,,Right Winger,21,38.0,38,2560.0
ligue-1,2017-2018,AS Monaco,162,,Left Winger,22,25.0,23,1484.0
ligue-1,2017-2018,AS Monaco,162,,Right Winger,25,30.0,26,996.0
ligue-1,2017-2018,AS Monaco,162,,Right Winger,18,5.0,3,29.0
ligue-1,2017-2018,AS Monaco,162,,Centre-Forward,16,6.0,3,22.0
ligue-1,2017-2018,AS Monaco,162,,Centre-Forward,26,18.0,15,418.0
ligue-1,2017-2018,AS Monaco,162,,Second Striker,27,18.0,15,751.0
ligue-1,2017-2018,AS Monaco,162,,Centre-Forward,31,28.0,26,2139.0
ligue-1,2017-2018,AS Monaco,162,,Left Winger,17,1.0,0,0.0
ligue-1,2017-2018,Olympique Lyon,1041,,Goalkeeper,18,3.0,0,0.0
ligue-1,2017-2018,Olympique Lyon,1041,,Goalkeeper,26,34.0,34,3060.0
ligue-1,2017-2018,Olympique Lyon,1041,,Goalkeeper,26,38.0,4,360.0
ligue-1,2017-2018,Olympique Lyon,1041,,Goalkeeper,23,,0,0.0
ligue-1,2017-2018,Olympique Lyon,1041,,Goalkeeper,21,1.0,0,0.0
ligue-1,2017-2018,Olympique Lyon,1041,,Centre-Back,17,1.0,0,0.0
ligue-1,2017-2018,Olympique Lyon,1041,,Right-Back,21,35.0,22,1608.0
ligue-1,2017-2018,Olympique Lyon,1041,,Left-Back,22,32.0,27,2121.0
ligue-1,2017-2018,Olympique Lyon,1041,,Centre-Back,20,33.0,12,729.0
ligue-1,2017-2018,Olympique Lyon,1041,,Right-Back,18,,0,0.0
ligue-1,2017-2018,Olympique Lyon,1041,,Left-Back,28,32.0,18,1295.0
ligue-1,2017-2018,Olympique Lyon,1041,,Centre-Back,21,1.0,0,0.0
ligue-1,2017-2018,Olympique Lyon,1041,,Centre-Back,28,8.0,2,127.0
ligue-1,2017-2018,Olympique Lyon,1041,,Right-Back,26,35.0,24,1818.0
ligue-1,2017-2018,Olympique Lyon,1041,,Centre-Back,30,36.0,35,3107.0
ligue-1,2017-2018,Olympique Lyon,1041,,Left-Back,33,33.0,33,2915.0
ligue-1,2017-2018,Olympique Lyon,1041,,Left-Back,22,,0,0.0
ligue-1,2017-2018,Olympique Lyon,1041,,Attacking Midfield,19,36.0,32,2436.0
ligue-1,2017-2018,Olympique Lyon,1041,,Attacking Midfield,23,31.0,30,2395.0
ligue-1,2017-2018,Olympique Lyon,1041,,Defensive Midfield,19,1.0,0,0.0
ligue-1,2017-2018,Olympique Lyon,1041,,Defensive Midfield,20,3.0,2,69.0
ligue-1,2017-2018,Olympique Lyon,1041,,Central Midfield,23,3.0,3,211.0
ligue-1,2017-2018,Olympique Lyon,1041,,Central Midfield,20,33.0,32,2361.0
ligue-1,2017-2018,Olympique Lyon,1041,,Central Midfield,20,37.0,37,3140.0
ligue-1,2017-2018,Olympique Lyon,1041,,Central Midfield,25,35.0,24,708.0
ligue-1,2017-2018,Olympique Lyon,1041,,Central Midfield,26,3.0,1,5.0
ligue-1,2017-2018,Olympique Lyon,1041,,Central Midfield,19,8.0,1,10.0
ligue-1,2017-2018,Olympique Lyon,1041,,Centre-Forward,17,12.0,7,83.0
ligue-1,2017-2018,Olympique Lyon,1041,,Centre-Forward,23,37.0,36,2563.0
ligue-1,2017-2018,Olympique Lyon,1041,,Centre-Forward,15,3.0,2,31.0
ligue-1,2017-2018,Olympique Lyon,1041,,Right Winger,21,31.0,31,2293.0
ligue-1,2017-2018,Olympique Lyon,1041,,Left Winger,20,33.0,30,1278.0
ligue-1,2017-2018,Olympique Lyon,1041,,Left Winger,18,22.0,13,335.0
ligue-1,2017-2018,Olympique Lyon,1041,,Centre-Forward,23,34.0,34,2517.0
ligue-1,2017-2018,Olympique Marseille,244,,Goalkeeper,21,7.0,0,0.0
ligue-1,2017-2018,Olympique Marseille,244,,Goalkeeper,20,,0,0.0
ligue-1,2017-2018,Olympique Marseille,244,,Goalkeeper,34,38.0,10,735.0
ligue-1,2017-2018,Olympique Marseille,244,,Goalkeeper,32,31.0,31,2683.0
ligue-1,2017-2018,Olympique Marseille,244,,Centre-Back,22,6.0,3,75.0
ligue-1,2017-2018,Olympique Marseille,244,,Left-Back,23,29.0,27,2185.0
ligue-1,2017-2018,Olympique Marseille,244,,Right-Back,27,35.0,33,2525.0
ligue-1,2017-2018,Olympique Marseille,244,,Right-Back,25,35.0,29,1785.0
ligue-1,2017-2018,Olympique Marseille,244,,Left-Back,19,1.0,0,0.0
ligue-1,2017-2018,Olympique Marseille,244,,Left-Back,36,8.0,4,350.0
ligue-1,2017-2018,Olympique Marseille,244,,Centre-Back,31,2.0,1,90.0
ligue-1,2017-2018,Olympique Marseille,244,,Centre-Back,31,33.0,31,2510.0
ligue-1,2017-2018,Olympique Marseille,244,,Left-Back,33,10.0,3,40.0
ligue-1,2017-2018,Olympique Marseille,244,,Centre-Back,27,26.0,8,500.0
ligue-1,2017-2018,Olympique Marseille,244,,Centre-Back,31,33.0,33,2957.0
ligue-1,2017-2018,Olympique Marseille,244,,Defensive Midfield,17,20.0,6,456.0
ligue-1,2017-2018,Olympique Marseille,244,,Central Midfield,21,38.0,37,2434.0
ligue-1,2017-2018,Olympique Marseille,244,,Defensive Midfield,19,35.0,24,1372.0
ligue-1,2017-2018,Olympique Marseille,244,,Central Midfield,22,36.0,33,2174.0
ligue-1,2017-2018,Olympique Marseille,244,,Attacking Midfield,27,4.0,3,62.0
ligue-1,2017-2018,Olympique Marseille,244,,Defensive Midfield,29,34.0,34,3029.0
ligue-1,2017-2018,Olympique Marseille,244,,Attacking Midfield,30,31.0,31,2355.0
ligue-1,2017-2018,Olympique Marseille,244,,Defensive Midfield,27,15.0,7,347.0
ligue-1,2017-2018,Olympique Marseille,244,,Right Winger,24,35.0,35,2966.0
ligue-1,2017-2018,Olympique Marseille,244,,Left Winger,22,33.0,31,2038.0
ligue-1,2017-2018,Olympique Marseille,244,,Right Winger,18,8.0,1,1.0
ligue-1,2017-2018,Olympique Marseille,244,,Right Winger,23,37.0,22,866.0
ligue-1,2017-2018,Olympique Marseille,244,,Centre-Forward,29,26.0,19,881.0
ligue-1,2017-2018,Olympique Marseille,244,,Centre-Forward,27,38.0,35,2171.0
ligue-1,2017-2018,OGC Nice,417,,Goalkeeper,24,38.0,28,2520.0
ligue-1,2017-2018,OGC Nice,417,,Goalkeeper,19,2.0,0,0.0
ligue-1,2017-2018,OGC Nice,417,,Goalkeeper,32,,0,0.0
ligue-1,2017-2018,OGC Nice,417,,Goalkeeper,23,36.0,10,900.0
ligue-1,2017-2018,OGC Nice,417,,Centre-Back,18,32.0,21,1324.0
ligue-1,2017-2018,OGC Nice,417,,Centre-Back,19,1.0,0,0.0
ligue-1,2017-2018,OGC Nice,417,,Left-Back,19,6.0,1,1.0
ligue-1,2017-2018,OGC Nice,417,,Centre-Back,21,2.0,0,0.0
ligue-1,2017-2018,OGC Nice,417,,Centre-Back,21,27.0,23,1929.0
ligue-1,2017-2018,OGC Nice,417,,Centre-Back,17,2.0,0,0.0
ligue-1,2017-2018,OGC Nice,417,,Left-Back,23,1.0,0,0.0
ligue-1,2017-2018,OGC Nice,417,,Right-Back,25,31.0,29,2414.0
ligue-1,2017-2018,OGC Nice,417,,Right-Back,21,31.0,13,896.0
ligue-1,2017-2018,OGC Nice,417,,Left-Back,21,12.0,7,618.0
ligue-1,2017-2018,OGC Nice,417,,Centre-Back,27,31.0,29,2535.0
ligue-1,2017-2018,OGC Nice,417,,Right-Back,33,17.0,15,1174.0
ligue-1,2017-2018,OGC Nice,417,,Centre-Back,33,34.0,33,2920.0
ligue-1,2017-2018,OGC Nice,417,,Attacking Midfield,19,20.0,5,244.0
ligue-1,2017-2018,OGC Nice,417,,Defensive Midfield,24,34.0,34,2898.0
ligue-1,2017-2018,OGC Nice,417,,Attacking Midfield,16,,0,0.0
ligue-1,2017-2018,OGC Nice,417,,Defensive Midfield,23,30.0,26,1684.0
ligue-1,2017-2018,OGC Nice,417,,Defensive Midfield,25,28.0,14,963.0
ligue-1,2017-2018,OGC Nice,417,,Central Midfield,20,11.0,4,160.0
ligue-1,2017-2018,OGC Nice,417,,Attacking Midfield,25,1.0,1,90.0
ligue-1,2017-2018,OGC Nice,417,,Central Midfield,22,16.0,16,944.0
ligue-1,2017-2018,OGC Nice,417,,Central Midfield,22,18.0,8,491.0
ligue-1,2017-2018,OGC Nice,417,,Attacking Midfield,20,5.0,2,47.0
ligue-1,2017-2018,OGC Nice,417,,Defensive Midfield,25,32.0,31,2622.0
ligue-1,2017-2018,OGC Nice,417,,Attacking Midfield,33,6.0,5,400.0
ligue-1,2017-2018,OGC Nice,417,,Central Midfield,21,20.0,15,815.0
ligue-1,2017-2018,OGC Nice,417,,Defensive Midfield,20,,0,0.0
ligue-1,2017-2018,OGC Nice,417,,Left Winger,20,32.0,30,2271.0
ligue-1,2017-2018,OGC Nice,417,,Centre-Forward,24,35.0,35,3043.0
ligue-1,2017-2018,OGC Nice,417,,Centre-Forward,18,9.0,6,64.0
ligue-1,2017-2018,OGC Nice,417,,Right Winger,17,4.0,3,51.0
ligue-1,2017-2018,OGC Nice,417,,Centre-Forward,19,9.0,8,257.0
ligue-1,2017-2018,OGC Nice,417,,Right Winger,20,35.0,26,862.0
ligue-1,2017-2018,OGC Nice,417,,Centre-Forward,26,28.0,28,2279.0
ligue-1,2017-2018,OGC Nice,417,,Centre-Forward,27,8.0,7,99.0
ligue-1,2017-2018,FC Girondins Bordeaux,40,,Goalkeeper,18,5.0,0,0.0
ligue-1,2017-2018,FC Girondins Bordeaux,40,,Goalkeeper,21,29.0,2,180.0
ligue-1,2017-2018,FC Girondins Bordeaux,40,,Goalkeeper,29,38.0,36,3240.0
ligue-1,2017-2018,FC Girondins Bordeaux,40,,Goalkeeper,18,3.0,0,0.0
ligue-1,2017-2018,FC Girondins Bordeaux,40,,Right-Back,18,20.0,18,1588.0
ligue-1,2017-2018,FC Girondins Bordeaux,40,,Right-Back,21,14.0,4,360.0
ligue-1,2017-2018,FC Girondins Bordeaux,40,,Right-Back,24,35.0,35,3094.0
ligue-1,2017-2018,FC Girondins Bordeaux,40,,Centre-Back,21,1.0,1,10.0
ligue-1,2017-2018,FC Girondins Bordeaux,40,,Right-Back,18,5.0,1,90.0
ligue-1,2017-2018,FC Girondins Bordeaux,40,,Centre-Back,21,18.0,16,1440.0
ligue-1,2017-2018,FC Girondins Bordeaux,40,,Centre-Back,26,15.0,15,1292.0
ligue-1,2017-2018,FC Girondins Bordeaux,40,,Centre-Back,23,27.0,19,1428.0
ligue-1,2017-2018,FC Girondins Bordeaux,40,,Left-Back,27,10.0,3,106.0
ligue-1,2017-2018,FC Girondins Bordeaux,40,,Centre-Back,32,19.0,7,438.0
ligue-1,2017-2018,FC Girondins Bordeaux,40,,Centre-Back,29,13.0,8,570.0
ligue-1,2017-2018,FC Girondins Bordeaux,40,,Left-Back,24,19.0,19,1704.0
ligue-1,2017-2018,FC Girondins Bordeaux,40,,Defensive Midfield,17,2.0,0,0.0
ligue-1,2017-2018,FC Girondins Bordeaux,40,,Central Midfield,21,,0,0.0
ligue-1,2017-2018,FC Girondins Bordeaux,40,,Central Midfield,17,13.0,6,128.0
ligue-1,2017-2018,FC Girondins Bordeaux,40,,Central Midfield,19,4.0,0,0.0
ligue-1,2017-2018,FC Girondins Bordeaux,40,,Defensive Midfield,23,18.0,18,1379.0
ligue-1,2017-2018,FC Girondins Bordeaux,40,,Central Midfield,21,34.0,21,860.0
ligue-1,2017-2018,FC Girondins Bordeaux,40,,Defensive Midfield,23,32.0,21,1492.0
ligue-1,2017-2018,FC Girondins Bordeaux,40,,Defensive Midfield,23,37.0,37,3287.0
ligue-1,2017-2018,FC Girondins Bordeaux,40,,Defensive Midfield,33,21.0,21,1890.0
ligue-1,2017-2018,FC Girondins Bordeaux,40,,Central Midfield,27,33.0,29,1883.0
ligue-1,2017-2018,FC Girondins Bordeaux,40,,Central Midfield,35,33.0,22,993.0
ligue-1,2017-2018,FC Girondins Bordeaux,40,,Right Winger,20,35.0,35,2867.0
ligue-1,2017-2018,FC Girondins Bordeaux,40,,Centre-Forward,23,27.0,20,956.0
ligue-1,2017-2018,FC Girondins Bordeaux,40,,Left Winger,21,37.0,35,2022.0
ligue-1,2017-2018,FC Girondins Bordeaux,40,,Centre-Forward,26,14.0,14,917.0
ligue-1,2017-2018,FC Girondins Bordeaux,40,,Centre-Forward,23,17.0,16,795.0
ligue-1,2017-2018,FC Girondins Bordeaux,40,,Centre-Forward,26,31.0,29,1939.0
ligue-1,2017-2018,FC Girondins Bordeaux,40,,Right Winger,25,20.0,19,622.0
ligue-1,2017-2018,FC Girondins Bordeaux,40,,Centre-Forward,23,1.0,1,7.0
ligue-1,2017-2018,FC Girondins Bordeaux,40,,Centre-Forward,18,3.0,1,9.0
ligue-1,2017-2018,FC Girondins Bordeaux,40,,Centre-Forward,20,,0,0.0
ligue-1,2017-2018,Stade Rennais FC,273,,Goalkeeper,21,5.0,0,0.0
ligue-1,2017-2018,Stade Rennais FC,273,,Goalkeeper,24,34.0,34,3060.0
ligue-1,2017-2018,Stade Rennais FC,273,,Goalkeeper,31,3.0,1,90.0
ligue-1,2017-2018,Stade Rennais FC,273,,Goalkeeper,25,34.0,3,270.0
ligue-1,2017-2018,Stade Rennais FC,273,,Centre-Back,22,31.0,29,2344.0
ligue-1,2017-2018,Stade Rennais FC,273,,Centre-Back,20,6.0,3,270.0
ligue-1,2017-2018,Stade Rennais FC,273,,Right-Back,25,31.0,30,2640.0
ligue-1,2017-2018,Stade Rennais FC,273,,Centre-Back,19,1.0,0,0.0
ligue-1,2017-2018,Stade Rennais FC,273,,Left-Back,18,26.0,19,894.0
ligue-1,2017-2018,Stade Rennais FC,273,,Right-Back,21,,0,0.0
ligue-1,2017-2018,Stade Rennais FC,273,,Right-Back,25,22.0,15,989.0
ligue-1,2017-2018,Stade Rennais FC,273,,Left-Back,21,,0,0.0
ligue-1,2017-2018,Stade Rennais FC,273,,Centre-Back,28,28.0,17,1197.0
ligue-1,2017-2018,Stade Rennais FC,273,,Left-Back,24,13.0,5,222.0
ligue-1,2017-2018,Stade Rennais FC,273,,Centre-Back,20,38.0,36,2918.0
ligue-1,2017-2018,Stade Rennais FC,273,,Left-Back,31,22.0,17,1161.0
ligue-1,2017-2018,Stade Rennais FC,273,,Right-Back,30,37.0,12,683.0
ligue-1,2017-2018,Stade Rennais FC,273,,Central Midfield,23,37.0,37,3103.0
ligue-1,2017-2018,Stade Rennais FC,273,,Defensive Midfield,26,34.0,34,3016.0
ligue-1,2017-2018,Stade Rennais FC,273,,Central Midfield,21,2.0,0,0.0
ligue-1,2017-2018,Stade Rennais FC,273,,Defensive Midfield,20,29.0,28,2316.0
ligue-1,2017-2018,Stade Rennais FC,273,,Central Midfield,18,10.0,3,75.0
ligue-1,2017-2018,Stade Rennais FC,273,,Central Midfield,21,35.0,32,1812.0
ligue-1,2017-2018,Stade Rennais FC,273,,Attacking Midfield,30,19.0,10,431.0
ligue-1,2017-2018,Stade Rennais FC,273,,Central Midfield,23,21.0,19,1568.0
ligue-1,2017-2018,Stade Rennais FC,273,,Right Midfield,32,17.0,14,749.0
ligue-1,2017-2018,Stade Rennais FC,273,,Attacking Midfield,20,1.0,0,0.0
ligue-1,2017-2018,Stade Rennais FC,273,,Right Winger,19,24.0,24,1866.0
ligue-1,2017-2018,Stade Rennais FC,273,,Left Winger,18,3.0,0,0.0
ligue-1,2017-2018,Stade Rennais FC,273,,Left Winger,22,19.0,11,351.0
ligue-1,2017-2018,Stade Rennais FC,273,,Centre-Forward,23,31.0,24,1468.0
ligue-1,2017-2018,Stade Rennais FC,273,,Centre-Forward,20,12.0,6,109.0
ligue-1,2017-2018,Stade Rennais FC,273,,Centre-Forward,23,21.0,19,1224.0
ligue-1,2017-2018,Stade Rennais FC,273,,Left Winger,26,25.0,24,1926.0
ligue-1,2017-2018,Stade Rennais FC,273,,Centre-Forward,27,13.0,13,777.0
ligue-1,2017-2018,FC Toulouse,415,,Goalkeeper,18,38.0,38,3420.0
ligue-1,2017-2018,FC Toulouse,415,,Goalkeeper,29,38.0,0,0.0
ligue-1,2017-2018,FC Toulouse,415,,Goalkeeper,26,,0,0.0
ligue-1,2017-2018,FC Toulouse,415,,Centre-Back,20,34.0,34,3060.0
ligue-1,2017-2018,FC Toulouse,415,,Right-Back,19,36.0,36,3154.0
ligue-1,2017-2018,FC Toulouse,415,,Left-Back,23,35.0,25,1597.0
ligue-1,2017-2018,FC Toulouse,415,,Centre-Back,24,32.0,30,2607.0
ligue-1,2017-2018,FC Toulouse,415,,Right-Back,20,16.0,7,277.0
ligue-1,2017-2018,FC Toulouse,415,,Right-Back,24,32.0,21,1573.0
ligue-1,2017-2018,FC Toulouse,415,,Centre-Back,25,7.0,2,154.0
ligue-1,2017-2018,FC Toulouse,415,,Left-Back,27,26.0,21,1703.0
ligue-1,2017-2018,FC Toulouse,415,,Defensive Midfield,19,28.0,20,1590.0
ligue-1,2017-2018,FC Toulouse,415,,Defensive Midfield,20,35.0,26,1890.0
ligue-1,2017-2018,FC Toulouse,415,,Attacking Midfield,21,5.0,4,192.0
ligue-1,2017-2018,FC Toulouse,415,,Central Midfield,22,15.0,7,223.0
ligue-1,2017-2018,FC Toulouse,415,,Attacking Midfield,20,15.0,6,175.0
ligue-1,2017-2018,FC Toulouse,415,,Left Midfield,20,,0,0.0
ligue-1,2017-2018,FC Toulouse,415,,Attacking Midfield,18,1.0,1,28.0
ligue-1,2017-2018,FC Toulouse,415,,Defensive Midfield,32,32.0,20,1521.0
ligue-1,2017-2018,FC Toulouse,415,,Central Midfield,28,29.0,27,2010.0
ligue-1,2017-2018,FC Toulouse,415,,Defensive Midfield,24,30.0,28,2258.0
ligue-1,2017-2018,FC Toulouse,415,,Left Winger,29,29.0,29,2417.0
ligue-1,2017-2018,FC Toulouse,415,,Centre-Forward,21,36.0,33,1700.0
ligue-1,2017-2018,FC Toulouse,415,,Centre-Forward,24,29.0,27,1514.0
ligue-1,2017-2018,FC Toulouse,415,,Centre-Forward,25,32.0,32,2336.0
ligue-1,2017-2018,FC Toulouse,415,,Centre-Forward,30,32.0,23,791.0
ligue-1,2017-2018,FC Toulouse,415,,Left Winger,28,28.0,20,1030.0
ligue-1,2017-2018,FC Toulouse,415,,Centre-Forward,23,14.0,11,365.0
ligue-1,2017-2018,AS Saint-Étienne,618,,Goalkeeper,21,,0,0.0
ligue-1,2017-2018,AS Saint-Étienne,618,,Goalkeeper,19,5.0,0,0.0
ligue-1,2017-2018,AS Saint-Étienne,618,,Goalkeeper,30,35.0,35,3113.0
ligue-1,2017-2018,AS Saint-Étienne,618,,Goalkeeper,31,36.0,4,303.0
ligue-1,2017-2018,AS Saint-Étienne,618,,Centre-Back,16,,0,0.0
ligue-1,2017-2018,AS Saint-Étienne,618,,Left-Back,19,3.0,0,0.0
ligue-1,2017-2018,AS Saint-Étienne,618,,Right-Back,19,25.0,16,1170.0
ligue-1,2017-2018,AS Saint-Étienne,618,,Right-Back,21,24.0,21,1419.0
ligue-1,2017-2018,AS Saint-Étienne,618,,Centre-Back,25,19.0,11,774.0
ligue-1,2017-2018,AS Saint-Étienne,618,,Centre-Back,27,33.0,25,2164.0
ligue-1,2017-2018,AS Saint-Étienne,618,,Centre-Back,26,6.0,5,322.0
ligue-1,2017-2018,AS Saint-Étienne,618,,Centre-Back,22,1.0,0,0.0
ligue-1,2017-2018,AS Saint-Étienne,618,,Left-Back,26,26.0,25,2080.0
ligue-1,2017-2018,AS Saint-Étienne,618,,Left-Back,28,22.0,7,488.0
ligue-1,2017-2018,AS Saint-Étienne,618,,Left-Back,23,,0,0.0
ligue-1,2017-2018,AS Saint-Étienne,618,,Centre-Back,31,28.0,28,2465.0
ligue-1,2017-2018,AS Saint-Étienne,618,,Right-Back,31,15.0,15,1316.0
ligue-1,2017-2018,AS Saint-Étienne,618,,Centre-Back,28,16.0,16,1440.0
ligue-1,2017-2018,AS Saint-Étienne,618,,Central Midfield,19,1.0,0,0.0
ligue-1,2017-2018,AS Saint-Étienne,618,,Central Midfield,19,,0,0.0
ligue-1,2017-2018,AS Saint-Étienne,618,,Defensive Midfield,21,21.0,13,703.0
ligue-1,2017-2018,AS Saint-Étienne,618,,Attacking Midfield,27,26.0,26,2261.0
ligue-1,2017-2018,AS Saint-Étienne,618,,Central Midfield,23,23.0,14,540.0
ligue-1,2017-2018,AS Saint-Étienne,618,,Attacking Midfield,23,10.0,6,206.0
ligue-1,2017-2018,AS Saint-Étienne,618,,Defensive Midfield,22,32.0,26,2059.0
ligue-1,2017-2018,AS Saint-Étienne,618,,Central Midfield,17,2.0,0,0.0
ligue-1,2017-2018,AS Saint-Étienne,618,,Defensive Midfield,19,37.0,25,1348.0
ligue-1,2017-2018,AS Saint-Étienne,618,,Central Midfield,25,17.0,16,1289.0
ligue-1,2017-2018,AS Saint-Étienne,618,,Defensive Midfield,27,17.0,17,1482.0
ligue-1,2017-2018,AS Saint-Étienne,618,,Defensive Midfield,19,3.0,1,11.0
ligue-1,2017-2018,AS Saint-Étienne,618,,Defensive Midfield,26,26.0,20,1290.0
ligue-1,2017-2018,AS Saint-Étienne,618,,Left Winger,21,36.0,34,2571.0
ligue-1,2017-2018,AS Saint-Étienne,618,,Centre-Forward,24,18.0,16,935.0
ligue-1,2017-2018,AS Saint-Étienne,618,,Second Striker,19,,0,0.0
ligue-1,2017-2018,AS Saint-Étienne,618,,Centre-Forward,26,23.0,15,1046.0
ligue-1,2017-2018,AS Saint-Étienne,618,,Left Winger,22,9.0,4,107.0
ligue-1,2017-2018,AS Saint-Étienne,618,,Centre-Forward,29,15.0,12,356.0
ligue-1,2017-2018,AS Saint-Étienne,618,,Left Winger,24,13.0,13,506.0
ligue-1,2017-2018,AS Saint-Étienne,618,,Right Winger,30,29.0,29,1853.0
ligue-1,2017-2018,AS Saint-Étienne,618,,Left Winger,28,31.0,30,1778.0
ligue-1,2017-2018,FC Nantes,995,,Goalkeeper,19,,0,0.0
ligue-1,2017-2018,FC Nantes,995,,Goalkeeper,24,38.0,1,90.0
ligue-1,2017-2018,FC Nantes,995,,Goalkeeper,21,1.0,0,0.0
ligue-1,2017-2018,FC Nantes,995,,Goalkeeper,31,37.0,37,3330.0
ligue-1,2017-2018,FC Nantes,995,,Centre-Back,24,28.0,28,2292.0
ligue-1,2017-2018,FC Nantes,995,,Centre-Back,20,29.0,22,1509.0
ligue-1,2017-2018,FC Nantes,995,,Centre-Back,25,30.0,25,1519.0
ligue-1,2017-2018,FC Nantes,995,,Left-Back,22,3.0,3,87.0
ligue-1,2017-2018,FC Nantes,995,,Right-Back,20,9.0,1,90.0
ligue-1,2017-2018,FC Nantes,995,,Centre-Back,29,31.0,28,2435.0
ligue-1,2017-2018,FC Nantes,995,,Left-Back,25,34.0,33,2659.0
ligue-1,2017-2018,FC Nantes,995,,Centre-Back,18,,0,0.0
ligue-1,2017-2018,FC Nantes,995,,Centre-Back,23,1.0,1,90.0
ligue-1,2017-2018,FC Nantes,995,,Right-Back,25,9.0,3,207.0
ligue-1,2017-2018,FC Nantes,995,,Centre-Back,24,35.0,29,2419.0
ligue-1,2017-2018,FC Nantes,995,,Right-Back,22,36.0,34,3024.0
ligue-1,2017-2018,FC Nantes,995,,Central Midfield,22,34.0,32,2359.0
ligue-1,2017-2018,FC Nantes,995,,Central Midfield,23,37.0,36,2591.0
ligue-1,2017-2018,FC Nantes,995,,Defensive Midfield,23,37.0,36,2811.0
ligue-1,2017-2018,FC Nantes,995,,Central Midfield,20,14.0,7,432.0
ligue-1,2017-2018,FC Nantes,995,,Central Midfield,16,,0,0.0
ligue-1,2017-2018,FC Nantes,995,,Defensive Midfield,33,1.0,1,16.0
ligue-1,2017-2018,FC Nantes,995,,Right Midfield,25,35.0,26,1418.0
ligue-1,2017-2018,FC Nantes,995,,Defensive Midfield,27,27.0,18,1314.0
ligue-1,2017-2018,FC Nantes,995,,Attacking Midfield,23,9.0,4,66.0
ligue-1,2017-2018,FC Nantes,995,,Centre-Forward,18,2.0,0,0.0
ligue-1,2017-2018,FC Nantes,995,,Right Winger,20,,0,0.0
ligue-1,2017-2018,FC Nantes,995,,Centre-Forward,22,2.0,1,1.0
ligue-1,2017-2018,FC Nantes,995,,Centre-Forward,25,23.0,16,727.0
ligue-1,2017-2018,FC Nantes,995,,Centre-Forward,25,11.0,8,338.0
ligue-1,2017-2018,FC Nantes,995,,Centre-Forward,26,36.0,36,3035.0
ligue-1,2017-2018,FC Nantes,995,,Right Winger,25,17.0,9,312.0
ligue-1,2017-2018,FC Nantes,995,,Left Winger,26,30.0,20,637.0
ligue-1,2017-2018,FC Nantes,995,,Centre-Forward,30,24.0,18,1149.0
ligue-1,2017-2018,FC Nantes,995,,Centre-Forward,24,21.0,13,463.0
ligue-1,2017-2018,FC Nantes,995,,Centre-Forward,27,3.0,2,23.0
ligue-1,2017-2018,LOSC Lille,1082,,Goalkeeper,21,36.0,34,3033.0
ligue-1,2017-2018,LOSC Lille,1082,,Goalkeeper,20,35.0,4,360.0
ligue-1,2017-2018,LOSC Lille,1082,,Goalkeeper,20,5.0,0,0.0
ligue-1,2017-2018,LOSC Lille,1082,,Centre-Back,24,37.0,34,2779.0
ligue-1,2017-2018,LOSC Lille,1082,,Left-Back,20,34.0,27,2057.0
ligue-1,2017-2018,LOSC Lille,1082,,Left-Back,19,24.0,12,852.0
ligue-1,2017-2018,LOSC Lille,1082,,Left-Back,19,3.0,0,0.0
ligue-1,2017-2018,LOSC Lille,1082,,Centre-Back,23,36.0,35,3147.0
ligue-1,2017-2018,LOSC Lille,1082,,Right-Back,25,23.0,23,1816.0
ligue-1,2017-2018,LOSC Lille,1082,,Centre-Back,25,17.0,14,1194.0
ligue-1,2017-2018,LOSC Lille,1082,,Centre-Back,20,23.0,12,943.0
ligue-1,2017-2018,LOSC Lille,1082,,Centre-Back,18,2.0,0,0.0
ligue-1,2017-2018,LOSC Lille,1082,,Defensive Midfield,20,30.0,24,1555.0
ligue-1,2017-2018,LOSC Lille,1082,,Defensive Midfield,18,31.0,14,512.0
ligue-1,2017-2018,LOSC Lille,1082,,Defensive Midfield,20,35.0,34,2469.0
ligue-1,2017-2018,LOSC Lille,1082,,Defensive Midfield,25,32.0,31,2298.0
ligue-1,2017-2018,LOSC Lille,1082,,Attacking Midfield,22,34.0,31,2310.0
ligue-1,2017-2018,LOSC Lille,1082,,Central Midfield,22,2.0,1,14.0
ligue-1,2017-2018,LOSC Lille,1082,,Central Midfield,20,9.0,6,197.0
ligue-1,2017-2018,LOSC Lille,1082,,Defensive Midfield,24,30.0,30,2411.0
ligue-1,2017-2018,LOSC Lille,1082,,Attacking Midfield,21,,0,0.0
ligue-1,2017-2018,LOSC Lille,1082,,Attacking Midfield,17,,0,0.0
ligue-1,2017-2018,LOSC Lille,1082,,Defensive Midfield,18,5.0,0,0.0
ligue-1,2017-2018,LOSC Lille,1082,,Central Midfield,20,1.0,0,0.0
ligue-1,2017-2018,LOSC Lille,1082,,Attacking Midfield,22,21.0,11,301.0
ligue-1,2017-2018,LOSC Lille,1082,,Right Winger,21,37.0,34,2018.0
ligue-1,2017-2018,LOSC Lille,1082,,Right Winger,22,38.0,36,2846.0
ligue-1,2017-2018,LOSC Lille,1082,,Centre-Forward,20,36.0,28,1087.0
ligue-1,2017-2018,LOSC Lille,1082,,Right Winger,18,19.0,7,159.0
ligue-1,2017-2018,LOSC Lille,1082,,Centre-Forward,21,14.0,14,1189.0
ligue-1,2017-2018,LOSC Lille,1082,,Right Winger,22,31.0,27,1646.0
ligue-1,2017-2018,LOSC Lille,1082,,Centre-Forward,26,4.0,4,287.0
ligue-1,2017-2018,Montpellier HSC,969,,Goalkeeper,26,38.0,38,3420.0
ligue-1,2017-2018,Montpellier HSC,969,,Goalkeeper,19,1.0,0,0.0
ligue-1,2017-2018,Montpellier HSC,969,,Goalkeeper,35,37.0,0,0.0
ligue-1,2017-2018,Montpellier HSC,969,,Right-Back,19,35.0,33,2791.0
ligue-1,2017-2018,Montpellier HSC,969,,Right-Back,24,34.0,31,2458.0
ligue-1,2017-2018,Montpellier HSC,969,,Centre-Back,18,24.0,9,580.0
ligue-1,2017-2018,Montpellier HSC,969,,Left-Back,19,10.0,3,172.0
ligue-1,2017-2018,Montpellier HSC,969,,Right-Back,20,35.0,28,1537.0
ligue-1,2017-2018,Montpellier HSC,969,,Left-Back,24,22.0,22,1888.0
ligue-1,2017-2018,Montpellier HSC,969,,Centre-Back,19,1.0,0,0.0
ligue-1,2017-2018,Montpellier HSC,969,,Left-Back,26,3.0,3,203.0
ligue-1,2017-2018,Montpellier HSC,969,,Centre-Back,23,2.0,0,0.0
ligue-1,2017-2018,Montpellier HSC,969,,Centre-Back,32,37.0,32,2633.0
ligue-1,2017-2018,Montpellier HSC,969,,Centre-Back,39,33.0,27,2430.0
ligue-1,2017-2018,Montpellier HSC,969,,Centre-Back,26,34.0,34,2856.0
ligue-1,2017-2018,Montpellier HSC,969,,Defensive Midfield,22,35.0,35,3051.0
ligue-1,2017-2018,Montpellier HSC,969,,Defensive Midfield,27,29.0,15,801.0
ligue-1,2017-2018,Montpellier HSC,969,,Attacking Midfield,33,20.0,16,987.0
ligue-1,2017-2018,Montpellier HSC,969,,Defensive Midfield,18,1.0,0,0.0
ligue-1,2017-2018,Montpellier HSC,969,,Central Midfield,28,37.0,37,3065.0
ligue-1,2017-2018,Montpellier HSC,969,,Central Midfield,20,4.0,0,0.0
ligue-1,2017-2018,Montpellier HSC,969,,Right Winger,19,24.0,18,999.0
ligue-1,2017-2018,Montpellier HSC,969,,Right Winger,21,38.0,38,2094.0
ligue-1,2017-2018,Montpellier HSC,969,,Left Winger,19,6.0,1,90.0
ligue-1,2017-2018,Montpellier HSC,969,,Left Winger,24,29.0,17,882.0
ligue-1,2017-2018,Montpellier HSC,969,,Centre-Forward,29,9.0,5,274.0
ligue-1,2017-2018,Montpellier HSC,969,,Left Winger,18,2.0,0,0.0
ligue-1,2017-2018,Montpellier HSC,969,,Centre-Forward,28,33.0,33,2203.0
ligue-1,2017-2018,Montpellier HSC,969,,Right Winger,34,35.0,24,926.0
ligue-1,2017-2018,Montpellier HSC,969,,Centre-Forward,24,35.0,29,1281.0
ligue-1,2017-2018,Dijon FCO,2969,,Goalkeeper,28,34.0,0,0.0
ligue-1,2017-2018,Dijon FCO,2969,,Goalkeeper,25,4.0,0,0.0
ligue-1,2017-2018,Dijon FCO,2969,,Goalkeeper,26,38.0,38,3420.0
ligue-1,2017-2018,Dijon FCO,2969,,Right-Back,20,37.0,36,2794.0
ligue-1,2017-2018,Dijon FCO,2969,,Centre-Back,24,13.0,3,234.0
ligue-1,2017-2018,Dijon FCO,2969,,Centre-Back,16,1.0,0,0.0
ligue-1,2017-2018,Dijon FCO,2969,,Centre-Back,25,34.0,33,2500.0
ligue-1,2017-2018,Dijon FCO,2969,,Centre-Back,28,30.0,30,2700.0
ligue-1,2017-2018,Dijon FCO,2969,,Left-Back,28,15.0,6,334.0
ligue-1,2017-2018,Dijon FCO,2969,,Centre-Back,29,12.0,10,621.0
ligue-1,2017-2018,Dijon FCO,2969,,Centre-Back,26,34.0,32,2830.0
ligue-1,2017-2018,Dijon FCO,2969,,Right-Back,29,8.0,3,22.0
ligue-1,2017-2018,Dijon FCO,2969,,Right-Back,30,32.0,22,1605.0
ligue-1,2017-2018,Dijon FCO,2969,,Centre-Back,37,30.0,11,884.0
ligue-1,2017-2018,Dijon FCO,2969,,Central Midfield,16,4.0,4,164.0
ligue-1,2017-2018,Dijon FCO,2969,,Central Midfield,22,3.0,0,0.0
ligue-1,2017-2018,Dijon FCO,2969,,Left Midfield,18,3.0,0,0.0
ligue-1,2017-2018,Dijon FCO,2969,,Central Midfield,22,18.0,17,1395.0
ligue-1,2017-2018,Dijon FCO,2969,,Central Midfield,24,20.0,19,1177.0
ligue-1,2017-2018,Dijon FCO,2969,,Central Midfield,25,33.0,27,1887.0
ligue-1,2017-2018,Dijon FCO,2969,,Attacking Midfield,22,13.0,4,26.0
ligue-1,2017-2018,Dijon FCO,2969,,Defensive Midfield,21,,0,0.0
ligue-1,2017-2018,Dijon FCO,2969,,Central Midfield,37,29.0,21,856.0
ligue-1,2017-2018,Dijon FCO,2969,,Central Midfield,27,33.0,33,2705.0
ligue-1,2017-2018,Dijon FCO,2969,,Defensive Midfield,20,12.0,6,187.0
ligue-1,2017-2018,Dijon FCO,2969,,Defensive Midfield,19,4.0,0,0.0
ligue-1,2017-2018,Dijon FCO,2969,,Central Midfield,19,1.0,0,0.0
ligue-1,2017-2018,Dijon FCO,2969,,Attacking Midfield,22,4.0,3,29.0
ligue-1,2017-2018,Dijon FCO,2969,,Second Striker,22,30.0,29,1841.0
ligue-1,2017-2018,Dijon FCO,2969,,Left Winger,24,32.0,31,2298.0
ligue-1,2017-2018,Dijon FCO,2969,,Centre-Forward,22,1.0,0,0.0
ligue-1,2017-2018,Dijon FCO,2969,,Right Winger,23,35.0,34,2143.0
ligue-1,2017-2018,Dijon FCO,2969,,Centre-Forward,28,27.0,26,2056.0
ligue-1,2017-2018,Dijon FCO,2969,,Left Winger,31,30.0,26,1441.0
ligue-1,2017-2018,Dijon FCO,2969,,Centre-Forward,25,29.0,24,1401.0
ligue-1,2017-2018,Amiens SC,1416,,Goalkeeper,30,37.0,37,3330.0
ligue-1,2017-2018,Amiens SC,1416,,Goalkeeper,20,1.0,0,0.0
ligue-1,2017-2018,Amiens SC,1416,,Goalkeeper,33,37.0,1,90.0
ligue-1,2017-2018,Amiens SC,1416,,Goalkeeper,26,1.0,0,0.0
ligue-1,2017-2018,Amiens SC,1416,,Centre-Back,27,35.0,32,2779.0
ligue-1,2017-2018,Amiens SC,1416,,Left-Back,28,25.0,21,1728.0
ligue-1,2017-2018,Amiens SC,1416,,Centre-Back,23,34.0,32,2751.0
ligue-1,2017-2018,Amiens SC,1416,,Centre-Back,31,36.0,34,2919.0
ligue-1,2017-2018,Amiens SC,1416,,Right-Back,26,37.0,26,2197.0
ligue-1,2017-2018,Amiens SC,1416,,Left-Back,34,33.0,11,615.0
ligue-1,2017-2018,Amiens SC,1416,,Right-Back,32,33.0,19,1629.0
ligue-1,2017-2018,Amiens SC,1416,,Central Midfield,20,3.0,3,237.0
ligue-1,2017-2018,Amiens SC,1416,,Attacking Midfield,21,3.0,1,9.0
ligue-1,2017-2018,Amiens SC,1416,,Attacking Midfield,19,,0,0.0
ligue-1,2017-2018,Amiens SC,1416,,Defensive Midfield,26,34.0,34,2956.0
ligue-1,2017-2018,Amiens SC,1416,,Defensive Midfield,24,20.0,16,737.0
ligue-1,2017-2018,Amiens SC,1416,,Central Midfield,24,27.0,26,2089.0
ligue-1,2017-2018,Amiens SC,1416,,Right Midfield,29,32.0,17,533.0
ligue-1,2017-2018,Amiens SC,1416,,Attacking Midfield,26,36.0,36,3093.0
ligue-1,2017-2018,Amiens SC,1416,,Defensive Midfield,33,7.0,1,6.0
ligue-1,2017-2018,Amiens SC,1416,,Attacking Midfield,31,5.0,3,104.0
ligue-1,2017-2018,Amiens SC,1416,,Defensive Midfield,34,13.0,13,389.0
ligue-1,2017-2018,Amiens SC,1416,,Defensive Midfield,32,25.0,12,608.0
ligue-1,2017-2018,Amiens SC,1416,,Left Winger,21,3.0,1,28.0
ligue-1,2017-2018,Amiens SC,1416,,Left Winger,25,13.0,13,1037.0
ligue-1,2017-2018,Amiens SC,1416,,Centre-Forward,21,2.0,2,21.0
ligue-1,2017-2018,Amiens SC,1416,,Right Winger,23,13.0,12,448.0
ligue-1,2017-2018,Amiens SC,1416,,Right Winger,23,38.0,37,1859.0
ligue-1,2017-2018,Amiens SC,1416,,Centre-Forward,24,33.0,33,2481.0
ligue-1,2017-2018,Amiens SC,1416,,Left Winger,28,8.0,3,44.0
ligue-1,2017-2018,Amiens SC,1416,,Centre-Forward,27,20.0,18,775.0
ligue-1,2017-2018,Amiens SC,1416,,Centre-Forward,23,10.0,6,210.0
ligue-1,2017-2018,Amiens SC,1416,,Right Winger,30,30.0,29,1837.0
ligue-1,2017-2018,Amiens SC,1416,,Right Winger,21,,0,0.0
ligue-1,2017-2018,Angers SCO,1420,,Goalkeeper,20,7.0,0,0.0
ligue-1,2017-2018,Angers SCO,1420,,Goalkeeper,25,33.0,7,597.0
ligue-1,2017-2018,Angers SCO,1420,,Goalkeeper,26,17.0,13,1170.0
ligue-1,2017-2018,Angers SCO,1420,,Goalkeeper,34,19.0,19,1653.0
ligue-1,2017-2018,Angers SCO,1420,,Left-Back,16,1.0,0,0.0
ligue-1,2017-2018,Angers SCO,1420,,Right-Back,19,1.0,0,0.0
ligue-1,2017-2018,Angers SCO,1420,,Centre-Back,27,17.0,7,445.0
ligue-1,2017-2018,Angers SCO,1420,,Left-Back,27,12.0,4,176.0
ligue-1,2017-2018,Angers SCO,1420,,Left-Back,28,25.0,23,2070.0
ligue-1,2017-2018,Angers SCO,1420,,Centre-Back,27,34.0,24,1966.0
ligue-1,2017-2018,Angers SCO,1420,,Centre-Back,30,35.0,32,2857.0
ligue-1,2017-2018,Angers SCO,1420,,Centre-Back,29,36.0,28,2472.0
ligue-1,2017-2018,Angers SCO,1420,,Centre-Back,27,27.0,18,1533.0
ligue-1,2017-2018,Angers SCO,1420,,Right-Back,27,34.0,33,2970.0
ligue-1,2017-2018,Angers SCO,1420,,Attacking Midfield,20,29.0,29,1540.0
ligue-1,2017-2018,Angers SCO,1420,,Defensive Midfield,22,33.0,31,2598.0
ligue-1,2017-2018,Angers SCO,1420,,Central Midfield,21,31.0,19,798.0
ligue-1,2017-2018,Angers SCO,1420,,Attacking Midfield,19,10.0,10,443.0
ligue-1,2017-2018,Angers SCO,1420,,Central Midfield,24,33.0,31,2249.0
ligue-1,2017-2018,Angers SCO,1420,,Central Midfield,30,35.0,35,3027.0
ligue-1,2017-2018,Angers SCO,1420,,Defensive Midfield,28,14.0,14,1065.0
ligue-1,2017-2018,Angers SCO,1420,,Central Midfield,30,28.0,28,1894.0
ligue-1,2017-2018,Angers SCO,1420,,Central Midfield,28,17.0,8,162.0
ligue-1,2017-2018,Angers SCO,1420,,Centre-Forward,19,14.0,9,170.0
ligue-1,2017-2018,Angers SCO,1420,,Left Winger,25,1.0,0,0.0
ligue-1,2017-2018,Angers SCO,1420,,Centre-Forward,24,37.0,37,3041.0
ligue-1,2017-2018,Angers SCO,1420,,Centre-Forward,22,17.0,15,1027.0
ligue-1,2017-2018,Angers SCO,1420,,Centre-Forward,22,27.0,16,446.0
ligue-1,2017-2018,Angers SCO,1420,,Centre-Forward,28,3.0,0,0.0
ligue-1,2017-2018,Angers SCO,1420,,Right Winger,26,31.0,20,661.0
ligue-1,2017-2018,Angers SCO,1420,,Centre-Forward,27,14.0,13,432.0
ligue-1,2017-2018,Angers SCO,1420,,Centre-Forward,23,11.0,7,121.0
ligue-1,2017-2018,Angers SCO,1420,,Centre-Forward,29,,0,0.0
ligue-1,2017-2018,SM Caen,1162,,Goalkeeper,23,37.0,4,315.0
ligue-1,2017-2018,SM Caen,1162,,Goalkeeper,37,35.0,35,3104.0
ligue-1,2017-2018,SM Caen,1162,,Goalkeeper,28,4.0,0,0.0
ligue-1,2017-2018,SM Caen,1162,,Centre-Back,22,28.0,28,2520.0
ligue-1,2017-2018,SM Caen,1162,,Right-Back,22,36.0,36,3240.0
ligue-1,2017-2018,SM Caen,1162,,Centre-Back,22,1.0,0,0.0
ligue-1,2017-2018,SM Caen,1162,,Left-Back,19,15.0,4,136.0
ligue-1,2017-2018,SM Caen,1162,,Left-Back,28,4.0,1,34.0
ligue-1,2017-2018,SM Caen,1162,,Left-Back,31,25.0,24,1569.0
ligue-1,2017-2018,SM Caen,1162,,Left-Back,23,20.0,19,1596.0
ligue-1,2017-2018,SM Caen,1162,,Right-Back,30,,0,0.0
ligue-1,2017-2018,SM Caen,1162,,Centre-Back,29,32.0,32,2838.0
ligue-1,2017-2018,SM Caen,1162,,Centre-Back,29,34.0,24,1815.0
ligue-1,2017-2018,SM Caen,1162,,Central Midfield,19,23.0,12,532.0
ligue-1,2017-2018,SM Caen,1162,,Defensive Midfield,20,27.0,27,2053.0
ligue-1,2017-2018,SM Caen,1162,,Central Midfield,20,30.0,15,905.0
ligue-1,2017-2018,SM Caen,1162,,Central Midfield,25,29.0,20,1102.0
ligue-1,2017-2018,SM Caen,1162,,Central Midfield,21,6.0,0,0.0
ligue-1,2017-2018,SM Caen,1162,,Central Midfield,19,26.0,9,655.0
ligue-1,2017-2018,SM Caen,1162,,Central Midfield,31,23.0,12,580.0
ligue-1,2017-2018,SM Caen,1162,,Attacking Midfield,24,,0,0.0
ligue-1,2017-2018,SM Caen,1162,,Defensive Midfield,21,,0,0.0
ligue-1,2017-2018,SM Caen,1162,,Defensive Midfield,24,19.0,11,709.0
ligue-1,2017-2018,SM Caen,1162,,Defensive Midfield,25,33.0,26,1532.0
ligue-1,2017-2018,SM Caen,1162,,Attacking Midfield,34,37.0,37,3069.0
ligue-1,2017-2018,SM Caen,1162,,Centre-Forward,22,11.0,11,729.0
ligue-1,2017-2018,SM Caen,1162,,Right Winger,17,13.0,9,403.0
ligue-1,2017-2018,SM Caen,1162,,Right Winger,27,37.0,37,3167.0
ligue-1,2017-2018,SM Caen,1162,,Centre-Forward,26,26.0,19,838.0
ligue-1,2017-2018,SM Caen,1162,,Second Striker,24,15.0,10,426.0
ligue-1,2017-2018,SM Caen,1162,,Left Winger,27,22.0,19,877.0
ligue-1,2017-2018,SM Caen,1162,,Centre-Forward,28,33.0,32,2776.0
ligue-1,2017-2018,SM Caen,1162,,Centre-Forward,21,2.0,0,0.0
ligue-1,2017-2018,EA Guingamp,855,,Goalkeeper,27,38.0,38,3420.0
ligue-1,2017-2018,EA Guingamp,855,,Goalkeeper,23,32.0,0,0.0
ligue-1,2017-2018,EA Guingamp,855,,Goalkeeper,29,6.0,0,0.0
ligue-1,2017-2018,EA Guingamp,855,,Goalkeeper,19,,0,0.0
ligue-1,2017-2018,EA Guingamp,855,,Centre-Back,20,36.0,23,1519.0
ligue-1,2017-2018,EA Guingamp,855,,Right-Back,21,32.0,29,1590.0
ligue-1,2017-2018,EA Guingamp,855,,Left-Back,22,31.0,21,1724.0
ligue-1,2017-2018,EA Guingamp,855,,Right-Back,23,29.0,28,2421.0
ligue-1,2017-2018,EA Guingamp,855,,Centre-Back,30,,0,0.0
ligue-1,2017-2018,EA Guingamp,855,,Centre-Back,33,35.0,29,2610.0
ligue-1,2017-2018,EA Guingamp,855,,Right-Back,31,20.0,14,1137.0
ligue-1,2017-2018,EA Guingamp,855,,Left-Back,28,19.0,15,1047.0
ligue-1,2017-2018,EA Guingamp,855,,Centre-Back,30,38.0,37,3321.0
ligue-1,2017-2018,EA Guingamp,855,,Right Midfield,19,34.0,31,1795.0
ligue-1,2017-2018,EA Guingamp,855,,Central Midfield,17,1.0,0,0.0
ligue-1,2017-2018,EA Guingamp,855,,Attacking Midfield,21,3.0,0,0.0
ligue-1,2017-2018,EA Guingamp,855,,Central Midfield,22,34.0,22,1021.0
ligue-1,2017-2018,EA Guingamp,855,,Defensive Midfield,31,32.0,26,1376.0
ligue-1,2017-2018,EA Guingamp,855,,Central Midfield,26,15.0,15,1213.0
ligue-1,2017-2018,EA Guingamp,855,,Defensive Midfield,28,29.0,26,1952.0
ligue-1,2017-2018,EA Guingamp,855,,Central Midfield,33,29.0,23,1632.0
ligue-1,2017-2018,EA Guingamp,855,,Left Midfield,36,21.0,3,21.0
ligue-1,2017-2018,EA Guingamp,855,,Centre-Forward,19,35.0,32,1938.0
ligue-1,2017-2018,EA Guingamp,855,,Centre-Forward,27,5.0,1,1.0
ligue-1,2017-2018,EA Guingamp,855,,Left Winger,27,16.0,14,898.0
ligue-1,2017-2018,EA Guingamp,855,,Left Winger,26,35.0,29,1653.0
ligue-1,2017-2018,EA Guingamp,855,,Right Winger,25,17.0,16,566.0
ligue-1,2017-2018,EA Guingamp,855,,Centre-Forward,20,,0,0.0
ligue-1,2017-2018,EA Guingamp,855,,Right Winger,26,25.0,22,1530.0
ligue-1,2017-2018,EA Guingamp,855,,Centre-Forward,31,37.0,37,3212.0
ligue-1,2017-2018,FC Metz,347,,Goalkeeper,21,21.0,8,720.0
ligue-1,2017-2018,FC Metz,347,,Goalkeeper,23,18.0,1,39.0
ligue-1,2017-2018,FC Metz,347,,Goalkeeper,34,37.0,30,2660.0
ligue-1,2017-2018,FC Metz,347,,Goalkeeper,18,,0,0.0
ligue-1,2017-2018,FC Metz,347,,Centre-Back,21,37.0,35,3105.0
ligue-1,2017-2018,FC Metz,347,,Left-Back,21,7.0,6,353.0
ligue-1,2017-2018,FC Metz,347,,Right-Back,25,30.0,25,1952.0
ligue-1,2017-2018,FC Metz,347,,Centre-Back,20,21.0,13,1058.0
ligue-1,2017-2018,FC Metz,347,,Centre-Back,25,1.0,1,90.0
ligue-1,2017-2018,FC Metz,347,,Centre-Back,19,3.0,0,0.0
ligue-1,2017-2018,FC Metz,347,,Left-Back,18,7.0,3,140.0
ligue-1,2017-2018,FC Metz,347,,Centre-Back,28,6.0,0,0.0
ligue-1,2017-2018,FC Metz,347,,Left-Back,18,11.0,5,314.0
ligue-1,2017-2018,FC Metz,347,,Centre-Back,18,1.0,0,0.0
ligue-1,2017-2018,FC Metz,347,,Centre-Back,27,30.0,29,2243.0
ligue-1,2017-2018,FC Metz,347,,Centre-Back,33,12.0,10,711.0
ligue-1,2017-2018,FC Metz,347,,Centre-Back,20,8.0,2,87.0
ligue-1,2017-2018,FC Metz,347,,Left-Back,30,15.0,15,1134.0
ligue-1,2017-2018,FC Metz,347,,Centre-Back,28,32.0,26,2061.0
ligue-1,2017-2018,FC Metz,347,,Left-Back,33,16.0,13,1053.0
ligue-1,2017-2018,FC Metz,347,,Attacking Midfield,19,5.0,0,0.0
ligue-1,2017-2018,FC Metz,347,,Attacking Midfield,24,14.0,7,173.0
ligue-1,2017-2018,FC Metz,347,,Right Midfield,18,4.0,2,131.0
ligue-1,2017-2018,FC Metz,347,,Defensive Midfield,24,32.0,25,1651.0
ligue-1,2017-2018,FC Metz,347,,Attacking Midfield,25,27.0,22,1414.0
ligue-1,2017-2018,FC Metz,347,,Central Midfield,24,13.0,10,682.0
ligue-1,2017-2018,FC Metz,347,,Defensive Midfield,23,21.0,11,851.0
ligue-1,2017-2018,FC Metz,347,,Defensive Midfield,28,16.0,14,972.0
ligue-1,2017-2018,FC Metz,347,,Right Midfield,32,7.0,4,274.0
ligue-1,2017-2018,FC Metz,347,,Attacking Midfield,31,16.0,12,714.0
ligue-1,2017-2018,FC Metz,347,,Central Midfield,32,38.0,38,3301.0
ligue-1,2017-2018,FC Metz,347,,Defensive Midfield,20,1.0,0,0.0
ligue-1,2017-2018,FC Metz,347,,Central Midfield,20,,0,0.0
ligue-1,2017-2018,FC Metz,347,,Right Midfield,19,1.0,1,14.0
ligue-1,2017-2018,FC Metz,347,,Right Winger,20,3.0,3,81.0
ligue-1,2017-2018,FC Metz,347,,Centre-Forward,22,1.0,1,14.0
ligue-1,2017-2018,FC Metz,347,,Right Winger,17,7.0,1,26.0
ligue-1,2017-2018,FC Metz,347,,Left Winger,22,24.0,17,1025.0
ligue-1,2017-2018,FC Metz,347,,Second Striker,22,9.0,7,121.0
ligue-1,2017-2018,FC Metz,347,,Centre-Forward,19,,0,0.0
ligue-1,2017-2018,FC Metz,347,,Centre-Forward,18,33.0,30,834.0
ligue-1,2017-2018,FC Metz,347,,Centre-Forward,29,35.0,35,2845.0
ligue-1,2017-2018,FC Metz,347,,Right Winger,29,30.0,30,2518.0
ligue-1,2017-2018,FC Metz,347,,Centre-Forward,27,28.0,28,2021.0
ligue-1,2017-2018,RC Strasbourg Alsace,667,,Goalkeeper,20,33.0,19,1691.0
ligue-1,2017-2018,RC Strasbourg Alsace,667,,Goalkeeper,28,34.0,17,1458.0
ligue-1,2017-2018,RC Strasbourg Alsace,667,,Goalkeeper,33,8.0,4,271.0
ligue-1,2017-2018,RC Strasbourg Alsace,667,,Goalkeeper,18,1.0,0,0.0
ligue-1,2017-2018,RC Strasbourg Alsace,667,,Right-Back,20,6.0,0,0.0
ligue-1,2017-2018,RC Strasbourg Alsace,667,,Right-Back,25,31.0,31,2725.0
ligue-1,2017-2018,RC Strasbourg Alsace,667,,Right-Back,24,18.0,16,1242.0
ligue-1,2017-2018,RC Strasbourg Alsace,667,,Centre-Back,18,1.0,0,0.0
ligue-1,2017-2018,RC Strasbourg Alsace,667,,Centre-Back,24,33.0,14,1107.0
ligue-1,2017-2018,RC Strasbourg Alsace,667,,Centre-Back,18,2.0,0,0.0
ligue-1,2017-2018,RC Strasbourg Alsace,667,,Left-Back,23,5.0,5,253.0
ligue-1,2017-2018,RC Strasbourg Alsace,667,,Centre-Back,28,26.0,24,2115.0
ligue-1,2017-2018,RC Strasbourg Alsace,667,,Centre-Back,34,25.0,20,1719.0
ligue-1,2017-2018,RC Strasbourg Alsace,667,,Centre-Back,30,37.0,27,2178.0
ligue-1,2017-2018,RC Strasbourg Alsace,667,,Centre-Back,29,33.0,28,2462.0
ligue-1,2017-2018,RC Strasbourg Alsace,667,,Defensive Midfield,23,35.0,35,3010.0
ligue-1,2017-2018,RC Strasbourg Alsace,667,,Central Midfield,17,,0,0.0
ligue-1,2017-2018,RC Strasbourg Alsace,667,,Defensive Midfield,27,36.0,36,3044.0
ligue-1,2017-2018,RC Strasbourg Alsace,667,,Defensive Midfield,29,3.0,0,0.0
ligue-1,2017-2018,RC Strasbourg Alsace,667,,Central Midfield,29,18.0,3,64.0
ligue-1,2017-2018,RC Strasbourg Alsace,667,,Defensive Midfield,30,36.0,23,798.0
ligue-1,2017-2018,RC Strasbourg Alsace,667,,Attacking Midfield,30,18.0,18,1382.0
ligue-1,2017-2018,RC Strasbourg Alsace,667,,Central Midfield,29,33.0,33,2606.0
ligue-1,2017-2018,RC Strasbourg Alsace,667,,Central Midfield,31,32.0,29,1753.0
ligue-1,2017-2018,RC Strasbourg Alsace,667,,Left Winger,20,25.0,25,1671.0
ligue-1,2017-2018,RC Strasbourg Alsace,667,,Centre-Forward,20,5.0,1,1.0
ligue-1,2017-2018,RC Strasbourg Alsace,667,,Centre-Forward,26,28.0,26,1739.0
ligue-1,2017-2018,RC Strasbourg Alsace,667,,Centre-Forward,19,20.0,17,706.0
ligue-1,2017-2018,RC Strasbourg Alsace,667,,Centre-Forward,25,31.0,26,1668.0
ligue-1,2017-2018,RC Strasbourg Alsace,667,,Centre-Forward,25,34.0,26,927.0
ligue-1,2017-2018,RC Strasbourg Alsace,667,,Centre-Forward,34,37.0,25,905.0
ligue-1,2017-2018,ESTAC Troyes,1095,,Goalkeeper,17,5.0,0,0.0
ligue-1,2017-2018,ESTAC Troyes,1095,,Goalkeeper,27,33.0,21,1890.0
ligue-1,2017-2018,ESTAC Troyes,1095,,Goalkeeper,25,38.0,17,1530.0
ligue-1,2017-2018,ESTAC Troyes,1095,,Centre-Back,19,5.0,1,83.0
ligue-1,2017-2018,ESTAC Troyes,1095,,Centre-Back,24,34.0,34,2959.0
ligue-1,2017-2018,ESTAC Troyes,1095,,Left-Back,23,18.0,8,469.0
ligue-1,2017-2018,ESTAC Troyes,1095,,Centre-Back,25,37.0,25,2092.0
ligue-1,2017-2018,ESTAC Troyes,1095,,Left-Back,25,34.0,34,2998.0
ligue-1,2017-2018,ESTAC Troyes,1095,,Right-Back,18,,0,0.0
ligue-1,2017-2018,ESTAC Troyes,1095,,Right-Back,27,25.0,11,918.0
ligue-1,2017-2018,ESTAC Troyes,1095,,Centre-Back,33,36.0,20,1714.0
ligue-1,2017-2018,ESTAC Troyes,1095,,Right-Back,25,31.0,28,2413.0
ligue-1,2017-2018,ESTAC Troyes,1095,,Attacking Midfield,22,34.0,32,1959.0
ligue-1,2017-2018,ESTAC Troyes,1095,,Defensive Midfield,20,30.0,15,603.0
ligue-1,2017-2018,ESTAC Troyes,1095,,Central Midfield,22,13.0,12,999.0
ligue-1,2017-2018,ESTAC Troyes,1095,,Defensive Midfield,30,35.0,30,2184.0
ligue-1,2017-2018,ESTAC Troyes,1095,,Defensive Midfield,19,,0,0.0
ligue-1,2017-2018,ESTAC Troyes,1095,,Central Midfield,27,35.0,30,2258.0
ligue-1,2017-2018,ESTAC Troyes,1095,,Left Midfield,33,23.0,23,1706.0
ligue-1,2017-2018,ESTAC Troyes,1095,,Attacking Midfield,40,27.0,26,1377.0
ligue-1,2017-2018,ESTAC Troyes,1095,,Central Midfield,26,14.0,14,1195.0
ligue-1,2017-2018,ESTAC Troyes,1095,,Left Midfield,25,33.0,31,1616.0
ligue-1,2017-2018,ESTAC Troyes,1095,,Right Winger,17,7.0,4,60.0
ligue-1,2017-2018,ESTAC Troyes,1095,,Right Winger,20,36.0,36,2608.0
ligue-1,2017-2018,ESTAC Troyes,1095,,Centre-Forward,26,29.0,26,1193.0
ligue-1,2017-2018,ESTAC Troyes,1095,,Centre-Forward,29,,0,0.0
ligue-1,2017-2018,ESTAC Troyes,1095,,Right Winger,33,25.0,16,329.0
ligue-1,2017-2018,ESTAC Troyes,1095,,Centre-Forward,28,11.0,5,67.0
ligue-1,2017-2018,ESTAC Troyes,1095,,Centre-Forward,21,2.0,0,0.0
ligue-1,2017-2018,ESTAC Troyes,1095,,Centre-Forward,24,34.0,33,2168.0
ligue-1,2018-2019,Paris Saint-Germain,583,,Goalkeeper,25,34.0,21,1890.0
ligue-1,2018-2019,Paris Saint-Germain,583,,Goalkeeper,27,1.0,0,0.0
ligue-1,2018-2019,Paris Saint-Germain,583,,Goalkeeper,22,,0,0.0
ligue-1,2018-2019,Paris Saint-Germain,583,,Goalkeeper,20,4.0,0,0.0
ligue-1,2018-2019,Paris Saint-Germain,583,,Goalkeeper,40,37.0,17,1530.0
ligue-1,2018-2019,Paris Saint-Germain,583,,Centre-Back,24,31.0,30,2695.0
ligue-1,2018-2019,Paris Saint-Germain,583,,Centre-Back,21,31.0,27,1904.0
ligue-1,2018-2019,Paris Saint-Germain,583,,Centre-Back,22,28.0,24,2009.0
ligue-1,2018-2019,Paris Saint-Germain,583,,Centre-Back,17,5.0,2,180.0
ligue-1,2018-2019,Paris Saint-Germain,583,,Left-Back,16,3.0,0,0.0
ligue-1,2018-2019,Paris Saint-Germain,583,,Centre-Back,19,27.0,12,698.0
ligue-1,2018-2019,Paris Saint-Germain,583,,Right-Back,26,25.0,22,1615.0
ligue-1,2018-2019,Paris Saint-Germain,583,,Left-Back,25,22.0,19,999.0
ligue-1,2018-2019,Paris Saint-Germain,583,,Centre-Back,33,27.0,25,2079.0
ligue-1,2018-2019,Paris Saint-Germain,583,,Right-Back,19,21.0,17,913.0
ligue-1,2018-2019,Paris Saint-Germain,583,,Left-Back,25,25.0,25,1843.0
ligue-1,2018-2019,Paris Saint-Germain,583,,Centre-Back,27,7.0,1,4.0
ligue-1,2018-2019,Paris Saint-Germain,583,,Left-Back,21,1.0,0,0.0
ligue-1,2018-2019,Paris Saint-Germain,583,,Right-Back,35,23.0,23,1625.0
ligue-1,2018-2019,Paris Saint-Germain,583,,Right Midfield,18,2.0,2,53.0
ligue-1,2018-2019,Paris Saint-Germain,583,,Central Midfield,23,14.0,14,1065.0
ligue-1,2018-2019,Paris Saint-Germain,583,,Attacking Midfield,22,3.0,1,10.0
ligue-1,2018-2019,Paris Saint-Germain,583,,Attacking Midfield,26,17.0,17,1444.0
ligue-1,2018-2019,Paris Saint-Germain,583,,Right Midfield,17,1.0,0,0.0
ligue-1,2018-2019,Paris Saint-Germain,583,,Central Midfield,25,28.0,26,1886.0
ligue-1,2018-2019,Paris Saint-Germain,583,,Defensive Midfield,24,16.0,16,1250.0
ligue-1,2018-2019,Paris Saint-Germain,583,,Central Midfield,19,4.0,2,170.0
ligue-1,2018-2019,Paris Saint-Germain,583,,Defensive Midfield,33,9.0,3,160.0
ligue-1,2018-2019,Paris Saint-Germain,583,,Defensive Midfield,28,,0,0.0
ligue-1,2018-2019,Paris Saint-Germain,583,,Attacking Midfield,19,2.0,0,0.0
ligue-1,2018-2019,Paris Saint-Germain,583,,Centre-Forward,19,29.0,29,2345.0
ligue-1,2018-2019,Paris Saint-Germain,583,,Centre-Forward,20,36.0,22,1157.0
ligue-1,2018-2019,Paris Saint-Germain,583,,Right Winger,18,36.0,25,1145.0
ligue-1,2018-2019,Paris Saint-Germain,583,,Left Winger,24,32.0,31,2044.0
ligue-1,2018-2019,Paris Saint-Germain,583,,Right Winger,30,31.0,30,2338.0
ligue-1,2018-2019,Paris Saint-Germain,583,,Centre-Forward,29,31.0,22,792.0
ligue-1,2018-2019,Paris Saint-Germain,583,,Centre-Forward,31,23.0,21,1683.0
ligue-1,2018-2019,Paris Saint-Germain,583,,Left Winger,25,,0,0.0
ligue-1,2018-2019,Paris Saint-Germain,583,,Centre-Forward,19,1.0,1,17.0
ligue-1,2018-2019,Olympique Lyon,1041,,Goalkeeper,19,5.0,0,0.0
ligue-1,2018-2019,Olympique Lyon,1041,,Goalkeeper,27,34.0,34,3060.0
ligue-1,2018-2019,Olympique Lyon,1041,,Goalkeeper,27,37.0,4,360.0
ligue-1,2018-2019,Olympique Lyon,1041,,Centre-Back,18,8.0,1,60.0
ligue-1,2018-2019,Olympique Lyon,1041,,Right-Back,22,24.0,13,1051.0
ligue-1,2018-2019,Olympique Lyon,1041,,Left-Back,23,31.0,30,2529.0
ligue-1,2018-2019,Olympique Lyon,1041,,Centre-Back,23,33.0,31,2756.0
ligue-1,2018-2019,Olympique Lyon,1041,,Left-Back,29,22.0,12,882.0
ligue-1,2018-2019,Olympique Lyon,1041,,Centre-Back,29,,0,0.0
ligue-1,2018-2019,Olympique Lyon,1041,,Right-Back,27,20.0,18,1023.0
ligue-1,2018-2019,Olympique Lyon,1041,,Centre-Back,31,37.0,33,2880.0
ligue-1,2018-2019,Olympique Lyon,1041,,Right-Back,23,30.0,25,2042.0
ligue-1,2018-2019,Olympique Lyon,1041,,Left-Back,34,28.0,12,1064.0
ligue-1,2018-2019,Olympique Lyon,1041,,Central Midfield,18,1.0,0,0.0
ligue-1,2018-2019,Olympique Lyon,1041,,Attacking Midfield,20,38.0,37,3068.0
ligue-1,2018-2019,Olympique Lyon,1041,,Attacking Midfield,24,29.0,29,1989.0
ligue-1,2018-2019,Olympique Lyon,1041,,Defensive Midfield,20,,0,0.0
ligue-1,2018-2019,Olympique Lyon,1041,,Defensive Midfield,21,1.0,0,0.0
ligue-1,2018-2019,Olympique Lyon,1041,,Central Midfield,21,,0,0.0
ligue-1,2018-2019,Olympique Lyon,1041,,Central Midfield,20,,0,0.0
ligue-1,2018-2019,Olympique Lyon,1041,,Central Midfield,21,37.0,34,2692.0
ligue-1,2018-2019,Olympique Lyon,1041,,Central Midfield,21,35.0,30,1737.0
ligue-1,2018-2019,Olympique Lyon,1041,,Central Midfield,26,11.0,4,114.0
ligue-1,2018-2019,Olympique Lyon,1041,,Defensive Midfield,19,2.0,0,0.0
ligue-1,2018-2019,Olympique Lyon,1041,,Attacking Midfield,21,4.0,1,11.0
ligue-1,2018-2019,Olympique Lyon,1041,,Central Midfield,20,36.0,12,459.0
ligue-1,2018-2019,Olympique Lyon,1041,,Centre-Forward,18,,0,0.0
ligue-1,2018-2019,Olympique Lyon,1041,,Left Winger,21,36.0,32,1480.0
ligue-1,2018-2019,Olympique Lyon,1041,,Centre-Forward,21,34.0,33,2026.0
ligue-1,2018-2019,Olympique Lyon,1041,,Centre-Forward,24,38.0,36,2737.0
ligue-1,2018-2019,Olympique Lyon,1041,,Right Winger,22,37.0,34,2124.0
ligue-1,2018-2019,Olympique Lyon,1041,,Left Winger,21,29.0,27,1289.0
ligue-1,2018-2019,Olympique Lyon,1041,,Centre-Forward,24,3.0,3,145.0
ligue-1,2018-2019,Olympique Lyon,1041,,Left Winger,17,4.0,1,1.0
ligue-1,2018-2019,AS Monaco,162,,Goalkeeper,24,,0,0.0
ligue-1,2018-2019,AS Monaco,162,,Goalkeeper,20,12.0,0,0.0
ligue-1,2018-2019,AS Monaco,162,,Goalkeeper,19,,0,0.0
ligue-1,2018-2019,AS Monaco,162,,Goalkeeper,33,14.0,14,1138.0
ligue-1,2018-2019,AS Monaco,162,,Goalkeeper,34,34.0,23,2057.0
ligue-1,2018-2019,AS Monaco,162,,Goalkeeper,22,15.0,3,225.0
ligue-1,2018-2019,AS Monaco,162,,Goalkeeper,18,1.0,0,0.0
ligue-1,2018-2019,AS Monaco,162,,Centre-Back,17,25.0,20,1763.0
ligue-1,2018-2019,AS Monaco,162,,Right-Back,21,35.0,22,1828.0
ligue-1,2018-2019,AS Monaco,162,,Centre-Back,18,6.0,1,90.0
ligue-1,2018-2019,AS Monaco,162,,Centre-Back,17,5.0,0,0.0
ligue-1,2018-2019,AS Monaco,162,,Right-Back,20,7.0,4,356.0
ligue-1,2018-2019,AS Monaco,162,,Right-Back,25,26.0,26,2072.0
ligue-1,2018-2019,AS Monaco,162,,Left-Back,21,18.0,18,1595.0
ligue-1,2018-2019,AS Monaco,162,,Centre-Back,25,31.0,25,2226.0
ligue-1,2018-2019,AS Monaco,162,,Left-Back,23,9.0,7,596.0
ligue-1,2018-2019,AS Monaco,162,,Centre-Back,30,33.0,33,2970.0
ligue-1,2018-2019,AS Monaco,162,,Centre-Back,22,4.0,4,347.0
ligue-1,2018-2019,AS Monaco,162,,Left-Back,20,6.0,3,117.0
ligue-1,2018-2019,AS Monaco,162,,Centre-Back,34,10.0,6,495.0
ligue-1,2018-2019,AS Monaco,162,,Centre-Back,35,14.0,7,304.0
ligue-1,2018-2019,AS Monaco,162,,Central Midfield,17,5.0,0,0.0
ligue-1,2018-2019,AS Monaco,162,,Central Midfield,21,20.0,20,1684.0
ligue-1,2018-2019,AS Monaco,162,,Attacking Midfield,22,30.0,30,2305.0
ligue-1,2018-2019,AS Monaco,162,,Central Midfield,16,6.0,3,58.0
ligue-1,2018-2019,AS Monaco,162,,Attacking Midfield,19,2.0,1,90.0
ligue-1,2018-2019,AS Monaco,162,,Defensive Midfield,19,,0,0.0
ligue-1,2018-2019,AS Monaco,162,,Attacking Midfield,22,,0,0.0
ligue-1,2018-2019,AS Monaco,162,,Defensive Midfield,24,22.0,17,1073.0
ligue-1,2018-2019,AS Monaco,162,,Defensive Midfield,22,14.0,4,194.0
ligue-1,2018-2019,AS Monaco,162,,Central Midfield,23,10.0,6,240.0
ligue-1,2018-2019,AS Monaco,162,,Defensive Midfield,21,17.0,13,1074.0
ligue-1,2018-2019,AS Monaco,162,,Central Midfield,23,,0,0.0
ligue-1,2018-2019,AS Monaco,162,,Defensive Midfield,29,3.0,3,82.0
ligue-1,2018-2019,AS Monaco,162,,Central Midfield,29,15.0,15,1183.0
ligue-1,2018-2019,AS Monaco,162,,Defensive Midfield,26,14.0,8,449.0
ligue-1,2018-2019,AS Monaco,162,,Central Midfield,31,13.0,13,968.0
ligue-1,2018-2019,AS Monaco,162,,Centre-Forward,17,4.0,1,42.0
ligue-1,2018-2019,AS Monaco,162,,Left Winger,18,19.0,13,743.0
ligue-1,2018-2019,AS Monaco,162,,Centre-Forward,17,1.0,0,0.0
ligue-1,2018-2019,AS Monaco,162,,Centre-Forward,23,16.0,16,516.0
ligue-1,2018-2019,AS Monaco,162,,Centre-Forward,16,2.0,1,7.0
ligue-1,2018-2019,AS Monaco,162,,Centre-Forward,18,25.0,18,767.0
ligue-1,2018-2019,AS Monaco,162,,Left Winger,23,5.0,3,21.0
ligue-1,2018-2019,AS Monaco,162,,Right Winger,23,16.0,16,1393.0
ligue-1,2018-2019,AS Monaco,162,,Right Winger,20,,0,0.0
ligue-1,2018-2019,AS Monaco,162,,Right Winger,22,24.0,24,1858.0
ligue-1,2018-2019,AS Monaco,162,,Left Winger,23,,0,0.0
ligue-1,2018-2019,AS Monaco,162,,Right Winger,21,14.0,12,464.0
ligue-1,2018-2019,AS Monaco,162,,Right Winger,19,10.0,7,279.0
ligue-1,2018-2019,AS Monaco,162,,Centre-Forward,17,3.0,3,80.0
ligue-1,2018-2019,AS Monaco,162,,Second Striker,28,8.0,8,391.0
ligue-1,2018-2019,AS Monaco,162,,Centre-Forward,32,33.0,33,2561.0
ligue-1,2018-2019,AS Monaco,162,,Left Winger,18,,0,0.0
ligue-1,2018-2019,AS Monaco,162,,Left Winger,28,27.0,16,692.0
ligue-1,2018-2019,LOSC Lille,1082,,Goalkeeper,22,38.0,38,3420.0
ligue-1,2018-2019,LOSC Lille,1082,,Goalkeeper,21,4.0,0,0.0
ligue-1,2018-2019,LOSC Lille,1082,,Goalkeeper,21,34.0,0,0.0
ligue-1,2018-2019,LOSC Lille,1082,,Centre-Back,20,21.0,14,1064.0
ligue-1,2018-2019,LOSC Lille,1082,,Right-Back,21,35.0,34,2977.0
ligue-1,2018-2019,LOSC Lille,1082,,Left-Back,24,9.0,3,95.0
ligue-1,2018-2019,LOSC Lille,1082,,Left-Back,21,18.0,18,1595.0
ligue-1,2018-2019,LOSC Lille,1082,,Left-Back,22,25.0,20,1710.0
ligue-1,2018-2019,LOSC Lille,1082,,Centre-Back,24,17.0,7,239.0
ligue-1,2018-2019,LOSC Lille,1082,,Centre-Back,20,1.0,0,0.0
ligue-1,2018-2019,LOSC Lille,1082,,Centre-Back,26,22.0,20,1726.0
ligue-1,2018-2019,LOSC Lille,1082,,Centre-Back,34,36.0,36,3113.0
ligue-1,2018-2019,LOSC Lille,1082,,Centre-Back,21,32.0,12,779.0
ligue-1,2018-2019,LOSC Lille,1082,,Right-Back,29,24.0,11,462.0
ligue-1,2018-2019,LOSC Lille,1082,,Defensive Midfield,19,33.0,18,564.0
ligue-1,2018-2019,LOSC Lille,1082,,Defensive Midfield,21,33.0,25,1104.0
ligue-1,2018-2019,LOSC Lille,1082,,Defensive Midfield,18,1.0,0,0.0
ligue-1,2018-2019,LOSC Lille,1082,,Defensive Midfield,26,35.0,34,2992.0
ligue-1,2018-2019,LOSC Lille,1082,,Attacking Midfield,23,2.0,2,162.0
ligue-1,2018-2019,LOSC Lille,1082,,Central Midfield,23,27.0,27,2265.0
ligue-1,2018-2019,LOSC Lille,1082,,Central Midfield,21,,0,0.0
ligue-1,2018-2019,LOSC Lille,1082,,Defensive Midfield,18,2.0,1,1.0
ligue-1,2018-2019,LOSC Lille,1082,,Left Winger,19,27.0,24,1305.0
ligue-1,2018-2019,LOSC Lille,1082,,Right Winger,22,36.0,25,767.0
ligue-1,2018-2019,LOSC Lille,1082,,Right Winger,23,38.0,38,3332.0
ligue-1,2018-2019,LOSC Lille,1082,,Right Winger,20,38.0,38,2816.0
ligue-1,2018-2019,LOSC Lille,1082,,Left Winger,22,38.0,38,3010.0
ligue-1,2018-2019,LOSC Lille,1082,,Right Winger,20,,0,0.0
ligue-1,2018-2019,LOSC Lille,1082,,Centre-Forward,22,3.0,3,255.0
ligue-1,2018-2019,LOSC Lille,1082,,Right Winger,23,2.0,0,0.0
ligue-1,2018-2019,LOSC Lille,1082,,Centre-Forward,28,24.0,18,619.0
ligue-1,2018-2019,LOSC Lille,1082,,Centre-Forward,31,29.0,26,1206.0
ligue-1,2018-2019,Olympique Marseille,244,,Goalkeeper,22,6.0,0,0.0
ligue-1,2018-2019,Olympique Marseille,244,,Goalkeeper,21,,0,0.0
ligue-1,2018-2019,Olympique Marseille,244,,Goalkeeper,35,38.0,9,679.0
ligue-1,2018-2019,Olympique Marseille,244,,Goalkeeper,33,32.0,31,2738.0
ligue-1,2018-2019,Olympique Marseille,244,,Centre-Back,21,34.0,20,1545.0
ligue-1,2018-2019,Olympique Marseille,244,,Centre-Back,19,1.0,0,0.0
ligue-1,2018-2019,Olympique Marseille,244,,Left-Back,24,32.0,28,2177.0
ligue-1,2018-2019,Olympique Marseille,244,,Right-Back,28,29.0,27,2373.0
ligue-1,2018-2019,Olympique Marseille,244,,Right-Back,26,33.0,29,2245.0
ligue-1,2018-2019,Olympique Marseille,244,,Left-Back,20,4.0,1,2.0
ligue-1,2018-2019,Olympique Marseille,244,,Right-Back,19,5.0,0,0.0
ligue-1,2018-2019,Olympique Marseille,244,,Centre-Back,28,3.0,0,0.0
ligue-1,2018-2019,Olympique Marseille,244,,Centre-Back,32,17.0,10,805.0
ligue-1,2018-2019,Olympique Marseille,244,,Centre-Back,32,24.0,16,1414.0
ligue-1,2018-2019,Olympique Marseille,244,,Centre-Back,32,9.0,2,67.0
ligue-1,2018-2019,Olympique Marseille,244,,Defensive Midfield,18,35.0,31,2414.0
ligue-1,2018-2019,Olympique Marseille,244,,Defensive Midfield,20,38.0,32,2187.0
ligue-1,2018-2019,Olympique Marseille,244,,Central Midfield,23,35.0,33,2406.0
ligue-1,2018-2019,Olympique Marseille,244,,Attacking Midfield,23,1.0,0,0.0
ligue-1,2018-2019,Olympique Marseille,244,,Defensive Midfield,18,,0,0.0
ligue-1,2018-2019,Olympique Marseille,244,,Defensive Midfield,30,33.0,30,2434.0
ligue-1,2018-2019,Olympique Marseille,244,,Defensive Midfield,28,11.0,4,107.0
ligue-1,2018-2019,Olympique Marseille,244,,Attacking Midfield,31,34.0,31,1910.0
ligue-1,2018-2019,Olympique Marseille,244,,Central Midfield,28,31.0,28,1940.0
ligue-1,2018-2019,Olympique Marseille,244,,Central Midfield,20,4.0,0,0.0
ligue-1,2018-2019,Olympique Marseille,244,,Right Winger,25,33.0,33,2625.0
ligue-1,2018-2019,Olympique Marseille,244,,Right Winger,19,,0,0.0
ligue-1,2018-2019,Olympique Marseille,244,,Left Winger,23,34.0,34,2716.0
ligue-1,2018-2019,Olympique Marseille,244,,Left Winger,22,27.0,17,674.0
ligue-1,2018-2019,Olympique Marseille,244,,Right Winger,24,28.0,17,354.0
ligue-1,2018-2019,Olympique Marseille,244,,Centre-Forward,30,20.0,14,585.0
ligue-1,2018-2019,Olympique Marseille,244,,Centre-Forward,27,15.0,15,941.0
ligue-1,2018-2019,Olympique Marseille,244,,Centre-Forward,28,38.0,36,2171.0
ligue-1,2018-2019,OGC Nice,417,,Goalkeeper,25,38.0,35,3150.0
ligue-1,2018-2019,OGC Nice,417,,Goalkeeper,23,,0,0.0
ligue-1,2018-2019,OGC Nice,417,,Goalkeeper,20,29.0,0,0.0
ligue-1,2018-2019,OGC Nice,417,,Goalkeeper,24,9.0,3,270.0
ligue-1,2018-2019,OGC Nice,417,,Centre-Back,19,37.0,35,2995.0
ligue-1,2018-2019,OGC Nice,417,,Centre-Back,20,28.0,14,867.0
ligue-1,2018-2019,OGC Nice,417,,Left-Back,20,1.0,0,0.0
ligue-1,2018-2019,OGC Nice,417,,Centre-Back,22,,0,0.0
ligue-1,2018-2019,OGC Nice,417,,Centre-Back,18,12.0,4,277.0
ligue-1,2018-2019,OGC Nice,417,,Right-Back,22,29.0,29,2262.0
ligue-1,2018-2019,OGC Nice,417,,Left-Back,18,,0,0.0
ligue-1,2018-2019,OGC Nice,417,,Centre-Back,25,34.0,33,2938.0
ligue-1,2018-2019,OGC Nice,417,,Right-Back,22,29.0,17,1355.0
ligue-1,2018-2019,OGC Nice,417,,Left-Back,22,26.0,9,502.0
ligue-1,2018-2019,OGC Nice,417,,Right-Back,34,23.0,14,885.0
ligue-1,2018-2019,OGC Nice,417,,Centre-Back,34,36.0,36,3227.0
ligue-1,2018-2019,OGC Nice,417,,Attacking Midfield,20,32.0,25,1023.0
ligue-1,2018-2019,OGC Nice,417,,Defensive Midfield,25,30.0,30,2393.0
ligue-1,2018-2019,OGC Nice,417,,Attacking Midfield,17,8.0,6,159.0
ligue-1,2018-2019,OGC Nice,417,,Defensive Midfield,22,27.0,22,1550.0
ligue-1,2018-2019,OGC Nice,417,,Defensive Midfield,24,37.0,37,2951.0
ligue-1,2018-2019,OGC Nice,417,,Central Midfield,21,,0,0.0
ligue-1,2018-2019,OGC Nice,417,,Central Midfield,23,30.0,29,2364.0
ligue-1,2018-2019,OGC Nice,417,,Attacking Midfield,18,9.0,5,266.0
ligue-1,2018-2019,OGC Nice,417,,Central Midfield,23,34.0,19,828.0
ligue-1,2018-2019,OGC Nice,417,,Attacking Midfield,21,,0,0.0
ligue-1,2018-2019,OGC Nice,417,,Attacking Midfield,18,5.0,3,34.0
ligue-1,2018-2019,OGC Nice,417,,Midfield,18,1.0,0,0.0
ligue-1,2018-2019,OGC Nice,417,,Left Winger,21,34.0,34,2913.0
ligue-1,2018-2019,OGC Nice,417,,Centre-Forward,19,22.0,20,1033.0
ligue-1,2018-2019,OGC Nice,417,,Right Winger,15,1.0,1,13.0
ligue-1,2018-2019,OGC Nice,417,,Right Winger,18,1.0,0,0.0
ligue-1,2018-2019,OGC Nice,417,,Left Winger,19,15.0,14,961.0
ligue-1,2018-2019,OGC Nice,417,,Centre-Forward,20,19.0,13,437.0
ligue-1,2018-2019,OGC Nice,417,,Right Winger,21,30.0,22,812.0
ligue-1,2018-2019,OGC Nice,417,,Centre-Forward,27,10.0,10,759.0
ligue-1,2018-2019,OGC Nice,417,,Centre-Forward,28,6.0,5,202.0
ligue-1,2018-2019,OGC Nice,417,,Centre-Forward,20,2.0,2,91.0
ligue-1,2018-2019,FC Girondins Bordeaux,40,,Goalkeeper,21,,0,0.0
ligue-1,2018-2019,FC Girondins Bordeaux,40,,Goalkeeper,19,38.0,1,90.0
ligue-1,2018-2019,FC Girondins Bordeaux,40,,Goalkeeper,22,,0,0.0
ligue-1,2018-2019,FC Girondins Bordeaux,40,,Goalkeeper,30,38.0,37,3330.0
ligue-1,2018-2019,FC Girondins Bordeaux,40,,Goalkeeper,19,,0,0.0
ligue-1,2018-2019,FC Girondins Bordeaux,40,,Right-Back,19,37.0,37,3320.0
ligue-1,2018-2019,FC Girondins Bordeaux,40,,Right-Back,22,2.0,1,90.0
ligue-1,2018-2019,FC Girondins Bordeaux,40,,Right-Back,22,32.0,25,1984.0
ligue-1,2018-2019,FC Girondins Bordeaux,40,,Right-Back,25,27.0,23,1911.0
ligue-1,2018-2019,FC Girondins Bordeaux,40,,Right-Back,19,1.0,0,0.0
ligue-1,2018-2019,FC Girondins Bordeaux,40,,Centre-Back,22,29.0,16,1378.0
ligue-1,2018-2019,FC Girondins Bordeaux,40,,Centre-Back,18,3.0,1,79.0
ligue-1,2018-2019,FC Girondins Bordeaux,40,,Centre-Back,27,25.0,25,1943.0
ligue-1,2018-2019,FC Girondins Bordeaux,40,,Centre-Back,24,2.0,0,0.0
ligue-1,2018-2019,FC Girondins Bordeaux,40,,Centre-Back,30,1.0,1,74.0
ligue-1,2018-2019,FC Girondins Bordeaux,40,,Left-Back,23,1.0,1,90.0
ligue-1,2018-2019,FC Girondins Bordeaux,40,,Centre-Back,33,19.0,6,446.0
ligue-1,2018-2019,FC Girondins Bordeaux,40,,Left-Back,25,35.0,30,2536.0
ligue-1,2018-2019,FC Girondins Bordeaux,40,,Defensive Midfield,18,17.0,10,706.0
ligue-1,2018-2019,FC Girondins Bordeaux,40,,Right Midfield,18,,0,0.0
ligue-1,2018-2019,FC Girondins Bordeaux,40,,Defensive Midfield,17,10.0,7,218.0
ligue-1,2018-2019,FC Girondins Bordeaux,40,,Central Midfield,18,19.0,11,422.0
ligue-1,2018-2019,FC Girondins Bordeaux,40,,Central Midfield,21,31.0,23,1334.0
ligue-1,2018-2019,FC Girondins Bordeaux,40,,Central Midfield,22,5.0,2,34.0
ligue-1,2018-2019,FC Girondins Bordeaux,40,,Defensive Midfield,24,35.0,33,2890.0
ligue-1,2018-2019,FC Girondins Bordeaux,40,,Attacking Midfield,19,6.0,4,176.0
ligue-1,2018-2019,FC Girondins Bordeaux,40,,Defensive Midfield,24,20.0,18,1300.0
ligue-1,2018-2019,FC Girondins Bordeaux,40,,Defensive Midfield,21,5.0,3,258.0
ligue-1,2018-2019,FC Girondins Bordeaux,40,,Central Midfield,16,5.0,2,20.0
ligue-1,2018-2019,FC Girondins Bordeaux,40,,Central Midfield,28,24.0,22,1482.0
ligue-1,2018-2019,FC Girondins Bordeaux,40,,Central Midfield,36,32.0,23,1445.0
ligue-1,2018-2019,FC Girondins Bordeaux,40,,Centre-Forward,19,11.0,7,197.0
ligue-1,2018-2019,FC Girondins Bordeaux,40,,Centre-Forward,24,1.0,1,90.0
ligue-1,2018-2019,FC Girondins Bordeaux,40,,Right Winger,21,,0,0.0
ligue-1,2018-2019,FC Girondins Bordeaux,40,,Left Winger,22,37.0,37,2571.0
ligue-1,2018-2019,FC Girondins Bordeaux,40,,Left Winger,19,27.0,22,1225.0
ligue-1,2018-2019,FC Girondins Bordeaux,40,,Right Winger,20,21.0,21,1280.0
ligue-1,2018-2019,FC Girondins Bordeaux,40,,Centre-Forward,24,,0,0.0
ligue-1,2018-2019,FC Girondins Bordeaux,40,,Centre-Forward,25,20.0,20,780.0
ligue-1,2018-2019,FC Girondins Bordeaux,40,,Right Winger,26,,0,0.0
ligue-1,2018-2019,FC Girondins Bordeaux,40,,Centre-Forward,27,32.0,23,1265.0
ligue-1,2018-2019,FC Girondins Bordeaux,40,,Centre-Forward,21,,0,0.0
ligue-1,2018-2019,FC Girondins Bordeaux,40,,Centre-Forward,32,36.0,35,2499.0
ligue-1,2018-2019,Stade Rennais FC,273,,Goalkeeper,22,9.0,0,0.0
ligue-1,2018-2019,Stade Rennais FC,273,,Goalkeeper,25,38.0,33,2925.0
ligue-1,2018-2019,Stade Rennais FC,273,,Goalkeeper,20,7.0,0,0.0
ligue-1,2018-2019,Stade Rennais FC,273,,Goalkeeper,26,22.0,6,496.0
ligue-1,2018-2019,Stade Rennais FC,273,,Centre-Back,18,,0,0.0
ligue-1,2018-2019,Stade Rennais FC,273,,Right-Back,17,5.0,1,13.0
ligue-1,2018-2019,Stade Rennais FC,273,,Centre-Back,23,26.0,25,2155.0
ligue-1,2018-2019,Stade Rennais FC,273,,Centre-Back,21,15.0,8,539.0
ligue-1,2018-2019,Stade Rennais FC,273,,Right-Back,26,36.0,34,2973.0
ligue-1,2018-2019,Stade Rennais FC,273,,Left-Back,19,1.0,0,0.0
ligue-1,2018-2019,Stade Rennais FC,273,,Left-Back,21,10.0,7,606.0
ligue-1,2018-2019,Stade Rennais FC,273,,Right-Back,26,27.0,20,1213.0
ligue-1,2018-2019,Stade Rennais FC,273,,Left-Back,22,,0,0.0
ligue-1,2018-2019,Stade Rennais FC,273,,Centre-Back,29,32.0,29,2472.0
ligue-1,2018-2019,Stade Rennais FC,273,,Centre-Back,30,34.0,33,2875.0
ligue-1,2018-2019,Stade Rennais FC,273,,Left-Back,32,2.0,2,124.0
ligue-1,2018-2019,Stade Rennais FC,273,,Right-Back,31,3.0,0,0.0
ligue-1,2018-2019,Stade Rennais FC,273,,Central Midfield,15,14.0,7,364.0
ligue-1,2018-2019,Stade Rennais FC,273,,Central Midfield,24,36.0,34,2435.0
ligue-1,2018-2019,Stade Rennais FC,273,,Defensive Midfield,27,30.0,30,2498.0
ligue-1,2018-2019,Stade Rennais FC,273,,Defensive Midfield,21,30.0,22,1280.0
ligue-1,2018-2019,Stade Rennais FC,273,,Central Midfield,19,8.0,1,2.0
ligue-1,2018-2019,Stade Rennais FC,273,,Central Midfield,22,28.0,24,1219.0
ligue-1,2018-2019,Stade Rennais FC,273,,Central Midfield,21,15.0,2,29.0
ligue-1,2018-2019,Stade Rennais FC,273,,Defensive Midfield,28,21.0,16,709.0
ligue-1,2018-2019,Stade Rennais FC,273,,Central Midfield,27,35.0,33,2672.0
ligue-1,2018-2019,Stade Rennais FC,273,,Attacking Midfield,31,28.0,26,2036.0
ligue-1,2018-2019,Stade Rennais FC,273,,Right Winger,20,35.0,35,2792.0
ligue-1,2018-2019,Stade Rennais FC,273,,Centre-Forward,16,1.0,0,0.0
ligue-1,2018-2019,Stade Rennais FC,273,,Left Winger,19,12.0,1,3.0
ligue-1,2018-2019,Stade Rennais FC,273,,Left Winger,17,3.0,0,0.0
ligue-1,2018-2019,Stade Rennais FC,273,,Right Winger,22,38.0,29,1338.0
ligue-1,2018-2019,Stade Rennais FC,273,,Right Winger,19,2.0,0,0.0
ligue-1,2018-2019,Stade Rennais FC,273,,Centre-Forward,18,2.0,0,0.0
ligue-1,2018-2019,Stade Rennais FC,273,,Centre-Forward,22,20.0,15,600.0
ligue-1,2018-2019,Stade Rennais FC,273,,Left Winger,23,,0,0.0
ligue-1,2018-2019,Stade Rennais FC,273,,Centre-Forward,23,31.0,29,1801.0
ligue-1,2018-2019,Stade Rennais FC,273,,Left Winger,19,,0,0.0
ligue-1,2018-2019,Stade Rennais FC,273,,Centre-Forward,24,24.0,19,1246.0
ligue-1,2018-2019,Stade Rennais FC,273,,Centre-Forward,21,,0,0.0
ligue-1,2018-2019,Stade Rennais FC,273,,Centre-Forward,28,3.0,2,146.0
ligue-1,2018-2019,AS Saint-Étienne,618,,Goalkeeper,22,,0,0.0
ligue-1,2018-2019,AS Saint-Étienne,618,,Goalkeeper,16,,0,0.0
ligue-1,2018-2019,AS Saint-Étienne,618,,Goalkeeper,31,38.0,37,3330.0
ligue-1,2018-2019,AS Saint-Étienne,618,,Goalkeeper,32,38.0,1,90.0
ligue-1,2018-2019,AS Saint-Étienne,618,,Goalkeeper,21,,0,0.0
ligue-1,2018-2019,AS Saint-Étienne,618,,Centre-Back,17,30.0,16,1277.0
ligue-1,2018-2019,AS Saint-Étienne,618,,Centre-Back,17,4.0,2,160.0
ligue-1,2018-2019,AS Saint-Étienne,618,,Centre-Back,19,1.0,0,0.0
ligue-1,2018-2019,AS Saint-Étienne,618,,Centre-Back,21,1.0,0,0.0
ligue-1,2018-2019,AS Saint-Étienne,618,,Centre-Back,16,2.0,0,0.0
ligue-1,2018-2019,AS Saint-Étienne,618,,Centre-Back,26,,0,0.0
ligue-1,2018-2019,AS Saint-Étienne,618,,Centre-Back,26,37.0,36,3185.0
ligue-1,2018-2019,AS Saint-Étienne,618,,Left-Back,24,24.0,18,949.0
ligue-1,2018-2019,AS Saint-Étienne,618,,Left-Back,27,19.0,19,1434.0
ligue-1,2018-2019,AS Saint-Étienne,618,,Centre-Back,32,32.0,31,2700.0
ligue-1,2018-2019,AS Saint-Étienne,618,,Right-Back,32,26.0,24,1947.0
ligue-1,2018-2019,AS Saint-Étienne,618,,Centre-Back,29,26.0,26,2152.0
ligue-1,2018-2019,AS Saint-Étienne,618,,Central Midfield,20,7.0,1,9.0
ligue-1,2018-2019,AS Saint-Étienne,618,,Central Midfield,20,,0,0.0
ligue-1,2018-2019,AS Saint-Étienne,618,,Defensive Midfield,22,,0,0.0
ligue-1,2018-2019,AS Saint-Étienne,618,,Central Midfield,22,13.0,12,399.0
ligue-1,2018-2019,AS Saint-Étienne,618,,Attacking Midfield,28,34.0,34,3000.0
ligue-1,2018-2019,AS Saint-Étienne,618,,Attacking Midfield,24,,0,0.0
ligue-1,2018-2019,AS Saint-Étienne,618,,Defensive Midfield,21,14.0,13,937.0
ligue-1,2018-2019,AS Saint-Étienne,618,,Defensive Midfield,23,20.0,20,1675.0
ligue-1,2018-2019,AS Saint-Étienne,618,,Defensive Midfield,20,19.0,7,211.0
ligue-1,2018-2019,AS Saint-Étienne,618,,Central Midfield,18,8.0,1,1.0
ligue-1,2018-2019,AS Saint-Étienne,618,,Attacking Midfield,22,,0,0.0
ligue-1,2018-2019,AS Saint-Étienne,618,,Attacking Midfield,17,3.0,0,0.0
ligue-1,2018-2019,AS Saint-Étienne,618,,Defensive Midfield,28,37.0,37,3260.0
ligue-1,2018-2019,AS Saint-Étienne,618,,Defensive Midfield,21,8.0,1,24.0
ligue-1,2018-2019,AS Saint-Étienne,618,,Right Winger,21,,0,0.0
ligue-1,2018-2019,AS Saint-Étienne,618,,Right Winger,20,36.0,25,1046.0
ligue-1,2018-2019,AS Saint-Étienne,618,,Centre-Forward,20,13.0,5,45.0
ligue-1,2018-2019,AS Saint-Étienne,618,,Centre-Forward,25,31.0,30,1599.0
ligue-1,2018-2019,AS Saint-Étienne,618,,Centre-Forward,27,35.0,23,1172.0
ligue-1,2018-2019,AS Saint-Étienne,618,,Centre-Forward,18,7.0,3,32.0
ligue-1,2018-2019,AS Saint-Étienne,618,,Right Winger,18,9.0,6,39.0
ligue-1,2018-2019,AS Saint-Étienne,618,,Right Winger,27,26.0,21,883.0
ligue-1,2018-2019,AS Saint-Étienne,618,,Left Winger,27,32.0,32,2826.0
ligue-1,2018-2019,AS Saint-Étienne,618,,Right Winger,31,28.0,27,1593.0
ligue-1,2018-2019,AS Saint-Étienne,618,,Left Winger,29,25.0,23,1489.0
ligue-1,2018-2019,FC Nantes,995,,Goalkeeper,20,,0,0.0
ligue-1,2018-2019,FC Nantes,995,,Goalkeeper,25,36.0,11,939.0
ligue-1,2018-2019,FC Nantes,995,,Goalkeeper,22,12.0,1,90.0
ligue-1,2018-2019,FC Nantes,995,,Goalkeeper,32,28.0,27,2391.0
ligue-1,2018-2019,FC Nantes,995,,Centre-Back,25,36.0,35,3149.0
ligue-1,2018-2019,FC Nantes,995,,Centre-Back,20,2.0,0,0.0
ligue-1,2018-2019,FC Nantes,995,,Left-Back,23,,0,0.0
ligue-1,2018-2019,FC Nantes,995,,Centre-Back,26,22.0,20,1479.0
ligue-1,2018-2019,FC Nantes,995,,Centre-Back,22,13.0,8,720.0
ligue-1,2018-2019,FC Nantes,995,,Right-Back,21,34.0,30,2045.0
ligue-1,2018-2019,FC Nantes,995,,Centre-Back,30,30.0,24,2160.0
ligue-1,2018-2019,FC Nantes,995,,Centre-Back,24,9.0,9,777.0
ligue-1,2018-2019,FC Nantes,995,,Left-Back,26,36.0,31,2496.0
ligue-1,2018-2019,FC Nantes,995,,Centre-Back,19,4.0,2,92.0
ligue-1,2018-2019,FC Nantes,995,,Left-Back,26,24.0,13,1164.0
ligue-1,2018-2019,FC Nantes,995,,Centre-Back,28,13.0,6,507.0
ligue-1,2018-2019,FC Nantes,995,,Centre-Back,25,1.0,1,90.0
ligue-1,2018-2019,FC Nantes,995,,Right-Back,22,3.0,0,0.0
ligue-1,2018-2019,FC Nantes,995,,Right-Back,27,27.0,20,1283.0
ligue-1,2018-2019,FC Nantes,995,,Centre-Back,24,2.0,1,90.0
ligue-1,2018-2019,FC Nantes,995,,Central Midfield,19,7.0,1,89.0
ligue-1,2018-2019,FC Nantes,995,,Central Midfield,23,36.0,36,3228.0
ligue-1,2018-2019,FC Nantes,995,,Central Midfield,23,27.0,14,722.0
ligue-1,2018-2019,FC Nantes,995,,Defensive Midfield,24,37.0,34,2751.0
ligue-1,2018-2019,FC Nantes,995,,Attacking Midfield,22,33.0,29,1320.0
ligue-1,2018-2019,FC Nantes,995,,Central Midfield,21,33.0,28,1679.0
ligue-1,2018-2019,FC Nantes,995,,Attacking Midfield,26,7.0,5,209.0
ligue-1,2018-2019,FC Nantes,995,,Central Midfield,17,4.0,2,117.0
ligue-1,2018-2019,FC Nantes,995,,Defensive Midfield,28,26.0,16,1030.0
ligue-1,2018-2019,FC Nantes,995,,Centre-Forward,19,10.0,6,120.0
ligue-1,2018-2019,FC Nantes,995,,Left Winger,19,2.0,1,19.0
ligue-1,2018-2019,FC Nantes,995,,Left Winger,24,,0,0.0
ligue-1,2018-2019,FC Nantes,995,,Right Winger,21,1.0,1,4.0
ligue-1,2018-2019,FC Nantes,995,,Centre-Forward,22,9.0,5,43.0
ligue-1,2018-2019,FC Nantes,995,,Left Winger,23,32.0,29,1233.0
ligue-1,2018-2019,FC Nantes,995,,Centre-Forward,26,36.0,32,1748.0
ligue-1,2018-2019,FC Nantes,995,,Left Winger,27,,0,0.0
ligue-1,2018-2019,FC Nantes,995,,Centre-Forward,26,33.0,33,2253.0
ligue-1,2018-2019,FC Nantes,995,,Centre-Forward,25,,0,0.0
ligue-1,2018-2019,FC Nantes,995,,Centre-Forward,28,19.0,19,1376.0
ligue-1,2018-2019,FC Toulouse,415,,Goalkeeper,19,1.0,0,0.0
ligue-1,2018-2019,FC Toulouse,415,,Goalkeeper,30,34.0,8,712.0
ligue-1,2018-2019,FC Toulouse,415,,Goalkeeper,27,8.0,0,0.0
ligue-1,2018-2019,FC Toulouse,415,,Goalkeeper,27,33.0,31,2705.0
ligue-1,2018-2019,FC Toulouse,415,,Centre-Back,17,20.0,9,632.0
ligue-1,2018-2019,FC Toulouse,415,,Centre-Back,18,11.0,10,836.0
ligue-1,2018-2019,FC Toulouse,415,,Right-Back,20,33.0,32,2880.0
ligue-1,2018-2019,FC Toulouse,415,,Right-Back,23,24.0,10,865.0
ligue-1,2018-2019,FC Toulouse,415,,Left-Back,24,34.0,24,1993.0
ligue-1,2018-2019,FC Toulouse,415,,Right-Back,21,1.0,1,90.0
ligue-1,2018-2019,FC Toulouse,415,,Centre-Back,25,35.0,34,3015.0
ligue-1,2018-2019,FC Toulouse,415,,Right-Back,25,,0,0.0
ligue-1,2018-2019,FC Toulouse,415,,Centre-Back,19,1.0,0,0.0
ligue-1,2018-2019,FC Toulouse,415,,Centre-Back,25,18.0,18,1620.0
ligue-1,2018-2019,FC Toulouse,415,,Centre-Back,26,7.0,3,136.0
ligue-1,2018-2019,FC Toulouse,415,,Left-Back,28,29.0,22,1935.0
ligue-1,2018-2019,FC Toulouse,415,,Left-Back,17,,0,0.0
ligue-1,2018-2019,FC Toulouse,415,,Central Midfield,17,1.0,1,69.0
ligue-1,2018-2019,FC Toulouse,415,,Defensive Midfield,20,28.0,28,2466.0
ligue-1,2018-2019,FC Toulouse,415,,Attacking Midfield,20,37.0,31,1849.0
ligue-1,2018-2019,FC Toulouse,415,,Defensive Midfield,19,25.0,20,1270.0
ligue-1,2018-2019,FC Toulouse,415,,Defensive Midfield,21,,0,0.0
ligue-1,2018-2019,FC Toulouse,415,,Central Midfield,23,4.0,1,12.0
ligue-1,2018-2019,FC Toulouse,415,,Attacking Midfield,21,,0,0.0
ligue-1,2018-2019,FC Toulouse,415,,Attacking Midfield,16,,0,0.0
ligue-1,2018-2019,FC Toulouse,415,,Defensive Midfield,32,8.0,5,447.0
ligue-1,2018-2019,FC Toulouse,415,,Defensive Midfield,24,,0,0.0
ligue-1,2018-2019,FC Toulouse,415,,Attacking Midfield,19,1.0,0,0.0
ligue-1,2018-2019,FC Toulouse,415,,Defensive Midfield,33,32.0,23,1427.0
ligue-1,2018-2019,FC Toulouse,415,,Central Midfield,26,33.0,16,987.0
ligue-1,2018-2019,FC Toulouse,415,,Attacking Midfield,19,4.0,2,23.0
ligue-1,2018-2019,FC Toulouse,415,,Right Winger,18,1.0,1,71.0
ligue-1,2018-2019,FC Toulouse,415,,Centre-Forward,20,33.0,28,1438.0
ligue-1,2018-2019,FC Toulouse,415,,Left Winger,30,36.0,36,3240.0
ligue-1,2018-2019,FC Toulouse,415,,Centre-Forward,22,27.0,19,634.0
ligue-1,2018-2019,FC Toulouse,415,,Centre-Forward,25,27.0,21,1244.0
ligue-1,2018-2019,FC Toulouse,415,,Centre-Forward,26,,0,0.0
ligue-1,2018-2019,FC Toulouse,415,,Right Winger,30,35.0,35,2481.0
ligue-1,2018-2019,FC Toulouse,415,,Left Winger,29,36.0,36,1903.0
ligue-1,2018-2019,FC Toulouse,415,,Centre-Forward,24,26.0,15,457.0
ligue-1,2018-2019,Montpellier HSC,969,,Goalkeeper,27,37.0,37,3330.0
ligue-1,2018-2019,Montpellier HSC,969,,Goalkeeper,20,31.0,1,90.0
ligue-1,2018-2019,Montpellier HSC,969,,Goalkeeper,27,8.0,0,0.0
ligue-1,2018-2019,Montpellier HSC,969,,Right-Back,25,29.0,29,2532.0
ligue-1,2018-2019,Montpellier HSC,969,,Centre-Back,19,29.0,12,987.0
ligue-1,2018-2019,Montpellier HSC,969,,Left-Back,20,3.0,1,90.0
ligue-1,2018-2019,Montpellier HSC,969,,Left-Back,22,14.0,10,329.0
ligue-1,2018-2019,Montpellier HSC,969,,Right-Back,21,35.0,30,900.0
ligue-1,2018-2019,Montpellier HSC,969,,Centre-Back,22,14.0,10,550.0
ligue-1,2018-2019,Montpellier HSC,969,,Centre-Back,20,7.0,0,0.0
ligue-1,2018-2019,Montpellier HSC,969,,Left-Back,27,33.0,26,2141.0
ligue-1,2018-2019,Montpellier HSC,969,,Centre-Back,33,37.0,37,3293.0
ligue-1,2018-2019,Montpellier HSC,969,,Centre-Back,40,36.0,36,3233.0
ligue-1,2018-2019,Montpellier HSC,969,,Centre-Back,27,31.0,31,2669.0
ligue-1,2018-2019,Montpellier HSC,969,,Defensive Midfield,23,37.0,37,3091.0
ligue-1,2018-2019,Montpellier HSC,969,,Defensive Midfield,19,1.0,0,0.0
ligue-1,2018-2019,Montpellier HSC,969,,Attacking Midfield,26,32.0,32,2582.0
ligue-1,2018-2019,Montpellier HSC,969,,Defensive Midfield,28,24.0,6,112.0
ligue-1,2018-2019,Montpellier HSC,969,,Central Midfield,19,2.0,0,0.0
ligue-1,2018-2019,Montpellier HSC,969,,Central Midfield,29,36.0,35,1779.0
ligue-1,2018-2019,Montpellier HSC,969,,Defensive Midfield,28,36.0,36,2817.0
ligue-1,2018-2019,Montpellier HSC,969,,Central Midfield,21,,0,0.0
ligue-1,2018-2019,Montpellier HSC,969,,Centre-Forward,24,36.0,36,2917.0
ligue-1,2018-2019,Montpellier HSC,969,,Right Winger,19,7.0,2,31.0
ligue-1,2018-2019,Montpellier HSC,969,,Right Winger,22,,0,0.0
ligue-1,2018-2019,Montpellier HSC,969,,Left Winger,20,7.0,0,0.0
ligue-1,2018-2019,Montpellier HSC,969,,Left Winger,25,5.0,3,89.0
ligue-1,2018-2019,Montpellier HSC,969,,Centre-Forward,29,1.0,1,64.0
ligue-1,2018-2019,Montpellier HSC,969,,Centre-Forward,26,36.0,36,3133.0
ligue-1,2018-2019,Montpellier HSC,969,,Left Winger,19,4.0,1,1.0
ligue-1,2018-2019,Montpellier HSC,969,,Right Winger,35,36.0,12,125.0
ligue-1,2018-2019,Montpellier HSC,969,,Centre-Forward,28,38.0,28,588.0
ligue-1,2018-2019,RC Strasbourg Alsace,667,,Goalkeeper,26,38.0,37,3330.0
ligue-1,2018-2019,RC Strasbourg Alsace,667,,Goalkeeper,21,31.0,0,0.0
ligue-1,2018-2019,RC Strasbourg Alsace,667,,Goalkeeper,35,7.0,1,90.0
ligue-1,2018-2019,RC Strasbourg Alsace,667,,Goalkeeper,18,,0,0.0
ligue-1,2018-2019,RC Strasbourg Alsace,667,,Centre-Back,18,1.0,0,0.0
ligue-1,2018-2019,RC Strasbourg Alsace,667,,Right-Back,21,34.0,29,2301.0
ligue-1,2018-2019,RC Strasbourg Alsace,667,,Right-Back,26,34.0,34,3047.0
ligue-1,2018-2019,RC Strasbourg Alsace,667,,Centre-Back,19,4.0,0,0.0
ligue-1,2018-2019,RC Strasbourg Alsace,667,,Centre-Back,25,,0,0.0
ligue-1,2018-2019,RC Strasbourg Alsace,667,,Centre-Back,28,34.0,34,3030.0
ligue-1,2018-2019,RC Strasbourg Alsace,667,,Left-Back,27,25.0,23,1729.0
ligue-1,2018-2019,RC Strasbourg Alsace,667,,Centre-Back,19,10.0,3,205.0
ligue-1,2018-2019,RC Strasbourg Alsace,667,,Centre-Back,29,30.0,27,2146.0
ligue-1,2018-2019,RC Strasbourg Alsace,667,,Left-Back,24,18.0,4,295.0
ligue-1,2018-2019,RC Strasbourg Alsace,667,,Centre-Back,29,33.0,32,2819.0
ligue-1,2018-2019,RC Strasbourg Alsace,667,,Centre-Back,19,,0,0.0
ligue-1,2018-2019,RC Strasbourg Alsace,667,,Defensive Midfield,19,27.0,17,910.0
ligue-1,2018-2019,RC Strasbourg Alsace,667,,Central Midfield,24,37.0,34,2489.0
ligue-1,2018-2019,RC Strasbourg Alsace,667,,Defensive Midfield,20,35.0,32,2669.0
ligue-1,2018-2019,RC Strasbourg Alsace,667,,Central Midfield,18,9.0,2,2.0
ligue-1,2018-2019,RC Strasbourg Alsace,667,,Defensive Midfield,28,24.0,23,2061.0
ligue-1,2018-2019,RC Strasbourg Alsace,667,,Central Midfield,24,14.0,13,1054.0
ligue-1,2018-2019,RC Strasbourg Alsace,667,,Defensive Midfield,31,12.0,5,166.0
ligue-1,2018-2019,RC Strasbourg Alsace,667,,Attacking Midfield,31,27.0,17,663.0
ligue-1,2018-2019,RC Strasbourg Alsace,667,,Central Midfield,30,35.0,22,1290.0
ligue-1,2018-2019,RC Strasbourg Alsace,667,,Central Midfield,32,24.0,18,1060.0
ligue-1,2018-2019,RC Strasbourg Alsace,667,,Centre-Forward,24,28.0,25,1539.0
ligue-1,2018-2019,RC Strasbourg Alsace,667,,Centre-Forward,22,34.0,32,1781.0
ligue-1,2018-2019,RC Strasbourg Alsace,667,,Centre-Forward,21,26.0,20,621.0
ligue-1,2018-2019,RC Strasbourg Alsace,667,,Centre-Forward,19,,0,0.0
ligue-1,2018-2019,RC Strasbourg Alsace,667,,Right Winger,21,11.0,8,234.0
ligue-1,2018-2019,RC Strasbourg Alsace,667,,Centre-Forward,27,37.0,34,2055.0
ligue-1,2018-2019,RC Strasbourg Alsace,667,,Centre-Forward,26,4.0,1,9.0
ligue-1,2018-2019,Nîmes Olympique,1160,,Goalkeeper,21,38.0,38,3420.0
ligue-1,2018-2019,Nîmes Olympique,1160,,Goalkeeper,26,1.0,0,0.0
ligue-1,2018-2019,Nîmes Olympique,1160,,Goalkeeper,19,,0,0.0
ligue-1,2018-2019,Nîmes Olympique,1160,,Goalkeeper,25,37.0,0,0.0
ligue-1,2018-2019,Nîmes Olympique,1160,,Right-Back,20,1.0,0,0.0
ligue-1,2018-2019,Nîmes Olympique,1160,,Left-Back,19,1.0,1,1.0
ligue-1,2018-2019,Nîmes Olympique,1160,,Left-Back,21,24.0,13,1117.0
ligue-1,2018-2019,Nîmes Olympique,1160,,Left-Back,19,31.0,27,2141.0
ligue-1,2018-2019,Nîmes Olympique,1160,,Centre-Back,24,38.0,20,1326.0
ligue-1,2018-2019,Nîmes Olympique,1160,,Centre-Back,23,33.0,33,2925.0
ligue-1,2018-2019,Nîmes Olympique,1160,,Centre-Back,26,25.0,22,1592.0
ligue-1,2018-2019,Nîmes Olympique,1160,,Right-Back,19,28.0,25,1901.0
ligue-1,2018-2019,Nîmes Olympique,1160,,Left-Back,35,10.0,3,177.0
ligue-1,2018-2019,Nîmes Olympique,1160,,Centre-Back,34,30.0,17,1478.0
ligue-1,2018-2019,Nîmes Olympique,1160,,Attacking Midfield,26,32.0,32,2866.0
ligue-1,2018-2019,Nîmes Olympique,1160,,Central Midfield,26,24.0,24,1876.0
ligue-1,2018-2019,Nîmes Olympique,1160,,Central Midfield,22,38.0,30,2155.0
ligue-1,2018-2019,Nîmes Olympique,1160,,Central Midfield,22,38.0,30,1765.0
ligue-1,2018-2019,Nîmes Olympique,1160,,Defensive Midfield,32,7.0,7,457.0
ligue-1,2018-2019,Nîmes Olympique,1160,,Central Midfield,30,9.0,2,29.0
ligue-1,2018-2019,Nîmes Olympique,1160,,Defensive Midfield,27,3.0,0,0.0
ligue-1,2018-2019,Nîmes Olympique,1160,,Centre-Forward,17,,0,0.0
ligue-1,2018-2019,Nîmes Olympique,1160,,Left Winger,23,36.0,35,2641.0
ligue-1,2018-2019,Nîmes Olympique,1160,,Centre-Forward,21,37.0,25,1233.0
ligue-1,2018-2019,Nîmes Olympique,1160,,Centre-Forward,25,38.0,38,3008.0
ligue-1,2018-2019,Nîmes Olympique,1160,,Centre-Forward,23,33.0,24,1188.0
ligue-1,2018-2019,Nîmes Olympique,1160,,Centre-Forward,26,31.0,27,1240.0
ligue-1,2018-2019,Nîmes Olympique,1160,,Centre-Forward,23,19.0,17,434.0
ligue-1,2018-2019,Nîmes Olympique,1160,,Left Winger,26,3.0,0,0.0
ligue-1,2018-2019,Nîmes Olympique,1160,,Right Winger,23,38.0,38,2489.0
ligue-1,2018-2019,Nîmes Olympique,1160,,Centre-Forward,20,,0,0.0
ligue-1,2018-2019,Stade Reims,1421,,Goalkeeper,26,38.0,38,3420.0
ligue-1,2018-2019,Stade Reims,1421,,Goalkeeper,21,13.0,0,0.0
ligue-1,2018-2019,Stade Reims,1421,,Goalkeeper,30,25.0,0,0.0
ligue-1,2018-2019,Stade Reims,1421,,Goalkeeper,18,,0,0.0
ligue-1,2018-2019,Stade Reims,1421,,Centre-Back,20,22.0,4,157.0
ligue-1,2018-2019,Stade Reims,1421,,Left-Back,22,20.0,20,1800.0
ligue-1,2018-2019,Stade Reims,1421,,Left-Back,24,25.0,16,899.0
ligue-1,2018-2019,Stade Reims,1421,,Left-Back,23,13.0,11,965.0
ligue-1,2018-2019,Stade Reims,1421,,Left-Back,19,,0,0.0
ligue-1,2018-2019,Stade Reims,1421,,Centre-Back,20,,0,0.0
ligue-1,2018-2019,Stade Reims,1421,,Right-Back,23,32.0,32,2880.0
ligue-1,2018-2019,Stade Reims,1421,,Centre-Back,20,,0,0.0
ligue-1,2018-2019,Stade Reims,1421,,Centre-Back,30,38.0,38,3420.0
ligue-1,2018-2019,Stade Reims,1421,,Centre-Back,23,33.0,33,2970.0
ligue-1,2018-2019,Stade Reims,1421,,Centre-Back,27,25.0,7,417.0
ligue-1,2018-2019,Stade Reims,1421,,Right-Back,28,11.0,5,313.0
ligue-1,2018-2019,Stade Reims,1421,,Left-Back,20,,0,0.0
ligue-1,2018-2019,Stade Reims,1421,,Attacking Midfield,21,38.0,37,2628.0
ligue-1,2018-2019,Stade Reims,1421,,Defensive Midfield,19,,0,0.0
ligue-1,2018-2019,Stade Reims,1421,,Defensive Midfield,23,21.0,8,355.0
ligue-1,2018-2019,Stade Reims,1421,,Attacking Midfield,22,,0,0.0
ligue-1,2018-2019,Stade Reims,1421,,Defensive Midfield,22,18.0,11,355.0
ligue-1,2018-2019,Stade Reims,1421,,Central Midfield,27,36.0,36,3240.0
ligue-1,2018-2019,Stade Reims,1421,,Defensive Midfield,34,36.0,36,3165.0
ligue-1,2018-2019,Stade Reims,1421,,Attacking Midfield,30,31.0,13,627.0
ligue-1,2018-2019,Stade Reims,1421,,Central Midfield,27,24.0,20,1357.0
ligue-1,2018-2019,Stade Reims,1421,,Central Midfield,20,1.0,1,60.0
ligue-1,2018-2019,Stade Reims,1421,,Attacking Midfield,21,,0,0.0
ligue-1,2018-2019,Stade Reims,1421,,Centre-Forward,21,19.0,18,768.0
ligue-1,2018-2019,Stade Reims,1421,,Right Winger,21,35.0,34,2100.0
ligue-1,2018-2019,Stade Reims,1421,,Left Winger,23,16.0,15,807.0
ligue-1,2018-2019,Stade Reims,1421,,Right Winger,21,22.0,15,470.0
ligue-1,2018-2019,Stade Reims,1421,,Centre-Forward,22,2.0,1,1.0
ligue-1,2018-2019,Stade Reims,1421,,Left Winger,22,1.0,1,4.0
ligue-1,2018-2019,Stade Reims,1421,,Left Winger,23,30.0,28,1599.0
ligue-1,2018-2019,Stade Reims,1421,,Centre-Forward,27,29.0,22,783.0
ligue-1,2018-2019,Stade Reims,1421,,Centre-Forward,30,30.0,30,1977.0
ligue-1,2018-2019,Angers SCO,1420,,Goalkeeper,21,6.0,0,0.0
ligue-1,2018-2019,Angers SCO,1420,,Goalkeeper,26,33.0,2,180.0
ligue-1,2018-2019,Angers SCO,1420,,Goalkeeper,26,3.0,0,0.0
ligue-1,2018-2019,Angers SCO,1420,,Goalkeeper,27,,0,0.0
ligue-1,2018-2019,Angers SCO,1420,,Goalkeeper,35,36.0,36,3240.0
ligue-1,2018-2019,Angers SCO,1420,,Left-Back,17,19.0,3,54.0
ligue-1,2018-2019,Angers SCO,1420,,Centre-Back,22,4.0,0,0.0
ligue-1,2018-2019,Angers SCO,1420,,Centre-Back,17,6.0,0,0.0
ligue-1,2018-2019,Angers SCO,1420,,Centre-Back,23,8.0,1,14.0
ligue-1,2018-2019,Angers SCO,1420,,Centre-Back,24,11.0,6,495.0
ligue-1,2018-2019,Angers SCO,1420,,Left-Back,28,,0,0.0
ligue-1,2018-2019,Angers SCO,1420,,Left-Back,29,3.0,1,3.0
ligue-1,2018-2019,Angers SCO,1420,,Centre-Back,28,33.0,30,2491.0
ligue-1,2018-2019,Angers SCO,1420,,Centre-Back,31,32.0,30,2636.0
ligue-1,2018-2019,Angers SCO,1420,,Centre-Back,30,36.0,28,2394.0
ligue-1,2018-2019,Angers SCO,1420,,Centre-Back,28,34.0,30,2575.0
ligue-1,2018-2019,Angers SCO,1420,,Right-Back,28,32.0,31,2790.0
ligue-1,2018-2019,Angers SCO,1420,,Attacking Midfield,21,33.0,31,1645.0
ligue-1,2018-2019,Angers SCO,1420,,Defensive Midfield,23,38.0,38,3247.0
ligue-1,2018-2019,Angers SCO,1420,,Central Midfield,22,,0,0.0
ligue-1,2018-2019,Angers SCO,1420,,Attacking Midfield,20,2.0,0,0.0
ligue-1,2018-2019,Angers SCO,1420,,Attacking Midfield,20,35.0,35,2568.0
ligue-1,2018-2019,Angers SCO,1420,,Central Midfield,25,36.0,36,3002.0
ligue-1,2018-2019,Angers SCO,1420,,Central Midfield,32,28.0,27,2334.0
ligue-1,2018-2019,Angers SCO,1420,,Central Midfield,31,33.0,29,1598.0
ligue-1,2018-2019,Angers SCO,1420,,Defensive Midfield,27,19.0,13,722.0
ligue-1,2018-2019,Angers SCO,1420,,Central Midfield,31,30.0,26,1844.0
ligue-1,2018-2019,Angers SCO,1420,,Central Midfield,29,,0,0.0
ligue-1,2018-2019,Angers SCO,1420,,Centre-Forward,20,29.0,18,481.0
ligue-1,2018-2019,Angers SCO,1420,,Left Winger,20,26.0,18,304.0
ligue-1,2018-2019,Angers SCO,1420,,Centre-Forward,26,32.0,32,2493.0
ligue-1,2018-2019,Angers SCO,1420,,Centre-Forward,23,,0,0.0
ligue-1,2018-2019,Angers SCO,1420,,Centre-Forward,28,1.0,0,0.0
ligue-1,2018-2019,Angers SCO,1420,,Centre-Forward,29,,0,0.0
ligue-1,2018-2019,Angers SCO,1420,,Centre-Forward,24,,0,0.0
ligue-1,2018-2019,Angers SCO,1420,,Right Winger,24,13.0,8,67.0
ligue-1,2018-2019,Angers SCO,1420,,Left Winger,25,5.0,0,0.0
ligue-1,2018-2019,Angers SCO,1420,,Centre-Forward,29,26.0,19,358.0
ligue-1,2018-2019,EA Guingamp,855,,Goalkeeper,22,,0,0.0
ligue-1,2018-2019,EA Guingamp,855,,Goalkeeper,28,36.0,17,1530.0
ligue-1,2018-2019,EA Guingamp,855,,Goalkeeper,24,34.0,21,1890.0
ligue-1,2018-2019,EA Guingamp,855,,Goalkeeper,30,6.0,0,0.0
ligue-1,2018-2019,EA Guingamp,855,,Centre-Back,18,,0,0.0
ligue-1,2018-2019,EA Guingamp,855,,Centre-Back,21,34.0,27,2427.0
ligue-1,2018-2019,EA Guingamp,855,,Right-Back,22,34.0,33,1842.0
ligue-1,2018-2019,EA Guingamp,855,,Left-Back,23,38.0,36,3240.0
ligue-1,2018-2019,EA Guingamp,855,,Right-Back,19,1.0,0,0.0
ligue-1,2018-2019,EA Guingamp,855,,Right-Back,24,25.0,20,1708.0
ligue-1,2018-2019,EA Guingamp,855,,Right-Back,23,31.0,20,1505.0
ligue-1,2018-2019,EA Guingamp,855,,Centre-Back,29,10.0,4,175.0
ligue-1,2018-2019,EA Guingamp,855,,Left-Back,19,,0,0.0
ligue-1,2018-2019,EA Guingamp,855,,Centre-Back,18,3.0,2,173.0
ligue-1,2018-2019,EA Guingamp,855,,Right-Back,28,6.0,1,90.0
ligue-1,2018-2019,EA Guingamp,855,,Centre-Back,34,38.0,33,2645.0
ligue-1,2018-2019,EA Guingamp,855,,Left-Back,29,13.0,2,180.0
ligue-1,2018-2019,EA Guingamp,855,,Centre-Back,31,31.0,25,2098.0
ligue-1,2018-2019,EA Guingamp,855,,Right Midfield,20,36.0,34,2382.0
ligue-1,2018-2019,EA Guingamp,855,,Defensive Midfield,24,16.0,11,746.0
ligue-1,2018-2019,EA Guingamp,855,,Central Midfield,20,2.0,0,0.0
ligue-1,2018-2019,EA Guingamp,855,,Defensive Midfield,25,21.0,10,476.0
ligue-1,2018-2019,EA Guingamp,855,,Central Midfield,23,32.0,24,1930.0
ligue-1,2018-2019,EA Guingamp,855,,Central Midfield,17,1.0,1,7.0
ligue-1,2018-2019,EA Guingamp,855,,Defensive Midfield,29,23.0,18,1196.0
ligue-1,2018-2019,EA Guingamp,855,,Central Midfield,34,37.0,31,2104.0
ligue-1,2018-2019,EA Guingamp,855,,Centre-Forward,20,32.0,32,2583.0
ligue-1,2018-2019,EA Guingamp,855,,Right Winger,20,,0,0.0
ligue-1,2018-2019,EA Guingamp,855,,Left Winger,18,6.0,4,52.0
ligue-1,2018-2019,EA Guingamp,855,,Centre-Forward,24,19.0,16,764.0
ligue-1,2018-2019,EA Guingamp,855,,Right Winger,20,10.0,9,725.0
ligue-1,2018-2019,EA Guingamp,855,,Right Winger,27,2.0,1,15.0
ligue-1,2018-2019,EA Guingamp,855,,Centre-Forward,21,10.0,10,430.0
ligue-1,2018-2019,EA Guingamp,855,,Left Winger,27,25.0,25,1665.0
ligue-1,2018-2019,EA Guingamp,855,,Right Winger,26,23.0,15,558.0
ligue-1,2018-2019,EA Guingamp,855,,Right Winger,28,20.0,17,787.0
ligue-1,2018-2019,EA Guingamp,855,,Centre-Forward,30,27.0,26,1538.0
ligue-1,2018-2019,Amiens SC,1416,,Goalkeeper,31,38.0,38,3420.0
ligue-1,2018-2019,Amiens SC,1416,,Goalkeeper,29,38.0,0,0.0
ligue-1,2018-2019,Amiens SC,1416,,Goalkeeper,21,,0,0.0
ligue-1,2018-2019,Amiens SC,1416,,Right-Back,18,,0,0.0
ligue-1,2018-2019,Amiens SC,1416,,Centre-Back,24,35.0,23,1805.0
ligue-1,2018-2019,Amiens SC,1416,,Right-Back,23,37.0,35,2972.0
ligue-1,2018-2019,Amiens SC,1416,,Centre-Back,28,38.0,34,2941.0
ligue-1,2018-2019,Amiens SC,1416,,Left-Back,19,9.0,1,1.0
ligue-1,2018-2019,Amiens SC,1416,,Left-Back,29,16.0,15,1261.0
ligue-1,2018-2019,Amiens SC,1416,,Centre-Back,24,30.0,30,2621.0
ligue-1,2018-2019,Amiens SC,1416,,Centre-Back,32,33.0,23,1996.0
ligue-1,2018-2019,Amiens SC,1416,,Right-Back,27,38.0,11,544.0
ligue-1,2018-2019,Amiens SC,1416,,Centre-Back,23,,0,0.0
ligue-1,2018-2019,Amiens SC,1416,,Right-Back,19,,0,0.0
ligue-1,2018-2019,Amiens SC,1416,,Attacking Midfield,24,27.0,27,1833.0
ligue-1,2018-2019,Amiens SC,1416,,Defensive Midfield,21,30.0,27,2001.0
ligue-1,2018-2019,Amiens SC,1416,,Defensive Midfield,24,36.0,34,2244.0
ligue-1,2018-2019,Amiens SC,1416,,Attacking Midfield,20,,0,0.0
ligue-1,2018-2019,Amiens SC,1416,,Attacking Midfield,28,12.0,12,518.0
ligue-1,2018-2019,Amiens SC,1416,,Attacking Midfield,25,19.0,11,230.0
ligue-1,2018-2019,Amiens SC,1416,,Defensive Midfield,27,34.0,33,2821.0
ligue-1,2018-2019,Amiens SC,1416,,Defensive Midfield,18,15.0,3,107.0
ligue-1,2018-2019,Amiens SC,1416,,Defensive Midfield,25,3.0,3,186.0
ligue-1,2018-2019,Amiens SC,1416,,Central Midfield,25,10.0,5,231.0
ligue-1,2018-2019,Amiens SC,1416,,Central Midfield,23,1.0,0,0.0
ligue-1,2018-2019,Amiens SC,1416,,Defensive Midfield,35,34.0,26,1066.0
ligue-1,2018-2019,Amiens SC,1416,,Centre-Forward,22,13.0,13,1116.0
ligue-1,2018-2019,Amiens SC,1416,,Centre-Forward,23,34.0,33,2177.0
ligue-1,2018-2019,Amiens SC,1416,,Left Winger,26,26.0,25,1881.0
ligue-1,2018-2019,Amiens SC,1416,,Centre-Forward,22,,0,0.0
ligue-1,2018-2019,Amiens SC,1416,,Right Winger,24,9.0,5,211.0
ligue-1,2018-2019,Amiens SC,1416,,Centre-Forward,24,1.0,0,0.0
ligue-1,2018-2019,Amiens SC,1416,,Centre-Forward,26,,0,0.0
ligue-1,2018-2019,Amiens SC,1416,,Centre-Forward,25,27.0,27,1880.0
ligue-1,2018-2019,Amiens SC,1416,,Right Winger,20,36.0,27,1453.0
ligue-1,2018-2019,Amiens SC,1416,,Centre-Forward,24,4.0,3,12.0
ligue-1,2018-2019,SM Caen,1162,,Goalkeeper,24,38.0,38,3420.0
ligue-1,2018-2019,SM Caen,1162,,Goalkeeper,19,,0,0.0
ligue-1,2018-2019,SM Caen,1162,,Goalkeeper,26,38.0,0,0.0
ligue-1,2018-2019,SM Caen,1162,,Goalkeeper,24,,0,0.0
ligue-1,2018-2019,SM Caen,1162,,Centre-Back,23,32.0,31,2755.0
ligue-1,2018-2019,SM Caen,1162,,Centre-Back,25,30.0,23,1922.0
ligue-1,2018-2019,SM Caen,1162,,Right-Back,23,34.0,34,2918.0
ligue-1,2018-2019,SM Caen,1162,,Left-Back,20,35.0,29,1848.0
ligue-1,2018-2019,SM Caen,1162,,Centre-Back,19,15.0,12,733.0
ligue-1,2018-2019,SM Caen,1162,,Centre-Back,30,26.0,21,1811.0
ligue-1,2018-2019,SM Caen,1162,,Centre-Back,20,1.0,0,0.0
ligue-1,2018-2019,SM Caen,1162,,Left-Back,29,20.0,16,1122.0
ligue-1,2018-2019,SM Caen,1162,,Left-Back,24,21.0,11,738.0
ligue-1,2018-2019,SM Caen,1162,,Right-Back,31,3.0,0,0.0
ligue-1,2018-2019,SM Caen,1162,,Centre-Back,30,10.0,6,358.0
ligue-1,2018-2019,SM Caen,1162,,Central Midfield,20,31.0,20,1273.0
ligue-1,2018-2019,SM Caen,1162,,Attacking Midfield,23,32.0,26,1451.0
ligue-1,2018-2019,SM Caen,1162,,Central Midfield,21,5.0,0,0.0
ligue-1,2018-2019,SM Caen,1162,,Central Midfield,29,36.0,36,3240.0
ligue-1,2018-2019,SM Caen,1162,,Central Midfield,26,14.0,7,409.0
ligue-1,2018-2019,SM Caen,1162,,Defensive Midfield,22,1.0,1,45.0
ligue-1,2018-2019,SM Caen,1162,,Central Midfield,20,,0,0.0
ligue-1,2018-2019,SM Caen,1162,,Attacking Midfield,19,,0,0.0
ligue-1,2018-2019,SM Caen,1162,,Defensive Midfield,22,,0,0.0
ligue-1,2018-2019,SM Caen,1162,,Defensive Midfield,25,20.0,18,1294.0
ligue-1,2018-2019,SM Caen,1162,,Defensive Midfield,26,27.0,15,647.0
ligue-1,2018-2019,SM Caen,1162,,Defensive Midfield,29,33.0,31,2342.0
ligue-1,2018-2019,SM Caen,1162,,Centre-Forward,23,34.0,33,2274.0
ligue-1,2018-2019,SM Caen,1162,,Right Winger,18,,0,0.0
ligue-1,2018-2019,SM Caen,1162,,Right Winger,18,2.0,1,14.0
ligue-1,2018-2019,SM Caen,1162,,Centre-Forward,26,22.0,17,918.0
ligue-1,2018-2019,SM Caen,1162,,Centre-Forward,29,36.0,28,1449.0
ligue-1,2018-2019,SM Caen,1162,,Centre-Forward,19,8.0,6,201.0
ligue-1,2018-2019,SM Caen,1162,,Centre-Forward,30,28.0,25,1497.0
ligue-1,2018-2019,SM Caen,1162,,Right Winger,28,1.0,0,0.0
ligue-1,2018-2019,SM Caen,1162,,Centre-Forward,26,,0,0.0
ligue-1,2018-2019,SM Caen,1162,,Centre-Forward,20,1.0,0,0.0
ligue-1,2018-2019,SM Caen,1162,,Centre-Forward,25,35.0,33,2474.0
ligue-1,2018-2019,SM Caen,1162,,Left Winger,18,15.0,12,312.0
ligue-1,2018-2019,Dijon FCO,2969,,Goalkeeper,17,1.0,0,0.0
ligue-1,2018-2019,Dijon FCO,2969,,Goalkeeper,23,37.0,25,2250.0
ligue-1,2018-2019,Dijon FCO,2969,,Goalkeeper,26,38.0,13,1155.0
ligue-1,2018-2019,Dijon FCO,2969,,Centre-Back,22,20.0,13,1051.0
ligue-1,2018-2019,Dijon FCO,2969,,Right-Back,21,18.0,18,1458.0
ligue-1,2018-2019,Dijon FCO,2969,,Centre-Back,23,18.0,9,411.0
ligue-1,2018-2019,Dijon FCO,2969,,Centre-Back,17,1.0,0,0.0
ligue-1,2018-2019,Dijon FCO,2969,,Centre-Back,26,34.0,32,2677.0
ligue-1,2018-2019,Dijon FCO,2969,,Centre-Back,32,12.0,9,717.0
ligue-1,2018-2019,Dijon FCO,2969,,Left-Back,17,1.0,0,0.0
ligue-1,2018-2019,Dijon FCO,2969,,Right-Back,28,22.0,11,566.0
ligue-1,2018-2019,Dijon FCO,2969,,Left-Back,29,8.0,3,64.0
ligue-1,2018-2019,Dijon FCO,2969,,Centre-Back,27,35.0,33,2803.0
ligue-1,2018-2019,Dijon FCO,2969,,Centre-Back,30,35.0,34,3026.0
ligue-1,2018-2019,Dijon FCO,2969,,Right-Back,31,34.0,21,1855.0
ligue-1,2018-2019,Dijon FCO,2969,,Central Midfield,17,21.0,12,852.0
ligue-1,2018-2019,Dijon FCO,2969,,Central Midfield,25,27.0,26,2026.0
ligue-1,2018-2019,Dijon FCO,2969,,Central Midfield,26,32.0,26,1821.0
ligue-1,2018-2019,Dijon FCO,2969,,Attacking Midfield,31,9.0,8,134.0
ligue-1,2018-2019,Dijon FCO,2969,,Defensive Midfield,21,,0,0.0
ligue-1,2018-2019,Dijon FCO,2969,,Central Midfield,38,28.0,20,1085.0
ligue-1,2018-2019,Dijon FCO,2969,,Central Midfield,28,34.0,32,2529.0
ligue-1,2018-2019,Dijon FCO,2969,,Central Midfield,17,,0,0.0
ligue-1,2018-2019,Dijon FCO,2969,,Second Striker,23,37.0,34,2261.0
ligue-1,2018-2019,Dijon FCO,2969,,Left Winger,25,35.0,35,2286.0
ligue-1,2018-2019,Dijon FCO,2969,,Centre-Forward,22,15.0,9,227.0
ligue-1,2018-2019,Dijon FCO,2969,,Right Winger,24,21.0,19,933.0
ligue-1,2018-2019,Dijon FCO,2969,,Centre-Forward,29,36.0,36,2805.0
ligue-1,2018-2019,Dijon FCO,2969,,Left Winger,32,21.0,14,545.0
ligue-1,2018-2019,Dijon FCO,2969,,Left Winger,19,24.0,17,443.0
ligue-1,2018-2019,Dijon FCO,2969,,Centre-Forward,26,27.0,21,1448.0
ligue-1,2018-2019,Dijon FCO,2969,,Centre-Forward,19,3.0,0,0.0
ligue-1,2019-2020,Paris Saint-Germain,583,,Goalkeeper,19,4.0,1,90.0
ligue-1,2019-2020,Paris Saint-Germain,583,,Goalkeeper,26,4.0,3,270.0
ligue-1,2019-2020,Paris Saint-Germain,583,,Goalkeeper,28,,0,0.0
ligue-1,2019-2020,Paris Saint-Germain,583,,Goalkeeper,32,22.0,21,1890.0
ligue-1,2019-2020,Paris Saint-Germain,583,,Goalkeeper,25,23.0,2,180.0
ligue-1,2019-2020,Paris Saint-Germain,583,,Goalkeeper,19,1.0,0,0.0
ligue-1,2019-2020,Paris Saint-Germain,583,,Centre-Back,25,19.0,19,1474.0
ligue-1,2019-2020,Paris Saint-Germain,583,,Centre-Back,22,10.0,7,481.0
ligue-1,2019-2020,Paris Saint-Germain,583,,Centre-Back,23,21.0,16,1205.0
ligue-1,2019-2020,Paris Saint-Germain,583,,Centre-Back,23,21.0,16,1224.0
ligue-1,2019-2020,Paris Saint-Germain,583,,Left-Back,17,1.0,1,24.0
ligue-1,2019-2020,Paris Saint-Germain,583,,Centre-Back,18,4.0,1,59.0
ligue-1,2019-2020,Paris Saint-Germain,583,,Right-Back,27,21.0,16,1243.0
ligue-1,2019-2020,Paris Saint-Germain,583,,Centre-Back,17,14.0,6,452.0
ligue-1,2019-2020,Paris Saint-Germain,583,,Left-Back,26,18.0,14,856.0
ligue-1,2019-2020,Paris Saint-Germain,583,,Centre-Back,34,21.0,21,1574.0
ligue-1,2019-2020,Paris Saint-Germain,583,,Right-Back,20,15.0,10,666.0
ligue-1,2019-2020,Paris Saint-Germain,583,,Left-Back,26,20.0,18,1392.0
ligue-1,2019-2020,Paris Saint-Germain,583,,Attacking Midfield,27,15.0,15,1322.0
ligue-1,2019-2020,Paris Saint-Germain,583,,Central Midfield,26,21.0,20,1482.0
ligue-1,2019-2020,Paris Saint-Germain,583,,Defensive Midfield,25,26.0,17,807.0
ligue-1,2019-2020,Paris Saint-Germain,583,,Attacking Midfield,27,25.0,21,1172.0
ligue-1,2019-2020,Paris Saint-Germain,583,,Attacking Midfield,16,4.0,1,65.0
ligue-1,2019-2020,Paris Saint-Germain,583,,Left Midfield,19,3.0,1,90.0
ligue-1,2019-2020,Paris Saint-Germain,583,,Defensive Midfield,29,21.0,20,1654.0
ligue-1,2019-2020,Paris Saint-Germain,583,,Central Midfield,29,12.0,8,549.0
ligue-1,2019-2020,Paris Saint-Germain,583,,Central Midfield,16,,0,0.0
ligue-1,2019-2020,Paris Saint-Germain,583,,Centre-Forward,20,20.0,20,1518.0
ligue-1,2019-2020,Paris Saint-Germain,583,,Centre-Forward,17,2.0,0,0.0
ligue-1,2019-2020,Paris Saint-Germain,583,,Centre-Forward,26,21.0,20,1269.0
ligue-1,2019-2020,Paris Saint-Germain,583,,Left Winger,25,17.0,11,685.0
ligue-1,2019-2020,Paris Saint-Germain,583,,Right Winger,31,27.0,26,2005.0
ligue-1,2019-2020,Paris Saint-Germain,583,,Centre-Forward,30,16.0,9,454.0
ligue-1,2019-2020,Paris Saint-Germain,583,,Centre-Forward,32,16.0,14,602.0
ligue-1,2019-2020,Paris Saint-Germain,583,,Left Winger,26,1.0,1,1.0
ligue-1,2019-2020,Olympique Lyon,1041,,Goalkeeper,20,5.0,0,0.0
ligue-1,2019-2020,Olympique Lyon,1041,,Goalkeeper,28,26.0,26,2340.0
ligue-1,2019-2020,Olympique Lyon,1041,,Goalkeeper,33,25.0,2,180.0
ligue-1,2019-2020,Olympique Lyon,1041,,Centre-Back,19,1.0,0,0.0
ligue-1,2019-2020,Olympique Lyon,1041,,Centre-Back,19,1.0,1,9.0
ligue-1,2019-2020,Olympique Lyon,1041,,Centre-Back,23,28.0,18,1531.0
ligue-1,2019-2020,Olympique Lyon,1041,,Left-Back,18,2.0,1,45.0
ligue-1,2019-2020,Olympique Lyon,1041,,Right-Back,23,23.0,18,1073.0
ligue-1,2019-2020,Olympique Lyon,1041,,Centre-Back,18,,0,0.0
ligue-1,2019-2020,Olympique Lyon,1041,,Centre-Back,24,26.0,25,2134.0
ligue-1,2019-2020,Olympique Lyon,1041,,Left-Back,23,13.0,11,821.0
ligue-1,2019-2020,Olympique Lyon,1041,,Left-Back,30,12.0,11,832.0
ligue-1,2019-2020,Olympique Lyon,1041,,Centre-Back,30,,0,0.0
ligue-1,2019-2020,Olympique Lyon,1041,,Right-Back,28,20.0,13,701.0
ligue-1,2019-2020,Olympique Lyon,1041,,Centre-Back,32,27.0,17,1505.0
ligue-1,2019-2020,Olympique Lyon,1041,,Right-Back,24,16.0,16,1347.0
ligue-1,2019-2020,Olympique Lyon,1041,,Attacking Midfield,15,12.0,6,139.0
ligue-1,2019-2020,Olympique Lyon,1041,,Central Midfield,21,4.0,3,270.0
ligue-1,2019-2020,Olympique Lyon,1041,,Central Midfield,21,22.0,11,192.0
ligue-1,2019-2020,Olympique Lyon,1041,,Central Midfield,19,20.0,8,571.0
ligue-1,2019-2020,Olympique Lyon,1041,,Attacking Midfield,21,26.0,25,1963.0
ligue-1,2019-2020,Olympique Lyon,1041,,Defensive Midfield,20,,0,0.0
ligue-1,2019-2020,Olympique Lyon,1041,,Central Midfield,22,26.0,24,1766.0
ligue-1,2019-2020,Olympique Lyon,1041,,Defensive Midfield,27,22.0,22,1817.0
ligue-1,2019-2020,Olympique Lyon,1041,,Attacking Midfield,21,16.0,14,789.0
ligue-1,2019-2020,Olympique Lyon,1041,,Central Midfield,21,1.0,0,0.0
ligue-1,2019-2020,Olympique Lyon,1041,,Centre-Forward,19,3.0,1,1.0
ligue-1,2019-2020,Olympique Lyon,1041,,Left Winger,22,26.0,23,1197.0
ligue-1,2019-2020,Olympique Lyon,1041,,Centre-Forward,22,28.0,27,2192.0
ligue-1,2019-2020,Olympique Lyon,1041,,Centre-Forward,25,14.0,13,1021.0
ligue-1,2019-2020,Olympique Lyon,1041,,Right Winger,23,27.0,23,1251.0
ligue-1,2019-2020,Olympique Lyon,1041,,Left Winger,22,24.0,22,1335.0
ligue-1,2019-2020,Olympique Lyon,1041,,Centre-Forward,26,8.0,8,538.0
ligue-1,2019-2020,AS Monaco,162,,Goalkeeper,28,28.0,28,2520.0
ligue-1,2019-2020,AS Monaco,162,,Goalkeeper,34,18.0,0,0.0
ligue-1,2019-2020,AS Monaco,162,,Goalkeeper,35,9.0,0,0.0
ligue-1,2019-2020,AS Monaco,162,,Goalkeeper,23,1.0,0,0.0
ligue-1,2019-2020,AS Monaco,162,,Centre-Back,18,28.0,16,1413.0
ligue-1,2019-2020,AS Monaco,162,,Right-Back,22,16.0,13,892.0
ligue-1,2019-2020,AS Monaco,162,,Right-Back,26,24.0,19,1067.0
ligue-1,2019-2020,AS Monaco,162,,Centre-Back,25,25.0,20,1756.0
ligue-1,2019-2020,AS Monaco,162,,Left-Back,17,9.0,0,0.0
ligue-1,2019-2020,AS Monaco,162,,Centre-Back,18,3.0,2,106.0
ligue-1,2019-2020,AS Monaco,162,,Left-Back,22,25.0,21,1678.0
ligue-1,2019-2020,AS Monaco,162,,Centre-Back,19,2.0,0,0.0
ligue-1,2019-2020,AS Monaco,162,,Centre-Back,26,15.0,13,1060.0
ligue-1,2019-2020,AS Monaco,162,,Left-Back,23,3.0,0,0.0
ligue-1,2019-2020,AS Monaco,162,,Right-Back,23,1.0,0,0.0
ligue-1,2019-2020,AS Monaco,162,,Centre-Back,31,28.0,23,2070.0
ligue-1,2019-2020,AS Monaco,162,,Centre-Back,36,2.0,0,0.0
ligue-1,2019-2020,AS Monaco,162,,Defensive Midfield,19,6.0,3,62.0
ligue-1,2019-2020,AS Monaco,162,,Defensive Midfield,20,7.0,7,612.0
ligue-1,2019-2020,AS Monaco,162,,Attacking Midfield,23,25.0,25,2071.0
ligue-1,2019-2020,AS Monaco,162,,Attacking Midfield,23,9.0,5,129.0
ligue-1,2019-2020,AS Monaco,162,,Central Midfield,24,3.0,2,23.0
ligue-1,2019-2020,AS Monaco,162,,Defensive Midfield,24,20.0,20,1722.0
ligue-1,2019-2020,AS Monaco,162,,Central Midfield,32,23.0,18,935.0
ligue-1,2019-2020,AS Monaco,162,,Central Midfield,30,23.0,22,1216.0
ligue-1,2019-2020,AS Monaco,162,,Centre-Forward,18,2.0,2,61.0
ligue-1,2019-2020,AS Monaco,162,,Centre-Forward,17,,0,0.0
ligue-1,2019-2020,AS Monaco,162,,Centre-Forward,19,1.0,1,8.0
ligue-1,2019-2020,AS Monaco,162,,Right Winger,24,21.0,21,1683.0
ligue-1,2019-2020,AS Monaco,162,,Right Winger,22,20.0,14,1056.0
ligue-1,2019-2020,AS Monaco,162,,Right Winger,23,1.0,1,82.0
ligue-1,2019-2020,AS Monaco,162,,Left Winger,22,8.0,4,160.0
ligue-1,2019-2020,AS Monaco,162,,Left Winger,24,25.0,21,853.0
ligue-1,2019-2020,AS Monaco,162,,Centre-Forward,28,26.0,26,2171.0
ligue-1,2019-2020,AS Monaco,162,,Centre-Forward,18,1.0,0,0.0
ligue-1,2019-2020,AS Monaco,162,,Centre-Forward,31,19.0,18,1286.0
ligue-1,2019-2020,AS Monaco,162,,Second Striker,29,9.0,9,474.0
ligue-1,2019-2020,AS Monaco,162,,Centre-Forward,22,16.0,10,270.0
ligue-1,2019-2020,AS Monaco,162,,Left Winger,29,1.0,0,0.0
ligue-1,2019-2020,LOSC Lille,1082,,Goalkeeper,23,28.0,28,2520.0
ligue-1,2019-2020,LOSC Lille,1082,,Goalkeeper,24,28.0,0,0.0
ligue-1,2019-2020,LOSC Lille,1082,,Centre-Back,21,25.0,24,2087.0
ligue-1,2019-2020,LOSC Lille,1082,,Right-Back,22,26.0,23,2070.0
ligue-1,2019-2020,LOSC Lille,1082,,Centre-Back,19,21.0,8,664.0
ligue-1,2019-2020,LOSC Lille,1082,,Left-Back,25,22.0,16,1108.0
ligue-1,2019-2020,LOSC Lille,1082,,Left-Back,19,,0,0.0
ligue-1,2019-2020,LOSC Lille,1082,,Left-Back,19,22.0,18,1420.0
ligue-1,2019-2020,LOSC Lille,1082,,Centre-Back,21,,0,0.0
ligue-1,2019-2020,LOSC Lille,1082,,Centre-Back,27,13.0,6,414.0
ligue-1,2019-2020,LOSC Lille,1082,,Centre-Back,35,28.0,25,2205.0
ligue-1,2019-2020,LOSC Lille,1082,,Right-Back,30,23.0,5,450.0
ligue-1,2019-2020,LOSC Lille,1082,,Right Midfield,19,3.0,3,84.0
ligue-1,2019-2020,LOSC Lille,1082,,Defensive Midfield,20,26.0,20,1220.0
ligue-1,2019-2020,LOSC Lille,1082,,Attacking Midfield,22,18.0,18,842.0
ligue-1,2019-2020,LOSC Lille,1082,,Defensive Midfield,28,26.0,26,2056.0
ligue-1,2019-2020,LOSC Lille,1082,,Defensive Midfield,22,7.0,3,45.0
ligue-1,2019-2020,LOSC Lille,1082,,Defensive Midfield,19,5.0,1,14.0
ligue-1,2019-2020,LOSC Lille,1082,,Central Midfield,21,20.0,19,1482.0
ligue-1,2019-2020,LOSC Lille,1082,,Defensive Midfield,19,1.0,1,80.0
ligue-1,2019-2020,LOSC Lille,1082,,Central Midfield,24,20.0,17,706.0
ligue-1,2019-2020,LOSC Lille,1082,,Attacking Midfield,31,5.0,4,50.0
ligue-1,2019-2020,LOSC Lille,1082,,Centre-Forward,20,27.0,27,2289.0
ligue-1,2019-2020,LOSC Lille,1082,,Right Winger,23,26.0,21,808.0
ligue-1,2019-2020,LOSC Lille,1082,,Right Winger,21,28.0,28,2087.0
ligue-1,2019-2020,LOSC Lille,1082,,Left Winger,23,27.0,26,1942.0
ligue-1,2019-2020,LOSC Lille,1082,,Centre-Forward,19,1.0,0,0.0
ligue-1,2019-2020,LOSC Lille,1082,,Right Winger,20,,0,0.0
ligue-1,2019-2020,LOSC Lille,1082,,Right Winger,19,3.0,1,7.0
ligue-1,2019-2020,LOSC Lille,1082,,Centre-Forward,17,,0,0.0
ligue-1,2019-2020,LOSC Lille,1082,,Centre-Forward,32,25.0,20,964.0
ligue-1,2019-2020,Olympique Marseille,244,,Goalkeeper,16,1.0,0,0.0
ligue-1,2019-2020,Olympique Marseille,244,,Goalkeeper,36,28.0,2,149.0
ligue-1,2019-2020,Olympique Marseille,244,,Goalkeeper,34,27.0,27,2371.0
ligue-1,2019-2020,Olympique Marseille,244,,Goalkeeper,19,,0,0.0
ligue-1,2019-2020,Olympique Marseille,244,,Centre-Back,22,26.0,23,1884.0
ligue-1,2019-2020,Olympique Marseille,244,,Left-Back,18,1.0,0,0.0
ligue-1,2019-2020,Olympique Marseille,244,,Centre-Back,20,12.0,4,360.0
ligue-1,2019-2020,Olympique Marseille,244,,Left-Back,25,27.0,26,2163.0
ligue-1,2019-2020,Olympique Marseille,244,,Right-Back,29,22.0,21,1621.0
ligue-1,2019-2020,Olympique Marseille,244,,Right-Back,27,27.0,27,2168.0
ligue-1,2019-2020,Olympique Marseille,244,,Right-Back,20,4.0,0,0.0
ligue-1,2019-2020,Olympique Marseille,244,,Left-Back,18,,0,0.0
ligue-1,2019-2020,Olympique Marseille,244,,Right-Back,17,,0,0.0
ligue-1,2019-2020,Olympique Marseille,244,,Centre-Back,29,22.0,20,1629.0
ligue-1,2019-2020,Olympique Marseille,244,,Defensive Midfield,19,24.0,24,2141.0
ligue-1,2019-2020,Olympique Marseille,244,,Central Midfield,24,24.0,23,1793.0
ligue-1,2019-2020,Olympique Marseille,244,,Defensive Midfield,21,28.0,23,1112.0
ligue-1,2019-2020,Olympique Marseille,244,,Left Midfield,16,,0,0.0
ligue-1,2019-2020,Olympique Marseille,244,,Central Midfield,24,27.0,27,2186.0
ligue-1,2019-2020,Olympique Marseille,244,,Attacking Midfield,24,26.0,7,99.0
ligue-1,2019-2020,Olympique Marseille,244,,Defensive Midfield,19,2.0,0,0.0
ligue-1,2019-2020,Olympique Marseille,244,,Defensive Midfield,31,3.0,3,189.0
ligue-1,2019-2020,Olympique Marseille,244,,Attacking Midfield,15,,0,0.0
ligue-1,2019-2020,Olympique Marseille,244,,Attacking Midfield,16,,0,0.0
ligue-1,2019-2020,Olympique Marseille,244,,Attacking Midfield,32,22.0,22,1937.0
ligue-1,2019-2020,Olympique Marseille,244,,Central Midfield,29,25.0,25,1409.0
ligue-1,2019-2020,Olympique Marseille,244,,Defensive Midfield,29,,0,0.0
ligue-1,2019-2020,Olympique Marseille,244,,Central Midfield,21,15.0,1,17.0
ligue-1,2019-2020,Olympique Marseille,244,,Right Winger,26,2.0,2,20.0
ligue-1,2019-2020,Olympique Marseille,244,,Left Winger,18,24.0,9,90.0
ligue-1,2019-2020,Olympique Marseille,244,,Left Winger,23,25.0,21,877.0
ligue-1,2019-2020,Olympique Marseille,244,,Right Winger,17,6.0,2,23.0
ligue-1,2019-2020,Olympique Marseille,244,,Centre-Forward,29,26.0,26,2115.0
ligue-1,2019-2020,Olympique Marseille,244,,Centre-Forward,29,28.0,25,1347.0
ligue-1,2019-2020,OGC Nice,417,,Goalkeeper,26,26.0,26,2340.0
ligue-1,2019-2020,OGC Nice,417,,Goalkeeper,21,28.0,2,180.0
ligue-1,2019-2020,OGC Nice,417,,Goalkeeper,25,2.0,0,0.0
ligue-1,2019-2020,OGC Nice,417,,Centre-Back,20,23.0,19,1454.0
ligue-1,2019-2020,OGC Nice,417,,Centre-Back,23,8.0,3,270.0
ligue-1,2019-2020,OGC Nice,417,,Centre-Back,20,21.0,17,1272.0
ligue-1,2019-2020,OGC Nice,417,,Right-Back,23,13.0,13,1006.0
ligue-1,2019-2020,OGC Nice,417,,Centre-Back,19,13.0,10,766.0
ligue-1,2019-2020,OGC Nice,417,,Centre-Back,20,3.0,2,49.0
ligue-1,2019-2020,OGC Nice,417,,Right-Back,20,7.0,5,198.0
ligue-1,2019-2020,OGC Nice,417,,Centre-Back,26,15.0,15,1104.0
ligue-1,2019-2020,OGC Nice,417,,Left-Back,25,7.0,4,160.0
ligue-1,2019-2020,OGC Nice,417,,Right-Back,23,25.0,20,1433.0
ligue-1,2019-2020,OGC Nice,417,,Left-Back,23,16.0,10,654.0
ligue-1,2019-2020,OGC Nice,417,,Right-Back,20,1.0,0,0.0
ligue-1,2019-2020,OGC Nice,417,,Centre-Back,17,1.0,0,0.0
ligue-1,2019-2020,OGC Nice,417,,Centre-Back,35,21.0,21,1890.0
ligue-1,2019-2020,OGC Nice,417,,Central Midfield,18,20.0,14,589.0
ligue-1,2019-2020,OGC Nice,417,,Attacking Midfield,21,22.0,22,1633.0
ligue-1,2019-2020,OGC Nice,417,,Central Midfield,19,14.0,9,491.0
ligue-1,2019-2020,OGC Nice,417,,Defensive Midfield,26,26.0,26,2253.0
ligue-1,2019-2020,OGC Nice,417,,Defensive Midfield,23,23.0,16,1120.0
ligue-1,2019-2020,OGC Nice,417,,Defensive Midfield,19,1.0,0,0.0
ligue-1,2019-2020,OGC Nice,417,,Defensive Midfield,25,13.0,8,519.0
ligue-1,2019-2020,OGC Nice,417,,Central Midfield,18,1.0,0,0.0
ligue-1,2019-2020,OGC Nice,417,,Central Midfield,22,25.0,15,984.0
ligue-1,2019-2020,OGC Nice,417,,Central Midfield,24,20.0,20,1774.0
ligue-1,2019-2020,OGC Nice,417,,Central Midfield,24,3.0,1,54.0
ligue-1,2019-2020,OGC Nice,417,,Attacking Midfield,19,3.0,1,36.0
ligue-1,2019-2020,OGC Nice,417,,Right Winger,18,2.0,0,0.0
ligue-1,2019-2020,OGC Nice,417,,Centre-Forward,21,23.0,23,1896.0
ligue-1,2019-2020,OGC Nice,417,,Centre-Forward,20,27.0,26,1231.0
ligue-1,2019-2020,OGC Nice,417,,Right Winger,22,16.0,16,1132.0
ligue-1,2019-2020,OGC Nice,417,,Left Winger,20,22.0,18,680.0
ligue-1,2019-2020,OGC Nice,417,,Centre-Forward,21,3.0,3,145.0
ligue-1,2019-2020,OGC Nice,417,,Right Winger,22,8.0,3,132.0
ligue-1,2019-2020,OGC Nice,417,,Centre-Forward,29,2.0,2,99.0
ligue-1,2019-2020,Stade Rennais FC,273,,Goalkeeper,27,25.0,24,2160.0
ligue-1,2019-2020,Stade Rennais FC,273,,Goalkeeper,26,,0,0.0
ligue-1,2019-2020,Stade Rennais FC,273,,Goalkeeper,16,1.0,0,0.0
ligue-1,2019-2020,Stade Rennais FC,273,,Goalkeeper,34,26.0,4,360.0
ligue-1,2019-2020,Stade Rennais FC,273,,Goalkeeper,16,4.0,0,0.0
ligue-1,2019-2020,Stade Rennais FC,273,,Goalkeeper,26,,0,0.0
ligue-1,2019-2020,Stade Rennais FC,273,,Right-Back,18,11.0,5,169.0
ligue-1,2019-2020,Stade Rennais FC,273,,Centre-Back,22,15.0,4,115.0
ligue-1,2019-2020,Stade Rennais FC,273,,Right-Back,27,27.0,27,2413.0
ligue-1,2019-2020,Stade Rennais FC,273,,Left-Back,20,26.0,23,1810.0
ligue-1,2019-2020,Stade Rennais FC,273,,Left-Back,22,2.0,1,90.0
ligue-1,2019-2020,Stade Rennais FC,273,,Centre-Back,31,26.0,25,2245.0
ligue-1,2019-2020,Stade Rennais FC,273,,Left-Back,35,22.0,21,1806.0
ligue-1,2019-2020,Stade Rennais FC,273,,Centre-Back,22,23.0,19,1278.0
ligue-1,2019-2020,Stade Rennais FC,273,,Central Midfield,16,26.0,25,2113.0
ligue-1,2019-2020,Stade Rennais FC,273,,Central Midfield,18,4.0,2,72.0
ligue-1,2019-2020,Stade Rennais FC,273,,Central Midfield,25,25.0,25,1904.0
ligue-1,2019-2020,Stade Rennais FC,273,,Defensive Midfield,22,21.0,14,926.0
ligue-1,2019-2020,Stade Rennais FC,273,,Defensive Midfield,30,5.0,5,385.0
ligue-1,2019-2020,Stade Rennais FC,273,,Central Midfield,26,22.0,17,883.0
ligue-1,2019-2020,Stade Rennais FC,273,,Defensive Midfield,29,5.0,3,110.0
ligue-1,2019-2020,Stade Rennais FC,273,,Central Midfield,23,26.0,20,1078.0
ligue-1,2019-2020,Stade Rennais FC,273,,Defensive Midfield,29,4.0,0,0.0
ligue-1,2019-2020,Stade Rennais FC,273,,Central Midfield,28,13.0,11,844.0
ligue-1,2019-2020,Stade Rennais FC,273,,Left Winger,22,22.0,22,1693.0
ligue-1,2019-2020,Stade Rennais FC,273,,Left Winger,18,17.0,8,223.0
ligue-1,2019-2020,Stade Rennais FC,273,,Right Winger,23,27.0,21,1242.0
ligue-1,2019-2020,Stade Rennais FC,273,,Right Winger,20,8.0,2,16.0
ligue-1,2019-2020,Stade Rennais FC,273,,Centre-Forward,23,19.0,14,435.0
ligue-1,2019-2020,Stade Rennais FC,273,,Centre-Forward,24,27.0,26,2134.0
ligue-1,2019-2020,Stade Rennais FC,273,,Centre-Forward,25,24.0,23,1219.0
ligue-1,2019-2020,Stade Rennais FC,273,,Centre-Forward,29,1.0,0,0.0
ligue-1,2019-2020,Stade Rennais FC,273,,Centre-Forward,20,,0,0.0
ligue-1,2019-2020,FC Girondins Bordeaux,40,,Goalkeeper,20,27.0,0,0.0
ligue-1,2019-2020,FC Girondins Bordeaux,40,,Goalkeeper,19,1.0,0,0.0
ligue-1,2019-2020,FC Girondins Bordeaux,40,,Goalkeeper,31,28.0,28,2520.0
ligue-1,2019-2020,FC Girondins Bordeaux,40,,Right-Back,26,12.0,12,914.0
ligue-1,2019-2020,FC Girondins Bordeaux,40,,Centre-Back,23,18.0,9,573.0
ligue-1,2019-2020,FC Girondins Bordeaux,40,,Centre-Back,28,26.0,25,2175.0
ligue-1,2019-2020,FC Girondins Bordeaux,40,,Right-Back,22,23.0,14,988.0
ligue-1,2019-2020,FC Girondins Bordeaux,40,,Centre-Back,27,23.0,23,1896.0
ligue-1,2019-2020,FC Girondins Bordeaux,40,,Centre-Back,30,24.0,19,1490.0
ligue-1,2019-2020,FC Girondins Bordeaux,40,,Centre-Back,33,27.0,25,2184.0
ligue-1,2019-2020,FC Girondins Bordeaux,40,,Left-Back,26,15.0,2,3.0
ligue-1,2019-2020,FC Girondins Bordeaux,40,,Centre-Back,31,1.0,0,0.0
ligue-1,2019-2020,FC Girondins Bordeaux,40,,Defensive Midfield,19,20.0,15,1113.0
ligue-1,2019-2020,FC Girondins Bordeaux,40,,Right Midfield,19,6.0,1,63.0
ligue-1,2019-2020,FC Girondins Bordeaux,40,,Defensive Midfield,18,22.0,21,1028.0
ligue-1,2019-2020,FC Girondins Bordeaux,40,,Central Midfield,22,21.0,15,993.0
ligue-1,2019-2020,FC Girondins Bordeaux,40,,Defensive Midfield,25,25.0,25,2213.0
ligue-1,2019-2020,FC Girondins Bordeaux,40,,Attacking Midfield,20,8.0,6,163.0
ligue-1,2019-2020,FC Girondins Bordeaux,40,,Attacking Midfield,22,8.0,8,561.0
ligue-1,2019-2020,FC Girondins Bordeaux,40,,Defensive Midfield,22,17.0,12,534.0
ligue-1,2019-2020,FC Girondins Bordeaux,40,,Attacking Midfield,26,26.0,24,1638.0
ligue-1,2019-2020,FC Girondins Bordeaux,40,,Central Midfield,17,1.0,1,45.0
ligue-1,2019-2020,FC Girondins Bordeaux,40,,Central Midfield,26,6.0,6,189.0
ligue-1,2019-2020,FC Girondins Bordeaux,40,,Attacking Midfield,19,5.0,0,0.0
ligue-1,2019-2020,FC Girondins Bordeaux,40,,Centre-Forward,20,26.0,21,724.0
ligue-1,2019-2020,FC Girondins Bordeaux,40,,Left Winger,23,16.0,11,647.0
ligue-1,2019-2020,FC Girondins Bordeaux,40,,Right Winger,21,22.0,20,1360.0
ligue-1,2019-2020,FC Girondins Bordeaux,40,,Right Winger,27,4.0,3,201.0
ligue-1,2019-2020,FC Girondins Bordeaux,40,,Centre-Forward,28,24.0,24,2002.0
ligue-1,2019-2020,FC Girondins Bordeaux,40,,Centre-Forward,22,,0,0.0
ligue-1,2019-2020,FC Girondins Bordeaux,40,,Centre-Forward,33,22.0,22,1527.0
ligue-1,2019-2020,FC Nantes,995,,Goalkeeper,20,27.0,27,2430.0
ligue-1,2019-2020,FC Nantes,995,,Goalkeeper,23,23.0,0,0.0
ligue-1,2019-2020,FC Nantes,995,,Goalkeeper,31,6.0,1,90.0
ligue-1,2019-2020,FC Nantes,995,,Left-Back,24,3.0,0,0.0
ligue-1,2019-2020,FC Nantes,995,,Centre-Back,27,25.0,25,2179.0
ligue-1,2019-2020,FC Nantes,995,,Centre-Back,21,5.0,1,45.0
ligue-1,2019-2020,FC Nantes,995,,Right-Back,23,1.0,1,15.0
ligue-1,2019-2020,FC Nantes,995,,Right-Back,27,24.0,19,1606.0
ligue-1,2019-2020,FC Nantes,995,,Centre-Back,31,21.0,21,1890.0
ligue-1,2019-2020,FC Nantes,995,,Left-Back,27,3.0,3,270.0
ligue-1,2019-2020,FC Nantes,995,,Centre-Back,20,17.0,7,414.0
ligue-1,2019-2020,FC Nantes,995,,Left-Back,27,20.0,20,1742.0
ligue-1,2019-2020,FC Nantes,995,,Centre-Back,25,1.0,0,0.0
ligue-1,2019-2020,FC Nantes,995,,Centre-Back,20,2.0,1,45.0
ligue-1,2019-2020,FC Nantes,995,,Right-Back,23,6.0,3,184.0
ligue-1,2019-2020,FC Nantes,995,,Right-Back,28,10.0,10,835.0
ligue-1,2019-2020,FC Nantes,995,,Centre-Back,28,25.0,9,682.0
ligue-1,2019-2020,FC Nantes,995,,Central Midfield,20,26.0,24,2012.0
ligue-1,2019-2020,FC Nantes,995,,Right Midfield,21,24.0,24,1860.0
ligue-1,2019-2020,FC Nantes,995,,Central Midfield,24,3.0,3,270.0
ligue-1,2019-2020,FC Nantes,995,,Defensive Midfield,19,1.0,0,0.0
ligue-1,2019-2020,FC Nantes,995,,Defensive Midfield,25,27.0,27,2220.0
ligue-1,2019-2020,FC Nantes,995,,Central Midfield,22,28.0,17,514.0
ligue-1,2019-2020,FC Nantes,995,,Central Midfield,26,26.0,25,1817.0
ligue-1,2019-2020,FC Nantes,995,,Attacking Midfield,25,22.0,12,347.0
ligue-1,2019-2020,FC Nantes,995,,Central Midfield,18,,0,0.0
ligue-1,2019-2020,FC Nantes,995,,Attacking Midfield,22,5.0,1,5.0
ligue-1,2019-2020,FC Nantes,995,,Defensive Midfield,29,19.0,8,327.0
ligue-1,2019-2020,FC Nantes,995,,Left Winger,23,26.0,26,2182.0
ligue-1,2019-2020,FC Nantes,995,,Left Winger,20,13.0,5,162.0
ligue-1,2019-2020,FC Nantes,995,,Left Winger,25,27.0,27,1468.0
ligue-1,2019-2020,FC Nantes,995,,Left Winger,24,4.0,4,153.0
ligue-1,2019-2020,FC Nantes,995,,Centre-Forward,27,22.0,21,1616.0
ligue-1,2019-2020,FC Nantes,995,,Centre-Forward,18,5.0,0,0.0
ligue-1,2019-2020,FC Nantes,995,,Centre-Forward,27,6.0,6,291.0
ligue-1,2019-2020,AS Saint-Étienne,618,,Goalkeeper,17,6.0,1,90.0
ligue-1,2019-2020,AS Saint-Étienne,618,,Goalkeeper,22,2.0,0,0.0
ligue-1,2019-2020,AS Saint-Étienne,618,,Goalkeeper,32,22.0,22,1980.0
ligue-1,2019-2020,AS Saint-Étienne,618,,Goalkeeper,33,26.0,5,450.0
ligue-1,2019-2020,AS Saint-Étienne,618,,Centre-Back,18,13.0,12,991.0
ligue-1,2019-2020,AS Saint-Étienne,618,,Centre-Back,18,16.0,14,1215.0
ligue-1,2019-2020,AS Saint-Étienne,618,,Centre-Back,21,16.0,11,990.0
ligue-1,2019-2020,AS Saint-Étienne,618,,Centre-Back,20,5.0,0,0.0
ligue-1,2019-2020,AS Saint-Étienne,618,,Right-Back,23,11.0,6,471.0
ligue-1,2019-2020,AS Saint-Étienne,618,,Right-Back,22,1.0,0,0.0
ligue-1,2019-2020,AS Saint-Étienne,618,,Right-Back,20,6.0,2,96.0
ligue-1,2019-2020,AS Saint-Étienne,618,,Centre-Back,17,1.0,0,0.0
ligue-1,2019-2020,AS Saint-Étienne,618,,Left-Back,26,22.0,19,1478.0
ligue-1,2019-2020,AS Saint-Étienne,618,,Centre-Back,27,,0,0.0
ligue-1,2019-2020,AS Saint-Étienne,618,,Centre-Back,27,18.0,15,1305.0
ligue-1,2019-2020,AS Saint-Étienne,618,,Left-Back,28,9.0,4,230.0
ligue-1,2019-2020,AS Saint-Étienne,618,,Centre-Back,33,24.0,21,1713.0
ligue-1,2019-2020,AS Saint-Étienne,618,,Right-Back,33,25.0,21,1770.0
ligue-1,2019-2020,AS Saint-Étienne,618,,Central Midfield,21,16.0,12,900.0
ligue-1,2019-2020,AS Saint-Étienne,618,,Defensive Midfield,15,1.0,0,0.0
ligue-1,2019-2020,AS Saint-Étienne,618,,Central Midfield,19,19.0,16,1074.0
ligue-1,2019-2020,AS Saint-Étienne,618,,Defensive Midfield,22,,0,0.0
ligue-1,2019-2020,AS Saint-Étienne,618,,Central Midfield,18,,0,0.0
ligue-1,2019-2020,AS Saint-Étienne,618,,Defensive Midfield,25,14.0,11,634.0
ligue-1,2019-2020,AS Saint-Étienne,618,,Defensive Midfield,21,9.0,4,117.0
ligue-1,2019-2020,AS Saint-Étienne,618,,Attacking Midfield,29,26.0,24,1608.0
ligue-1,2019-2020,AS Saint-Étienne,618,,Attacking Midfield,18,4.0,3,130.0
ligue-1,2019-2020,AS Saint-Étienne,618,,Defensive Midfield,29,25.0,23,1943.0
ligue-1,2019-2020,AS Saint-Étienne,618,,Central Midfield,33,16.0,15,866.0
ligue-1,2019-2020,AS Saint-Étienne,618,,Left Winger,24,26.0,26,2046.0
ligue-1,2019-2020,AS Saint-Étienne,618,,Right Winger,22,14.0,12,850.0
ligue-1,2019-2020,AS Saint-Étienne,618,,Right Winger,21,21.0,18,906.0
ligue-1,2019-2020,AS Saint-Étienne,618,,Centre-Forward,21,,0,0.0
ligue-1,2019-2020,AS Saint-Étienne,618,,Left Winger,17,2.0,1,24.0
ligue-1,2019-2020,AS Saint-Étienne,618,,Centre-Forward,26,16.0,12,670.0
ligue-1,2019-2020,AS Saint-Étienne,618,,Centre-Forward,28,17.0,11,409.0
ligue-1,2019-2020,AS Saint-Étienne,618,,Centre-Forward,19,16.0,15,627.0
ligue-1,2019-2020,AS Saint-Étienne,618,,Centre-Forward,19,5.0,4,45.0
ligue-1,2019-2020,AS Saint-Étienne,618,,Left Winger,28,16.0,16,1154.0
ligue-1,2019-2020,AS Saint-Étienne,618,,Right Winger,32,17.0,14,866.0
ligue-1,2019-2020,AS Saint-Étienne,618,,Left Winger,30,1.0,0,0.0
ligue-1,2019-2020,RC Strasbourg Alsace,667,,Goalkeeper,27,27.0,27,2430.0
ligue-1,2019-2020,RC Strasbourg Alsace,667,,Goalkeeper,22,26.0,0,0.0
ligue-1,2019-2020,RC Strasbourg Alsace,667,,Goalkeeper,36,1.0,0,0.0
ligue-1,2019-2020,RC Strasbourg Alsace,667,,Goalkeeper,19,,0,0.0
ligue-1,2019-2020,RC Strasbourg Alsace,667,,Centre-Back,19,22.0,19,1503.0
ligue-1,2019-2020,RC Strasbourg Alsace,667,,Right-Back,22,9.0,8,693.0
ligue-1,2019-2020,RC Strasbourg Alsace,667,,Centre-Back,24,26.0,25,2062.0
ligue-1,2019-2020,RC Strasbourg Alsace,667,,Right-Back,27,26.0,25,2040.0
ligue-1,2019-2020,RC Strasbourg Alsace,667,,Centre-Back,29,26.0,23,2054.0
ligue-1,2019-2020,RC Strasbourg Alsace,667,,Left-Back,28,26.0,18,1272.0
ligue-1,2019-2020,RC Strasbourg Alsace,667,,Centre-Back,20,8.0,0,0.0
ligue-1,2019-2020,RC Strasbourg Alsace,667,,Left-Back,25,14.0,6,373.0
ligue-1,2019-2020,RC Strasbourg Alsace,667,,Centre-Back,30,22.0,18,1474.0
ligue-1,2019-2020,RC Strasbourg Alsace,667,,Defensive Midfield,20,13.0,13,1010.0
ligue-1,2019-2020,RC Strasbourg Alsace,667,,Central Midfield,21,24.0,24,1499.0
ligue-1,2019-2020,RC Strasbourg Alsace,667,,Central Midfield,19,1.0,0,0.0
ligue-1,2019-2020,RC Strasbourg Alsace,667,,Central Midfield,25,25.0,25,2082.0
ligue-1,2019-2020,RC Strasbourg Alsace,667,,Defensive Midfield,21,24.0,23,1599.0
ligue-1,2019-2020,RC Strasbourg Alsace,667,,Central Midfield,19,1.0,1,22.0
ligue-1,2019-2020,RC Strasbourg Alsace,667,,Attacking Midfield,19,10.0,2,12.0
ligue-1,2019-2020,RC Strasbourg Alsace,667,,Defensive Midfield,29,3.0,3,248.0
ligue-1,2019-2020,RC Strasbourg Alsace,667,,Defensive Midfield,32,6.0,1,1.0
ligue-1,2019-2020,RC Strasbourg Alsace,667,,Attacking Midfield,32,18.0,6,260.0
ligue-1,2019-2020,RC Strasbourg Alsace,667,,Central Midfield,31,24.0,22,1490.0
ligue-1,2019-2020,RC Strasbourg Alsace,667,,Central Midfield,25,7.0,3,77.0
ligue-1,2019-2020,RC Strasbourg Alsace,667,,Centre-Forward,25,27.0,26,2069.0
ligue-1,2019-2020,RC Strasbourg Alsace,667,,Centre-Forward,23,22.0,21,1046.0
ligue-1,2019-2020,RC Strasbourg Alsace,667,,Centre-Forward,22,20.0,17,526.0
ligue-1,2019-2020,RC Strasbourg Alsace,667,,Centre-Forward,28,19.0,14,519.0
ligue-1,2019-2020,RC Strasbourg Alsace,667,,Second Striker,20,2.0,0,0.0
ligue-1,2019-2020,RC Strasbourg Alsace,667,,Centre-Forward,27,7.0,7,371.0
ligue-1,2019-2020,Angers SCO,1420,,Goalkeeper,22,2.0,0,0.0
ligue-1,2019-2020,Angers SCO,1420,,Goalkeeper,26,27.0,2,180.0
ligue-1,2019-2020,Angers SCO,1420,,Goalkeeper,36,27.0,26,2340.0
ligue-1,2019-2020,Angers SCO,1420,,Left-Back,18,17.0,17,1286.0
ligue-1,2019-2020,Angers SCO,1420,,Centre-Back,23,5.0,1,61.0
ligue-1,2019-2020,Angers SCO,1420,,Right-Back,22,,0,0.0
ligue-1,2019-2020,Angers SCO,1420,,Left-Back,22,6.0,5,450.0
ligue-1,2019-2020,Angers SCO,1420,,Centre-Back,25,17.0,8,451.0
ligue-1,2019-2020,Angers SCO,1420,,Centre-Back,29,26.0,11,809.0
ligue-1,2019-2020,Angers SCO,1420,,Centre-Back,32,25.0,23,2053.0
ligue-1,2019-2020,Angers SCO,1420,,Centre-Back,31,28.0,27,2342.0
ligue-1,2019-2020,Angers SCO,1420,,Centre-Back,29,14.0,7,553.0
ligue-1,2019-2020,Angers SCO,1420,,Right-Back,29,24.0,22,1980.0
ligue-1,2019-2020,Angers SCO,1420,,Attacking Midfield,22,22.0,20,1586.0
ligue-1,2019-2020,Angers SCO,1420,,Defensive Midfield,24,28.0,28,2506.0
ligue-1,2019-2020,Angers SCO,1420,,Attacking Midfield,21,1.0,0,0.0
ligue-1,2019-2020,Angers SCO,1420,,Attacking Midfield,21,1.0,1,80.0
ligue-1,2019-2020,Angers SCO,1420,,Central Midfield,23,22.0,11,653.0
ligue-1,2019-2020,Angers SCO,1420,,Defensive Midfield,19,7.0,1,60.0
ligue-1,2019-2020,Angers SCO,1420,,Left Midfield,19,2.0,0,0.0
ligue-1,2019-2020,Angers SCO,1420,,Defensive Midfield,28,17.0,6,109.0
ligue-1,2019-2020,Angers SCO,1420,,Central Midfield,32,26.0,24,1874.0
ligue-1,2019-2020,Angers SCO,1420,,Attacking Midfield,18,,0,0.0
ligue-1,2019-2020,Angers SCO,1420,,Central Midfield,32,24.0,24,1747.0
ligue-1,2019-2020,Angers SCO,1420,,Centre-Forward,21,12.0,4,65.0
ligue-1,2019-2020,Angers SCO,1420,,Left Winger,22,25.0,25,1543.0
ligue-1,2019-2020,Angers SCO,1420,,Left Winger,21,9.0,8,306.0
ligue-1,2019-2020,Angers SCO,1420,,Centre-Forward,27,21.0,20,907.0
ligue-1,2019-2020,Angers SCO,1420,,Centre-Forward,27,28.0,28,1562.0
ligue-1,2019-2020,Angers SCO,1420,,Right Winger,24,24.0,23,1507.0
ligue-1,2019-2020,Angers SCO,1420,,Centre-Forward,26,17.0,16,678.0
ligue-1,2019-2020,Montpellier HSC,969,,Goalkeeper,27,25.0,25,2250.0
ligue-1,2019-2020,Montpellier HSC,969,,Goalkeeper,21,24.0,3,197.0
ligue-1,2019-2020,Montpellier HSC,969,,Goalkeeper,20,7.0,1,71.0
ligue-1,2019-2020,Montpellier HSC,969,,Centre-Back,20,12.0,7,557.0
ligue-1,2019-2020,Montpellier HSC,969,,Centre-Back,19,13.0,1,90.0
ligue-1,2019-2020,Montpellier HSC,969,,Right-Back,19,7.0,3,152.0
ligue-1,2019-2020,Montpellier HSC,969,,Left-Back,23,25.0,18,813.0
ligue-1,2019-2020,Montpellier HSC,969,,Right-Back,22,21.0,17,581.0
ligue-1,2019-2020,Montpellier HSC,969,,Centre-Back,23,10.0,1,61.0
ligue-1,2019-2020,Montpellier HSC,969,,Right-Back,27,25.0,24,2015.0
ligue-1,2019-2020,Montpellier HSC,969,,Left-Back,28,27.0,21,1825.0
ligue-1,2019-2020,Montpellier HSC,969,,Centre-Back,34,26.0,24,1942.0
ligue-1,2019-2020,Montpellier HSC,969,,Centre-Back,41,28.0,28,2511.0
ligue-1,2019-2020,Montpellier HSC,969,,Centre-Back,28,16.0,16,1377.0
ligue-1,2019-2020,Montpellier HSC,969,,Defensive Midfield,17,25.0,20,1251.0
ligue-1,2019-2020,Montpellier HSC,969,,Attacking Midfield,27,19.0,19,1532.0
ligue-1,2019-2020,Montpellier HSC,969,,Defensive Midfield,20,1.0,0,0.0
ligue-1,2019-2020,Montpellier HSC,969,,Central Midfield,27,16.0,16,1154.0
ligue-1,2019-2020,Montpellier HSC,969,,Attacking Midfield,27,25.0,25,1688.0
ligue-1,2019-2020,Montpellier HSC,969,,Defensive Midfield,29,1.0,0,0.0
ligue-1,2019-2020,Montpellier HSC,969,,Defensive Midfield,29,28.0,28,2462.0
ligue-1,2019-2020,Montpellier HSC,969,,Central Midfield,20,1.0,0,0.0
ligue-1,2019-2020,Montpellier HSC,969,,Centre-Forward,25,28.0,28,2251.0
ligue-1,2019-2020,Montpellier HSC,969,,Right Winger,20,3.0,1,4.0
ligue-1,2019-2020,Montpellier HSC,969,,Left Winger,27,8.0,5,119.0
ligue-1,2019-2020,Montpellier HSC,969,,Left Winger,26,10.0,6,143.0
ligue-1,2019-2020,Montpellier HSC,969,,Centre-Forward,29,17.0,5,101.0
ligue-1,2019-2020,Montpellier HSC,969,,Centre-Forward,19,2.0,1,8.0
ligue-1,2019-2020,Montpellier HSC,969,,Centre-Forward,27,26.0,26,2286.0
ligue-1,2019-2020,Montpellier HSC,969,,Right Winger,36,27.0,13,151.0
ligue-1,2019-2020,Stade Reims,1421,,Goalkeeper,23,27.0,27,2430.0
ligue-1,2019-2020,Stade Reims,1421,,Goalkeeper,19,1.0,0,0.0
ligue-1,2019-2020,Stade Reims,1421,,Goalkeeper,22,28.0,1,90.0
ligue-1,2019-2020,Stade Reims,1421,,Centre-Back,18,2.0,0,0.0
ligue-1,2019-2020,Stade Reims,1421,,Centre-Back,21,27.0,27,2430.0
ligue-1,2019-2020,Stade Reims,1421,,Left-Back,23,22.0,16,1333.0
ligue-1,2019-2020,Stade Reims,1421,,Left-Back,25,26.0,23,1705.0
ligue-1,2019-2020,Stade Reims,1421,,Centre-Back,19,11.0,1,90.0
ligue-1,2019-2020,Stade Reims,1421,,Right-Back,24,28.0,27,2430.0
ligue-1,2019-2020,Stade Reims,1421,,Centre-Back,31,28.0,28,2520.0
ligue-1,2019-2020,Stade Reims,1421,,Central Midfield,23,24.0,17,830.0
ligue-1,2019-2020,Stade Reims,1421,,Attacking Midfield,22,18.0,18,1403.0
ligue-1,2019-2020,Stade Reims,1421,,Defensive Midfield,20,13.0,3,32.0
ligue-1,2019-2020,Stade Reims,1421,,Defensive Midfield,24,5.0,0,0.0
ligue-1,2019-2020,Stade Reims,1421,,Central Midfield,28,24.0,24,2148.0
ligue-1,2019-2020,Stade Reims,1421,,Attacking Midfield,18,1.0,0,0.0
ligue-1,2019-2020,Stade Reims,1421,,Defensive Midfield,35,25.0,22,1785.0
ligue-1,2019-2020,Stade Reims,1421,,Central Midfield,28,17.0,15,900.0
ligue-1,2019-2020,Stade Reims,1421,,Central Midfield,21,12.0,7,594.0
ligue-1,2019-2020,Stade Reims,1421,,Left Winger,17,7.0,7,457.0
ligue-1,2019-2020,Stade Reims,1421,,Centre-Forward,22,24.0,24,1818.0
ligue-1,2019-2020,Stade Reims,1421,,Left Winger,21,23.0,14,521.0
ligue-1,2019-2020,Stade Reims,1421,,Centre-Forward,19,12.0,8,140.0
ligue-1,2019-2020,Stade Reims,1421,,Left Winger,17,20.0,11,391.0
ligue-1,2019-2020,Stade Reims,1421,,Centre-Forward,21,1.0,1,13.0
ligue-1,2019-2020,Stade Reims,1421,,Right Winger,22,13.0,13,931.0
ligue-1,2019-2020,Stade Reims,1421,,Left Winger,24,2.0,1,5.0
ligue-1,2019-2020,Stade Reims,1421,,Left Winger,22,19.0,15,607.0
ligue-1,2019-2020,Stade Reims,1421,,Left Winger,24,26.0,26,1733.0
ligue-1,2019-2020,Stade Reims,1421,,Left Winger,23,,0,0.0
ligue-1,2019-2020,Stade Reims,1421,,Centre-Forward,28,18.0,13,263.0
ligue-1,2019-2020,FC Toulouse,415,,Goalkeeper,19,3.0,0,0.0
ligue-1,2019-2020,FC Toulouse,415,,Goalkeeper,31,24.0,2,180.0
ligue-1,2019-2020,FC Toulouse,415,,Goalkeeper,28,25.0,23,2034.0
ligue-1,2019-2020,FC Toulouse,415,,Goalkeeper,29,4.0,4,306.0
ligue-1,2019-2020,FC Toulouse,415,,Centre-Back,18,16.0,16,1368.0
ligue-1,2019-2020,FC Toulouse,415,,Centre-Back,18,,0,0.0
ligue-1,2019-2020,FC Toulouse,415,,Right-Back,21,20.0,20,1631.0
ligue-1,2019-2020,FC Toulouse,415,,Centre-Back,18,8.0,1,90.0
ligue-1,2019-2020,FC Toulouse,415,,Right-Back,24,21.0,17,1391.0
ligue-1,2019-2020,FC Toulouse,415,,Left-Back,25,28.0,28,2520.0
ligue-1,2019-2020,FC Toulouse,415,,Centre-Back,21,15.0,10,858.0
ligue-1,2019-2020,FC Toulouse,415,,Centre-Back,26,2.0,1,45.0
ligue-1,2019-2020,FC Toulouse,415,,Centre-Back,27,8.0,8,657.0
ligue-1,2019-2020,FC Toulouse,415,,Left-Back,18,15.0,4,314.0
ligue-1,2019-2020,FC Toulouse,415,,Centre-Back,27,20.0,14,1260.0
ligue-1,2019-2020,FC Toulouse,415,,Right-Back,18,1.0,0,0.0
ligue-1,2019-2020,FC Toulouse,415,,Central Midfield,18,19.0,13,875.0
ligue-1,2019-2020,FC Toulouse,415,,Defensive Midfield,21,25.0,25,2177.0
ligue-1,2019-2020,FC Toulouse,415,,Attacking Midfield,21,26.0,19,987.0
ligue-1,2019-2020,FC Toulouse,415,,Defensive Midfield,20,7.0,4,86.0
ligue-1,2019-2020,FC Toulouse,415,,Defensive Midfield,20,3.0,0,0.0
ligue-1,2019-2020,FC Toulouse,415,,Attacking Midfield,22,28.0,20,1150.0
ligue-1,2019-2020,FC Toulouse,415,,Attacking Midfield,17,4.0,2,23.0
ligue-1,2019-2020,FC Toulouse,415,,Defensive Midfield,30,23.0,21,1723.0
ligue-1,2019-2020,FC Toulouse,415,,Left Winger,19,7.0,4,42.0
ligue-1,2019-2020,FC Toulouse,415,,Second Striker,24,23.0,23,1161.0
ligue-1,2019-2020,FC Toulouse,415,,Right Winger,19,6.0,1,10.0
ligue-1,2019-2020,FC Toulouse,415,,Centre-Forward,23,28.0,24,1550.0
ligue-1,2019-2020,FC Toulouse,415,,Centre-Forward,16,1.0,1,11.0
ligue-1,2019-2020,FC Toulouse,415,,Centre-Forward,21,25.0,22,765.0
ligue-1,2019-2020,FC Toulouse,415,,Centre-Forward,23,2.0,1,7.0
ligue-1,2019-2020,FC Toulouse,415,,Left Winger,31,21.0,21,1641.0
ligue-1,2019-2020,FC Toulouse,415,,Centre-Forward,26,20.0,15,909.0
ligue-1,2019-2020,FC Toulouse,415,,Right Winger,31,26.0,26,1758.0
ligue-1,2019-2020,FC Toulouse,415,,Centre-Forward,18,,0,0.0
ligue-1,2019-2020,Amiens SC,1416,,Goalkeeper,32,28.0,28,2520.0
ligue-1,2019-2020,Amiens SC,1416,,Goalkeeper,30,28.0,0,0.0
ligue-1,2019-2020,Amiens SC,1416,,Goalkeeper,19,,0,0.0
ligue-1,2019-2020,Amiens SC,1416,,Goalkeeper,21,,0,0.0
ligue-1,2019-2020,Amiens SC,1416,,Right-Back,19,2.0,0,0.0
ligue-1,2019-2020,Amiens SC,1416,,Centre-Back,21,7.0,7,630.0
ligue-1,2019-2020,Amiens SC,1416,,Centre-Back,25,20.0,10,840.0
ligue-1,2019-2020,Amiens SC,1416,,Centre-Back,23,23.0,21,1879.0
ligue-1,2019-2020,Amiens SC,1416,,Centre-Back,27,28.0,22,1916.0
ligue-1,2019-2020,Amiens SC,1416,,Centre-Back,29,23.0,22,1870.0
ligue-1,2019-2020,Amiens SC,1416,,Left-Back,20,1.0,0,0.0
ligue-1,2019-2020,Amiens SC,1416,,Centre-Back,25,3.0,3,270.0
ligue-1,2019-2020,Amiens SC,1416,,Right-Back,35,22.0,12,855.0
ligue-1,2019-2020,Amiens SC,1416,,Centre-Back,34,23.0,22,1973.0
ligue-1,2019-2020,Amiens SC,1416,,Attacking Midfield,25,5.0,5,230.0
ligue-1,2019-2020,Amiens SC,1416,,Defensive Midfield,22,28.0,24,1848.0
ligue-1,2019-2020,Amiens SC,1416,,Defensive Midfield,25,20.0,17,1135.0
ligue-1,2019-2020,Amiens SC,1416,,Attacking Midfield,21,7.0,2,17.0
ligue-1,2019-2020,Amiens SC,1416,,Defensive Midfield,28,26.0,19,1369.0
ligue-1,2019-2020,Amiens SC,1416,,Central Midfield,26,24.0,21,986.0
ligue-1,2019-2020,Amiens SC,1416,,Defensive Midfield,36,13.0,9,80.0
ligue-1,2019-2020,Amiens SC,1416,,Attacking Midfield,20,,0,0.0
ligue-1,2019-2020,Amiens SC,1416,,Attacking Midfield,28,24.0,24,2011.0
ligue-1,2019-2020,Amiens SC,1416,,Attacking Midfield,20,1.0,0,0.0
ligue-1,2019-2020,Amiens SC,1416,,Centre-Forward,23,23.0,23,1928.0
ligue-1,2019-2020,Amiens SC,1416,,Centre-Forward,24,22.0,18,1206.0
ligue-1,2019-2020,Amiens SC,1416,,Right Winger,23,22.0,20,1197.0
ligue-1,2019-2020,Amiens SC,1416,,Centre-Forward,24,21.0,15,540.0
ligue-1,2019-2020,Amiens SC,1416,,Left Winger,27,16.0,15,1102.0
ligue-1,2019-2020,Amiens SC,1416,,Right Winger,23,4.0,3,83.0
ligue-1,2019-2020,Amiens SC,1416,,Centre-Forward,17,3.0,1,8.0
ligue-1,2019-2020,Amiens SC,1416,,Right Winger,25,17.0,13,342.0
ligue-1,2019-2020,Amiens SC,1416,,Right Winger,21,4.0,3,116.0
ligue-1,2019-2020,Amiens SC,1416,,Centre-Forward,26,15.0,12,609.0
ligue-1,2019-2020,Amiens SC,1416,,Centre-Forward,18,,0,0.0
ligue-1,2019-2020,Amiens SC,1416,,Centre-Forward,18,1.0,0,0.0
ligue-1,2019-2020,Amiens SC,1416,,Left Winger,18,,0,0.0
ligue-1,2019-2020,FC Metz,347,,Goalkeeper,18,3.0,0,0.0
ligue-1,2019-2020,FC Metz,347,,Goalkeeper,30,27.0,27,2385.0
ligue-1,2019-2020,FC Metz,347,,Goalkeeper,30,26.0,2,135.0
ligue-1,2019-2020,FC Metz,347,,Left-Back,23,18.0,13,1102.0
ligue-1,2019-2020,FC Metz,347,,Right-Back,17,,0,0.0
ligue-1,2019-2020,FC Metz,347,,Centre-Back,21,28.0,20,1587.0
ligue-1,2019-2020,FC Metz,347,,Right-Back,23,28.0,28,2520.0
ligue-1,2019-2020,FC Metz,347,,Centre-Back,19,,0,0.0
ligue-1,2019-2020,FC Metz,347,,Centre-Back,24,9.0,9,810.0
ligue-1,2019-2020,FC Metz,347,,Left-Back,27,23.0,16,1254.0
ligue-1,2019-2020,FC Metz,347,,Centre-Back,16,1.0,0,0.0
ligue-1,2019-2020,FC Metz,347,,Centre-Back,30,19.0,17,1352.0
ligue-1,2019-2020,FC Metz,347,,Centre-Back,32,25.0,24,2115.0
ligue-1,2019-2020,FC Metz,347,,Left-Back,26,12.0,3,270.0
ligue-1,2019-2020,FC Metz,347,,Defensive Midfield,17,5.0,0,0.0
ligue-1,2019-2020,FC Metz,347,,Defensive Midfield,23,27.0,26,2271.0
ligue-1,2019-2020,FC Metz,347,,Defensive Midfield,23,23.0,20,1646.0
ligue-1,2019-2020,FC Metz,347,,Central Midfield,24,16.0,15,1011.0
ligue-1,2019-2020,FC Metz,347,,Attacking Midfield,26,22.0,19,819.0
ligue-1,2019-2020,FC Metz,347,,Central Midfield,20,1.0,0,0.0
ligue-1,2019-2020,FC Metz,347,,Central Midfield,22,23.0,20,1022.0
ligue-1,2019-2020,FC Metz,347,,Central Midfield,25,22.0,13,464.0
ligue-1,2019-2020,FC Metz,347,,Defensive Midfield,28,7.0,7,523.0
ligue-1,2019-2020,FC Metz,347,,Central Midfield,34,20.0,12,766.0
ligue-1,2019-2020,FC Metz,347,,Centre-Forward,18,3.0,1,7.0
ligue-1,2019-2020,FC Metz,347,,Centre-Forward,24,26.0,26,2200.0
ligue-1,2019-2020,FC Metz,347,,Centre-Forward,22,26.0,18,540.0
ligue-1,2019-2020,FC Metz,347,,Right Winger,24,1.0,0,0.0
ligue-1,2019-2020,FC Metz,347,,Centre-Forward,19,3.0,0,0.0
ligue-1,2019-2020,FC Metz,347,,Left Winger,19,6.0,2,3.0
ligue-1,2019-2020,FC Metz,347,,Left Winger,24,28.0,26,1844.0
ligue-1,2019-2020,FC Metz,347,,Centre-Forward,20,26.0,21,946.0
ligue-1,2019-2020,Dijon FCO,2969,,Goalkeeper,18,3.0,0,0.0
ligue-1,2019-2020,Dijon FCO,2969,,Goalkeeper,24,26.0,11,900.0
ligue-1,2019-2020,Dijon FCO,2969,,Goalkeeper,25,21.0,19,1620.0
ligue-1,2019-2020,Dijon FCO,2969,,Goalkeeper,19,6.0,0,0.0
ligue-1,2019-2020,Dijon FCO,2969,,Centre-Back,23,14.0,12,1048.0
ligue-1,2019-2020,Dijon FCO,2969,,Left-Back,21,19.0,18,1442.0
ligue-1,2019-2020,Dijon FCO,2969,,Centre-Back,24,19.0,9,579.0
ligue-1,2019-2020,Dijon FCO,2969,,Right-Back,18,6.0,1,54.0
ligue-1,2019-2020,Dijon FCO,2969,,Centre-Back,18,6.0,0,0.0
ligue-1,2019-2020,Dijon FCO,2969,,Left-Back,24,11.0,6,540.0
ligue-1,2019-2020,Dijon FCO,2969,,Centre-Back,30,28.0,28,2520.0
ligue-1,2019-2020,Dijon FCO,2969,,Right-Back,29,23.0,17,1377.0
ligue-1,2019-2020,Dijon FCO,2969,,Centre-Back,31,24.0,23,1872.0
ligue-1,2019-2020,Dijon FCO,2969,,Right-Back,32,25.0,20,1531.0
ligue-1,2019-2020,Dijon FCO,2969,,Central Midfield,21,15.0,10,467.0
ligue-1,2019-2020,Dijon FCO,2969,,Central Midfield,18,10.0,5,189.0
ligue-1,2019-2020,Dijon FCO,2969,,Attacking Midfield,24,3.0,3,175.0
ligue-1,2019-2020,Dijon FCO,2969,,Defensive Midfield,25,27.0,27,2389.0
ligue-1,2019-2020,Dijon FCO,2969,,Attacking Midfield,20,21.0,12,380.0
ligue-1,2019-2020,Dijon FCO,2969,,Central Midfield,27,11.0,8,196.0
ligue-1,2019-2020,Dijon FCO,2969,,Central Midfield,39,24.0,11,397.0
ligue-1,2019-2020,Dijon FCO,2969,,Central Midfield,29,28.0,26,1693.0
ligue-1,2019-2020,Dijon FCO,2969,,Left Winger,21,24.0,24,1392.0
ligue-1,2019-2020,Dijon FCO,2969,,Right Winger,18,2.0,1,29.0
ligue-1,2019-2020,Dijon FCO,2969,,Centre-Forward,23,24.0,24,1681.0
ligue-1,2019-2020,Dijon FCO,2969,,Left Winger,20,20.0,20,1514.0
ligue-1,2019-2020,Dijon FCO,2969,,Centre-Forward,23,19.0,17,792.0
ligue-1,2019-2020,Dijon FCO,2969,,Centre-Forward,30,23.0,23,1997.0
ligue-1,2019-2020,Dijon FCO,2969,,Centre-Forward,27,2.0,2,168.0
ligue-1,2019-2020,Dijon FCO,2969,,Left Winger,20,3.0,3,157.0
ligue-1,2019-2020,Dijon FCO,2969,,Left Winger,33,16.0,10,520.0
ligue-1,2019-2020,Nîmes Olympique,1160,,Goalkeeper,22,25.0,25,2204.0
ligue-1,2019-2020,Nîmes Olympique,1160,,Goalkeeper,17,,0,0.0
ligue-1,2019-2020,Nîmes Olympique,1160,,Goalkeeper,19,3.0,0,0.0
ligue-1,2019-2020,Nîmes Olympique,1160,,Goalkeeper,20,28.0,4,316.0
ligue-1,2019-2020,Nîmes Olympique,1160,,Right-Back,21,16.0,6,118.0
ligue-1,2019-2020,Nîmes Olympique,1160,,Left-Back,20,8.0,3,21.0
ligue-1,2019-2020,Nîmes Olympique,1160,,Left-Back,22,25.0,24,2060.0
ligue-1,2019-2020,Nîmes Olympique,1160,,Centre-Back,25,27.0,21,1533.0
ligue-1,2019-2020,Nîmes Olympique,1160,,Centre-Back,24,22.0,22,1738.0
ligue-1,2019-2020,Nîmes Olympique,1160,,Centre-Back,20,5.0,0,0.0
ligue-1,2019-2020,Nîmes Olympique,1160,,Centre-Back,27,24.0,11,929.0
ligue-1,2019-2020,Nîmes Olympique,1160,,Right-Back,20,25.0,17,1405.0
ligue-1,2019-2020,Nîmes Olympique,1160,,Centre-Back,30,26.0,26,2340.0
ligue-1,2019-2020,Nîmes Olympique,1160,,Defensive Midfield,21,24.0,20,1375.0
ligue-1,2019-2020,Nîmes Olympique,1160,,Attacking Midfield,20,9.0,9,765.0
ligue-1,2019-2020,Nîmes Olympique,1160,,Central Midfield,23,2.0,2,180.0
ligue-1,2019-2020,Nîmes Olympique,1160,,Central Midfield,19,,0,0.0
ligue-1,2019-2020,Nîmes Olympique,1160,,Central Midfield,23,25.0,23,1641.0
ligue-1,2019-2020,Nîmes Olympique,1160,,Defensive Midfield,23,23.0,22,1159.0
ligue-1,2019-2020,Nîmes Olympique,1160,,Central Midfield,31,2.0,2,68.0
ligue-1,2019-2020,Nîmes Olympique,1160,,Central Midfield,19,12.0,5,85.0
ligue-1,2019-2020,Nîmes Olympique,1160,,Left Midfield,31,28.0,27,2001.0
ligue-1,2019-2020,Nîmes Olympique,1160,,Defensive Midfield,30,17.0,17,1338.0
ligue-1,2019-2020,Nîmes Olympique,1160,,Central Midfield,20,2.0,1,10.0
ligue-1,2019-2020,Nîmes Olympique,1160,,Centre-Forward,18,23.0,17,597.0
ligue-1,2019-2020,Nîmes Olympique,1160,,Right Winger,26,26.0,26,2249.0
ligue-1,2019-2020,Nîmes Olympique,1160,,Centre-Forward,22,5.0,5,137.0
ligue-1,2019-2020,Nîmes Olympique,1160,,Right Winger,17,,0,0.0
ligue-1,2019-2020,Nîmes Olympique,1160,,Centre-Forward,26,24.0,24,2031.0
ligue-1,2019-2020,Nîmes Olympique,1160,,Centre-Forward,22,17.0,6,119.0
ligue-1,2019-2020,Nîmes Olympique,1160,,Left Winger,25,17.0,14,514.0
ligue-1,2019-2020,Nîmes Olympique,1160,,Centre-Forward,24,,0,0.0
ligue-1,2019-2020,Nîmes Olympique,1160,,Centre-Forward,21,7.0,2,13.0
ligue-1,2019-2020,Nîmes Olympique,1160,,Centre-Forward,31,7.0,7,588.0
ligue-1,2019-2020,Nîmes Olympique,1160,,Centre-Forward,20,,0,0.0
ligue-1,2019-2020,Stade Brestois 29,3911,,Goalkeeper,22,27.0,27,2398.0
ligue-1,2019-2020,Stade Brestois 29,3911,,Goalkeeper,26,28.0,2,122.0
ligue-1,2019-2020,Stade Brestois 29,3911,,Goalkeeper,21,,0,0.0
ligue-1,2019-2020,Stade Brestois 29,3911,,Goalkeeper,25,1.0,0,0.0
ligue-1,2019-2020,Stade Brestois 29,3911,,Left-Back,21,25.0,20,1669.0
ligue-1,2019-2020,Stade Brestois 29,3911,,Centre-Back,24,21.0,12,822.0
ligue-1,2019-2020,Stade Brestois 29,3911,,Centre-Back,24,25.0,22,1840.0
ligue-1,2019-2020,Stade Brestois 29,3911,,Centre-Back,21,20.0,14,1177.0
ligue-1,2019-2020,Stade Brestois 29,3911,,Left-Back,25,,0,0.0
ligue-1,2019-2020,Stade Brestois 29,3911,,Centre-Back,25,18.0,15,1268.0
ligue-1,2019-2020,Stade Brestois 29,3911,,Right-Back,32,17.0,7,581.0
ligue-1,2019-2020,Stade Brestois 29,3911,,Right-Back,32,23.0,22,1980.0
ligue-1,2019-2020,Stade Brestois 29,3911,,Left-Back,33,24.0,11,825.0
ligue-1,2019-2020,Stade Brestois 29,3911,,Central Midfield,21,16.0,8,232.0
ligue-1,2019-2020,Stade Brestois 29,3911,,Defensive Midfield,20,20.0,19,1563.0
ligue-1,2019-2020,Stade Brestois 29,3911,,Central Midfield,25,24.0,23,1816.0
ligue-1,2019-2020,Stade Brestois 29,3911,,Central Midfield,19,4.0,2,140.0
ligue-1,2019-2020,Stade Brestois 29,3911,,Central Midfield,27,26.0,24,1390.0
ligue-1,2019-2020,Stade Brestois 29,3911,,Central Midfield,30,25.0,19,1224.0
ligue-1,2019-2020,Stade Brestois 29,3911,,Central Midfield,26,9.0,4,22.0
ligue-1,2019-2020,Stade Brestois 29,3911,,Attacking Midfield,28,24.0,23,1225.0
ligue-1,2019-2020,Stade Brestois 29,3911,,Right Winger,21,23.0,21,1450.0
ligue-1,2019-2020,Stade Brestois 29,3911,,Centre-Forward,25,24.0,20,897.0
ligue-1,2019-2020,Stade Brestois 29,3911,,Right Winger,22,26.0,24,1500.0
ligue-1,2019-2020,Stade Brestois 29,3911,,Centre-Forward,20,,0,0.0
ligue-1,2019-2020,Stade Brestois 29,3911,,Left Winger,29,23.0,23,1472.0
ligue-1,2019-2020,Stade Brestois 29,3911,,Centre-Forward,26,5.0,2,4.0
ligue-1,2019-2020,Stade Brestois 29,3911,,Centre-Forward,30,26.0,26,2068.0
ligue-1,2020-2021,Paris Saint-Germain,583,,Goalkeeper,20,4.0,1,90.0
ligue-1,2020-2021,Paris Saint-Germain,583,,Goalkeeper,33,30.0,29,2520.0
ligue-1,2020-2021,Paris Saint-Germain,583,,Goalkeeper,26,36.0,10,810.0
ligue-1,2020-2021,Paris Saint-Germain,583,,Goalkeeper,20,1.0,0,0.0
ligue-1,2020-2021,Paris Saint-Germain,583,,Goalkeeper,17,2.0,0,0.0
ligue-1,2020-2021,Paris Saint-Germain,583,,Goalkeeper,17,1.0,0,0.0
ligue-1,2020-2021,Paris Saint-Germain,583,,Goalkeeper,29,10.0,0,0.0
ligue-1,2020-2021,Paris Saint-Germain,583,,Goalkeeper,18,,0,0.0
ligue-1,2020-2021,Paris Saint-Germain,583,,Centre-Back,26,27.0,25,2129.0
ligue-1,2020-2021,Paris Saint-Germain,583,,Centre-Back,23,26.0,24,1610.0
ligue-1,2020-2021,Paris Saint-Germain,583,,Centre-Back,24,26.0,22,1489.0
ligue-1,2020-2021,Paris Saint-Germain,583,,Centre-Back,28,26.0,23,1435.0
ligue-1,2020-2021,Paris Saint-Germain,583,,Centre-Back,24,31.0,28,2307.0
ligue-1,2020-2021,Paris Saint-Germain,583,,Right-Back,17,25.0,6,380.0
ligue-1,2020-2021,Paris Saint-Germain,583,,Left-Back,27,25.0,19,1282.0
ligue-1,2020-2021,Paris Saint-Germain,583,,Right-Back,21,32.0,25,1356.0
ligue-1,2020-2021,Paris Saint-Germain,583,,Left-Back,27,3.0,3,196.0
ligue-1,2020-2021,Paris Saint-Germain,583,,Right-Back,29,26.0,21,1542.0
ligue-1,2020-2021,Paris Saint-Germain,583,,Attacking Midfield,17,12.0,1,1.0
ligue-1,2020-2021,Paris Saint-Germain,583,,Attacking Midfield,28,18.0,18,1416.0
ligue-1,2020-2021,Paris Saint-Germain,583,,Central Midfield,27,21.0,21,1490.0
ligue-1,2020-2021,Paris Saint-Germain,583,,Defensive Midfield,26,27.0,21,1309.0
ligue-1,2020-2021,Paris Saint-Germain,583,,Attacking Midfield,28,30.0,27,1312.0
ligue-1,2020-2021,Paris Saint-Germain,583,,Left Midfield,20,38.0,26,1691.0
ligue-1,2020-2021,Paris Saint-Germain,583,,Central Midfield,17,4.0,1,1.0
ligue-1,2020-2021,Paris Saint-Germain,583,,Defensive Midfield,30,33.0,28,1585.0
ligue-1,2020-2021,Paris Saint-Germain,583,,Central Midfield,30,32.0,31,1845.0
ligue-1,2020-2021,Paris Saint-Germain,583,,Defensive Midfield,15,,0,0.0
ligue-1,2020-2021,Paris Saint-Germain,583,,Central Midfield,17,16.0,7,182.0
ligue-1,2020-2021,Paris Saint-Germain,583,,Attacking Midfield,19,15.0,6,58.0
ligue-1,2020-2021,Paris Saint-Germain,583,,Defensive Midfield,19,4.0,0,0.0
ligue-1,2020-2021,Paris Saint-Germain,583,,Attacking Midfield,27,27.0,23,1367.0
ligue-1,2020-2021,Paris Saint-Germain,583,,Centre-Forward,21,31.0,31,2387.0
ligue-1,2020-2021,Paris Saint-Germain,583,,Centre-Forward,20,30.0,26,1710.0
ligue-1,2020-2021,Paris Saint-Germain,583,,Centre-Forward,18,4.0,1,74.0
ligue-1,2020-2021,Paris Saint-Germain,583,,Left Winger,16,,0,0.0
ligue-1,2020-2021,Paris Saint-Germain,583,,Centre-Forward,27,21.0,20,1083.0
ligue-1,2020-2021,Paris Saint-Germain,583,,Left Winger,26,29.0,24,1062.0
ligue-1,2020-2021,Paris Saint-Germain,583,,Right Winger,32,29.0,27,1865.0
ligue-1,2020-2021,Paris Saint-Germain,583,,Centre-Forward,18,1.0,1,1.0
ligue-1,2020-2021,Paris Saint-Germain,583,,Left Winger,27,4.0,2,24.0
ligue-1,2020-2021,Olympique Lyon,1041,,Goalkeeper,21,3.0,0,0.0
ligue-1,2020-2021,Olympique Lyon,1041,,Goalkeeper,29,38.0,38,3420.0
ligue-1,2020-2021,Olympique Lyon,1041,,Goalkeeper,25,33.0,0,0.0
ligue-1,2020-2021,Olympique Lyon,1041,,Goalkeeper,21,1.0,0,0.0
ligue-1,2020-2021,Olympique Lyon,1041,,Goalkeeper,34,1.0,0,0.0
ligue-1,2020-2021,Olympique Lyon,1041,,Centre-Back,17,1.0,0,0.0
ligue-1,2020-2021,Olympique Lyon,1041,,Right-Back,17,13.0,2,2.0
ligue-1,2020-2021,Olympique Lyon,1041,,Centre-Back,24,6.0,3,191.0
ligue-1,2020-2021,Olympique Lyon,1041,,Left-Back,19,34.0,14,434.0
ligue-1,2020-2021,Olympique Lyon,1041,,Right-Back,24,1.0,1,20.0
ligue-1,2020-2021,Olympique Lyon,1041,,Centre-Back,18,2.0,0,0.0
ligue-1,2020-2021,Olympique Lyon,1041,,Centre-Back,19,36.0,27,1117.0
ligue-1,2020-2021,Olympique Lyon,1041,,Centre-Back,19,4.0,0,0.0
ligue-1,2020-2021,Olympique Lyon,1041,,Centre-Back,25,33.0,31,2619.0
ligue-1,2020-2021,Olympique Lyon,1041,,Right-Back,27,29.0,29,1458.0
ligue-1,2020-2021,Olympique Lyon,1041,,Left-Back,24,2.0,0,0.0
ligue-1,2020-2021,Olympique Lyon,1041,,Left-Back,31,1.0,1,79.0
ligue-1,2020-2021,Olympique Lyon,1041,,Centre-Back,30,25.0,6,143.0
ligue-1,2020-2021,Olympique Lyon,1041,,Centre-Back,33,34.0,34,2913.0
ligue-1,2020-2021,Olympique Lyon,1041,,Right-Back,25,38.0,37,2918.0
ligue-1,2020-2021,Olympique Lyon,1041,,Attacking Midfield,16,37.0,27,679.0
ligue-1,2020-2021,Olympique Lyon,1041,,Central Midfield,22,35.0,33,1759.0
ligue-1,2020-2021,Olympique Lyon,1041,,Attacking Midfield,22,31.0,30,2287.0
ligue-1,2020-2021,Olympique Lyon,1041,,Central Midfield,22,18.0,8,167.0
ligue-1,2020-2021,Olympique Lyon,1041,,Central Midfield,20,35.0,29,1771.0
ligue-1,2020-2021,Olympique Lyon,1041,,Attacking Midfield,22,31.0,30,1789.0
ligue-1,2020-2021,Olympique Lyon,1041,,Central Midfield,18,2.0,1,5.0
ligue-1,2020-2021,Olympique Lyon,1041,,Defensive Midfield,21,1.0,0,0.0
ligue-1,2020-2021,Olympique Lyon,1041,,Defensive Midfield,28,33.0,32,2240.0
ligue-1,2020-2021,Olympique Lyon,1041,,Central Midfield,17,5.0,1,2.0
ligue-1,2020-2021,Olympique Lyon,1041,,Attacking Midfield,22,1.0,1,23.0
ligue-1,2020-2021,Olympique Lyon,1041,,Centre-Forward,23,16.0,16,680.0
ligue-1,2020-2021,Olympique Lyon,1041,,Centre-Forward,26,37.0,37,2933.0
ligue-1,2020-2021,Olympique Lyon,1041,,Right Winger,24,2.0,0,0.0
ligue-1,2020-2021,Olympique Lyon,1041,,Left Winger,23,36.0,36,2464.0
ligue-1,2020-2021,Olympique Lyon,1041,,Centre-Forward,24,33.0,33,2021.0
ligue-1,2020-2021,Olympique Lyon,1041,,Centre-Forward,27,35.0,35,2831.0
ligue-1,2020-2021,Olympique Lyon,1041,,Centre-Forward,32,18.0,18,569.0
ligue-1,2020-2021,Olympique Lyon,1041,,Centre-Forward,17,,0,0.0
ligue-1,2020-2021,Olympique Lyon,1041,,Right Winger,20,13.0,3,3.0
ligue-1,2020-2021,AS Monaco,162,,Goalkeeper,20,28.0,1,90.0
ligue-1,2020-2021,AS Monaco,162,,Goalkeeper,29,28.0,28,2520.0
ligue-1,2020-2021,AS Monaco,162,,Goalkeeper,32,22.0,9,810.0
ligue-1,2020-2021,AS Monaco,162,,Centre-Back,19,6.0,1,1.0
ligue-1,2020-2021,AS Monaco,162,,Centre-Back,18,25.0,9,349.0
ligue-1,2020-2021,AS Monaco,162,,Centre-Back,22,35.0,29,2016.0
ligue-1,2020-2021,AS Monaco,162,,Centre-Back,19,38.0,35,2871.0
ligue-1,2020-2021,AS Monaco,162,,Left-Back,22,32.0,31,2375.0
ligue-1,2020-2021,AS Monaco,162,,Centre-Back,20,4.0,2,93.0
ligue-1,2020-2021,AS Monaco,162,,Right-Back,27,35.0,33,2228.0
ligue-1,2020-2021,AS Monaco,162,,Centre-Back,26,33.0,28,2087.0
ligue-1,2020-2021,AS Monaco,162,,Right-Back,27,30.0,30,1976.0
ligue-1,2020-2021,AS Monaco,162,,Left-Back,23,33.0,24,648.0
ligue-1,2020-2021,AS Monaco,162,,Left-Back,22,,0,0.0
ligue-1,2020-2021,AS Monaco,162,,Defensive Midfield,20,36.0,36,3073.0
ligue-1,2020-2021,AS Monaco,162,,Attacking Midfield,17,16.0,2,39.0
ligue-1,2020-2021,AS Monaco,162,,Defensive Midfield,21,36.0,35,2883.0
ligue-1,2020-2021,AS Monaco,162,,Attacking Midfield,24,21.0,21,1072.0
ligue-1,2020-2021,AS Monaco,162,,Defensive Midfield,20,15.0,9,243.0
ligue-1,2020-2021,AS Monaco,162,,Right Midfield,21,13.0,12,383.0
ligue-1,2020-2021,AS Monaco,162,,Central Midfield,18,29.0,10,312.0
ligue-1,2020-2021,AS Monaco,162,,Defensive Midfield,26,3.0,2,34.0
ligue-1,2020-2021,AS Monaco,162,,Defensive Midfield,23,,0,0.0
ligue-1,2020-2021,AS Monaco,162,,Central Midfield,33,26.0,21,874.0
ligue-1,2020-2021,AS Monaco,162,,Attacking Midfield,27,35.0,35,2794.0
ligue-1,2020-2021,AS Monaco,162,,Left Winger,20,32.0,32,2034.0
ligue-1,2020-2021,AS Monaco,162,,Centre-Forward,18,21.0,14,283.0
ligue-1,2020-2021,AS Monaco,162,,Right Winger,25,25.0,23,1559.0
ligue-1,2020-2021,AS Monaco,162,,Left Winger,23,6.0,4,139.0
ligue-1,2020-2021,AS Monaco,162,,Centre-Forward,29,37.0,37,2626.0
ligue-1,2020-2021,AS Monaco,162,,Centre-Forward,19,25.0,16,219.0
ligue-1,2020-2021,AS Monaco,162,,Second Striker,30,32.0,29,788.0
ligue-1,2020-2021,AS Monaco,162,,Left Winger,18,1.0,0,0.0
ligue-1,2020-2021,LOSC Lille,1082,,Goalkeeper,18,14.0,0,0.0
ligue-1,2020-2021,LOSC Lille,1082,,Goalkeeper,24,38.0,38,3420.0
ligue-1,2020-2021,LOSC Lille,1082,,Goalkeeper,34,25.0,0,0.0
ligue-1,2020-2021,LOSC Lille,1082,,Centre-Back,20,38.0,37,3311.0
ligue-1,2020-2021,LOSC Lille,1082,,Right-Back,23,30.0,29,2389.0
ligue-1,2020-2021,LOSC Lille,1082,,Centre-Back,20,34.0,17,867.0
ligue-1,2020-2021,LOSC Lille,1082,,Left-Back,26,34.0,29,2182.0
ligue-1,2020-2021,LOSC Lille,1082,,Left-Back,20,37.0,26,1257.0
ligue-1,2020-2021,LOSC Lille,1082,,Right-Back,17,4.0,0,0.0
ligue-1,2020-2021,LOSC Lille,1082,,Centre-Back,18,5.0,0,0.0
ligue-1,2020-2021,LOSC Lille,1082,,Centre-Back,28,10.0,3,143.0
ligue-1,2020-2021,LOSC Lille,1082,,Centre-Back,36,36.0,36,3187.0
ligue-1,2020-2021,LOSC Lille,1082,,Right-Back,31,23.0,6,320.0
ligue-1,2020-2021,LOSC Lille,1082,,Right Midfield,20,34.0,28,864.0
ligue-1,2020-2021,LOSC Lille,1082,,Defensive Midfield,21,37.0,32,1926.0
ligue-1,2020-2021,LOSC Lille,1082,,Attacking Midfield,23,33.0,32,1076.0
ligue-1,2020-2021,LOSC Lille,1082,,Defensive Midfield,29,35.0,35,2902.0
ligue-1,2020-2021,LOSC Lille,1082,,Defensive Midfield,20,14.0,0,0.0
ligue-1,2020-2021,LOSC Lille,1082,,Central Midfield,22,25.0,23,1271.0
ligue-1,2020-2021,LOSC Lille,1082,,Attacking Midfield,19,,0,0.0
ligue-1,2020-2021,LOSC Lille,1082,,Central Midfield,25,34.0,33,1186.0
ligue-1,2020-2021,LOSC Lille,1082,,Central Midfield,16,4.0,0,0.0
ligue-1,2020-2021,LOSC Lille,1082,,Defensive Midfield,18,9.0,0,0.0
ligue-1,2020-2021,LOSC Lille,1082,,Central Midfield,17,,0,0.0
ligue-1,2020-2021,LOSC Lille,1082,,Centre-Forward,20,37.0,37,2368.0
ligue-1,2020-2021,LOSC Lille,1082,,Right Winger,24,30.0,28,1501.0
ligue-1,2020-2021,LOSC Lille,1082,,Right Winger,22,37.0,37,2186.0
ligue-1,2020-2021,LOSC Lille,1082,,Left Winger,24,38.0,38,2994.0
ligue-1,2020-2021,LOSC Lille,1082,,Centre-Forward,18,1.0,0,0.0
ligue-1,2020-2021,LOSC Lille,1082,,Centre-Forward,17,1.0,0,0.0
ligue-1,2020-2021,LOSC Lille,1082,,Right Winger,18,32.0,15,186.0
ligue-1,2020-2021,LOSC Lille,1082,,Centre-Forward,34,28.0,28,2061.0
ligue-1,2020-2021,Stade Rennais FC,273,,Goalkeeper,28,1.0,1,90.0
ligue-1,2020-2021,Stade Rennais FC,273,,Goalkeeper,26,26.0,22,1980.0
ligue-1,2020-2021,Stade Rennais FC,273,,Goalkeeper,35,36.0,15,1350.0
ligue-1,2020-2021,Stade Rennais FC,273,,Goalkeeper,17,13.0,0,0.0
ligue-1,2020-2021,Stade Rennais FC,273,,Left-Back,18,33.0,29,1959.0
ligue-1,2020-2021,Stade Rennais FC,273,,Centre-Back,24,35.0,35,3148.0
ligue-1,2020-2021,Stade Rennais FC,273,,Centre-Back,20,2.0,0,0.0
ligue-1,2020-2021,Stade Rennais FC,273,,Right-Back,19,3.0,2,125.0
ligue-1,2020-2021,Stade Rennais FC,273,,Right-Back,20,7.0,0,0.0
ligue-1,2020-2021,Stade Rennais FC,273,,Centre-Back,20,1.0,0,0.0
ligue-1,2020-2021,Stade Rennais FC,273,,Centre-Back,23,30.0,14,868.0
ligue-1,2020-2021,Stade Rennais FC,273,,Centre-Back,25,3.0,1,90.0
ligue-1,2020-2021,Stade Rennais FC,273,,Right-Back,28,35.0,35,3003.0
ligue-1,2020-2021,Stade Rennais FC,273,,Left-Back,21,26.0,23,1179.0
ligue-1,2020-2021,Stade Rennais FC,273,,Left-Back,26,23.0,13,364.0
ligue-1,2020-2021,Stade Rennais FC,273,,Centre-Back,32,33.0,30,2665.0
ligue-1,2020-2021,Stade Rennais FC,273,,Central Midfield,17,35.0,35,2412.0
ligue-1,2020-2021,Stade Rennais FC,273,,Defensive Midfield,16,6.0,3,64.0
ligue-1,2020-2021,Stade Rennais FC,273,,Central Midfield,17,2.0,1,11.0
ligue-1,2020-2021,Stade Rennais FC,273,,Central Midfield,26,37.0,37,2558.0
ligue-1,2020-2021,Stade Rennais FC,273,,Right Midfield,18,31.0,9,555.0
ligue-1,2020-2021,Stade Rennais FC,273,,Defensive Midfield,23,6.0,0,0.0
ligue-1,2020-2021,Stade Rennais FC,273,,Defensive Midfield,31,35.0,34,2910.0
ligue-1,2020-2021,Stade Rennais FC,273,,Central Midfield,27,28.0,23,1370.0
ligue-1,2020-2021,Stade Rennais FC,273,,Defensive Midfield,30,20.0,12,480.0
ligue-1,2020-2021,Stade Rennais FC,273,,Central Midfield,24,16.0,7,256.0
ligue-1,2020-2021,Stade Rennais FC,273,,Central Midfield,29,27.0,23,1088.0
ligue-1,2020-2021,Stade Rennais FC,273,,Left Winger,18,30.0,30,2318.0
ligue-1,2020-2021,Stade Rennais FC,273,,Left Winger,23,6.0,6,407.0
ligue-1,2020-2021,Stade Rennais FC,273,,Centre-Forward,24,27.0,27,1773.0
ligue-1,2020-2021,Stade Rennais FC,273,,Centre-Forward,18,9.0,4,41.0
ligue-1,2020-2021,Stade Rennais FC,273,,Centre-Forward,17,4.0,1,1.0
ligue-1,2020-2021,Stade Rennais FC,273,,Left Winger,19,24.0,10,298.0
ligue-1,2020-2021,Stade Rennais FC,273,,Left Winger,23,34.0,34,2456.0
ligue-1,2020-2021,Stade Rennais FC,273,,Right Winger,24,32.0,25,636.0
ligue-1,2020-2021,Stade Rennais FC,273,,Centre-Forward,25,11.0,9,422.0
ligue-1,2020-2021,Stade Rennais FC,273,,Centre-Forward,26,33.0,20,593.0
ligue-1,2020-2021,Olympique Marseille,244,,Goalkeeper,17,8.0,0,0.0
ligue-1,2020-2021,Olympique Marseille,244,,Goalkeeper,17,2.0,0,0.0
ligue-1,2020-2021,Olympique Marseille,244,,Goalkeeper,37,35.0,1,90.0
ligue-1,2020-2021,Olympique Marseille,244,,Goalkeeper,35,37.0,37,3330.0
ligue-1,2020-2021,Olympique Marseille,244,,Centre-Back,21,36.0,21,1634.0
ligue-1,2020-2021,Olympique Marseille,244,,Centre-Back,23,33.0,33,2816.0
ligue-1,2020-2021,Olympique Marseille,244,,Centre-Back,21,25.0,7,305.0
ligue-1,2020-2021,Olympique Marseille,244,,Right-Back,22,19.0,19,1554.0
ligue-1,2020-2021,Olympique Marseille,244,,Left-Back,26,15.0,13,815.0
ligue-1,2020-2021,Olympique Marseille,244,,Right-Back,30,30.0,29,2386.0
ligue-1,2020-2021,Olympique Marseille,244,,Right-Back,28,2.0,2,75.0
ligue-1,2020-2021,Olympique Marseille,244,,Left-Back,22,5.0,2,20.0
ligue-1,2020-2021,Olympique Marseille,244,,Left-Back,33,33.0,25,1602.0
ligue-1,2020-2021,Olympique Marseille,244,,Centre-Back,18,2.0,0,0.0
ligue-1,2020-2021,Olympique Marseille,244,,Centre-Back,30,32.0,32,2834.0
ligue-1,2020-2021,Olympique Marseille,244,,Defensive Midfield,20,35.0,35,2905.0
ligue-1,2020-2021,Olympique Marseille,244,,Central Midfield,21,34.0,32,2055.0
ligue-1,2020-2021,Olympique Marseille,244,,Right Midfield,18,30.0,19,668.0
ligue-1,2020-2021,Olympique Marseille,244,,Defensive Midfield,18,3.0,0,0.0
ligue-1,2020-2021,Olympique Marseille,244,,Central Midfield,25,27.0,26,1894.0
ligue-1,2020-2021,Olympique Marseille,244,,Defensive Midfield,22,6.0,4,133.0
ligue-1,2020-2021,Olympique Marseille,244,,Central Midfield,25,12.0,12,830.0
ligue-1,2020-2021,Olympique Marseille,244,,Left Midfield,17,5.0,1,9.0
ligue-1,2020-2021,Olympique Marseille,244,,Central Midfield,20,28.0,23,1034.0
ligue-1,2020-2021,Olympique Marseille,244,,Central Midfield,24,13.0,4,118.0
ligue-1,2020-2021,Olympique Marseille,244,,Attacking Midfield,25,29.0,17,601.0
ligue-1,2020-2021,Olympique Marseille,244,,Central Midfield,30,17.0,11,224.0
ligue-1,2020-2021,Olympique Marseille,244,,Central Midfield,16,1.0,0,0.0
ligue-1,2020-2021,Olympique Marseille,244,,Attacking Midfield,33,33.0,33,2428.0
ligue-1,2020-2021,Olympique Marseille,244,,Attacking Midfield,16,4.0,0,0.0
ligue-1,2020-2021,Olympique Marseille,244,,Centre-Forward,20,11.0,5,127.0
ligue-1,2020-2021,Olympique Marseille,244,,Right Winger,27,36.0,36,2750.0
ligue-1,2020-2021,Olympique Marseille,244,,Left Winger,19,20.0,9,138.0
ligue-1,2020-2021,Olympique Marseille,244,,Centre-Forward,26,15.0,15,1225.0
ligue-1,2020-2021,Olympique Marseille,244,,Left Winger,24,16.0,12,391.0
ligue-1,2020-2021,Olympique Marseille,244,,Centre-Forward,30,34.0,32,1582.0
ligue-1,2020-2021,Olympique Marseille,244,,Centre-Forward,30,36.0,24,846.0
ligue-1,2020-2021,OGC Nice,417,,Goalkeeper,27,38.0,38,3420.0
ligue-1,2020-2021,OGC Nice,417,,Goalkeeper,19,2.0,0,0.0
ligue-1,2020-2021,OGC Nice,417,,Goalkeeper,26,37.0,0,0.0
ligue-1,2020-2021,OGC Nice,417,,Goalkeeper,19,,0,0.0
ligue-1,2020-2021,OGC Nice,417,,Centre-Back,19,20.0,20,1800.0
ligue-1,2020-2021,OGC Nice,417,,Centre-Back,20,15.0,15,1332.0
ligue-1,2020-2021,OGC Nice,417,,Centre-Back,16,1.0,0,0.0
ligue-1,2020-2021,OGC Nice,417,,Centre-Back,19,37.0,23,1475.0
ligue-1,2020-2021,OGC Nice,417,,Right-Back,21,31.0,30,2128.0
ligue-1,2020-2021,OGC Nice,417,,Left-Back,26,36.0,36,2966.0
ligue-1,2020-2021,OGC Nice,417,,Centre-Back,22,32.0,15,1046.0
ligue-1,2020-2021,OGC Nice,417,,Centre-Back,21,31.0,18,1244.0
ligue-1,2020-2021,OGC Nice,417,,Right-Back,24,18.0,18,962.0
ligue-1,2020-2021,OGC Nice,417,,Centre-Back,20,34.0,19,1201.0
ligue-1,2020-2021,OGC Nice,417,,Right-Back,18,6.0,0,0.0
ligue-1,2020-2021,OGC Nice,417,,Right-Back,24,2.0,1,1.0
ligue-1,2020-2021,OGC Nice,417,,Left-Back,24,5.0,1,16.0
ligue-1,2020-2021,OGC Nice,417,,Centre-Back,18,,0,0.0
ligue-1,2020-2021,OGC Nice,417,,Centre-Back,19,2.0,0,0.0
ligue-1,2020-2021,OGC Nice,417,,Centre-Back,36,9.0,9,775.0
ligue-1,2020-2021,OGC Nice,417,,Central Midfield,19,35.0,29,1491.0
ligue-1,2020-2021,OGC Nice,417,,Attacking Midfield,22,33.0,30,1908.0
ligue-1,2020-2021,OGC Nice,417,,Central Midfield,20,26.0,25,1748.0
ligue-1,2020-2021,OGC Nice,417,,Defensive Midfield,27,30.0,29,2065.0
ligue-1,2020-2021,OGC Nice,417,,Defensive Midfield,24,5.0,4,250.0
ligue-1,2020-2021,OGC Nice,417,,Attacking Midfield,20,14.0,4,62.0
ligue-1,2020-2021,OGC Nice,417,,Central Midfield,19,31.0,5,105.0
ligue-1,2020-2021,OGC Nice,417,,Attacking Midfield,22,14.0,14,1060.0
ligue-1,2020-2021,OGC Nice,417,,Attacking Midfield,20,6.0,4,96.0
ligue-1,2020-2021,OGC Nice,417,,Attacking Midfield,20,1.0,0,0.0
ligue-1,2020-2021,OGC Nice,417,,Central Midfield,18,2.0,0,0.0
ligue-1,2020-2021,OGC Nice,417,,Defensive Midfield,30,30.0,28,2197.0
ligue-1,2020-2021,OGC Nice,417,,Right Winger,19,37.0,28,530.0
ligue-1,2020-2021,OGC Nice,417,,Centre-Forward,20,34.0,34,2757.0
ligue-1,2020-2021,OGC Nice,417,,Right Winger,19,4.0,3,27.0
ligue-1,2020-2021,OGC Nice,417,,Centre-Forward,22,25.0,25,1931.0
ligue-1,2020-2021,OGC Nice,417,,Right Winger,24,30.0,28,1804.0
ligue-1,2020-2021,OGC Nice,417,,Right Winger,20,6.0,2,32.0
ligue-1,2020-2021,OGC Nice,417,,Left Winger,21,23.0,19,1083.0
ligue-1,2020-2021,OGC Nice,417,,Left Winger,17,9.0,1,6.0
ligue-1,2020-2021,OGC Nice,417,,Left Winger,17,,0,0.0
ligue-1,2020-2021,AS Saint-Étienne,618,,Goalkeeper,19,11.0,8,720.0
ligue-1,2020-2021,AS Saint-Étienne,618,,Goalkeeper,18,30.0,1,90.0
ligue-1,2020-2021,AS Saint-Étienne,618,,Goalkeeper,16,1.0,0,0.0
ligue-1,2020-2021,AS Saint-Étienne,618,,Goalkeeper,19,4.0,0,0.0
ligue-1,2020-2021,AS Saint-Étienne,618,,Goalkeeper,34,29.0,29,2610.0
ligue-1,2020-2021,AS Saint-Étienne,618,,Centre-Back,19,4.0,4,315.0
ligue-1,2020-2021,AS Saint-Étienne,618,,Centre-Back,21,6.0,4,273.0
ligue-1,2020-2021,AS Saint-Étienne,618,,Centre-Back,22,29.0,26,2277.0
ligue-1,2020-2021,AS Saint-Étienne,618,,Centre-Back,17,33.0,15,997.0
ligue-1,2020-2021,AS Saint-Étienne,618,,Right-Back,23,20.0,9,472.0
ligue-1,2020-2021,AS Saint-Étienne,618,,Right-Back,21,6.0,6,540.0
ligue-1,2020-2021,AS Saint-Étienne,618,,Centre-Back,18,6.0,1,42.0
ligue-1,2020-2021,AS Saint-Étienne,618,,Centre-Back,24,15.0,14,1260.0
ligue-1,2020-2021,AS Saint-Étienne,618,,Centre-Back,17,1.0,0,0.0
ligue-1,2020-2021,AS Saint-Étienne,618,,Left-Back,27,28.0,26,2035.0
ligue-1,2020-2021,AS Saint-Étienne,618,,Centre-Back,28,32.0,24,2038.0
ligue-1,2020-2021,AS Saint-Étienne,618,,Left-Back,29,12.0,4,356.0
ligue-1,2020-2021,AS Saint-Étienne,618,,Right-Back,34,26.0,26,2108.0
ligue-1,2020-2021,AS Saint-Étienne,618,,Central Midfield,22,37.0,37,3295.0
ligue-1,2020-2021,AS Saint-Étienne,618,,Central Midfield,20,35.0,29,1222.0
ligue-1,2020-2021,AS Saint-Étienne,618,,Defensive Midfield,16,37.0,30,1316.0
ligue-1,2020-2021,AS Saint-Étienne,618,,Attacking Midfield,17,36.0,34,1736.0
ligue-1,2020-2021,AS Saint-Étienne,618,,Defensive Midfield,23,31.0,31,2452.0
ligue-1,2020-2021,AS Saint-Étienne,618,,Central Midfield,19,30.0,19,733.0
ligue-1,2020-2021,AS Saint-Étienne,618,,Defensive Midfield,22,1.0,1,1.0
ligue-1,2020-2021,AS Saint-Étienne,618,,Attacking Midfield,30,18.0,14,651.0
ligue-1,2020-2021,AS Saint-Étienne,618,,Attacking Midfield,19,6.0,3,72.0
ligue-1,2020-2021,AS Saint-Étienne,618,,Defensive Midfield,30,1.0,1,20.0
ligue-1,2020-2021,AS Saint-Étienne,618,,Defensive Midfield,22,4.0,1,4.0
ligue-1,2020-2021,AS Saint-Étienne,618,,Central Midfield,20,3.0,2,134.0
ligue-1,2020-2021,AS Saint-Étienne,618,,Left Winger,25,36.0,36,2737.0
ligue-1,2020-2021,AS Saint-Étienne,618,,Right Winger,22,32.0,32,1783.0
ligue-1,2020-2021,AS Saint-Étienne,618,,Centre-Forward,22,13.0,6,220.0
ligue-1,2020-2021,AS Saint-Étienne,618,,Left Winger,18,27.0,17,224.0
ligue-1,2020-2021,AS Saint-Étienne,618,,Centre-Forward,20,26.0,24,904.0
ligue-1,2020-2021,AS Saint-Étienne,618,,Left Winger,18,1.0,1,10.0
ligue-1,2020-2021,AS Saint-Étienne,618,,Left Winger,17,1.0,1,29.0
ligue-1,2020-2021,AS Saint-Étienne,618,,Left Winger,18,1.0,1,12.0
ligue-1,2020-2021,AS Saint-Étienne,618,,Centre-Forward,32,8.0,7,294.0
ligue-1,2020-2021,AS Saint-Étienne,618,,Second Striker,19,4.0,3,18.0
ligue-1,2020-2021,AS Saint-Étienne,618,,Left Winger,29,23.0,22,1193.0
ligue-1,2020-2021,AS Saint-Étienne,618,,Right Winger,33,29.0,29,1773.0
ligue-1,2020-2021,AS Saint-Étienne,618,,Left Winger,31,25.0,16,559.0
ligue-1,2020-2021,Montpellier HSC,969,,Goalkeeper,26,31.0,31,2674.0
ligue-1,2020-2021,Montpellier HSC,969,,Goalkeeper,22,34.0,9,744.0
ligue-1,2020-2021,Montpellier HSC,969,,Goalkeeper,21,11.0,0,0.0
ligue-1,2020-2021,Montpellier HSC,969,,Centre-Back,18,2.0,0,0.0
ligue-1,2020-2021,Montpellier HSC,969,,Centre-Back,21,37.0,20,1377.0
ligue-1,2020-2021,Montpellier HSC,969,,Centre-Back,20,13.0,2,86.0
ligue-1,2020-2021,Montpellier HSC,969,,Right-Back,20,2.0,0,0.0
ligue-1,2020-2021,Montpellier HSC,969,,Left-Back,24,34.0,34,2247.0
ligue-1,2020-2021,Montpellier HSC,969,,Right-Back,23,38.0,36,2446.0
ligue-1,2020-2021,Montpellier HSC,969,,Centre-Back,24,,0,0.0
ligue-1,2020-2021,Montpellier HSC,969,,Right-Back,28,34.0,23,1224.0
ligue-1,2020-2021,Montpellier HSC,969,,Left-Back,29,20.0,13,552.0
ligue-1,2020-2021,Montpellier HSC,969,,Centre-Back,35,38.0,38,3296.0
ligue-1,2020-2021,Montpellier HSC,969,,Centre-Back,42,32.0,29,2114.0
ligue-1,2020-2021,Montpellier HSC,969,,Centre-Back,29,29.0,22,1629.0
ligue-1,2020-2021,Montpellier HSC,969,,Left-Back,19,,0,0.0
ligue-1,2020-2021,Montpellier HSC,969,,Defensive Midfield,18,36.0,29,1155.0
ligue-1,2020-2021,Montpellier HSC,969,,Attacking Midfield,28,27.0,27,2175.0
ligue-1,2020-2021,Montpellier HSC,969,,Defensive Midfield,20,12.0,5,38.0
ligue-1,2020-2021,Montpellier HSC,969,,Central Midfield,28,34.0,34,2591.0
ligue-1,2020-2021,Montpellier HSC,969,,Attacking Midfield,18,1.0,1,6.0
ligue-1,2020-2021,Montpellier HSC,969,,Attacking Midfield,28,34.0,34,2370.0
ligue-1,2020-2021,Montpellier HSC,969,,Defensive Midfield,30,29.0,23,1233.0
ligue-1,2020-2021,Montpellier HSC,969,,Centre-Forward,17,23.0,18,544.0
ligue-1,2020-2021,Montpellier HSC,969,,Left Winger,22,35.0,35,2038.0
ligue-1,2020-2021,Montpellier HSC,969,,Centre-Forward,26,38.0,38,3270.0
ligue-1,2020-2021,Montpellier HSC,969,,Left Winger,19,1.0,0,0.0
ligue-1,2020-2021,Montpellier HSC,969,,Left Winger,28,30.0,12,306.0
ligue-1,2020-2021,Montpellier HSC,969,,Left Winger,17,,0,0.0
ligue-1,2020-2021,Montpellier HSC,969,,Left Winger,27,35.0,18,442.0
ligue-1,2020-2021,Montpellier HSC,969,,Centre-Forward,18,3.0,0,0.0
ligue-1,2020-2021,Montpellier HSC,969,,Centre-Forward,28,30.0,30,2492.0
ligue-1,2020-2021,Montpellier HSC,969,,Left Winger,21,1.0,0,0.0
ligue-1,2020-2021,Montpellier HSC,969,,Centre-Forward,30,33.0,19,218.0
ligue-1,2020-2021,Angers SCO,1420,,Goalkeeper,23,38.0,38,3420.0
ligue-1,2020-2021,Angers SCO,1420,,Goalkeeper,27,1.0,0,0.0
ligue-1,2020-2021,Angers SCO,1420,,Goalkeeper,37,37.0,0,0.0
ligue-1,2020-2021,Angers SCO,1420,,Left-Back,19,3.0,3,187.0
ligue-1,2020-2021,Angers SCO,1420,,Centre-Back,17,6.0,0,0.0
ligue-1,2020-2021,Angers SCO,1420,,Centre-Back,21,9.0,6,261.0
ligue-1,2020-2021,Angers SCO,1420,,Centre-Back,19,3.0,0,0.0
ligue-1,2020-2021,Angers SCO,1420,,Left-Back,23,28.0,27,2220.0
ligue-1,2020-2021,Angers SCO,1420,,Left-Back,20,3.0,0,0.0
ligue-1,2020-2021,Angers SCO,1420,,Centre-Back,19,1.0,0,0.0
ligue-1,2020-2021,Angers SCO,1420,,Centre-Back,30,35.0,14,1103.0
ligue-1,2020-2021,Angers SCO,1420,,Centre-Back,33,35.0,34,2994.0
ligue-1,2020-2021,Angers SCO,1420,,Centre-Back,32,35.0,34,3026.0
ligue-1,2020-2021,Angers SCO,1420,,Centre-Back,30,31.0,16,1349.0
ligue-1,2020-2021,Angers SCO,1420,,Right-Back,30,32.0,27,2308.0
ligue-1,2020-2021,Angers SCO,1420,,Attacking Midfield,23,33.0,33,2741.0
ligue-1,2020-2021,Angers SCO,1420,,Defensive Midfield,25,3.0,3,270.0
ligue-1,2020-2021,Angers SCO,1420,,Central Midfield,24,30.0,29,1686.0
ligue-1,2020-2021,Angers SCO,1420,,Attacking Midfield,26,14.0,14,736.0
ligue-1,2020-2021,Angers SCO,1420,,Central Midfield,18,15.0,2,36.0
ligue-1,2020-2021,Angers SCO,1420,,Defensive Midfield,27,24.0,24,1513.0
ligue-1,2020-2021,Angers SCO,1420,,Central Midfield,24,38.0,23,906.0
ligue-1,2020-2021,Angers SCO,1420,,Defensive Midfield,20,15.0,3,35.0
ligue-1,2020-2021,Angers SCO,1420,,Central Midfield,33,36.0,35,2702.0
ligue-1,2020-2021,Angers SCO,1420,,Right Midfield,26,24.0,22,940.0
ligue-1,2020-2021,Angers SCO,1420,,Central Midfield,33,36.0,35,2052.0
ligue-1,2020-2021,Angers SCO,1420,,Right Winger,16,31.0,21,331.0
ligue-1,2020-2021,Angers SCO,1420,,Centre-Forward,22,2.0,2,134.0
ligue-1,2020-2021,Angers SCO,1420,,Left Winger,23,29.0,28,1472.0
ligue-1,2020-2021,Angers SCO,1420,,Left Winger,22,24.0,17,405.0
ligue-1,2020-2021,Angers SCO,1420,,Centre-Forward,27,36.0,36,1752.0
ligue-1,2020-2021,Angers SCO,1420,,Left Winger,18,7.0,2,19.0
ligue-1,2020-2021,Angers SCO,1420,,Centre-Forward,21,1.0,1,14.0
ligue-1,2020-2021,Angers SCO,1420,,Centre-Forward,28,30.0,30,1621.0
ligue-1,2020-2021,Angers SCO,1420,,Centre-Forward,26,,0,0.0
ligue-1,2020-2021,Angers SCO,1420,,Centre-Forward,27,1.0,1,22.0
ligue-1,2020-2021,Angers SCO,1420,,Centre-Forward,28,1.0,1,14.0
ligue-1,2020-2021,Angers SCO,1420,,Right Winger,25,29.0,27,1252.0
ligue-1,2020-2021,RC Strasbourg Alsace,667,,Goalkeeper,28,8.0,6,540.0
ligue-1,2020-2021,RC Strasbourg Alsace,667,,Goalkeeper,19,8.0,0,0.0
ligue-1,2020-2021,RC Strasbourg Alsace,667,,Goalkeeper,23,22.0,8,720.0
ligue-1,2020-2021,RC Strasbourg Alsace,667,,Goalkeeper,37,38.0,24,2160.0
ligue-1,2020-2021,RC Strasbourg Alsace,667,,Centre-Back,20,19.0,19,1618.0
ligue-1,2020-2021,RC Strasbourg Alsace,667,,Right-Back,23,38.0,33,2806.0
ligue-1,2020-2021,RC Strasbourg Alsace,667,,Centre-Back,17,5.0,0,0.0
ligue-1,2020-2021,RC Strasbourg Alsace,667,,Centre-Back,25,30.0,30,2556.0
ligue-1,2020-2021,RC Strasbourg Alsace,667,,Right-Back,19,3.0,0,0.0
ligue-1,2020-2021,RC Strasbourg Alsace,667,,Right-Back,28,21.0,21,1837.0
ligue-1,2020-2021,RC Strasbourg Alsace,667,,Right-Back,25,13.0,13,1116.0
ligue-1,2020-2021,RC Strasbourg Alsace,667,,Centre-Back,30,35.0,32,2785.0
ligue-1,2020-2021,RC Strasbourg Alsace,667,,Left-Back,29,38.0,27,1333.0
ligue-1,2020-2021,RC Strasbourg Alsace,667,,Centre-Back,21,20.0,2,9.0
ligue-1,2020-2021,RC Strasbourg Alsace,667,,Centre-Back,20,6.0,0,0.0
ligue-1,2020-2021,RC Strasbourg Alsace,667,,Centre-Back,31,24.0,15,1042.0
ligue-1,2020-2021,RC Strasbourg Alsace,667,,Central Midfield,22,36.0,35,2051.0
ligue-1,2020-2021,RC Strasbourg Alsace,667,,Central Midfield,26,37.0,37,2639.0
ligue-1,2020-2021,RC Strasbourg Alsace,667,,Defensive Midfield,22,36.0,36,2584.0
ligue-1,2020-2021,RC Strasbourg Alsace,667,,Defensive Midfield,26,27.0,27,2201.0
ligue-1,2020-2021,RC Strasbourg Alsace,667,,Attacking Midfield,20,16.0,0,0.0
ligue-1,2020-2021,RC Strasbourg Alsace,667,,Defensive Midfield,23,26.0,7,18.0
ligue-1,2020-2021,RC Strasbourg Alsace,667,,Attacking Midfield,19,1.0,0,0.0
ligue-1,2020-2021,RC Strasbourg Alsace,667,,Central Midfield,32,34.0,34,1831.0
ligue-1,2020-2021,RC Strasbourg Alsace,667,,Central Midfield,26,36.0,14,346.0
ligue-1,2020-2021,RC Strasbourg Alsace,667,,Centre-Forward,25,32.0,32,2333.0
ligue-1,2020-2021,RC Strasbourg Alsace,667,,Centre-Forward,26,36.0,35,2972.0
ligue-1,2020-2021,RC Strasbourg Alsace,667,,Centre-Forward,18,7.0,6,90.0
ligue-1,2020-2021,RC Strasbourg Alsace,667,,Centre-Forward,24,,0,0.0
ligue-1,2020-2021,RC Strasbourg Alsace,667,,Centre-Forward,23,33.0,23,419.0
ligue-1,2020-2021,RC Strasbourg Alsace,667,,Centre-Forward,18,2.0,0,0.0
ligue-1,2020-2021,RC Strasbourg Alsace,667,,Left Winger,23,32.0,23,795.0
ligue-1,2020-2021,RC Strasbourg Alsace,667,,Centre-Forward,28,27.0,15,547.0
ligue-1,2020-2021,RC Strasbourg Alsace,667,,Centre-Forward,28,12.0,7,118.0
ligue-1,2020-2021,FC Girondins Bordeaux,40,,Goalkeeper,21,38.0,0,0.0
ligue-1,2020-2021,FC Girondins Bordeaux,40,,Goalkeeper,32,38.0,38,3420.0
ligue-1,2020-2021,FC Girondins Bordeaux,40,,Centre-Back,20,1.0,0,0.0
ligue-1,2020-2021,FC Girondins Bordeaux,40,,Right-Back,27,34.0,33,2915.0
ligue-1,2020-2021,FC Girondins Bordeaux,40,,Centre-Back,24,7.0,0,0.0
ligue-1,2020-2021,FC Girondins Bordeaux,40,,Centre-Back,29,15.0,13,1076.0
ligue-1,2020-2021,FC Girondins Bordeaux,40,,Centre-Back,21,6.0,1,90.0
ligue-1,2020-2021,FC Girondins Bordeaux,40,,Right-Back,23,37.0,18,1036.0
ligue-1,2020-2021,FC Girondins Bordeaux,40,,Centre-Back,28,34.0,31,2653.0
ligue-1,2020-2021,FC Girondins Bordeaux,40,,Centre-Back,31,21.0,9,714.0
ligue-1,2020-2021,FC Girondins Bordeaux,40,,Centre-Back,34,26.0,26,2218.0
ligue-1,2020-2021,FC Girondins Bordeaux,40,,Centre-Back,32,34.0,31,2613.0
ligue-1,2020-2021,FC Girondins Bordeaux,40,,Left-Back,27,32.0,14,487.0
ligue-1,2020-2021,FC Girondins Bordeaux,40,,Right-Back,19,,0,0.0
ligue-1,2020-2021,FC Girondins Bordeaux,40,,Defensive Midfield,19,35.0,35,2417.0
ligue-1,2020-2021,FC Girondins Bordeaux,40,,Central Midfield,23,35.0,34,2611.0
ligue-1,2020-2021,FC Girondins Bordeaux,40,,Defensive Midfield,18,10.0,6,72.0
ligue-1,2020-2021,FC Girondins Bordeaux,40,,Defensive Midfield,26,18.0,18,1561.0
ligue-1,2020-2021,FC Girondins Bordeaux,40,,Attacking Midfield,23,38.0,38,2432.0
ligue-1,2020-2021,FC Girondins Bordeaux,40,,Defensive Midfield,18,19.0,13,523.0
ligue-1,2020-2021,FC Girondins Bordeaux,40,,Attacking Midfield,27,37.0,36,2523.0
ligue-1,2020-2021,FC Girondins Bordeaux,40,,Central Midfield,27,4.0,2,21.0
ligue-1,2020-2021,FC Girondins Bordeaux,40,,Defensive Midfield,28,14.0,12,710.0
ligue-1,2020-2021,FC Girondins Bordeaux,40,,Attacking Midfield,33,24.0,24,1708.0
ligue-1,2020-2021,FC Girondins Bordeaux,40,,Attacking Midfield,20,27.0,27,1190.0
ligue-1,2020-2021,FC Girondins Bordeaux,40,,Defensive Midfield,25,,0,0.0
ligue-1,2020-2021,FC Girondins Bordeaux,40,,Left Midfield,22,,0,0.0
ligue-1,2020-2021,FC Girondins Bordeaux,40,,Right Winger,17,17.0,7,49.0
ligue-1,2020-2021,FC Girondins Bordeaux,40,,Centre-Forward,21,22.0,17,809.0
ligue-1,2020-2021,FC Girondins Bordeaux,40,,Centre-Forward,17,14.0,8,225.0
ligue-1,2020-2021,FC Girondins Bordeaux,40,,Right Winger,22,20.0,20,972.0
ligue-1,2020-2021,FC Girondins Bordeaux,40,,Centre-Forward,26,3.0,0,0.0
ligue-1,2020-2021,FC Girondins Bordeaux,40,,Right Winger,18,,0,0.0
ligue-1,2020-2021,FC Girondins Bordeaux,40,,Right Winger,18,27.0,19,285.0
ligue-1,2020-2021,FC Girondins Bordeaux,40,,Centre-Forward,29,35.0,33,1609.0
ligue-1,2020-2021,FC Girondins Bordeaux,40,,Centre-Forward,34,37.0,24,549.0
ligue-1,2020-2021,Stade Reims,1421,,Goalkeeper,24,37.0,37,3286.0
ligue-1,2020-2021,Stade Reims,1421,,Goalkeeper,20,34.0,2,135.0
ligue-1,2020-2021,Stade Reims,1421,,Goalkeeper,19,2.0,0,0.0
ligue-1,2020-2021,Stade Reims,1421,,Goalkeeper,20,3.0,0,0.0
ligue-1,2020-2021,Stade Reims,1421,,Centre-Back,22,33.0,33,2901.0
ligue-1,2020-2021,Stade Reims,1421,,Centre-Back,20,1.0,0,0.0
ligue-1,2020-2021,Stade Reims,1421,,Left-Back,24,31.0,31,2613.0
ligue-1,2020-2021,Stade Reims,1421,,Right-Back,19,17.0,7,329.0
ligue-1,2020-2021,Stade Reims,1421,,Left-Back,22,36.0,8,498.0
ligue-1,2020-2021,Stade Reims,1421,,Centre-Back,20,37.0,8,511.0
ligue-1,2020-2021,Stade Reims,1421,,Right-Back,25,37.0,37,3325.0
ligue-1,2020-2021,Stade Reims,1421,,Centre-Back,32,33.0,33,2890.0
ligue-1,2020-2021,Stade Reims,1421,,Centre-Back,19,2.0,0,0.0
ligue-1,2020-2021,Stade Reims,1421,,Central Midfield,24,30.0,27,1928.0
ligue-1,2020-2021,Stade Reims,1421,,Defensive Midfield,18,5.0,4,256.0
ligue-1,2020-2021,Stade Reims,1421,,Defensive Midfield,21,19.0,6,169.0
ligue-1,2020-2021,Stade Reims,1421,,Attacking Midfield,20,7.0,2,43.0
ligue-1,2020-2021,Stade Reims,1421,,Central Midfield,27,25.0,24,1644.0
ligue-1,2020-2021,Stade Reims,1421,,Central Midfield,29,30.0,30,2549.0
ligue-1,2020-2021,Stade Reims,1421,,Central Midfield,29,5.0,1,14.0
ligue-1,2020-2021,Stade Reims,1421,,Attacking Midfield,19,2.0,1,7.0
ligue-1,2020-2021,Stade Reims,1421,,Central Midfield,22,31.0,29,2042.0
ligue-1,2020-2021,Stade Reims,1421,,Centre-Forward,18,6.0,2,86.0
ligue-1,2020-2021,Stade Reims,1421,,Left Winger,18,36.0,33,1236.0
ligue-1,2020-2021,Stade Reims,1421,,Centre-Forward,23,37.0,36,2947.0
ligue-1,2020-2021,Stade Reims,1421,,Centre-Forward,20,10.0,3,32.0
ligue-1,2020-2021,Stade Reims,1421,,Left Winger,22,37.0,28,672.0
ligue-1,2020-2021,Stade Reims,1421,,Centre-Forward,20,,0,0.0
ligue-1,2020-2021,Stade Reims,1421,,Left Winger,18,34.0,32,2229.0
ligue-1,2020-2021,Stade Reims,1421,,Centre-Forward,22,37.0,24,640.0
ligue-1,2020-2021,Stade Reims,1421,,Right Winger,23,34.0,31,2090.0
ligue-1,2020-2021,Stade Reims,1421,,Left Winger,25,31.0,28,1287.0
ligue-1,2020-2021,Stade Reims,1421,,Left Winger,23,9.0,3,97.0
ligue-1,2020-2021,Stade Reims,1421,,Left Winger,25,30.0,23,896.0
ligue-1,2020-2021,RC Lens,826,,Goalkeeper,22,38.0,3,105.0
ligue-1,2020-2021,RC Lens,826,,Goalkeeper,19,1.0,0,0.0
ligue-1,2020-2021,RC Lens,826,,Goalkeeper,34,37.0,37,3315.0
ligue-1,2020-2021,RC Lens,826,,Centre-Back,20,31.0,31,2610.0
ligue-1,2020-2021,RC Lens,826,,Centre-Back,21,30.0,24,2009.0
ligue-1,2020-2021,RC Lens,826,,Right-Back,27,37.0,33,2537.0
ligue-1,2020-2021,RC Lens,826,,Left-Back,19,30.0,20,818.0
ligue-1,2020-2021,RC Lens,826,,Centre-Back,27,34.0,33,2828.0
ligue-1,2020-2021,RC Lens,826,,Left-Back,26,28.0,20,1117.0
ligue-1,2020-2021,RC Lens,826,,Right-Back,23,30.0,26,1161.0
ligue-1,2020-2021,RC Lens,826,,Left-Back,27,30.0,25,2136.0
ligue-1,2020-2021,RC Lens,826,,Centre-Back,26,1.0,1,90.0
ligue-1,2020-2021,RC Lens,826,,Right-Back,25,5.0,2,37.0
ligue-1,2020-2021,RC Lens,826,,Centre-Back,18,1.0,0,0.0
ligue-1,2020-2021,RC Lens,826,,Centre-Back,33,4.0,0,0.0
ligue-1,2020-2021,RC Lens,826,,Centre-Back,28,36.0,18,1439.0
ligue-1,2020-2021,RC Lens,826,,Defensive Midfield,20,35.0,33,2633.0
ligue-1,2020-2021,RC Lens,826,,Central Midfield,25,30.0,30,2312.0
ligue-1,2020-2021,RC Lens,826,,Attacking Midfield,19,26.0,7,145.0
ligue-1,2020-2021,RC Lens,826,,Defensive Midfield,18,1.0,0,0.0
ligue-1,2020-2021,RC Lens,826,,Attacking Midfield,18,2.0,0,0.0
ligue-1,2020-2021,RC Lens,826,,Defensive Midfield,29,6.0,4,125.0
ligue-1,2020-2021,RC Lens,826,,Defensive Midfield,20,2.0,1,7.0
ligue-1,2020-2021,RC Lens,826,,Attacking Midfield,29,35.0,35,2413.0
ligue-1,2020-2021,RC Lens,826,,Defensive Midfield,35,36.0,30,2257.0
ligue-1,2020-2021,RC Lens,826,,Centre-Forward,18,31.0,28,1218.0
ligue-1,2020-2021,RC Lens,826,,Centre-Forward,23,37.0,34,1362.0
ligue-1,2020-2021,RC Lens,826,,Centre-Forward,21,27.0,24,1308.0
ligue-1,2020-2021,RC Lens,826,,Centre-Forward,29,34.0,33,2421.0
ligue-1,2020-2021,RC Lens,826,,Right Winger,21,3.0,0,0.0
ligue-1,2020-2021,RC Lens,826,,Left Winger,26,4.0,0,0.0
ligue-1,2020-2021,RC Lens,826,,Right Winger,24,3.0,0,0.0
ligue-1,2020-2021,RC Lens,826,,Centre-Forward,24,34.0,23,569.0
ligue-1,2020-2021,RC Lens,826,,Centre-Forward,20,3.0,1,5.0
ligue-1,2020-2021,RC Lens,826,,Right Winger,19,4.0,0,0.0
ligue-1,2020-2021,RC Lens,826,,Right Winger,26,34.0,26,482.0
ligue-1,2020-2021,FC Metz,347,,Goalkeeper,31,34.0,34,3060.0
ligue-1,2020-2021,FC Metz,347,,Goalkeeper,31,1.0,0,0.0
ligue-1,2020-2021,FC Metz,347,,Goalkeeper,18,3.0,0,0.0
ligue-1,2020-2021,FC Metz,347,,Goalkeeper,26,38.0,5,361.0
ligue-1,2020-2021,FC Metz,347,,Left-Back,24,29.0,25,1722.0
ligue-1,2020-2021,FC Metz,347,,Right-Back,16,1.0,0,0.0
ligue-1,2020-2021,FC Metz,347,,Centre-Back,22,37.0,16,1069.0
ligue-1,2020-2021,FC Metz,347,,Centre-Back,23,34.0,25,1961.0
ligue-1,2020-2021,FC Metz,347,,Right-Back,24,36.0,36,3222.0
ligue-1,2020-2021,FC Metz,347,,Centre-Back,25,38.0,38,3413.0
ligue-1,2020-2021,FC Metz,347,,Left-Back,28,35.0,24,1781.0
ligue-1,2020-2021,FC Metz,347,,Right-Back,27,4.0,0,0.0
ligue-1,2020-2021,FC Metz,347,,Centre-Back,17,4.0,0,0.0
ligue-1,2020-2021,FC Metz,347,,Right-Back,20,11.0,0,0.0
ligue-1,2020-2021,FC Metz,347,,Centre-Back,33,35.0,35,3047.0
ligue-1,2020-2021,FC Metz,347,,Left-Back,27,,0,0.0
ligue-1,2020-2021,FC Metz,347,,Central Midfield,17,31.0,22,1593.0
ligue-1,2020-2021,FC Metz,347,,Defensive Midfield,18,14.0,2,52.0
ligue-1,2020-2021,FC Metz,347,,Defensive Midfield,24,31.0,31,2698.0
ligue-1,2020-2021,FC Metz,347,,Defensive Midfield,24,6.0,6,307.0
ligue-1,2020-2021,FC Metz,347,,Attacking Midfield,22,34.0,11,254.0
ligue-1,2020-2021,FC Metz,347,,Attacking Midfield,27,34.0,33,2823.0
ligue-1,2020-2021,FC Metz,347,,Central Midfield,23,34.0,26,1681.0
ligue-1,2020-2021,FC Metz,347,,Defensive Midfield,22,26.0,15,490.0
ligue-1,2020-2021,FC Metz,347,,Defensive Midfield,29,12.0,12,918.0
ligue-1,2020-2021,FC Metz,347,,Centre-Forward,25,5.0,4,141.0
ligue-1,2020-2021,FC Metz,347,,Left Winger,21,2.0,1,11.0
ligue-1,2020-2021,FC Metz,347,,Centre-Forward,23,33.0,23,741.0
ligue-1,2020-2021,FC Metz,347,,Right Winger,25,4.0,0,0.0
ligue-1,2020-2021,FC Metz,347,,Centre-Forward,22,26.0,21,1011.0
ligue-1,2020-2021,FC Metz,347,,Left Winger,20,38.0,28,991.0
ligue-1,2020-2021,FC Metz,347,,Left Winger,25,16.0,16,1142.0
ligue-1,2020-2021,FC Metz,347,,Right Winger,22,30.0,26,1465.0
ligue-1,2020-2021,FC Metz,347,,Left Winger,25,30.0,26,962.0
ligue-1,2020-2021,FC Metz,347,,Centre-Forward,21,10.0,10,668.0
ligue-1,2020-2021,Stade Brestois 29,3911,,Goalkeeper,23,38.0,35,3150.0
ligue-1,2020-2021,Stade Brestois 29,3911,,Goalkeeper,22,28.0,3,270.0
ligue-1,2020-2021,Stade Brestois 29,3911,,Goalkeeper,25,10.0,0,0.0
ligue-1,2020-2021,Stade Brestois 29,3911,,Centre-Back,20,27.0,11,963.0
ligue-1,2020-2021,Stade Brestois 29,3911,,Left-Back,22,36.0,36,3140.0
ligue-1,2020-2021,Stade Brestois 29,3911,,Centre-Back,25,36.0,33,2714.0
ligue-1,2020-2021,Stade Brestois 29,3911,,Centre-Back,22,38.0,27,2024.0
ligue-1,2020-2021,Stade Brestois 29,3911,,Right-Back,22,32.0,29,2316.0
ligue-1,2020-2021,Stade Brestois 29,3911,,Centre-Back,27,19.0,16,1378.0
ligue-1,2020-2021,Stade Brestois 29,3911,,Centre-Back,26,2.0,0,0.0
ligue-1,2020-2021,Stade Brestois 29,3911,,Right-Back,33,30.0,17,949.0
ligue-1,2020-2021,Stade Brestois 29,3911,,Left-Back,34,38.0,7,295.0
ligue-1,2020-2021,Stade Brestois 29,3911,,Central Midfield,22,16.0,16,1009.0
ligue-1,2020-2021,Stade Brestois 29,3911,,Central Midfield,22,32.0,13,600.0
ligue-1,2020-2021,Stade Brestois 29,3911,,Attacking Midfield,21,36.0,36,2902.0
ligue-1,2020-2021,Stade Brestois 29,3911,,Defensive Midfield,21,5.0,5,442.0
ligue-1,2020-2021,Stade Brestois 29,3911,,Central Midfield,26,35.0,35,2735.0
ligue-1,2020-2021,Stade Brestois 29,3911,,Central Midfield,20,24.0,12,455.0
ligue-1,2020-2021,Stade Brestois 29,3911,,Central Midfield,28,17.0,15,346.0
ligue-1,2020-2021,Stade Brestois 29,3911,,Attacking Midfield,19,13.0,4,40.0
ligue-1,2020-2021,Stade Brestois 29,3911,,Central Midfield,21,,0,0.0
ligue-1,2020-2021,Stade Brestois 29,3911,,Attacking Midfield,19,2.0,0,0.0
ligue-1,2020-2021,Stade Brestois 29,3911,,Attacking Midfield,18,1.0,0,0.0
ligue-1,2020-2021,Stade Brestois 29,3911,,Central Midfield,31,24.0,22,1689.0
ligue-1,2020-2021,Stade Brestois 29,3911,,Left Midfield,32,24.0,17,580.0
ligue-1,2020-2021,Stade Brestois 29,3911,,Central Midfield,27,6.0,0,0.0
ligue-1,2020-2021,Stade Brestois 29,3911,,Right Winger,23,36.0,36,2469.0
ligue-1,2020-2021,Stade Brestois 29,3911,,Centre-Forward,22,31.0,28,809.0
ligue-1,2020-2021,Stade Brestois 29,3911,,Right Winger,22,38.0,36,2029.0
ligue-1,2020-2021,Stade Brestois 29,3911,,Centre-Forward,25,35.0,35,2687.0
ligue-1,2020-2021,Stade Brestois 29,3911,,Left Winger,23,13.0,4,40.0
ligue-1,2020-2021,Stade Brestois 29,3911,,Centre-Forward,31,37.0,36,1569.0
ligue-1,2020-2021,FC Nantes,995,,Goalkeeper,21,38.0,38,3420.0
ligue-1,2020-2021,FC Nantes,995,,Goalkeeper,32,37.0,0,0.0
ligue-1,2020-2021,FC Nantes,995,,Goalkeeper,21,1.0,0,0.0
ligue-1,2020-2021,FC Nantes,995,,Left-Back,18,8.0,0,0.0
ligue-1,2020-2021,FC Nantes,995,,Centre-Back,25,36.0,24,1948.0
ligue-1,2020-2021,FC Nantes,995,,Centre-Back,28,36.0,34,2664.0
ligue-1,2020-2021,FC Nantes,995,,Centre-Back,20,5.0,2,7.0
ligue-1,2020-2021,FC Nantes,995,,Right-Back,24,36.0,32,1472.0
ligue-1,2020-2021,FC Nantes,995,,Right-Back,28,35.0,22,1553.0
ligue-1,2020-2021,FC Nantes,995,,Centre-Back,32,34.0,32,2776.0
ligue-1,2020-2021,FC Nantes,995,,Centre-Back,21,17.0,0,0.0
ligue-1,2020-2021,FC Nantes,995,,Left-Back,28,29.0,22,1701.0
ligue-1,2020-2021,FC Nantes,995,,Centre-Back,26,2.0,0,0.0
ligue-1,2020-2021,FC Nantes,995,,Right-Back,29,29.0,22,1512.0
ligue-1,2020-2021,FC Nantes,995,,Right-Back,29,26.0,25,2069.0
ligue-1,2020-2021,FC Nantes,995,,Central Midfield,21,34.0,33,2389.0
ligue-1,2020-2021,FC Nantes,995,,Right Midfield,22,37.0,36,2805.0
ligue-1,2020-2021,FC Nantes,995,,Defensive Midfield,20,11.0,2,74.0
ligue-1,2020-2021,FC Nantes,995,,Defensive Midfield,23,38.0,32,2282.0
ligue-1,2020-2021,FC Nantes,995,,Defensive Midfield,26,36.0,29,1683.0
ligue-1,2020-2021,FC Nantes,995,,Central Midfield,23,5.0,1,83.0
ligue-1,2020-2021,FC Nantes,995,,Central Midfield,27,19.0,18,1321.0
ligue-1,2020-2021,FC Nantes,995,,Attacking Midfield,23,17.0,6,52.0
ligue-1,2020-2021,FC Nantes,995,,Centre-Forward,21,37.0,37,3042.0
ligue-1,2020-2021,FC Nantes,995,,Left Winger,24,33.0,33,2341.0
ligue-1,2020-2021,FC Nantes,995,,Left Winger,21,1.0,0,0.0
ligue-1,2020-2021,FC Nantes,995,,Left Winger,26,30.0,29,902.0
ligue-1,2020-2021,FC Nantes,995,,Left Winger,25,13.0,0,0.0
ligue-1,2020-2021,FC Nantes,995,,Centre-Forward,23,6.0,3,36.0
ligue-1,2020-2021,FC Nantes,995,,Centre-Forward,28,24.0,17,981.0
ligue-1,2020-2021,FC Nantes,995,,Centre-Forward,19,13.0,6,42.0
ligue-1,2020-2021,FC Nantes,995,,Centre-Forward,28,36.0,22,338.0
ligue-1,2020-2021,FC Lorient,1158,,Goalkeeper,26,30.0,23,2070.0
ligue-1,2020-2021,FC Lorient,1158,,Goalkeeper,23,8.0,0,0.0
ligue-1,2020-2021,FC Lorient,1158,,Goalkeeper,21,,0,0.0
ligue-1,2020-2021,FC Lorient,1158,,Goalkeeper,31,38.0,15,1350.0
ligue-1,2020-2021,FC Lorient,1158,,Centre-Back,20,31.0,29,2242.0
ligue-1,2020-2021,FC Lorient,1158,,Centre-Back,19,10.0,1,18.0
ligue-1,2020-2021,FC Lorient,1158,,Centre-Back,26,34.0,30,2660.0
ligue-1,2020-2021,FC Lorient,1158,,Right-Back,22,27.0,17,1302.0
ligue-1,2020-2021,FC Lorient,1158,,Centre-Back,22,30.0,26,2274.0
ligue-1,2020-2021,FC Lorient,1158,,Centre-Back,27,2.0,0,0.0
ligue-1,2020-2021,FC Lorient,1158,,Centre-Back,29,14.0,4,322.0
ligue-1,2020-2021,FC Lorient,1158,,Right-Back,23,,0,0.0
ligue-1,2020-2021,FC Lorient,1158,,Left-Back,23,4.0,1,90.0
ligue-1,2020-2021,FC Lorient,1158,,Right-Back,34,33.0,22,1627.0
ligue-1,2020-2021,FC Lorient,1158,,Centre-Back,30,2.0,0,0.0
ligue-1,2020-2021,FC Lorient,1158,,Left-Back,36,30.0,28,2494.0
ligue-1,2020-2021,FC Lorient,1158,,Left-Back,30,29.0,26,2307.0
ligue-1,2020-2021,FC Lorient,1158,,Central Midfield,20,38.0,36,1814.0
ligue-1,2020-2021,FC Lorient,1158,,Defensive Midfield,27,38.0,38,2967.0
ligue-1,2020-2021,FC Lorient,1158,,Attacking Midfield,23,27.0,24,1323.0
ligue-1,2020-2021,FC Lorient,1158,,Defensive Midfield,29,30.0,27,1148.0
ligue-1,2020-2021,FC Lorient,1158,,Attacking Midfield,34,22.0,9,195.0
ligue-1,2020-2021,FC Lorient,1158,,Defensive Midfield,33,36.0,30,1948.0
ligue-1,2020-2021,FC Lorient,1158,,Central Midfield,34,21.0,18,900.0
ligue-1,2020-2021,FC Lorient,1158,,Defensive Midfield,25,18.0,4,29.0
ligue-1,2020-2021,FC Lorient,1158,,Defensive Midfield,20,1.0,0,0.0
ligue-1,2020-2021,FC Lorient,1158,,Right Winger,18,,0,0.0
ligue-1,2020-2021,FC Lorient,1158,,Centre-Forward,23,38.0,38,2685.0
ligue-1,2020-2021,FC Lorient,1158,,Left Winger,21,31.0,29,1618.0
ligue-1,2020-2021,FC Lorient,1158,,Centre-Forward,21,32.0,32,2089.0
ligue-1,2020-2021,FC Lorient,1158,,Centre-Forward,23,9.0,5,58.0
ligue-1,2020-2021,FC Lorient,1158,,Centre-Forward,23,38.0,33,969.0
ligue-1,2020-2021,FC Lorient,1158,,Right Winger,21,26.0,13,188.0
ligue-1,2020-2021,FC Lorient,1158,,Centre-Forward,26,34.0,23,841.0
ligue-1,2020-2021,Dijon FCO,2969,,Goalkeeper,21,34.0,21,1890.0
ligue-1,2020-2021,Dijon FCO,2969,,Goalkeeper,19,2.0,0,0.0
ligue-1,2020-2021,Dijon FCO,2969,,Goalkeeper,25,3.0,0,0.0
ligue-1,2020-2021,Dijon FCO,2969,,Goalkeeper,26,5.0,5,450.0
ligue-1,2020-2021,Dijon FCO,2969,,Goalkeeper,26,32.0,12,1080.0
ligue-1,2020-2021,Dijon FCO,2969,,Right-Back,19,27.0,24,1865.0
ligue-1,2020-2021,Dijon FCO,2969,,Centre-Back,20,6.0,0,0.0
ligue-1,2020-2021,Dijon FCO,2969,,Left-Back,18,16.0,3,120.0
ligue-1,2020-2021,Dijon FCO,2969,,Centre-Back,19,34.0,22,1804.0
ligue-1,2020-2021,Dijon FCO,2969,,Centre-Back,25,28.0,22,1937.0
ligue-1,2020-2021,Dijon FCO,2969,,Left-Back,24,20.0,13,741.0
ligue-1,2020-2021,Dijon FCO,2969,,Right-Back,19,12.0,3,157.0
ligue-1,2020-2021,Dijon FCO,2969,,Left-Back,25,33.0,30,2309.0
ligue-1,2020-2021,Dijon FCO,2969,,Centre-Back,31,38.0,38,3420.0
ligue-1,2020-2021,Dijon FCO,2969,,Centre-Back,32,28.0,25,1613.0
ligue-1,2020-2021,Dijon FCO,2969,,Right-Back,33,34.0,23,1621.0
ligue-1,2020-2021,Dijon FCO,2969,,Right Midfield,19,32.0,30,2152.0
ligue-1,2020-2021,Dijon FCO,2969,,Attacking Midfield,23,32.0,32,2302.0
ligue-1,2020-2021,Dijon FCO,2969,,Attacking Midfield,25,8.0,7,412.0
ligue-1,2020-2021,Dijon FCO,2969,,Central Midfield,18,14.0,3,76.0
ligue-1,2020-2021,Dijon FCO,2969,,Defensive Midfield,26,29.0,29,2610.0
ligue-1,2020-2021,Dijon FCO,2969,,Central Midfield,28,37.0,24,1429.0
ligue-1,2020-2021,Dijon FCO,2969,,Central Midfield,30,2.0,2,116.0
ligue-1,2020-2021,Dijon FCO,2969,,Central Midfield,22,28.0,21,1099.0
ligue-1,2020-2021,Dijon FCO,2969,,Attacking Midfield,17,5.0,0,0.0
ligue-1,2020-2021,Dijon FCO,2969,,Right Winger,19,5.0,4,91.0
ligue-1,2020-2021,Dijon FCO,2969,,Centre-Forward,24,29.0,29,2172.0
ligue-1,2020-2021,Dijon FCO,2969,,Right Winger,21,34.0,22,516.0
ligue-1,2020-2021,Dijon FCO,2969,,Left Winger,21,28.0,23,1289.0
ligue-1,2020-2021,Dijon FCO,2969,,Centre-Forward,18,5.0,5,167.0
ligue-1,2020-2021,Dijon FCO,2969,,Centre-Forward,22,16.0,10,338.0
ligue-1,2020-2021,Dijon FCO,2969,,Centre-Forward,25,10.0,10,560.0
ligue-1,2020-2021,Dijon FCO,2969,,Centre-Forward,26,18.0,17,834.0
ligue-1,2020-2021,Dijon FCO,2969,,Right Winger,19,2.0,1,29.0
ligue-1,2020-2021,Dijon FCO,2969,,Left Winger,34,32.0,30,1141.0
ligue-1,2020-2021,Dijon FCO,2969,,Centre-Forward,27,28.0,27,1193.0
ligue-1,2020-2021,Dijon FCO,2969,,Right Winger,17,1.0,1,1.0
ligue-1,2020-2021,Nîmes Olympique,1160,,Goalkeeper,21,16.0,0,0.0
ligue-1,2020-2021,Nîmes Olympique,1160,,Goalkeeper,29,38.0,38,3420.0
ligue-1,2020-2021,Nîmes Olympique,1160,,Goalkeeper,18,22.0,0,0.0
ligue-1,2020-2021,Nîmes Olympique,1160,,Centre-Back,18,2.0,1,18.0
ligue-1,2020-2021,Nîmes Olympique,1160,,Right-Back,22,8.0,2,20.0
ligue-1,2020-2021,Nîmes Olympique,1160,,Left-Back,23,31.0,21,1538.0
ligue-1,2020-2021,Nîmes Olympique,1160,,Centre-Back,25,15.0,9,711.0
ligue-1,2020-2021,Nîmes Olympique,1160,,Left-Back,25,27.0,26,2329.0
ligue-1,2020-2021,Nîmes Olympique,1160,,Centre-Back,26,35.0,16,1045.0
ligue-1,2020-2021,Nîmes Olympique,1160,,Centre-Back,25,18.0,16,1226.0
ligue-1,2020-2021,Nîmes Olympique,1160,,Centre-Back,21,23.0,15,1127.0
ligue-1,2020-2021,Nîmes Olympique,1160,,Right-Back,24,30.0,22,1313.0
ligue-1,2020-2021,Nîmes Olympique,1160,,Centre-Back,28,26.0,20,1629.0
ligue-1,2020-2021,Nîmes Olympique,1160,,Right-Back,21,31.0,22,1513.0
ligue-1,2020-2021,Nîmes Olympique,1160,,Centre-Back,31,10.0,7,542.0
ligue-1,2020-2021,Nîmes Olympique,1160,,Defensive Midfield,24,28.0,27,2252.0
ligue-1,2020-2021,Nîmes Olympique,1160,,Right Midfield,24,32.0,30,1806.0
ligue-1,2020-2021,Nîmes Olympique,1160,,Defensive Midfield,22,36.0,32,2174.0
ligue-1,2020-2021,Nîmes Olympique,1160,,Attacking Midfield,21,29.0,23,1243.0
ligue-1,2020-2021,Nîmes Olympique,1160,,Central Midfield,20,34.0,20,894.0
ligue-1,2020-2021,Nîmes Olympique,1160,,Defensive Midfield,24,12.0,9,463.0
ligue-1,2020-2021,Nîmes Olympique,1160,,Left Midfield,32,3.0,3,215.0
ligue-1,2020-2021,Nîmes Olympique,1160,,Defensive Midfield,31,26.0,25,1754.0
ligue-1,2020-2021,Nîmes Olympique,1160,,Central Midfield,20,3.0,1,71.0
ligue-1,2020-2021,Nîmes Olympique,1160,,Centre-Forward,19,14.0,10,526.0
ligue-1,2020-2021,Nîmes Olympique,1160,,Right Winger,27,33.0,33,2960.0
ligue-1,2020-2021,Nîmes Olympique,1160,,Centre-Forward,23,36.0,33,1764.0
ligue-1,2020-2021,Nîmes Olympique,1160,,Right Winger,18,7.0,3,28.0
ligue-1,2020-2021,Nîmes Olympique,1160,,Centre-Forward,27,38.0,38,3061.0
ligue-1,2020-2021,Nîmes Olympique,1160,,Centre-Forward,26,18.0,13,286.0
ligue-1,2020-2021,Nîmes Olympique,1160,,Right Winger,19,13.0,7,98.0
ligue-1,2020-2021,Nîmes Olympique,1160,,Left Winger,26,27.0,20,768.0
ligue-1,2020-2021,Nîmes Olympique,1160,,Centre-Forward,20,3.0,3,42.0
ligue-1,2020-2021,Nîmes Olympique,1160,,Centre-Forward,25,2.0,1,13.0
ligue-1,2020-2021,Nîmes Olympique,1160,,Centre-Forward,22,2.0,1,6.0
ligue-1,2020-2021,Nîmes Olympique,1160,,Centre-Forward,32,28.0,19,648.0
ligue-1,2021-2022,Paris Saint-Germain,583,,Goalkeeper,22,32.0,17,1530.0
ligue-1,2021-2022,Paris Saint-Germain,583,,Goalkeeper,34,32.0,21,1858.0
ligue-1,2021-2022,Paris Saint-Germain,583,,Goalkeeper,27,7.0,1,22.0
ligue-1,2021-2022,Paris Saint-Germain,583,,Goalkeeper,21,,0,0.0
ligue-1,2021-2022,Paris Saint-Germain,583,,Goalkeeper,18,1.0,0,0.0
ligue-1,2021-2022,Paris Saint-Germain,583,,Goalkeeper,30,4.0,1,7.0
ligue-1,2021-2022,Paris Saint-Germain,583,,Right-Back,22,32.0,32,2484.0
ligue-1,2021-2022,Paris Saint-Germain,583,,Left-Back,19,33.0,27,1654.0
ligue-1,2021-2022,Paris Saint-Germain,583,,Centre-Back,27,33.0,32,2862.0
ligue-1,2021-2022,Paris Saint-Germain,583,,Centre-Back,16,11.0,1,4.0
ligue-1,2021-2022,Paris Saint-Germain,583,,Centre-Back,24,35.0,27,1518.0
ligue-1,2021-2022,Paris Saint-Germain,583,,Centre-Back,25,22.0,12,879.0
ligue-1,2021-2022,Paris Saint-Germain,583,,Centre-Back,29,36.0,27,2041.0
ligue-1,2021-2022,Paris Saint-Germain,583,,Centre-Back,25,33.0,30,2579.0
ligue-1,2021-2022,Paris Saint-Germain,583,,Centre-Back,35,14.0,12,802.0
ligue-1,2021-2022,Paris Saint-Germain,583,,Left-Back,28,2.0,0,0.0
ligue-1,2021-2022,Paris Saint-Germain,583,,Right-Back,22,20.0,3,166.0
ligue-1,2021-2022,Paris Saint-Germain,583,,Left-Back,28,22.0,15,967.0
ligue-1,2021-2022,Paris Saint-Germain,583,,Left-Back,19,,0,0.0
ligue-1,2021-2022,Paris Saint-Germain,583,,Attacking Midfield,18,18.0,6,128.0
ligue-1,2021-2022,Paris Saint-Germain,583,,Attacking Midfield,29,22.0,22,1861.0
ligue-1,2021-2022,Paris Saint-Germain,583,,Central Midfield,28,24.0,24,1947.0
ligue-1,2021-2022,Paris Saint-Germain,583,,Right Midfield,20,30.0,10,315.0
ligue-1,2021-2022,Paris Saint-Germain,583,,Defensive Midfield,27,18.0,15,840.0
ligue-1,2021-2022,Paris Saint-Germain,583,,Attacking Midfield,29,2.0,2,22.0
ligue-1,2021-2022,Paris Saint-Germain,583,,Central Midfield,30,34.0,31,1651.0
ligue-1,2021-2022,Paris Saint-Germain,583,,Central Midfield,18,15.0,5,67.0
ligue-1,2021-2022,Paris Saint-Germain,583,,Defensive Midfield,31,29.0,26,1643.0
ligue-1,2021-2022,Paris Saint-Germain,583,,Central Midfield,31,25.0,19,1092.0
ligue-1,2021-2022,Paris Saint-Germain,583,,Attacking Midfield,28,14.0,5,221.0
ligue-1,2021-2022,Paris Saint-Germain,583,,Centre-Forward,22,35.0,35,3033.0
ligue-1,2021-2022,Paris Saint-Germain,583,,Centre-Forward,19,4.0,2,6.0
ligue-1,2021-2022,Paris Saint-Germain,583,,Right Winger,34,26.0,26,2152.0
ligue-1,2021-2022,Paris Saint-Germain,583,,Left Winger,17,2.0,1,1.0
ligue-1,2021-2022,Paris Saint-Germain,583,,Left Winger,17,6.0,1,1.0
ligue-1,2021-2022,Paris Saint-Germain,583,,Centre-Forward,28,29.0,24,1019.0
ligue-1,2021-2022,Paris Saint-Germain,583,,Left Winger,27,21.0,18,541.0
ligue-1,2021-2022,Paris Saint-Germain,583,,Right Winger,33,29.0,26,1654.0
ligue-1,2021-2022,Paris Saint-Germain,583,,Centre-Forward,18,2.0,1,15.0
ligue-1,2021-2022,Paris Saint-Germain,583,,Centre-Forward,19,,0,0.0
ligue-1,2021-2022,Paris Saint-Germain,583,,Right Winger,18,6.0,1,10.0
ligue-1,2021-2022,Olympique Lyon,1041,,Goalkeeper,30,34.0,34,2984.0
ligue-1,2021-2022,Olympique Lyon,1041,,Goalkeeper,26,35.0,6,434.0
ligue-1,2021-2022,Olympique Lyon,1041,,Goalkeeper,19,7.0,0,0.0
ligue-1,2021-2022,Olympique Lyon,1041,,Goalkeeper,22,3.0,0,0.0
ligue-1,2021-2022,Olympique Lyon,1041,,Centre-Back,18,31.0,24,2096.0
ligue-1,2021-2022,Olympique Lyon,1041,,Right-Back,18,37.0,30,1880.0
ligue-1,2021-2022,Olympique Lyon,1041,,Left-Back,26,33.0,29,2268.0
ligue-1,2021-2022,Olympique Lyon,1041,,Centre-Back,20,17.0,11,577.0
ligue-1,2021-2022,Olympique Lyon,1041,,Centre-Back,26,17.0,15,1001.0
ligue-1,2021-2022,Olympique Lyon,1041,,Left-Back,27,35.0,18,1103.0
ligue-1,2021-2022,Olympique Lyon,1041,,Left-Back,17,,0,0.0
ligue-1,2021-2022,Olympique Lyon,1041,,Centre-Back,34,2.0,2,180.0
ligue-1,2021-2022,Olympique Lyon,1041,,Right-Back,17,6.0,0,0.0
ligue-1,2021-2022,Olympique Lyon,1041,,Right-Back,26,29.0,23,1746.0
ligue-1,2021-2022,Olympique Lyon,1041,,Centre-Back,33,32.0,17,1126.0
ligue-1,2021-2022,Olympique Lyon,1041,,Centre-Back,32,28.0,24,1632.0
ligue-1,2021-2022,Olympique Lyon,1041,,Attacking Midfield,17,23.0,16,432.0
ligue-1,2021-2022,Olympique Lyon,1041,,Central Midfield,23,20.0,20,1640.0
ligue-1,2021-2022,Olympique Lyon,1041,,Attacking Midfield,23,36.0,35,2707.0
ligue-1,2021-2022,Olympique Lyon,1041,,Central Midfield,21,31.0,31,2333.0
ligue-1,2021-2022,Olympique Lyon,1041,,Attacking Midfield,23,36.0,36,2509.0
ligue-1,2021-2022,Olympique Lyon,1041,,Attacking Midfield,22,14.0,14,889.0
ligue-1,2021-2022,Olympique Lyon,1041,,Central Midfield,19,25.0,3,6.0
ligue-1,2021-2022,Olympique Lyon,1041,,Central Midfield,24,12.0,11,704.0
ligue-1,2021-2022,Olympique Lyon,1041,,Attacking Midfield,29,18.0,11,684.0
ligue-1,2021-2022,Olympique Lyon,1041,,Defensive Midfield,29,33.0,29,1862.0
ligue-1,2021-2022,Olympique Lyon,1041,,Central Midfield,18,1.0,0,0.0
ligue-1,2021-2022,Olympique Lyon,1041,,Attacking Midfield,23,12.0,10,192.0
ligue-1,2021-2022,Olympique Lyon,1041,,Central Midfield,19,1.0,0,0.0
ligue-1,2021-2022,Olympique Lyon,1041,,Central Midfield,23,,0,0.0
ligue-1,2021-2022,Olympique Lyon,1041,,Left Winger,18,19.0,11,256.0
ligue-1,2021-2022,Olympique Lyon,1041,,Right Winger,21,9.0,9,585.0
ligue-1,2021-2022,Olympique Lyon,1041,,Centre-Forward,24,30.0,30,2210.0
ligue-1,2021-2022,Olympique Lyon,1041,,Left Winger,24,1.0,1,65.0
ligue-1,2021-2022,Olympique Lyon,1041,,Centre-Forward,25,26.0,15,498.0
ligue-1,2021-2022,Olympique Lyon,1041,,Centre-Forward,28,30.0,30,2304.0
ligue-1,2021-2022,Olympique Lyon,1041,,Centre-Forward,33,14.0,12,576.0
ligue-1,2021-2022,Olympique Lyon,1041,,Left Winger,20,,0,0.0
ligue-1,2021-2022,Olympique Lyon,1041,,Left Winger,18,1.0,0,0.0
ligue-1,2021-2022,Olympique Lyon,1041,,Centre-Forward,18,2.0,0,0.0
ligue-1,2021-2022,AS Monaco,162,,Goalkeeper,24,38.0,38,3420.0
ligue-1,2021-2022,AS Monaco,162,,Goalkeeper,21,22.0,0,0.0
ligue-1,2021-2022,AS Monaco,162,,Goalkeeper,18,,0,0.0
ligue-1,2021-2022,AS Monaco,162,,Goalkeeper,33,17.0,0,0.0
ligue-1,2021-2022,AS Monaco,162,,Centre-Back,20,17.0,7,450.0
ligue-1,2021-2022,AS Monaco,162,,Centre-Back,19,22.0,7,129.0
ligue-1,2021-2022,AS Monaco,162,,Right-Back,20,17.0,17,1122.0
ligue-1,2021-2022,AS Monaco,162,,Centre-Back,20,26.0,24,1838.0
ligue-1,2021-2022,AS Monaco,162,,Centre-Back,23,36.0,32,2724.0
ligue-1,2021-2022,AS Monaco,162,,Left-Back,23,37.0,34,2670.0
ligue-1,2021-2022,AS Monaco,162,,Left-Back,21,36.0,28,1190.0
ligue-1,2021-2022,AS Monaco,162,,Right-Back,28,36.0,28,2138.0
ligue-1,2021-2022,AS Monaco,162,,Centre-Back,18,2.0,0,0.0
ligue-1,2021-2022,AS Monaco,162,,Centre-Back,27,30.0,26,1829.0
ligue-1,2021-2022,AS Monaco,162,,Right-Back,28,32.0,17,950.0
ligue-1,2021-2022,AS Monaco,162,,Centre-Back,21,,0,0.0
ligue-1,2021-2022,AS Monaco,162,,Centre-Back,20,,0,0.0
ligue-1,2021-2022,AS Monaco,162,,Left-Back,20,,0,0.0
ligue-1,2021-2022,AS Monaco,162,,Defensive Midfield,21,35.0,35,2931.0
ligue-1,2021-2022,AS Monaco,162,,Defensive Midfield,22,35.0,33,2185.0
ligue-1,2021-2022,AS Monaco,162,,Attacking Midfield,25,28.0,27,1517.0
ligue-1,2021-2022,AS Monaco,162,,Defensive Midfield,17,,0,0.0
ligue-1,2021-2022,AS Monaco,162,,Central Midfield,23,38.0,28,1449.0
ligue-1,2021-2022,AS Monaco,162,,Right Midfield,22,8.0,8,281.0
ligue-1,2021-2022,AS Monaco,162,,Attacking Midfield,17,9.0,1,8.0
ligue-1,2021-2022,AS Monaco,162,,Central Midfield,19,34.0,18,784.0
ligue-1,2021-2022,AS Monaco,162,,Central Midfield,19,1.0,1,1.0
ligue-1,2021-2022,AS Monaco,162,,Right Midfield,18,,0,0.0
ligue-1,2021-2022,AS Monaco,162,,Central Midfield,19,,0,0.0
ligue-1,2021-2022,AS Monaco,162,,Central Midfield,34,5.0,2,36.0
ligue-1,2021-2022,AS Monaco,162,,Defensive Midfield,29,,0,0.0
ligue-1,2021-2022,AS Monaco,162,,Attacking Midfield,28,34.0,34,2450.0
ligue-1,2021-2022,AS Monaco,162,,Right Winger,19,11.0,7,48.0
ligue-1,2021-2022,AS Monaco,162,,Centre-Forward,20,11.0,4,47.0
ligue-1,2021-2022,AS Monaco,162,,Left Winger,21,37.0,30,1954.0
ligue-1,2021-2022,AS Monaco,162,,Left Winger,20,1.0,0,0.0
ligue-1,2021-2022,AS Monaco,162,,Centre-Forward,20,32.0,31,947.0
ligue-1,2021-2022,AS Monaco,162,,Right Winger,26,34.0,32,1920.0
ligue-1,2021-2022,AS Monaco,162,,Centre-Forward,20,,0,0.0
ligue-1,2021-2022,AS Monaco,162,,Centre-Forward,30,37.0,37,2543.0
ligue-1,2021-2022,AS Monaco,162,,Left Winger,21,1.0,0,0.0
ligue-1,2021-2022,LOSC Lille,1082,,Goalkeeper,26,22.0,17,1530.0
ligue-1,2021-2022,LOSC Lille,1082,,Goalkeeper,25,32.0,21,1890.0
ligue-1,2021-2022,LOSC Lille,1082,,Goalkeeper,24,21.0,0,0.0
ligue-1,2021-2022,LOSC Lille,1082,,Goalkeeper,35,,0,0.0
ligue-1,2021-2022,LOSC Lille,1082,,Goalkeeper,17,1.0,0,0.0
ligue-1,2021-2022,LOSC Lille,1082,,Centre-Back,15,5.0,1,12.0
ligue-1,2021-2022,LOSC Lille,1082,,Centre-Back,21,26.0,25,2250.0
ligue-1,2021-2022,LOSC Lille,1082,,Left-Back,22,32.0,30,1340.0
ligue-1,2021-2022,LOSC Lille,1082,,Right-Back,24,35.0,32,2699.0
ligue-1,2021-2022,LOSC Lille,1082,,Centre-Back,21,34.0,28,2328.0
ligue-1,2021-2022,LOSC Lille,1082,,Left-Back,27,18.0,18,1530.0
ligue-1,2021-2022,LOSC Lille,1082,,Left-Back,21,31.0,15,407.0
ligue-1,2021-2022,LOSC Lille,1082,,Centre-Back,24,3.0,0,0.0
ligue-1,2021-2022,LOSC Lille,1082,,Right-Back,18,1.0,0,0.0
ligue-1,2021-2022,LOSC Lille,1082,,Centre-Back,23,1.0,0,0.0
ligue-1,2021-2022,LOSC Lille,1082,,Centre-Back,37,38.0,38,3420.0
ligue-1,2021-2022,LOSC Lille,1082,,Right-Back,32,29.0,2,12.0
ligue-1,2021-2022,LOSC Lille,1082,,Defensive Midfield,17,3.0,0,0.0
ligue-1,2021-2022,LOSC Lille,1082,,Defensive Midfield,19,36.0,32,1347.0
ligue-1,2021-2022,LOSC Lille,1082,,Right Midfield,21,30.0,29,1618.0
ligue-1,2021-2022,LOSC Lille,1082,,Attacking Midfield,20,37.0,24,953.0
ligue-1,2021-2022,LOSC Lille,1082,,Attacking Midfield,24,18.0,15,499.0
ligue-1,2021-2022,LOSC Lille,1082,,Defensive Midfield,17,3.0,0,0.0
ligue-1,2021-2022,LOSC Lille,1082,,Defensive Midfield,30,33.0,33,2764.0
ligue-1,2021-2022,LOSC Lille,1082,,Defensive Midfield,21,14.0,4,40.0
ligue-1,2021-2022,LOSC Lille,1082,,Central Midfield,23,25.0,25,1656.0
ligue-1,2021-2022,LOSC Lille,1082,,Defensive Midfield,21,1.0,0,0.0
ligue-1,2021-2022,LOSC Lille,1082,,Central Midfield,26,27.0,23,1621.0
ligue-1,2021-2022,LOSC Lille,1082,,Central Midfield,17,6.0,0,0.0
ligue-1,2021-2022,LOSC Lille,1082,,Attacking Midfield,34,9.0,7,315.0
ligue-1,2021-2022,LOSC Lille,1082,,Centre-Forward,21,38.0,38,2812.0
ligue-1,2021-2022,LOSC Lille,1082,,Right Winger,22,17.0,13,477.0
ligue-1,2021-2022,LOSC Lille,1082,,Right Winger,25,,0,0.0
ligue-1,2021-2022,LOSC Lille,1082,,Right Winger,23,18.0,18,1074.0
ligue-1,2021-2022,LOSC Lille,1082,,Left Winger,25,31.0,31,2444.0
ligue-1,2021-2022,LOSC Lille,1082,,Left Winger,19,1.0,0,0.0
ligue-1,2021-2022,LOSC Lille,1082,,Centre-Forward,18,1.0,0,0.0
ligue-1,2021-2022,LOSC Lille,1082,,Right Winger,19,33.0,13,228.0
ligue-1,2021-2022,LOSC Lille,1082,,Left Winger,19,1.0,0,0.0
ligue-1,2021-2022,LOSC Lille,1082,,Left Winger,17,1.0,0,0.0
ligue-1,2021-2022,LOSC Lille,1082,,Centre-Forward,35,32.0,31,2224.0
ligue-1,2021-2022,Stade Rennais FC,273,,Goalkeeper,18,19.0,12,1080.0
ligue-1,2021-2022,Stade Rennais FC,273,,Goalkeeper,27,26.0,25,2250.0
ligue-1,2021-2022,Stade Rennais FC,273,,Goalkeeper,18,3.0,0,0.0
ligue-1,2021-2022,Stade Rennais FC,273,,Goalkeeper,36,24.0,1,90.0
ligue-1,2021-2022,Stade Rennais FC,273,,Goalkeeper,18,7.0,0,0.0
ligue-1,2021-2022,Stade Rennais FC,273,,Left-Back,19,36.0,30,1636.0
ligue-1,2021-2022,Stade Rennais FC,273,,Centre-Back,21,26.0,14,984.0
ligue-1,2021-2022,Stade Rennais FC,273,,Centre-Back,25,31.0,31,2738.0
ligue-1,2021-2022,Stade Rennais FC,273,,Centre-Back,16,11.0,1,11.0
ligue-1,2021-2022,Stade Rennais FC,273,,Right-Back,21,36.0,20,601.0
ligue-1,2021-2022,Stade Rennais FC,273,,Centre-Back,21,37.0,34,2798.0
ligue-1,2021-2022,Stade Rennais FC,273,,Right-Back,29,35.0,33,2898.0
ligue-1,2021-2022,Stade Rennais FC,273,,Left-Back,26,34.0,31,1826.0
ligue-1,2021-2022,Stade Rennais FC,273,,Left-Back,22,1.0,0,0.0
ligue-1,2021-2022,Stade Rennais FC,273,,Central Midfield,18,4.0,4,142.0
ligue-1,2021-2022,Stade Rennais FC,273,,Defensive Midfield,17,31.0,18,397.0
ligue-1,2021-2022,Stade Rennais FC,273,,Central Midfield,18,21.0,5,11.0
ligue-1,2021-2022,Stade Rennais FC,273,,Attacking Midfield,23,29.0,29,1841.0
ligue-1,2021-2022,Stade Rennais FC,273,,Central Midfield,27,38.0,38,3216.0
ligue-1,2021-2022,Stade Rennais FC,273,,Defensive Midfield,26,35.0,34,2516.0
ligue-1,2021-2022,Stade Rennais FC,273,,Defensive Midfield,24,,0,0.0
ligue-1,2021-2022,Stade Rennais FC,273,,Central Midfield,28,29.0,28,2131.0
ligue-1,2021-2022,Stade Rennais FC,273,,Defensive Midfield,31,31.0,29,2112.0
ligue-1,2021-2022,Stade Rennais FC,273,,Central Midfield,17,,0,0.0
ligue-1,2021-2022,Stade Rennais FC,273,,Defensive Midfield,17,,0,0.0
ligue-1,2021-2022,Stade Rennais FC,273,,Right Winger,16,1.0,0,0.0
ligue-1,2021-2022,Stade Rennais FC,273,,Left Winger,19,16.0,14,465.0
ligue-1,2021-2022,Stade Rennais FC,273,,Centre-Forward,25,37.0,37,998.0
ligue-1,2021-2022,Stade Rennais FC,273,,Centre-Forward,16,20.0,7,50.0
ligue-1,2021-2022,Stade Rennais FC,273,,Centre-Forward,18,16.0,7,97.0
ligue-1,2021-2022,Stade Rennais FC,273,,Left Winger,19,21.0,20,1015.0
ligue-1,2021-2022,Stade Rennais FC,273,,Right Winger,17,28.0,10,79.0
ligue-1,2021-2022,Stade Rennais FC,273,,Left Winger,24,37.0,37,2807.0
ligue-1,2021-2022,Stade Rennais FC,273,,Right Winger,25,4.0,3,25.0
ligue-1,2021-2022,Stade Rennais FC,273,,Centre-Forward,27,34.0,34,2743.0
ligue-1,2021-2022,Stade Rennais FC,273,,Left Winger,18,,0,0.0
ligue-1,2021-2022,Olympique Marseille,244,,Goalkeeper,18,5.0,0,0.0
ligue-1,2021-2022,Olympique Marseille,244,,Goalkeeper,26,36.0,29,2610.0
ligue-1,2021-2022,Olympique Marseille,244,,Goalkeeper,18,1.0,0,0.0
ligue-1,2021-2022,Olympique Marseille,244,,Goalkeeper,36,37.0,9,810.0
ligue-1,2021-2022,Olympique Marseille,244,,Centre-Back,20,37.0,36,3240.0
ligue-1,2021-2022,Olympique Marseille,244,,Centre-Back,22,25.0,17,949.0
ligue-1,2021-2022,Olympique Marseille,244,,Centre-Back,28,17.0,14,438.0
ligue-1,2021-2022,Olympique Marseille,244,,Centre-Back,24,35.0,26,2061.0
ligue-1,2021-2022,Olympique Marseille,244,,Right-Back,23,35.0,34,1769.0
ligue-1,2021-2022,Olympique Marseille,244,,Left-Back,27,16.0,2,130.0
ligue-1,2021-2022,Olympique Marseille,244,,Centre-Back,26,36.0,34,2677.0
ligue-1,2021-2022,Olympique Marseille,244,,Centre-Back,17,3.0,0,0.0
ligue-1,2021-2022,Olympique Marseille,244,,Right-Back,16,1.0,0,0.0
ligue-1,2021-2022,Olympique Marseille,244,,Centre-Back,31,22.0,6,451.0
ligue-1,2021-2022,Olympique Marseille,244,,Defensive Midfield,21,36.0,34,2781.0
ligue-1,2021-2022,Olympique Marseille,244,,Central Midfield,22,33.0,28,1525.0
ligue-1,2021-2022,Olympique Marseille,244,,Central Midfield,22,38.0,38,3154.0
ligue-1,2021-2022,Olympique Marseille,244,,Right Midfield,19,37.0,20,694.0
ligue-1,2021-2022,Olympique Marseille,244,,Central Midfield,24,36.0,35,2553.0
ligue-1,2021-2022,Olympique Marseille,244,,Defensive Midfield,19,21.0,2,4.0
ligue-1,2021-2022,Olympique Marseille,244,,Central Midfield,26,35.0,32,2196.0
ligue-1,2021-2022,Olympique Marseille,244,,Central Midfield,17,2.0,0,0.0
ligue-1,2021-2022,Olympique Marseille,244,,Left Midfield,18,1.0,0,0.0
ligue-1,2021-2022,Olympique Marseille,244,,Central Midfield,19,,0,0.0
ligue-1,2021-2022,Olympique Marseille,244,,Attacking Midfield,34,31.0,31,2596.0
ligue-1,2021-2022,Olympique Marseille,244,,Attacking Midfield,17,3.0,0,0.0
ligue-1,2021-2022,Olympique Marseille,244,,Central Midfield,17,2.0,0,0.0
ligue-1,2021-2022,Olympique Marseille,244,,Centre-Forward,21,29.0,25,973.0
ligue-1,2021-2022,Olympique Marseille,244,,Left Winger,24,30.0,23,1166.0
ligue-1,2021-2022,Olympique Marseille,244,,Right Winger,23,33.0,32,2208.0
ligue-1,2021-2022,Olympique Marseille,244,,Centre-Forward,27,26.0,23,1419.0
ligue-1,2021-2022,Olympique Marseille,244,,Centre-Forward,30,15.0,12,360.0
ligue-1,2021-2022,Olympique Marseille,244,,Left Winger,25,2.0,1,17.0
ligue-1,2021-2022,Olympique Marseille,244,,Left Winger,19,20.0,16,788.0
ligue-1,2021-2022,Olympique Marseille,244,,Second Striker,16,,0,0.0
ligue-1,2021-2022,Olympique Marseille,244,,Left Winger,18,16.0,1,1.0
ligue-1,2021-2022,Olympique Marseille,244,,Centre-Forward,31,2.0,2,51.0
ligue-1,2021-2022,Olympique Marseille,244,,Centre-Forward,15,4.0,0,0.0
ligue-1,2021-2022,OGC Nice,417,,Goalkeeper,21,38.0,1,90.0
ligue-1,2021-2022,OGC Nice,417,,Goalkeeper,28,37.0,37,3330.0
ligue-1,2021-2022,OGC Nice,417,,Goalkeeper,20,7.0,0,0.0
ligue-1,2021-2022,OGC Nice,417,,Centre-Back,21,37.0,36,3116.0
ligue-1,2021-2022,OGC Nice,417,,Centre-Back,17,5.0,0,0.0
ligue-1,2021-2022,OGC Nice,417,,Left-Back,20,35.0,33,2591.0
ligue-1,2021-2022,OGC Nice,417,,Centre-Back,20,37.0,24,1288.0
ligue-1,2021-2022,OGC Nice,417,,Right-Back,22,37.0,30,1780.0
ligue-1,2021-2022,OGC Nice,417,,Left-Back,27,16.0,11,545.0
ligue-1,2021-2022,OGC Nice,417,,Centre-Back,23,2.0,0,0.0
ligue-1,2021-2022,OGC Nice,417,,Right-Back,25,21.0,17,1144.0
ligue-1,2021-2022,OGC Nice,417,,Left-Back,27,13.0,8,414.0
ligue-1,2021-2022,OGC Nice,417,,Centre-Back,17,2.0,0,0.0
ligue-1,2021-2022,OGC Nice,417,,Centre-Back,37,34.0,34,2873.0
ligue-1,2021-2022,OGC Nice,417,,Central Midfield,20,37.0,36,1897.0
ligue-1,2021-2022,OGC Nice,417,,Attacking Midfield,22,28.0,27,1883.0
ligue-1,2021-2022,OGC Nice,417,,Central Midfield,20,20.0,10,393.0
ligue-1,2021-2022,OGC Nice,417,,Attacking Midfield,23,18.0,10,200.0
ligue-1,2021-2022,OGC Nice,417,,Central Midfield,21,34.0,29,1630.0
ligue-1,2021-2022,OGC Nice,417,,Defensive Midfield,24,36.0,36,2736.0
ligue-1,2021-2022,OGC Nice,417,,Defensive Midfield,27,33.0,32,1975.0
ligue-1,2021-2022,OGC Nice,417,,Attacking Midfield,22,32.0,24,1072.0
ligue-1,2021-2022,OGC Nice,417,,Defensive Midfield,25,9.0,1,90.0
ligue-1,2021-2022,OGC Nice,417,,Central Midfield,20,1.0,0,0.0
ligue-1,2021-2022,OGC Nice,417,,Central Midfield,18,10.0,0,0.0
ligue-1,2021-2022,OGC Nice,417,,Defensive Midfield,31,28.0,20,637.0
ligue-1,2021-2022,OGC Nice,417,,Right Winger,20,3.0,3,204.0
ligue-1,2021-2022,OGC Nice,417,,Centre-Forward,21,38.0,38,2764.0
ligue-1,2021-2022,OGC Nice,417,,Right Winger,20,30.0,20,422.0
ligue-1,2021-2022,OGC Nice,417,,Centre-Forward,23,31.0,26,1500.0
ligue-1,2021-2022,OGC Nice,417,,Right Winger,21,14.0,11,371.0
ligue-1,2021-2022,OGC Nice,417,,Left Winger,22,2.0,1,34.0
ligue-1,2021-2022,OGC Nice,417,,Centre-Forward,23,,0,0.0
ligue-1,2021-2022,OGC Nice,417,,Centre-Forward,29,32.0,32,2447.0
ligue-1,2021-2022,RC Lens,826,,Goalkeeper,23,36.0,13,1104.0
ligue-1,2021-2022,RC Lens,826,,Goalkeeper,20,6.0,0,0.0
ligue-1,2021-2022,RC Lens,826,,Goalkeeper,35,34.0,27,2314.0
ligue-1,2021-2022,RC Lens,826,,Centre-Back,22,35.0,33,2793.0
ligue-1,2021-2022,RC Lens,826,,Centre-Back,22,32.0,31,2596.0
ligue-1,2021-2022,RC Lens,826,,Right-Back,26,37.0,37,2453.0
ligue-1,2021-2022,RC Lens,826,,Centre-Back,19,37.0,14,1050.0
ligue-1,2021-2022,RC Lens,826,,Left-Back,20,9.0,5,94.0
ligue-1,2021-2022,RC Lens,826,,Right-Back,28,37.0,37,3061.0
ligue-1,2021-2022,RC Lens,826,,Centre-Back,28,35.0,35,3073.0
ligue-1,2021-2022,RC Lens,826,,Left-Back,27,28.0,22,514.0
ligue-1,2021-2022,RC Lens,826,,Centre-Back,18,8.0,2,13.0
ligue-1,2021-2022,RC Lens,826,,Left-Back,28,26.0,20,1078.0
ligue-1,2021-2022,RC Lens,826,,Centre-Back,29,1.0,1,90.0
ligue-1,2021-2022,RC Lens,826,,Left-Back,19,1.0,0,0.0
ligue-1,2021-2022,RC Lens,826,,Defensive Midfield,21,34.0,34,2948.0
ligue-1,2021-2022,RC Lens,826,,Defensive Midfield,23,18.0,14,297.0
ligue-1,2021-2022,RC Lens,826,,Central Midfield,26,38.0,38,3364.0
ligue-1,2021-2022,RC Lens,826,,Attacking Midfield,20,38.0,33,1463.0
ligue-1,2021-2022,RC Lens,826,,Defensive Midfield,19,10.0,1,1.0
ligue-1,2021-2022,RC Lens,826,,Defensive Midfield,18,1.0,0,0.0
ligue-1,2021-2022,RC Lens,826,,Central Midfield,18,2.0,0,0.0
ligue-1,2021-2022,RC Lens,826,,Defensive Midfield,32,2.0,0,0.0
ligue-1,2021-2022,RC Lens,826,,Defensive Midfield,21,4.0,0,0.0
ligue-1,2021-2022,RC Lens,826,,Attacking Midfield,30,30.0,29,1683.0
ligue-1,2021-2022,RC Lens,826,,Defensive Midfield,36,37.0,17,611.0
ligue-1,2021-2022,RC Lens,826,,Centre-Forward,19,32.0,32,2168.0
ligue-1,2021-2022,RC Lens,826,,Centre-Forward,24,4.0,4,122.0
ligue-1,2021-2022,RC Lens,826,,Second Striker,26,24.0,21,647.0
ligue-1,2021-2022,RC Lens,826,,Centre-Forward,18,14.0,4,54.0
ligue-1,2021-2022,RC Lens,826,,Centre-Forward,22,31.0,28,1017.0
ligue-1,2021-2022,RC Lens,826,,Centre-Forward,30,36.0,35,2490.0
ligue-1,2021-2022,RC Lens,826,,Right Winger,22,13.0,4,29.0
ligue-1,2021-2022,RC Lens,826,,Right Winger,20,1.0,0,0.0
ligue-1,2021-2022,RC Lens,826,,Centre-Forward,25,27.0,17,240.0
ligue-1,2021-2022,Stade Reims,1421,,Goalkeeper,25,38.0,38,3420.0
ligue-1,2021-2022,Stade Reims,1421,,Goalkeeper,21,31.0,0,0.0
ligue-1,2021-2022,Stade Reims,1421,,Goalkeeper,40,10.0,0,0.0
ligue-1,2021-2022,Stade Reims,1421,,Centre-Back,23,37.0,37,3330.0
ligue-1,2021-2022,Stade Reims,1421,,Centre-Back,21,9.0,1,90.0
ligue-1,2021-2022,Stade Reims,1421,,Left-Back,19,36.0,24,1006.0
ligue-1,2021-2022,Stade Reims,1421,,Left-Back,25,29.0,28,2422.0
ligue-1,2021-2022,Stade Reims,1421,,Right-Back,20,9.0,3,153.0
ligue-1,2021-2022,Stade Reims,1421,,Right-Back,21,19.0,18,1297.0
ligue-1,2021-2022,Stade Reims,1421,,Right-Back,17,2.0,1,3.0
ligue-1,2021-2022,Stade Reims,1421,,Centre-Back,23,26.0,26,2141.0
ligue-1,2021-2022,Stade Reims,1421,,Right-Back,26,29.0,29,2240.0
ligue-1,2021-2022,Stade Reims,1421,,Centre-Back,33,34.0,34,2984.0
ligue-1,2021-2022,Stade Reims,1421,,Centre-Back,20,2.0,0,0.0
ligue-1,2021-2022,Stade Reims,1421,,Central Midfield,25,24.0,24,1885.0
ligue-1,2021-2022,Stade Reims,1421,,Defensive Midfield,19,33.0,26,1646.0
ligue-1,2021-2022,Stade Reims,1421,,Defensive Midfield,23,29.0,29,2468.0
ligue-1,2021-2022,Stade Reims,1421,,Attacking Midfield,17,11.0,8,347.0
ligue-1,2021-2022,Stade Reims,1421,,Attacking Midfield,18,18.0,8,348.0
ligue-1,2021-2022,Stade Reims,1421,,Defensive Midfield,21,8.0,8,363.0
ligue-1,2021-2022,Stade Reims,1421,,Attacking Midfield,21,36.0,25,1059.0
ligue-1,2021-2022,Stade Reims,1421,,Central Midfield,28,21.0,13,453.0
ligue-1,2021-2022,Stade Reims,1421,,Defensive Midfield,22,15.0,8,170.0
ligue-1,2021-2022,Stade Reims,1421,,Central Midfield,30,3.0,3,219.0
ligue-1,2021-2022,Stade Reims,1421,,Defensive Midfield,16,2.0,1,1.0
ligue-1,2021-2022,Stade Reims,1421,,Central Midfield,23,26.0,17,804.0
ligue-1,2021-2022,Stade Reims,1421,,Centre-Forward,19,24.0,24,1276.0
ligue-1,2021-2022,Stade Reims,1421,,Left Winger,19,21.0,21,1200.0
ligue-1,2021-2022,Stade Reims,1421,,Right Winger,22,38.0,31,1781.0
ligue-1,2021-2022,Stade Reims,1421,,Centre-Forward,21,13.0,8,350.0
ligue-1,2021-2022,Stade Reims,1421,,Left Winger,19,38.0,31,1417.0
ligue-1,2021-2022,Stade Reims,1421,,Centre-Forward,23,2.0,2,80.0
ligue-1,2021-2022,Stade Reims,1421,,Right Winger,24,7.0,4,193.0
ligue-1,2021-2022,Stade Reims,1421,,Right Winger,21,25.0,20,984.0
ligue-1,2021-2022,Stade Reims,1421,,Left Winger,26,10.0,9,409.0
ligue-1,2021-2022,Stade Reims,1421,,Right Winger,21,2.0,0,0.0
ligue-1,2021-2022,Stade Reims,1421,,Left Winger,24,19.0,13,363.0
ligue-1,2021-2022,Stade Reims,1421,,Centre-Forward,19,15.0,10,372.0
ligue-1,2021-2022,Stade Reims,1421,,Left Winger,26,7.0,4,82.0
ligue-1,2021-2022,Stade Reims,1421,,Right Winger,18,1.0,0,0.0
ligue-1,2021-2022,Montpellier HSC,969,,Goalkeeper,27,29.0,29,2589.0
ligue-1,2021-2022,Montpellier HSC,969,,Goalkeeper,23,36.0,11,832.0
ligue-1,2021-2022,Montpellier HSC,969,,Goalkeeper,22,11.0,0,0.0
ligue-1,2021-2022,Montpellier HSC,969,,Centre-Back,19,27.0,24,1857.0
ligue-1,2021-2022,Montpellier HSC,969,,Centre-Back,18,5.0,0,0.0
ligue-1,2021-2022,Montpellier HSC,969,,Right-Back,18,4.0,1,7.0
ligue-1,2021-2022,Montpellier HSC,969,,Centre-Back,22,37.0,34,2780.0
ligue-1,2021-2022,Montpellier HSC,969,,Centre-Back,22,32.0,16,854.0
ligue-1,2021-2022,Montpellier HSC,969,,Right-Back,21,1.0,0,0.0
ligue-1,2021-2022,Montpellier HSC,969,,Left-Back,25,31.0,29,1807.0
ligue-1,2021-2022,Montpellier HSC,969,,Right-Back,24,35.0,30,1528.0
ligue-1,2021-2022,Montpellier HSC,969,,Centre-Back,25,11.0,0,0.0
ligue-1,2021-2022,Montpellier HSC,969,,Right-Back,29,37.0,34,2341.0
ligue-1,2021-2022,Montpellier HSC,969,,Left-Back,30,22.0,11,658.0
ligue-1,2021-2022,Montpellier HSC,969,,Right-Back,19,,0,0.0
ligue-1,2021-2022,Montpellier HSC,969,,Centre-Back,31,29.0,29,2578.0
ligue-1,2021-2022,Montpellier HSC,969,,Centre-Back,30,3.0,1,15.0
ligue-1,2021-2022,Montpellier HSC,969,,Left-Back,20,,0,0.0
ligue-1,2021-2022,Montpellier HSC,969,,Defensive Midfield,19,37.0,36,2944.0
ligue-1,2021-2022,Montpellier HSC,969,,Central Midfield,21,37.0,24,616.0
ligue-1,2021-2022,Montpellier HSC,969,,Attacking Midfield,31,5.0,5,313.0
ligue-1,2021-2022,Montpellier HSC,969,,Attacking Midfield,29,29.0,29,2422.0
ligue-1,2021-2022,Montpellier HSC,969,,Central Midfield,29,34.0,34,2920.0
ligue-1,2021-2022,Montpellier HSC,969,,Defensive Midfield,20,7.0,0,0.0
ligue-1,2021-2022,Montpellier HSC,969,,Attacking Midfield,19,29.0,10,249.0
ligue-1,2021-2022,Montpellier HSC,969,,Attacking Midfield,29,36.0,35,2649.0
ligue-1,2021-2022,Montpellier HSC,969,,Centre-Forward,18,35.0,33,1766.0
ligue-1,2021-2022,Montpellier HSC,969,,Left Winger,23,31.0,30,2315.0
ligue-1,2021-2022,Montpellier HSC,969,,Centre-Forward,27,4.0,4,343.0
ligue-1,2021-2022,Montpellier HSC,969,,Centre-Forward,20,33.0,28,473.0
ligue-1,2021-2022,Montpellier HSC,969,,Centre-Forward,20,7.0,3,10.0
ligue-1,2021-2022,Montpellier HSC,969,,Left Winger,18,33.0,23,303.0
ligue-1,2021-2022,Montpellier HSC,969,,Centre-Forward,19,,0,0.0
ligue-1,2021-2022,Montpellier HSC,969,,Centre-Forward,31,4.0,0,0.0
ligue-1,2021-2022,Montpellier HSC,969,,Centre-Forward,29,3.0,3,270.0
ligue-1,2021-2022,Montpellier HSC,969,,Centre-Forward,31,34.0,34,1974.0
ligue-1,2021-2022,RC Strasbourg Alsace,667,,Goalkeeper,29,37.0,37,3330.0
ligue-1,2021-2022,RC Strasbourg Alsace,667,,Goalkeeper,19,5.0,0,0.0
ligue-1,2021-2022,RC Strasbourg Alsace,667,,Goalkeeper,38,34.0,1,90.0
ligue-1,2021-2022,RC Strasbourg Alsace,667,,Centre-Back,17,4.0,1,16.0
ligue-1,2021-2022,RC Strasbourg Alsace,667,,Right-Back,15,1.0,0,0.0
ligue-1,2021-2022,RC Strasbourg Alsace,667,,Right-Back,24,37.0,37,2394.0
ligue-1,2021-2022,RC Strasbourg Alsace,667,,Centre-Back,18,11.0,0,0.0
ligue-1,2021-2022,RC Strasbourg Alsace,667,,Centre-Back,24,34.0,34,2983.0
ligue-1,2021-2022,RC Strasbourg Alsace,667,,Centre-Back,26,32.0,31,2697.0
ligue-1,2021-2022,RC Strasbourg Alsace,667,,Right-Back,20,4.0,0,0.0
ligue-1,2021-2022,RC Strasbourg Alsace,667,,Centre-Back,22,35.0,31,2508.0
ligue-1,2021-2022,RC Strasbourg Alsace,667,,Right-Back,26,33.0,33,2520.0
ligue-1,2021-2022,RC Strasbourg Alsace,667,,Right-Back,23,32.0,16,562.0
ligue-1,2021-2022,RC Strasbourg Alsace,667,,Centre-Back,31,16.0,12,857.0
ligue-1,2021-2022,RC Strasbourg Alsace,667,,Centre-Back,17,1.0,0,0.0
ligue-1,2021-2022,RC Strasbourg Alsace,667,,Central Midfield,17,24.0,4,107.0
ligue-1,2021-2022,RC Strasbourg Alsace,667,,Central Midfield,23,36.0,36,2349.0
ligue-1,2021-2022,RC Strasbourg Alsace,667,,Central Midfield,27,31.0,31,2395.0
ligue-1,2021-2022,RC Strasbourg Alsace,667,,Defensive Midfield,23,35.0,35,2307.0
ligue-1,2021-2022,RC Strasbourg Alsace,667,,Defensive Midfield,27,31.0,25,1000.0
ligue-1,2021-2022,RC Strasbourg Alsace,667,,Defensive Midfield,24,9.0,2,15.0
ligue-1,2021-2022,RC Strasbourg Alsace,667,,Attacking Midfield,17,4.0,0,0.0
ligue-1,2021-2022,RC Strasbourg Alsace,667,,Central Midfield,33,34.0,33,2046.0
ligue-1,2021-2022,RC Strasbourg Alsace,667,,Central Midfield,27,36.0,32,2182.0
ligue-1,2021-2022,RC Strasbourg Alsace,667,,Centre-Forward,26,33.0,31,1536.0
ligue-1,2021-2022,RC Strasbourg Alsace,667,,Centre-Forward,27,36.0,36,2744.0
ligue-1,2021-2022,RC Strasbourg Alsace,667,,Left Winger,18,1.0,0,0.0
ligue-1,2021-2022,RC Strasbourg Alsace,667,,Left Winger,19,23.0,5,85.0
ligue-1,2021-2022,RC Strasbourg Alsace,667,,Centre-Forward,19,23.0,8,120.0
ligue-1,2021-2022,RC Strasbourg Alsace,667,,Centre-Forward,25,3.0,1,1.0
ligue-1,2021-2022,RC Strasbourg Alsace,667,,Left Winger,24,4.0,1,15.0
ligue-1,2021-2022,RC Strasbourg Alsace,667,,Centre-Forward,29,29.0,15,315.0
ligue-1,2021-2022,RC Strasbourg Alsace,667,,Centre-Forward,34,35.0,35,2396.0
ligue-1,2021-2022,FC Girondins Bordeaux,40,,Goalkeeper,22,36.0,13,1170.0
ligue-1,2021-2022,FC Girondins Bordeaux,40,,Goalkeeper,21,8.0,0,0.0
ligue-1,2021-2022,FC Girondins Bordeaux,40,,Goalkeeper,17,,0,0.0
ligue-1,2021-2022,FC Girondins Bordeaux,40,,Goalkeeper,33,29.0,25,2250.0
ligue-1,2021-2022,FC Girondins Bordeaux,40,,Goalkeeper,19,3.0,0,0.0
ligue-1,2021-2022,FC Girondins Bordeaux,40,,Centre-Back,22,15.0,15,1350.0
ligue-1,2021-2022,FC Girondins Bordeaux,40,,Left-Back,17,1.0,0,0.0
ligue-1,2021-2022,FC Girondins Bordeaux,40,,Left-Back,22,30.0,23,1204.0
ligue-1,2021-2022,FC Girondins Bordeaux,40,,Left-Back,23,32.0,29,2358.0
ligue-1,2021-2022,FC Girondins Bordeaux,40,,Right-Back,18,28.0,26,1419.0
ligue-1,2021-2022,FC Girondins Bordeaux,40,,Centre-Back,26,25.0,24,1956.0
ligue-1,2021-2022,FC Girondins Bordeaux,40,,Centre-Back,22,1.0,0,0.0
ligue-1,2021-2022,FC Girondins Bordeaux,40,,Right-Back,24,32.0,29,2007.0
ligue-1,2021-2022,FC Girondins Bordeaux,40,,Centre-Back,29,2.0,1,62.0
ligue-1,2021-2022,FC Girondins Bordeaux,40,,Right-Back,17,2.0,1,11.0
ligue-1,2021-2022,FC Girondins Bordeaux,40,,Left-Back,21,,0,0.0
ligue-1,2021-2022,FC Girondins Bordeaux,40,,Centre-Back,23,28.0,10,621.0
ligue-1,2021-2022,FC Girondins Bordeaux,40,,Centre-Back,32,18.0,16,1226.0
ligue-1,2021-2022,FC Girondins Bordeaux,40,,Centre-Back,35,12.0,11,935.0
ligue-1,2021-2022,FC Girondins Bordeaux,40,,Right-Back,19,,0,0.0
ligue-1,2021-2022,FC Girondins Bordeaux,40,,Centre-Back,34,12.0,11,902.0
ligue-1,2021-2022,FC Girondins Bordeaux,40,,Centre-Back,33,9.0,2,11.0
ligue-1,2021-2022,FC Girondins Bordeaux,40,,Right Midfield,21,1.0,0,0.0
ligue-1,2021-2022,FC Girondins Bordeaux,40,,Defensive Midfield,20,37.0,36,2274.0
ligue-1,2021-2022,FC Girondins Bordeaux,40,,Defensive Midfield,18,2.0,1,90.0
ligue-1,2021-2022,FC Girondins Bordeaux,40,,Central Midfield,24,3.0,3,212.0
ligue-1,2021-2022,FC Girondins Bordeaux,40,,Defensive Midfield,19,12.0,7,438.0
ligue-1,2021-2022,FC Girondins Bordeaux,40,,Defensive Midfield,27,18.0,16,1150.0
ligue-1,2021-2022,FC Girondins Bordeaux,40,,Central Midfield,24,12.0,11,689.0
ligue-1,2021-2022,FC Girondins Bordeaux,40,,Defensive Midfield,21,24.0,23,1845.0
ligue-1,2021-2022,FC Girondins Bordeaux,40,,Attacking Midfield,24,35.0,33,1741.0
ligue-1,2021-2022,FC Girondins Bordeaux,40,,Defensive Midfield,19,23.0,13,914.0
ligue-1,2021-2022,FC Girondins Bordeaux,40,,Attacking Midfield,28,32.0,32,2525.0
ligue-1,2021-2022,FC Girondins Bordeaux,40,,Central Midfield,28,2.0,1,6.0
ligue-1,2021-2022,FC Girondins Bordeaux,40,,Attacking Midfield,21,,0,0.0
ligue-1,2021-2022,FC Girondins Bordeaux,40,,Defensive Midfield,19,,0,0.0
ligue-1,2021-2022,FC Girondins Bordeaux,40,,Defensive Midfield,18,,0,0.0
ligue-1,2021-2022,FC Girondins Bordeaux,40,,Central Midfield,30,34.0,26,1255.0
ligue-1,2021-2022,FC Girondins Bordeaux,40,,Attacking Midfield,21,10.0,6,78.0
ligue-1,2021-2022,FC Girondins Bordeaux,40,,Defensive Midfield,30,15.0,15,1332.0
ligue-1,2021-2022,FC Girondins Bordeaux,40,,Right Winger,18,9.0,5,39.0
ligue-1,2021-2022,FC Girondins Bordeaux,40,,Centre-Forward,22,3.0,2,8.0
ligue-1,2021-2022,FC Girondins Bordeaux,40,,Centre-Forward,18,33.0,26,896.0
ligue-1,2021-2022,FC Girondins Bordeaux,40,,Centre-Forward,19,10.0,5,81.0
ligue-1,2021-2022,FC Girondins Bordeaux,40,,Right Winger,23,14.0,11,326.0
ligue-1,2021-2022,FC Girondins Bordeaux,40,,Left Winger,23,34.0,32,1749.0
ligue-1,2021-2022,FC Girondins Bordeaux,40,,Centre-Forward,26,26.0,22,769.0
ligue-1,2021-2022,FC Girondins Bordeaux,40,,Right Winger,19,,0,0.0
ligue-1,2021-2022,FC Girondins Bordeaux,40,,Right Winger,25,21.0,20,1416.0
ligue-1,2021-2022,FC Girondins Bordeaux,40,,Left Winger,19,,0,0.0
ligue-1,2021-2022,FC Girondins Bordeaux,40,,Right Winger,19,2.0,1,18.0
ligue-1,2021-2022,FC Girondins Bordeaux,40,,Centre-Forward,35,25.0,17,212.0
ligue-1,2021-2022,FC Nantes,995,,Goalkeeper,22,38.0,38,3420.0
ligue-1,2021-2022,FC Nantes,995,,Goalkeeper,25,18.0,0,0.0
ligue-1,2021-2022,FC Nantes,995,,Goalkeeper,33,21.0,0,0.0
ligue-1,2021-2022,FC Nantes,995,,Left-Back,19,33.0,28,1924.0
ligue-1,2021-2022,FC Nantes,995,,Centre-Back,26,28.0,28,2512.0
ligue-1,2021-2022,FC Nantes,995,,Centre-Back,29,36.0,36,3150.0
ligue-1,2021-2022,FC Nantes,995,,Centre-Back,21,20.0,2,158.0
ligue-1,2021-2022,FC Nantes,995,,Right-Back,25,33.0,24,927.0
ligue-1,2021-2022,FC Nantes,995,,Right-Back,29,36.0,32,2093.0
ligue-1,2021-2022,FC Nantes,995,,Centre-Back,19,1.0,0,0.0
ligue-1,2021-2022,FC Nantes,995,,Centre-Back,33,31.0,30,2451.0
ligue-1,2021-2022,FC Nantes,995,,Centre-Back,20,9.0,2,4.0
ligue-1,2021-2022,FC Nantes,995,,Left-Back,29,23.0,16,715.0
ligue-1,2021-2022,FC Nantes,995,,Right-Back,30,28.0,27,1678.0
ligue-1,2021-2022,FC Nantes,995,,Right-Back,30,30.0,28,1332.0
ligue-1,2021-2022,FC Nantes,995,,Right Midfield,23,35.0,35,2978.0
ligue-1,2021-2022,FC Nantes,995,,Defensive Midfield,24,31.0,31,2646.0
ligue-1,2021-2022,FC Nantes,995,,Central Midfield,24,34.0,30,1502.0
ligue-1,2021-2022,FC Nantes,995,,Defensive Midfield,18,8.0,2,5.0
ligue-1,2021-2022,FC Nantes,995,,Attacking Midfield,19,9.0,0,0.0
ligue-1,2021-2022,FC Nantes,995,,Central Midfield,26,29.0,24,1494.0
ligue-1,2021-2022,FC Nantes,995,,Attacking Midfield,24,27.0,17,570.0
ligue-1,2021-2022,FC Nantes,995,,Central Midfield,19,5.0,1,9.0
ligue-1,2021-2022,FC Nantes,995,,Centre-Forward,22,37.0,36,2958.0
ligue-1,2021-2022,FC Nantes,995,,Left Winger,25,32.0,30,2351.0
ligue-1,2021-2022,FC Nantes,995,,Centre-Forward,19,28.0,22,531.0
ligue-1,2021-2022,FC Nantes,995,,Right Winger,22,33.0,24,1009.0
ligue-1,2021-2022,FC Nantes,995,,Left Winger,26,1.0,0,0.0
ligue-1,2021-2022,FC Nantes,995,,Centre-Forward,24,14.0,7,84.0
ligue-1,2021-2022,FC Nantes,995,,Centre-Forward,29,28.0,21,848.0
ligue-1,2021-2022,FC Nantes,995,,Centre-Forward,29,11.0,6,189.0
ligue-1,2021-2022,AS Saint-Étienne,618,,Goalkeeper,24,19.0,19,1710.0
ligue-1,2021-2022,AS Saint-Étienne,618,,Goalkeeper,20,33.0,15,1199.0
ligue-1,2021-2022,AS Saint-Étienne,618,,Goalkeeper,19,19.0,7,510.0
ligue-1,2021-2022,AS Saint-Étienne,618,,Goalkeeper,20,5.0,0,0.0
ligue-1,2021-2022,AS Saint-Étienne,618,,Centre-Back,23,27.0,24,1657.0
ligue-1,2021-2022,AS Saint-Étienne,618,,Centre-Back,22,38.0,30,2568.0
ligue-1,2021-2022,AS Saint-Étienne,618,,Left-Back,19,1.0,1,3.0
ligue-1,2021-2022,AS Saint-Étienne,618,,Centre-Back,18,22.0,13,990.0
ligue-1,2021-2022,AS Saint-Étienne,618,,Right-Back,24,2.0,1,45.0
ligue-1,2021-2022,AS Saint-Étienne,618,,Right-Back,26,9.0,9,667.0
ligue-1,2021-2022,AS Saint-Étienne,618,,Right-Back,22,25.0,22,1535.0
ligue-1,2021-2022,AS Saint-Étienne,618,,Centre-Back,19,1.0,0,0.0
ligue-1,2021-2022,AS Saint-Étienne,618,,Centre-Back,18,5.0,4,308.0
ligue-1,2021-2022,AS Saint-Étienne,618,,Left-Back,28,22.0,17,1110.0
ligue-1,2021-2022,AS Saint-Étienne,618,,Centre-Back,29,33.0,30,2570.0
ligue-1,2021-2022,AS Saint-Étienne,618,,Left-Back,22,1.0,0,0.0
ligue-1,2021-2022,AS Saint-Étienne,618,,Centre-Back,19,8.0,2,56.0
ligue-1,2021-2022,AS Saint-Étienne,618,,Left-Back,30,26.0,13,714.0
ligue-1,2021-2022,AS Saint-Étienne,618,,Centre-Back,30,14.0,14,1183.0
ligue-1,2021-2022,AS Saint-Étienne,618,,Central Midfield,23,35.0,35,3076.0
ligue-1,2021-2022,AS Saint-Étienne,618,,Defensive Midfield,17,36.0,31,1806.0
ligue-1,2021-2022,AS Saint-Étienne,618,,Central Midfield,21,35.0,30,1557.0
ligue-1,2021-2022,AS Saint-Étienne,618,,Attacking Midfield,19,3.0,0,0.0
ligue-1,2021-2022,AS Saint-Étienne,618,,Attacking Midfield,18,37.0,35,1066.0
ligue-1,2021-2022,AS Saint-Étienne,618,,Defensive Midfield,24,16.0,16,940.0
ligue-1,2021-2022,AS Saint-Étienne,618,,Central Midfield,20,17.0,14,425.0
ligue-1,2021-2022,AS Saint-Étienne,618,,Defensive Midfield,23,23.0,4,21.0
ligue-1,2021-2022,AS Saint-Étienne,618,,Attacking Midfield,31,31.0,30,2267.0
ligue-1,2021-2022,AS Saint-Étienne,618,,Attacking Midfield,20,,0,0.0
ligue-1,2021-2022,AS Saint-Étienne,618,,Left Winger,26,34.0,34,2448.0
ligue-1,2021-2022,AS Saint-Étienne,618,,Right Winger,23,36.0,36,1876.0
ligue-1,2021-2022,AS Saint-Étienne,618,,Centre-Forward,23,21.0,16,446.0
ligue-1,2021-2022,AS Saint-Étienne,618,,Left Winger,19,5.0,1,4.0
ligue-1,2021-2022,AS Saint-Étienne,618,,Centre-Forward,24,12.0,5,123.0
ligue-1,2021-2022,AS Saint-Étienne,618,,Centre-Forward,26,5.0,4,98.0
ligue-1,2021-2022,AS Saint-Étienne,618,,Centre-Forward,21,1.0,1,46.0
ligue-1,2021-2022,AS Saint-Étienne,618,,Right Winger,21,1.0,1,1.0
ligue-1,2021-2022,AS Saint-Étienne,618,,Left Winger,18,5.0,5,67.0
ligue-1,2021-2022,AS Saint-Étienne,618,,Left Winger,19,4.0,3,70.0
ligue-1,2021-2022,AS Saint-Étienne,618,,Left Winger,33,14.0,7,157.0
ligue-1,2021-2022,AS Saint-Étienne,618,,Right Winger,19,7.0,5,32.0
ligue-1,2021-2022,AS Saint-Étienne,618,,Right Winger,26,18.0,17,954.0
ligue-1,2021-2022,AS Saint-Étienne,618,,Left Winger,30,30.0,30,2238.0
ligue-1,2021-2022,AS Saint-Étienne,618,,Right Winger,34,22.0,22,880.0
ligue-1,2021-2022,Stade Brestois 29,3911,,Goalkeeper,22,3.0,0,0.0
ligue-1,2021-2022,Stade Brestois 29,3911,,Goalkeeper,24,37.0,0,0.0
ligue-1,2021-2022,Stade Brestois 29,3911,,Goalkeeper,30,38.0,38,3420.0
ligue-1,2021-2022,Stade Brestois 29,3911,,Goalkeeper,23,,0,0.0
ligue-1,2021-2022,Stade Brestois 29,3911,,Centre-Back,21,37.0,31,2257.0
ligue-1,2021-2022,Stade Brestois 29,3911,,Centre-Back,26,32.0,32,2687.0
ligue-1,2021-2022,Stade Brestois 29,3911,,Centre-Back,23,38.0,37,3006.0
ligue-1,2021-2022,Stade Brestois 29,3911,,Right-Back,23,32.0,30,2556.0
ligue-1,2021-2022,Stade Brestois 29,3911,,Left-Back,26,32.0,15,877.0
ligue-1,2021-2022,Stade Brestois 29,3911,,Centre-Back,22,9.0,0,0.0
ligue-1,2021-2022,Stade Brestois 29,3911,,Centre-Back,28,25.0,23,1938.0
ligue-1,2021-2022,Stade Brestois 29,3911,,Centre-Back,27,19.0,2,180.0
ligue-1,2021-2022,Stade Brestois 29,3911,,Right-Back,34,34.0,16,480.0
ligue-1,2021-2022,Stade Brestois 29,3911,,Defensive Midfield,19,31.0,27,1872.0
ligue-1,2021-2022,Stade Brestois 29,3911,,Central Midfield,23,38.0,28,1459.0
ligue-1,2021-2022,Stade Brestois 29,3911,,Attacking Midfield,22,21.0,21,1800.0
ligue-1,2021-2022,Stade Brestois 29,3911,,Central Midfield,27,34.0,31,2312.0
ligue-1,2021-2022,Stade Brestois 29,3911,,Central Midfield,21,31.0,14,797.0
ligue-1,2021-2022,Stade Brestois 29,3911,,Left Midfield,33,4.0,1,23.0
ligue-1,2021-2022,Stade Brestois 29,3911,,Central Midfield,32,20.0,15,846.0
ligue-1,2021-2022,Stade Brestois 29,3911,,Centre-Forward,20,15.0,15,939.0
ligue-1,2021-2022,Stade Brestois 29,3911,,Right Winger,24,34.0,34,2911.0
ligue-1,2021-2022,Stade Brestois 29,3911,,Right Winger,25,23.0,19,984.0
ligue-1,2021-2022,Stade Brestois 29,3911,,Left Winger,21,27.0,14,109.0
ligue-1,2021-2022,Stade Brestois 29,3911,,Centre-Forward,23,33.0,32,1444.0
ligue-1,2021-2022,Stade Brestois 29,3911,,Right Winger,23,35.0,32,1328.0
ligue-1,2021-2022,Stade Brestois 29,3911,,Centre-Forward,26,35.0,35,2312.0
ligue-1,2021-2022,Stade Brestois 29,3911,,Left Winger,29,14.0,13,834.0
ligue-1,2021-2022,Stade Brestois 29,3911,,Centre-Forward,19,17.0,9,129.0
ligue-1,2021-2022,Stade Brestois 29,3911,,Right Winger,17,2.0,0,0.0
ligue-1,2021-2022,FC Metz,347,,Goalkeeper,32,34.0,21,1877.0
ligue-1,2021-2022,FC Metz,347,,Goalkeeper,27,34.0,19,1540.0
ligue-1,2021-2022,FC Metz,347,,Goalkeeper,19,8.0,0,0.0
ligue-1,2021-2022,FC Metz,347,,Goalkeeper,30,,0,0.0
ligue-1,2021-2022,FC Metz,347,,Left-Back,25,12.0,12,1007.0
ligue-1,2021-2022,FC Metz,347,,Centre-Back,21,26.0,12,661.0
ligue-1,2021-2022,FC Metz,347,,Centre-Back,23,11.0,11,975.0
ligue-1,2021-2022,FC Metz,347,,Right-Back,17,15.0,9,614.0
ligue-1,2021-2022,FC Metz,347,,Centre-Back,19,24.0,12,605.0
ligue-1,2021-2022,FC Metz,347,,Centre-Back,23,1.0,1,32.0
ligue-1,2021-2022,FC Metz,347,,Centre-Back,24,30.0,30,2666.0
ligue-1,2021-2022,FC Metz,347,,Right-Back,25,19.0,19,1587.0
ligue-1,2021-2022,FC Metz,347,,Centre-Back,26,30.0,30,2545.0
ligue-1,2021-2022,FC Metz,347,,Centre-Back,28,21.0,15,1207.0
ligue-1,2021-2022,FC Metz,347,,Left-Back,29,30.0,29,2316.0
ligue-1,2021-2022,FC Metz,347,,Centre-Back,18,10.0,3,201.0
ligue-1,2021-2022,FC Metz,347,,Right-Back,22,17.0,4,156.0
ligue-1,2021-2022,FC Metz,347,,Centre-Back,18,2.0,0,0.0
ligue-1,2021-2022,FC Metz,347,,Centre-Back,31,11.0,10,666.0
ligue-1,2021-2022,FC Metz,347,,Left-Back,28,,0,0.0
ligue-1,2021-2022,FC Metz,347,,Central Midfield,18,33.0,33,2127.0
ligue-1,2021-2022,FC Metz,347,,Defensive Midfield,19,33.0,27,1722.0
ligue-1,2021-2022,FC Metz,347,,Defensive Midfield,21,6.0,0,0.0
ligue-1,2021-2022,FC Metz,347,,Attacking Midfield,23,18.0,5,183.0
ligue-1,2021-2022,FC Metz,347,,Defensive Midfield,25,17.0,17,1273.0
ligue-1,2021-2022,FC Metz,347,,Defensive Midfield,25,19.0,19,1239.0
ligue-1,2021-2022,FC Metz,347,,Attacking Midfield,28,28.0,24,1531.0
ligue-1,2021-2022,FC Metz,347,,Defensive Midfield,28,11.0,10,814.0
ligue-1,2021-2022,FC Metz,347,,Defensive Midfield,23,16.0,9,202.0
ligue-1,2021-2022,FC Metz,347,,Defensive Midfield,30,30.0,30,2317.0
ligue-1,2021-2022,FC Metz,347,,Centre-Forward,20,2.0,1,1.0
ligue-1,2021-2022,FC Metz,347,,Left Winger,22,11.0,6,149.0
ligue-1,2021-2022,FC Metz,347,,Centre-Forward,20,20.0,8,146.0
ligue-1,2021-2022,FC Metz,347,,Centre-Forward,26,17.0,15,520.0
ligue-1,2021-2022,FC Metz,347,,Left Winger,21,34.0,18,689.0
ligue-1,2021-2022,FC Metz,347,,Right Winger,23,20.0,14,555.0
ligue-1,2021-2022,FC Metz,347,,Left Winger,26,31.0,26,1043.0
ligue-1,2021-2022,FC Metz,347,,Left Winger,26,4.0,3,84.0
ligue-1,2021-2022,FC Metz,347,,Centre-Forward,30,27.0,27,1982.0
ligue-1,2021-2022,FC Metz,347,,Centre-Forward,22,34.0,26,1589.0
ligue-1,2021-2022,FC Metz,347,,Centre-Forward,24,9.0,9,609.0
ligue-1,2021-2022,Angers SCO,1420,,Goalkeeper,24,13.0,13,1170.0
ligue-1,2021-2022,Angers SCO,1420,,Goalkeeper,24,26.0,10,900.0
ligue-1,2021-2022,Angers SCO,1420,,Goalkeeper,28,37.0,15,1350.0
ligue-1,2021-2022,Angers SCO,1420,,Centre-Back,18,,0,0.0
ligue-1,2021-2022,Angers SCO,1420,,Centre-Back,22,31.0,27,1888.0
ligue-1,2021-2022,Angers SCO,1420,,Centre-Back,18,3.0,0,0.0
ligue-1,2021-2022,Angers SCO,1420,,Left-Back,24,33.0,27,2231.0
ligue-1,2021-2022,Angers SCO,1420,,Right-Back,23,7.0,0,0.0
ligue-1,2021-2022,Angers SCO,1420,,Centre-Back,34,37.0,37,3215.0
ligue-1,2021-2022,Angers SCO,1420,,Centre-Back,33,32.0,30,2566.0
ligue-1,2021-2022,Angers SCO,1420,,Centre-Back,31,23.0,10,455.0
ligue-1,2021-2022,Angers SCO,1420,,Right-Back,31,37.0,28,2359.0
ligue-1,2021-2022,Angers SCO,1420,,Central Midfield,21,33.0,32,1623.0
ligue-1,2021-2022,Angers SCO,1420,,Defensive Midfield,21,36.0,34,2417.0
ligue-1,2021-2022,Angers SCO,1420,,Central Midfield,19,3.0,0,0.0
ligue-1,2021-2022,Angers SCO,1420,,Attacking Midfield,24,36.0,36,2951.0
ligue-1,2021-2022,Angers SCO,1420,,Defensive Midfield,26,18.0,18,1523.0
ligue-1,2021-2022,Angers SCO,1420,,Attacking Midfield,27,29.0,29,2344.0
ligue-1,2021-2022,Angers SCO,1420,,Central Midfield,19,28.0,7,127.0
ligue-1,2021-2022,Angers SCO,1420,,Central Midfield,25,11.0,4,34.0
ligue-1,2021-2022,Angers SCO,1420,,Defensive Midfield,21,,0,0.0
ligue-1,2021-2022,Angers SCO,1420,,Left Midfield,21,3.0,1,16.0
ligue-1,2021-2022,Angers SCO,1420,,Central Midfield,19,3.0,0,0.0
ligue-1,2021-2022,Angers SCO,1420,,Central Midfield,34,37.0,33,2195.0
ligue-1,2021-2022,Angers SCO,1420,,Right Midfield,27,24.0,24,2012.0
ligue-1,2021-2022,Angers SCO,1420,,Central Midfield,34,35.0,30,1187.0
ligue-1,2021-2022,Angers SCO,1420,,Right Winger,17,32.0,32,1847.0
ligue-1,2021-2022,Angers SCO,1420,,Centre-Forward,21,1.0,0,0.0
ligue-1,2021-2022,Angers SCO,1420,,Left Winger,24,33.0,24,1039.0
ligue-1,2021-2022,Angers SCO,1420,,Left Winger,23,8.0,2,12.0
ligue-1,2021-2022,Angers SCO,1420,,Right Winger,21,10.0,9,334.0
ligue-1,2021-2022,Angers SCO,1420,,Left Winger,24,13.0,10,224.0
ligue-1,2021-2022,Angers SCO,1420,,Left Winger,19,11.0,3,4.0
ligue-1,2021-2022,Angers SCO,1420,,Centre-Forward,29,31.0,29,1096.0
ligue-1,2021-2022,Angers SCO,1420,,Centre-Forward,29,1.0,0,0.0
ligue-1,2021-2022,Angers SCO,1420,,Right Winger,26,7.0,1,2.0
ligue-1,2021-2022,Angers SCO,1420,,Centre-Forward,17,2.0,1,2.0
ligue-1,2021-2022,Angers SCO,1420,,Centre-Forward,28,31.0,16,401.0
ligue-1,2021-2022,ESTAC Troyes,1095,,Goalkeeper,28,31.0,31,2790.0
ligue-1,2021-2022,ESTAC Troyes,1095,,Goalkeeper,21,,0,0.0
ligue-1,2021-2022,ESTAC Troyes,1095,,Goalkeeper,31,19.0,0,0.0
ligue-1,2021-2022,ESTAC Troyes,1095,,Goalkeeper,35,26.0,7,630.0
ligue-1,2021-2022,ESTAC Troyes,1095,,Right-Back,20,32.0,31,2260.0
ligue-1,2021-2022,ESTAC Troyes,1095,,Centre-Back,21,33.0,33,2300.0
ligue-1,2021-2022,ESTAC Troyes,1095,,Centre-Back,24,2.0,2,70.0
ligue-1,2021-2022,ESTAC Troyes,1095,,Centre-Back,20,1.0,0,0.0
ligue-1,2021-2022,ESTAC Troyes,1095,,Centre-Back,24,26.0,21,1737.0
ligue-1,2021-2022,ESTAC Troyes,1095,,Left-Back,20,16.0,12,333.0
ligue-1,2021-2022,ESTAC Troyes,1095,,Centre-Back,18,8.0,4,74.0
ligue-1,2021-2022,ESTAC Troyes,1095,,Centre-Back,17,2.0,0,0.0
ligue-1,2021-2022,ESTAC Troyes,1095,,Left-Back,23,17.0,17,1357.0
ligue-1,2021-2022,ESTAC Troyes,1095,,Centre-Back,28,31.0,31,2671.0
ligue-1,2021-2022,ESTAC Troyes,1095,,Centre-Back,25,6.0,0,0.0
ligue-1,2021-2022,ESTAC Troyes,1095,,Centre-Back,17,3.0,2,96.0
ligue-1,2021-2022,ESTAC Troyes,1095,,Left-Back,25,26.0,21,977.0
ligue-1,2021-2022,ESTAC Troyes,1095,,Left-Back,17,1.0,0,0.0
ligue-1,2021-2022,ESTAC Troyes,1095,,Centre-Back,29,21.0,19,1620.0
ligue-1,2021-2022,ESTAC Troyes,1095,,Right-Back,22,,0,0.0
ligue-1,2021-2022,ESTAC Troyes,1095,,Right-Back,19,3.0,0,0.0
ligue-1,2021-2022,ESTAC Troyes,1095,,Centre-Back,18,1.0,0,0.0
ligue-1,2021-2022,ESTAC Troyes,1095,,Right-Back,30,32.0,19,1075.0
ligue-1,2021-2022,ESTAC Troyes,1095,,Centre-Back,35,19.0,17,1173.0
ligue-1,2021-2022,ESTAC Troyes,1095,,Central Midfield,18,2.0,0,0.0
ligue-1,2021-2022,ESTAC Troyes,1095,,Attacking Midfield,19,2.0,0,0.0
ligue-1,2021-2022,ESTAC Troyes,1095,,Central Midfield,23,38.0,19,750.0
ligue-1,2021-2022,ESTAC Troyes,1095,,Attacking Midfield,21,2.0,0,0.0
ligue-1,2021-2022,ESTAC Troyes,1095,,Central Midfield,16,6.0,2,2.0
ligue-1,2021-2022,ESTAC Troyes,1095,,Central Midfield,24,35.0,34,2976.0
ligue-1,2021-2022,ESTAC Troyes,1095,,Central Midfield,29,30.0,30,2631.0
ligue-1,2021-2022,ESTAC Troyes,1095,,Central Midfield,30,34.0,34,2724.0
ligue-1,2021-2022,ESTAC Troyes,1095,,Central Midfield,22,1.0,0,0.0
ligue-1,2021-2022,ESTAC Troyes,1095,,Defensive Midfield,18,3.0,0,0.0
ligue-1,2021-2022,ESTAC Troyes,1095,,Central Midfield,30,28.0,25,1074.0
ligue-1,2021-2022,ESTAC Troyes,1095,,Central Midfield,31,7.0,7,387.0
ligue-1,2021-2022,ESTAC Troyes,1095,,Right Winger,24,6.0,1,13.0
ligue-1,2021-2022,ESTAC Troyes,1095,,Centre-Forward,25,30.0,30,1724.0
ligue-1,2021-2022,ESTAC Troyes,1095,,Centre-Forward,20,4.0,2,13.0
ligue-1,2021-2022,ESTAC Troyes,1095,,Centre-Forward,20,8.0,3,38.0
ligue-1,2021-2022,ESTAC Troyes,1095,,Centre-Forward,22,15.0,14,821.0
ligue-1,2021-2022,ESTAC Troyes,1095,,Centre-Forward,25,13.0,13,521.0
ligue-1,2021-2022,ESTAC Troyes,1095,,Left Winger,21,18.0,11,223.0
ligue-1,2021-2022,ESTAC Troyes,1095,,Right Winger,19,19.0,8,91.0
ligue-1,2021-2022,ESTAC Troyes,1095,,Centre-Forward,28,29.0,28,1904.0
ligue-1,2021-2022,ESTAC Troyes,1095,,Centre-Forward,26,13.0,12,848.0
ligue-1,2021-2022,ESTAC Troyes,1095,,Right Winger,18,3.0,0,0.0
ligue-1,2021-2022,ESTAC Troyes,1095,,Centre-Forward,30,11.0,9,144.0
ligue-1,2021-2022,ESTAC Troyes,1095,,Left Winger,22,10.0,5,62.0
ligue-1,2021-2022,ESTAC Troyes,1095,,Centre-Forward,34,29.0,28,1459.0
ligue-1,2021-2022,FC Lorient,1158,,Goalkeeper,27,38.0,22,1980.0
ligue-1,2021-2022,FC Lorient,1158,,Goalkeeper,24,1.0,0,0.0
ligue-1,2021-2022,FC Lorient,1158,,Goalkeeper,22,,0,0.0
ligue-1,2021-2022,FC Lorient,1158,,Goalkeeper,32,38.0,16,1440.0
ligue-1,2021-2022,FC Lorient,1158,,Centre-Back,19,5.0,0,0.0
ligue-1,2021-2022,FC Lorient,1158,,Centre-Back,22,25.0,17,1384.0
ligue-1,2021-2022,FC Lorient,1158,,Centre-Back,24,33.0,22,1819.0
ligue-1,2021-2022,FC Lorient,1158,,Centre-Back,20,5.0,0,0.0
ligue-1,2021-2022,FC Lorient,1158,,Right-Back,24,38.0,28,1572.0
ligue-1,2021-2022,FC Lorient,1158,,Centre-Back,27,33.0,33,2892.0
ligue-1,2021-2022,FC Lorient,1158,,Right-Back,23,37.0,36,3218.0
ligue-1,2021-2022,FC Lorient,1158,,Left-Back,20,18.0,3,270.0
ligue-1,2021-2022,FC Lorient,1158,,Right-Back,23,1.0,0,0.0
ligue-1,2021-2022,FC Lorient,1158,,Centre-Back,30,18.0,2,168.0
ligue-1,2021-2022,FC Lorient,1158,,Right-Back,35,35.0,8,353.0
ligue-1,2021-2022,FC Lorient,1158,,Left-Back,37,14.0,9,602.0
ligue-1,2021-2022,FC Lorient,1158,,Left-Back,31,34.0,34,3060.0
ligue-1,2021-2022,FC Lorient,1158,,Central Midfield,21,36.0,36,2200.0
ligue-1,2021-2022,FC Lorient,1158,,Right Midfield,18,15.0,4,57.0
ligue-1,2021-2022,FC Lorient,1158,,Defensive Midfield,28,34.0,34,2964.0
ligue-1,2021-2022,FC Lorient,1158,,Central Midfield,19,10.0,3,95.0
ligue-1,2021-2022,FC Lorient,1158,,Attacking Midfield,24,34.0,25,952.0
ligue-1,2021-2022,FC Lorient,1158,,Defensive Midfield,25,15.0,12,878.0
ligue-1,2021-2022,FC Lorient,1158,,Defensive Midfield,30,35.0,34,2254.0
ligue-1,2021-2022,FC Lorient,1158,,Defensive Midfield,34,21.0,21,1119.0
ligue-1,2021-2022,FC Lorient,1158,,Left Midfield,18,13.0,4,13.0
ligue-1,2021-2022,FC Lorient,1158,,Right Winger,19,26.0,25,800.0
ligue-1,2021-2022,FC Lorient,1158,,Left Winger,22,35.0,35,2493.0
ligue-1,2021-2022,FC Lorient,1158,,Left Winger,18,1.0,0,0.0
ligue-1,2021-2022,FC Lorient,1158,,Centre-Forward,22,37.0,37,2735.0
ligue-1,2021-2022,FC Lorient,1158,,Centre-Forward,20,24.0,21,439.0
ligue-1,2021-2022,FC Lorient,1158,,Centre-Forward,24,17.0,16,510.0
ligue-1,2021-2022,FC Lorient,1158,,Right Winger,22,15.0,15,521.0
ligue-1,2021-2022,FC Lorient,1158,,Centre-Forward,27,4.0,3,27.0
ligue-1,2021-2022,FC Lorient,1158,,Centre-Forward,22,16.0,16,726.0
ligue-1,2021-2022,Clermont Foot 63,3524,,Goalkeeper,27,31.0,15,1305.0
ligue-1,2021-2022,Clermont Foot 63,3524,,Goalkeeper,23,38.0,24,2115.0
ligue-1,2021-2022,Clermont Foot 63,3524,,Goalkeeper,20,7.0,0,0.0
ligue-1,2021-2022,Clermont Foot 63,3524,,Centre-Back,21,34.0,21,1409.0
ligue-1,2021-2022,Clermont Foot 63,3524,,Right-Back,18,2.0,0,0.0
ligue-1,2021-2022,Clermont Foot 63,3524,,Right-Back,26,38.0,38,3338.0
ligue-1,2021-2022,Clermont Foot 63,3524,,Left-Back,23,10.0,0,0.0
ligue-1,2021-2022,Clermont Foot 63,3524,,Centre-Back,27,23.0,23,2035.0
ligue-1,2021-2022,Clermont Foot 63,3524,,Left-Back,27,34.0,34,2791.0
ligue-1,2021-2022,Clermont Foot 63,3524,,Left-Back,26,36.0,18,790.0
ligue-1,2021-2022,Clermont Foot 63,3524,,Centre-Back,19,1.0,0,0.0
ligue-1,2021-2022,Clermont Foot 63,3524,,Right-Back,20,6.0,0,0.0
ligue-1,2021-2022,Clermont Foot 63,3524,,Centre-Back,27,25.0,15,976.0
ligue-1,2021-2022,Clermont Foot 63,3524,,Centre-Back,29,17.0,2,20.0
ligue-1,2021-2022,Clermont Foot 63,3524,,Centre-Back,32,35.0,30,2435.0
ligue-1,2021-2022,Clermont Foot 63,3524,,Right-Back,28,11.0,1,6.0
ligue-1,2021-2022,Clermont Foot 63,3524,,Central Midfield,20,15.0,15,843.0
ligue-1,2021-2022,Clermont Foot 63,3524,,Defensive Midfield,21,32.0,31,2469.0
ligue-1,2021-2022,Clermont Foot 63,3524,,Defensive Midfield,24,24.0,24,1716.0
ligue-1,2021-2022,Clermont Foot 63,3524,,Attacking Midfield,26,26.0,23,923.0
ligue-1,2021-2022,Clermont Foot 63,3524,,Attacking Midfield,16,2.0,0,0.0
ligue-1,2021-2022,Clermont Foot 63,3524,,Defensive Midfield,22,27.0,9,196.0
ligue-1,2021-2022,Clermont Foot 63,3524,,Central Midfield,18,1.0,0,0.0
ligue-1,2021-2022,Clermont Foot 63,3524,,Central Midfield,32,18.0,15,572.0
ligue-1,2021-2022,Clermont Foot 63,3524,,Central Midfield,19,,0,0.0
ligue-1,2021-2022,Clermont Foot 63,3524,,Attacking Midfield,31,30.0,29,1745.0
ligue-1,2021-2022,Clermont Foot 63,3524,,Defensive Midfield,33,32.0,32,2752.0
ligue-1,2021-2022,Clermont Foot 63,3524,,Central Midfield,20,9.0,0,0.0
ligue-1,2021-2022,Clermont Foot 63,3524,,Centre-Forward,23,32.0,32,2424.0
ligue-1,2021-2022,Clermont Foot 63,3524,,Centre-Forward,20,7.0,5,64.0
ligue-1,2021-2022,Clermont Foot 63,3524,,Right Winger,26,31.0,30,1482.0
ligue-1,2021-2022,Clermont Foot 63,3524,,Centre-Forward,20,2.0,0,0.0
ligue-1,2021-2022,Clermont Foot 63,3524,,Centre-Forward,18,,0,0.0
ligue-1,2021-2022,Clermont Foot 63,3524,,Left Winger,28,29.0,29,1769.0
ligue-1,2021-2022,Clermont Foot 63,3524,,Centre-Forward,25,15.0,14,391.0
ligue-1,2021-2022,Clermont Foot 63,3524,,Centre-Forward,27,22.0,17,516.0
ligue-1,2021-2022,Clermont Foot 63,3524,,Centre-Forward,24,19.0,15,278.0
ligue-1,2021-2022,Clermont Foot 63,3524,,Right Winger,29,37.0,35,2018.0
ligue-1,2021-2022,Clermont Foot 63,3524,,Right Winger,25,2.0,1,5.0
ligue-1,2022-2023,Paris Saint-Germain,583,,Goalkeeper,23,38.0,38,3410.0
ligue-1,2022-2023,Paris Saint-Germain,583,,Goalkeeper,35,17.0,0,0.0
ligue-1,2022-2023,Paris Saint-Germain,583,,Goalkeeper,28,25.0,0,0.0
ligue-1,2022-2023,Paris Saint-Germain,583,,Goalkeeper,19,1.0,0,0.0
ligue-1,2022-2023,Paris Saint-Germain,583,,Goalkeeper,31,16.0,1,10.0
ligue-1,2022-2023,Paris Saint-Germain,583,,Right-Back,23,29.0,28,2052.0
ligue-1,2022-2023,Paris Saint-Germain,583,,Left-Back,20,24.0,23,1554.0
ligue-1,2022-2023,Paris Saint-Germain,583,,Centre-Back,28,33.0,33,2719.0
ligue-1,2022-2023,Paris Saint-Germain,583,,Centre-Back,17,32.0,13,578.0
ligue-1,2022-2023,Paris Saint-Germain,583,,Right-Back,24,21.0,19,1133.0
ligue-1,2022-2023,Paris Saint-Germain,583,,Centre-Back,26,4.0,0,0.0
ligue-1,2022-2023,Paris Saint-Germain,583,,Centre-Back,30,36.0,33,2411.0
ligue-1,2022-2023,Paris Saint-Germain,583,,Centre-Back,26,11.0,11,730.0
ligue-1,2022-2023,Paris Saint-Germain,583,,Right-Back,19,13.0,5,265.0
ligue-1,2022-2023,Paris Saint-Germain,583,,Centre-Back,17,1.0,0,0.0
ligue-1,2022-2023,Paris Saint-Germain,583,,Centre-Back,36,33.0,33,2708.0
ligue-1,2022-2023,Paris Saint-Germain,583,,Left-Back,29,35.0,28,1645.0
ligue-1,2022-2023,Paris Saint-Germain,583,,Left-Back,16,6.0,0,0.0
ligue-1,2022-2023,Paris Saint-Germain,583,,Right-Back,18,2.0,0,0.0
ligue-1,2022-2023,Paris Saint-Germain,583,,Defensive Midfield,22,37.0,36,2460.0
ligue-1,2022-2023,Paris Saint-Germain,583,,Central Midfield,16,35.0,26,917.0
ligue-1,2022-2023,Paris Saint-Germain,583,,Central Midfield,26,27.0,27,1898.0
ligue-1,2022-2023,Paris Saint-Germain,583,,Attacking Midfield,30,20.0,20,1552.0
ligue-1,2022-2023,Paris Saint-Germain,583,,Central Midfield,25,31.0,26,1185.0
ligue-1,2022-2023,Paris Saint-Germain,583,,Central Midfield,29,29.0,29,2206.0
ligue-1,2022-2023,Paris Saint-Germain,583,,Defensive Midfield,28,4.0,3,49.0
ligue-1,2022-2023,Paris Saint-Germain,583,,Attacking Midfield,30,17.0,14,362.0
ligue-1,2022-2023,Paris Saint-Germain,583,,Central Midfield,24,24.0,23,706.0
ligue-1,2022-2023,Paris Saint-Germain,583,,Central Midfield,17,2.0,0,0.0
ligue-1,2022-2023,Paris Saint-Germain,583,,Defensive Midfield,32,,0,0.0
ligue-1,2022-2023,Paris Saint-Germain,583,,Centre-Forward,23,34.0,34,2822.0
ligue-1,2022-2023,Paris Saint-Germain,583,,Centre-Forward,20,37.0,25,1155.0
ligue-1,2022-2023,Paris Saint-Germain,583,,Centre-Forward,20,1.0,0,0.0
ligue-1,2022-2023,Paris Saint-Germain,583,,Right Winger,35,32.0,32,2842.0
ligue-1,2022-2023,Paris Saint-Germain,583,,Left Winger,18,26.0,6,53.0
ligue-1,2022-2023,Paris Saint-Germain,583,,Centre-Forward,29,,0,0.0
ligue-1,2022-2023,Paris Saint-Germain,583,,Centre-Forward,17,14.0,1,10.0
ligue-1,2022-2023,Stade Rennais FC,273,,Goalkeeper,19,38.0,6,406.0
ligue-1,2022-2023,Stade Rennais FC,273,,Goalkeeper,37,35.0,34,3015.0
ligue-1,2022-2023,Stade Rennais FC,273,,Goalkeeper,19,3.0,0,0.0
ligue-1,2022-2023,Stade Rennais FC,273,,Goalkeeper,37,3.0,0,0.0
ligue-1,2022-2023,Stade Rennais FC,273,,Left-Back,20,28.0,28,1960.0
ligue-1,2022-2023,Stade Rennais FC,273,,Left-Back,21,11.0,8,574.0
ligue-1,2022-2023,Stade Rennais FC,273,,Centre-Back,22,5.0,1,90.0
ligue-1,2022-2023,Stade Rennais FC,273,,Right-Back,19,17.0,2,10.0
ligue-1,2022-2023,Stade Rennais FC,273,,Centre-Back,24,33.0,16,1418.0
ligue-1,2022-2023,Stade Rennais FC,273,,Centre-Back,22,36.0,35,3129.0
ligue-1,2022-2023,Stade Rennais FC,273,,Centre-Back,17,28.0,8,508.0
ligue-1,2022-2023,Stade Rennais FC,273,,Right-Back,22,21.0,12,252.0
ligue-1,2022-2023,Stade Rennais FC,273,,Centre-Back,20,24.0,13,1006.0
ligue-1,2022-2023,Stade Rennais FC,273,,Centre-Back,22,20.0,16,1363.0
ligue-1,2022-2023,Stade Rennais FC,273,,Right-Back,30,31.0,31,2531.0
ligue-1,2022-2023,Stade Rennais FC,273,,Left-Back,27,31.0,27,1199.0
ligue-1,2022-2023,Stade Rennais FC,273,,Left-Back,18,1.0,0,0.0
ligue-1,2022-2023,Stade Rennais FC,273,,Defensive Midfield,18,37.0,26,1328.0
ligue-1,2022-2023,Stade Rennais FC,273,,Attacking Midfield,24,33.0,32,1664.0
ligue-1,2022-2023,Stade Rennais FC,273,,Central Midfield,28,37.0,37,3086.0
ligue-1,2022-2023,Stade Rennais FC,273,,Defensive Midfield,27,26.0,25,1813.0
ligue-1,2022-2023,Stade Rennais FC,273,,Central Midfield,27,8.0,8,551.0
ligue-1,2022-2023,Stade Rennais FC,273,,Central Midfield,29,35.0,30,1684.0
ligue-1,2022-2023,Stade Rennais FC,273,,Defensive Midfield,18,4.0,0,0.0
ligue-1,2022-2023,Stade Rennais FC,273,,Right Midfield,18,1.0,0,0.0
ligue-1,2022-2023,Stade Rennais FC,273,,Right Winger,17,29.0,26,1113.0
ligue-1,2022-2023,Stade Rennais FC,273,,Left Winger,20,30.0,29,1285.0
ligue-1,2022-2023,Stade Rennais FC,273,,Centre-Forward,26,1.0,1,23.0
ligue-1,2022-2023,Stade Rennais FC,273,,Centre-Forward,22,33.0,33,2531.0
ligue-1,2022-2023,Stade Rennais FC,273,,Centre-Forward,20,30.0,30,1863.0
ligue-1,2022-2023,Stade Rennais FC,273,,Centre-Forward,19,15.0,11,96.0
ligue-1,2022-2023,Stade Rennais FC,273,,Left Winger,20,18.0,14,316.0
ligue-1,2022-2023,Stade Rennais FC,273,,Left Winger,25,16.0,16,1329.0
ligue-1,2022-2023,Stade Rennais FC,273,,Centre-Forward,28,4.0,4,251.0
ligue-1,2022-2023,Stade Rennais FC,273,,Left Winger,20,16.0,13,216.0
ligue-1,2022-2023,Stade Rennais FC,273,,Centre-Forward,29,17.0,17,975.0
ligue-1,2022-2023,Stade Rennais FC,273,,Centre-Forward,20,4.0,3,16.0
ligue-1,2022-2023,AS Monaco,162,,Goalkeeper,25,38.0,38,3420.0
ligue-1,2022-2023,AS Monaco,162,,Goalkeeper,26,38.0,0,0.0
ligue-1,2022-2023,AS Monaco,162,,Goalkeeper,19,,0,0.0
ligue-1,2022-2023,AS Monaco,162,,Centre-Back,20,16.0,8,445.0
ligue-1,2022-2023,AS Monaco,162,,Centre-Back,23,25.0,13,718.0
ligue-1,2022-2023,AS Monaco,162,,Right-Back,21,32.0,31,2219.0
ligue-1,2022-2023,AS Monaco,162,,Centre-Back,21,13.0,11,840.0
ligue-1,2022-2023,AS Monaco,162,,Centre-Back,24,38.0,38,3330.0
ligue-1,2022-2023,AS Monaco,162,,Left-Back,24,36.0,35,2899.0
ligue-1,2022-2023,AS Monaco,162,,Left-Back,22,35.0,32,1100.0
ligue-1,2022-2023,AS Monaco,162,,Right-Back,29,25.0,20,1174.0
ligue-1,2022-2023,AS Monaco,162,,Centre-Back,28,31.0,26,2160.0
ligue-1,2022-2023,AS Monaco,162,,Centre-Back,19,6.0,0,0.0
ligue-1,2022-2023,AS Monaco,162,,Right-Back,19,,0,0.0
ligue-1,2022-2023,AS Monaco,162,,Defensive Midfield,23,36.0,36,3089.0
ligue-1,2022-2023,AS Monaco,162,,Attacking Midfield,26,34.0,34,2486.0
ligue-1,2022-2023,AS Monaco,162,,Defensive Midfield,18,10.0,2,80.0
ligue-1,2022-2023,AS Monaco,162,,Central Midfield,24,12.0,6,289.0
ligue-1,2022-2023,AS Monaco,162,,Defensive Midfield,22,30.0,29,2200.0
ligue-1,2022-2023,AS Monaco,162,,Attacking Midfield,18,1.0,0,0.0
ligue-1,2022-2023,AS Monaco,162,,Right Midfield,23,34.0,31,2078.0
ligue-1,2022-2023,AS Monaco,162,,Central Midfield,17,14.0,7,219.0
ligue-1,2022-2023,AS Monaco,162,,Central Midfield,20,34.0,23,1170.0
ligue-1,2022-2023,AS Monaco,162,,Attacking Midfield,29,22.0,17,637.0
ligue-1,2022-2023,AS Monaco,162,,Right Winger,20,27.0,11,402.0
ligue-1,2022-2023,AS Monaco,162,,Left Winger,17,21.0,19,1061.0
ligue-1,2022-2023,AS Monaco,162,,Left Winger,22,3.0,1,66.0
ligue-1,2022-2023,AS Monaco,162,,Centre-Forward,25,32.0,32,1854.0
ligue-1,2022-2023,AS Monaco,162,,Left Winger,27,37.0,18,724.0
ligue-1,2022-2023,AS Monaco,162,,Centre-Forward,21,25.0,12,288.0
ligue-1,2022-2023,AS Monaco,162,,Right Winger,27,19.0,11,348.0
ligue-1,2022-2023,AS Monaco,162,,Centre-Forward,31,36.0,32,2128.0
ligue-1,2022-2023,Olympique Lyon,1041,,Goalkeeper,31,32.0,32,2817.0
ligue-1,2022-2023,Olympique Lyon,1041,,Goalkeeper,20,8.0,0,0.0
ligue-1,2022-2023,Olympique Lyon,1041,,Goalkeeper,34,38.0,7,600.0
ligue-1,2022-2023,Olympique Lyon,1041,,Centre-Back,19,35.0,34,2986.0
ligue-1,2022-2023,Olympique Lyon,1041,,Right-Back,19,24.0,21,1600.0
ligue-1,2022-2023,Olympique Lyon,1041,,Centre-Back,16,7.0,1,7.0
ligue-1,2022-2023,Olympique Lyon,1041,,Right-Back,17,25.0,20,1317.0
ligue-1,2022-2023,Olympique Lyon,1041,,Centre-Back,21,30.0,24,1959.0
ligue-1,2022-2023,Olympique Lyon,1041,,Left-Back,29,34.0,34,2994.0
ligue-1,2022-2023,Olympique Lyon,1041,,Left-Back,28,32.0,7,354.0
ligue-1,2022-2023,Olympique Lyon,1041,,Centre-Back,32,17.0,17,1462.0
ligue-1,2022-2023,Olympique Lyon,1041,,Left-Back,18,2.0,0,0.0
ligue-1,2022-2023,Olympique Lyon,1041,,Centre-Back,34,18.0,7,335.0
ligue-1,2022-2023,Olympique Lyon,1041,,Centre-Back,33,22.0,8,433.0
ligue-1,2022-2023,Olympique Lyon,1041,,Attacking Midfield,18,38.0,34,1871.0
ligue-1,2022-2023,Olympique Lyon,1041,,Attacking Midfield,24,2.0,2,161.0
ligue-1,2022-2023,Olympique Lyon,1041,,Central Midfield,22,37.0,36,2781.0
ligue-1,2022-2023,Olympique Lyon,1041,,Central Midfield,27,30.0,30,2045.0
ligue-1,2022-2023,Olympique Lyon,1041,,Attacking Midfield,24,26.0,16,521.0
ligue-1,2022-2023,Olympique Lyon,1041,,Defensive Midfield,19,37.0,31,1934.0
ligue-1,2022-2023,Olympique Lyon,1041,,Attacking Midfield,23,15.0,10,294.0
ligue-1,2022-2023,Olympique Lyon,1041,,Defensive Midfield,30,37.0,31,2062.0
ligue-1,2022-2023,Olympique Lyon,1041,,Attacking Midfield,24,17.0,14,324.0
ligue-1,2022-2023,Olympique Lyon,1041,,Central Midfield,18,8.0,1,1.0
ligue-1,2022-2023,Olympique Lyon,1041,,Attacking Midfield,19,2.0,0,0.0
ligue-1,2022-2023,Olympique Lyon,1041,,Left Winger,19,31.0,26,1437.0
ligue-1,2022-2023,Olympique Lyon,1041,,Right Winger,22,19.0,17,1116.0
ligue-1,2022-2023,Olympique Lyon,1041,,Centre-Forward,25,33.0,23,882.0
ligue-1,2022-2023,Olympique Lyon,1041,,Centre-Forward,31,35.0,35,2937.0
ligue-1,2022-2023,Olympique Lyon,1041,,Left Winger,22,13.0,9,443.0
ligue-1,2022-2023,Olympique Lyon,1041,,Centre-Forward,21,16.0,13,536.0
ligue-1,2022-2023,Olympique Lyon,1041,,Centre-Forward,26,2.0,0,0.0
ligue-1,2022-2023,Olympique Lyon,1041,,Centre-Forward,29,19.0,19,1357.0
ligue-1,2022-2023,Olympique Lyon,1041,,Centre-Forward,19,7.0,0,0.0
ligue-1,2022-2023,Olympique Marseille,244,,Goalkeeper,19,13.0,0,0.0
ligue-1,2022-2023,Olympique Marseille,244,,Goalkeeper,27,35.0,33,2925.0
ligue-1,2022-2023,Olympique Marseille,244,,Goalkeeper,26,38.0,6,496.0
ligue-1,2022-2023,Olympique Marseille,244,,Centre-Back,23,36.0,35,2642.0
ligue-1,2022-2023,Olympique Marseille,244,,Left-Back,22,32.0,31,2350.0
ligue-1,2022-2023,Olympique Marseille,244,,Right-Back,29,34.0,34,2602.0
ligue-1,2022-2023,Olympique Marseille,244,,Centre-Back,29,33.0,33,2219.0
ligue-1,2022-2023,Olympique Marseille,244,,Right-Back,21,35.0,22,1020.0
ligue-1,2022-2023,Olympique Marseille,244,,Centre-Back,25,4.0,1,7.0
ligue-1,2022-2023,Olympique Marseille,244,,Centre-Back,27,37.0,36,2850.0
ligue-1,2022-2023,Olympique Marseille,244,,Right-Back,24,1.0,0,0.0
ligue-1,2022-2023,Olympique Marseille,244,,Centre-Back,19,13.0,5,65.0
ligue-1,2022-2023,Olympique Marseille,244,,Centre-Back,28,24.0,17,539.0
ligue-1,2022-2023,Olympique Marseille,244,,Centre-Back,28,27.0,26,1886.0
ligue-1,2022-2023,Olympique Marseille,244,,Left-Back,16,,0,0.0
ligue-1,2022-2023,Olympique Marseille,244,,Centre-Back,18,1.0,0,0.0
ligue-1,2022-2023,Olympique Marseille,244,,Central Midfield,23,17.0,14,483.0
ligue-1,2022-2023,Olympique Marseille,244,,Central Midfield,23,36.0,33,2110.0
ligue-1,2022-2023,Olympique Marseille,244,,Central Midfield,25,13.0,10,420.0
ligue-1,2022-2023,Olympique Marseille,244,,Central Midfield,22,8.0,7,115.0
ligue-1,2022-2023,Olympique Marseille,244,,Central Midfield,27,36.0,36,3036.0
ligue-1,2022-2023,Olympique Marseille,244,,Central Midfield,29,38.0,38,2870.0
ligue-1,2022-2023,Olympique Marseille,244,,Central Midfield,29,20.0,20,1233.0
ligue-1,2022-2023,Olympique Marseille,244,,Defensive Midfield,19,23.0,0,0.0
ligue-1,2022-2023,Olympique Marseille,244,,Defensive Midfield,17,,0,0.0
ligue-1,2022-2023,Olympique Marseille,244,,Right Midfield,18,,0,0.0
ligue-1,2022-2023,Olympique Marseille,244,,Attacking Midfield,35,32.0,24,827.0
ligue-1,2022-2023,Olympique Marseille,244,,Centre-Forward,24,15.0,7,290.0
ligue-1,2022-2023,Olympique Marseille,244,,Centre-Forward,22,11.0,10,186.0
ligue-1,2022-2023,Olympique Marseille,244,,Centre-Forward,22,17.0,14,458.0
ligue-1,2022-2023,Olympique Marseille,244,,Left Winger,25,10.0,10,520.0
ligue-1,2022-2023,Olympique Marseille,244,,Right Winger,24,38.0,37,2495.0
ligue-1,2022-2023,Olympique Marseille,244,,Centre-Forward,28,3.0,2,131.0
ligue-1,2022-2023,Olympique Marseille,244,,Centre-Forward,31,5.0,3,59.0
ligue-1,2022-2023,Olympique Marseille,244,,Second Striker,33,37.0,35,2698.0
ligue-1,2022-2023,Olympique Marseille,244,,Left Winger,19,4.0,1,3.0
ligue-1,2022-2023,Olympique Marseille,244,,Right Winger,18,12.0,1,10.0
ligue-1,2022-2023,OGC Nice,417,,Goalkeeper,22,22.0,2,180.0
ligue-1,2022-2023,OGC Nice,417,,Goalkeeper,21,19.0,0,0.0
ligue-1,2022-2023,OGC Nice,417,,Goalkeeper,35,38.0,36,3240.0
ligue-1,2022-2023,OGC Nice,417,,Goalkeeper,18,,0,0.0
ligue-1,2022-2023,OGC Nice,417,,Centre-Back,22,34.0,34,2872.0
ligue-1,2022-2023,OGC Nice,417,,Left-Back,21,35.0,33,2458.0
ligue-1,2022-2023,OGC Nice,417,,Centre-Back,18,25.0,11,519.0
ligue-1,2022-2023,OGC Nice,417,,Centre-Back,23,11.0,10,566.0
ligue-1,2022-2023,OGC Nice,417,,Centre-Back,23,4.0,0,0.0
ligue-1,2022-2023,OGC Nice,417,,Centre-Back,21,2.0,2,91.0
ligue-1,2022-2023,OGC Nice,417,,Centre-Back,20,27.0,9,634.0
ligue-1,2022-2023,OGC Nice,417,,Right-Back,23,34.0,33,2456.0
ligue-1,2022-2023,OGC Nice,417,,Right-Back,26,20.0,18,777.0
ligue-1,2022-2023,OGC Nice,417,,Left-Back,18,11.0,7,292.0
ligue-1,2022-2023,OGC Nice,417,,Centre-Back,18,4.0,0,0.0
ligue-1,2022-2023,OGC Nice,417,,Left-Back,28,18.0,6,175.0
ligue-1,2022-2023,OGC Nice,417,,Centre-Back,38,37.0,37,3300.0
ligue-1,2022-2023,OGC Nice,417,,Central Midfield,21,35.0,35,2558.0
ligue-1,2022-2023,OGC Nice,417,,Attacking Midfield,24,4.0,2,63.0
ligue-1,2022-2023,OGC Nice,417,,Central Midfield,22,29.0,27,1882.0
ligue-1,2022-2023,OGC Nice,417,,Defensive Midfield,25,37.0,31,1761.0
ligue-1,2022-2023,OGC Nice,417,,Right Midfield,19,1.0,0,0.0
ligue-1,2022-2023,OGC Nice,417,,Defensive Midfield,18,18.0,4,179.0
ligue-1,2022-2023,OGC Nice,417,,Defensive Midfield,28,14.0,14,844.0
ligue-1,2022-2023,OGC Nice,417,,Attacking Midfield,23,4.0,4,214.0
ligue-1,2022-2023,OGC Nice,417,,Central Midfield,28,31.0,27,921.0
ligue-1,2022-2023,OGC Nice,417,,Attacking Midfield,19,12.0,4,148.0
ligue-1,2022-2023,OGC Nice,417,,Central Midfield,15,,0,0.0
ligue-1,2022-2023,OGC Nice,417,,Defensive Midfield,21,33.0,14,545.0
ligue-1,2022-2023,OGC Nice,417,,Defensive Midfield,21,2.0,1,1.0
ligue-1,2022-2023,OGC Nice,417,,Attacking Midfield,16,1.0,1,1.0
ligue-1,2022-2023,OGC Nice,417,,Central Midfield,31,27.0,27,1588.0
ligue-1,2022-2023,OGC Nice,417,,Centre-Forward,22,4.0,3,228.0
ligue-1,2022-2023,OGC Nice,417,,Left Winger,22,22.0,22,1231.0
ligue-1,2022-2023,OGC Nice,417,,Right Winger,17,22.0,19,862.0
ligue-1,2022-2023,OGC Nice,417,,Centre-Forward,23,16.0,16,1334.0
ligue-1,2022-2023,OGC Nice,417,,Right Winger,27,19.0,19,1529.0
ligue-1,2022-2023,OGC Nice,417,,Centre-Forward,28,33.0,33,2511.0
ligue-1,2022-2023,OGC Nice,417,,Right Winger,22,36.0,26,785.0
ligue-1,2022-2023,OGC Nice,417,,Centre-Forward,30,14.0,14,780.0
ligue-1,2022-2023,LOSC Lille,1082,,Goalkeeper,20,38.0,32,2880.0
ligue-1,2022-2023,LOSC Lille,1082,,Goalkeeper,27,18.0,6,540.0
ligue-1,2022-2023,LOSC Lille,1082,,Goalkeeper,25,19.0,0,0.0
ligue-1,2022-2023,LOSC Lille,1082,,Goalkeeper,19,1.0,0,0.0
ligue-1,2022-2023,LOSC Lille,1082,,Goalkeeper,34,19.0,0,0.0
ligue-1,2022-2023,LOSC Lille,1082,,Centre-Back,16,32.0,13,768.0
ligue-1,2022-2023,LOSC Lille,1082,,Centre-Back,21,34.0,33,2655.0
ligue-1,2022-2023,LOSC Lille,1082,,Left-Back,23,24.0,18,831.0
ligue-1,2022-2023,LOSC Lille,1082,,Centre-Back,22,36.0,21,1610.0
ligue-1,2022-2023,LOSC Lille,1082,,Centre-Back,22,25.0,25,2021.0
ligue-1,2022-2023,LOSC Lille,1082,,Right-Back,27,15.0,8,351.0
ligue-1,2022-2023,LOSC Lille,1082,,Centre-Back,22,1.0,0,0.0
ligue-1,2022-2023,LOSC Lille,1082,,Right-Back,19,11.0,1,1.0
ligue-1,2022-2023,LOSC Lille,1082,,Centre-Back,38,33.0,31,2592.0
ligue-1,2022-2023,LOSC Lille,1082,,Left-Back,32,26.0,23,1785.0
ligue-1,2022-2023,LOSC Lille,1082,,Defensive Midfield,18,32.0,19,472.0
ligue-1,2022-2023,LOSC Lille,1082,,Right Midfield,22,30.0,29,1746.0
ligue-1,2022-2023,LOSC Lille,1082,,Attacking Midfield,21,36.0,36,2837.0
ligue-1,2022-2023,LOSC Lille,1082,,Attacking Midfield,25,5.0,4,202.0
ligue-1,2022-2023,LOSC Lille,1082,,Defensive Midfield,31,34.0,34,2920.0
ligue-1,2022-2023,LOSC Lille,1082,,Left Midfield,19,27.0,15,246.0
ligue-1,2022-2023,LOSC Lille,1082,,Central Midfield,28,26.0,26,1628.0
ligue-1,2022-2023,LOSC Lille,1082,,Attacking Midfield,32,33.0,32,2535.0
ligue-1,2022-2023,LOSC Lille,1082,,Defensive Midfield,32,35.0,12,269.0
ligue-1,2022-2023,LOSC Lille,1082,,Attacking Midfield,18,2.0,0,0.0
ligue-1,2022-2023,LOSC Lille,1082,,Centre-Forward,22,37.0,37,3179.0
ligue-1,2022-2023,LOSC Lille,1082,,Right Winger,23,30.0,22,1054.0
ligue-1,2022-2023,LOSC Lille,1082,,Centre-Forward,24,35.0,27,639.0
ligue-1,2022-2023,LOSC Lille,1082,,Left Winger,26,34.0,34,2789.0
ligue-1,2022-2023,LOSC Lille,1082,,Right Winger,16,2.0,0,0.0
ligue-1,2022-2023,LOSC Lille,1082,,Right Winger,25,21.0,21,1066.0
ligue-1,2022-2023,LOSC Lille,1082,,Right Winger,20,1.0,0,0.0
ligue-1,2022-2023,LOSC Lille,1082,,Centre-Forward,17,2.0,1,1.0
ligue-1,2022-2023,RC Lens,826,,Goalkeeper,28,38.0,37,3330.0
ligue-1,2022-2023,RC Lens,826,,Goalkeeper,24,,0,0.0
ligue-1,2022-2023,RC Lens,826,,Goalkeeper,21,1.0,0,0.0
ligue-1,2022-2023,RC Lens,826,,Goalkeeper,36,37.0,1,90.0
ligue-1,2022-2023,RC Lens,826,,Centre-Back,17,1.0,0,0.0
ligue-1,2022-2023,RC Lens,826,,Centre-Back,23,37.0,37,3234.0
ligue-1,2022-2023,RC Lens,826,,Centre-Back,23,34.0,32,2785.0
ligue-1,2022-2023,RC Lens,826,,Right-Back,27,37.0,37,2840.0
ligue-1,2022-2023,RC Lens,826,,Centre-Back,20,5.0,1,3.0
ligue-1,2022-2023,RC Lens,826,,Left-Back,21,30.0,9,85.0
ligue-1,2022-2023,RC Lens,826,,Centre-Back,29,33.0,33,2830.0
ligue-1,2022-2023,RC Lens,826,,Left-Back,28,35.0,33,2205.0
ligue-1,2022-2023,RC Lens,826,,Centre-Back,24,20.0,8,161.0
ligue-1,2022-2023,RC Lens,826,,Left-Back,29,36.0,36,1656.0
ligue-1,2022-2023,RC Lens,826,,Centre-Back,30,11.0,1,6.0
ligue-1,2022-2023,RC Lens,826,,Attacking Midfield,24,26.0,20,594.0
ligue-1,2022-2023,RC Lens,826,,Defensive Midfield,24,4.0,3,22.0
ligue-1,2022-2023,RC Lens,826,,Central Midfield,27,36.0,35,3079.0
ligue-1,2022-2023,RC Lens,826,,Attacking Midfield,21,35.0,31,1408.0
ligue-1,2022-2023,RC Lens,826,,Attacking Midfield,25,17.0,17,864.0
ligue-1,2022-2023,RC Lens,826,,Defensive Midfield,22,33.0,33,2897.0
ligue-1,2022-2023,RC Lens,826,,Central Midfield,28,20.0,20,1288.0
ligue-1,2022-2023,RC Lens,826,,Defensive Midfield,22,37.0,10,258.0
ligue-1,2022-2023,RC Lens,826,,Central Midfield,18,2.0,0,0.0
ligue-1,2022-2023,RC Lens,826,,Defensive Midfield,22,33.0,21,808.0
ligue-1,2022-2023,RC Lens,826,,Defensive Midfield,16,,0,0.0
ligue-1,2022-2023,RC Lens,826,,Defensive Midfield,19,3.0,0,0.0
ligue-1,2022-2023,RC Lens,826,,Central Midfield,19,,0,0.0
ligue-1,2022-2023,RC Lens,826,,Attacking Midfield,31,6.0,2,22.0
ligue-1,2022-2023,RC Lens,826,,Attacking Midfield,18,2.0,0,0.0
ligue-1,2022-2023,RC Lens,826,,Right Midfield,28,11.0,11,507.0
ligue-1,2022-2023,RC Lens,826,,Defensive Midfield,22,5.0,0,0.0
ligue-1,2022-2023,RC Lens,826,,Centre-Forward,22,38.0,38,2532.0
ligue-1,2022-2023,RC Lens,826,,Second Striker,27,22.0,21,635.0
ligue-1,2022-2023,RC Lens,826,,Centre-Forward,19,20.0,10,112.0
ligue-1,2022-2023,RC Lens,826,,Centre-Forward,25,12.0,8,94.0
ligue-1,2022-2023,RC Lens,826,,Centre-Forward,23,4.0,4,55.0
ligue-1,2022-2023,RC Lens,826,,Centre-Forward,19,1.0,0,0.0
ligue-1,2022-2023,RC Lens,826,,Centre-Forward,31,38.0,38,3065.0
ligue-1,2022-2023,FC Lorient,1158,,Goalkeeper,28,22.0,21,1813.0
ligue-1,2022-2023,FC Lorient,1158,,Goalkeeper,28,3.0,0,0.0
ligue-1,2022-2023,FC Lorient,1158,,Goalkeeper,25,13.0,0,0.0
ligue-1,2022-2023,FC Lorient,1158,,Goalkeeper,27,11.0,0,0.0
ligue-1,2022-2023,FC Lorient,1158,,Goalkeeper,34,27.0,18,1607.0
ligue-1,2022-2023,FC Lorient,1158,,Centre-Back,20,14.0,6,223.0
ligue-1,2022-2023,FC Lorient,1158,,Centre-Back,24,38.0,38,3420.0
ligue-1,2022-2023,FC Lorient,1158,,Centre-Back,20,27.0,17,1503.0
ligue-1,2022-2023,FC Lorient,1158,,Left-Back,21,37.0,14,779.0
ligue-1,2022-2023,FC Lorient,1158,,Centre-Back,25,2.0,0,0.0
ligue-1,2022-2023,FC Lorient,1158,,Centre-Back,21,1.0,0,0.0
ligue-1,2022-2023,FC Lorient,1158,,Right-Back,25,16.0,7,457.0
ligue-1,2022-2023,FC Lorient,1158,,Right-Back,24,29.0,29,2442.0
ligue-1,2022-2023,FC Lorient,1158,,Centre-Back,28,22.0,20,1656.0
ligue-1,2022-2023,FC Lorient,1158,,Left-Back,21,1.0,0,0.0
ligue-1,2022-2023,FC Lorient,1158,,Centre-Back,18,1.0,0,0.0
ligue-1,2022-2023,FC Lorient,1158,,Left-Back,32,38.0,37,3330.0
ligue-1,2022-2023,FC Lorient,1158,,Centre-Back,24,12.0,0,0.0
ligue-1,2022-2023,FC Lorient,1158,,Right-Back,22,,0,0.0
ligue-1,2022-2023,FC Lorient,1158,,Central Midfield,22,35.0,35,3043.0
ligue-1,2022-2023,FC Lorient,1158,,Attacking Midfield,24,15.0,15,1066.0
ligue-1,2022-2023,FC Lorient,1158,,Right Midfield,19,28.0,27,1448.0
ligue-1,2022-2023,FC Lorient,1158,,Attacking Midfield,23,16.0,16,1252.0
ligue-1,2022-2023,FC Lorient,1158,,Attacking Midfield,19,25.0,11,241.0
ligue-1,2022-2023,FC Lorient,1158,,Central Midfield,21,37.0,31,1663.0
ligue-1,2022-2023,FC Lorient,1158,,Defensive Midfield,29,29.0,29,2350.0
ligue-1,2022-2023,FC Lorient,1158,,Central Midfield,17,12.0,5,91.0
ligue-1,2022-2023,FC Lorient,1158,,Attacking Midfield,25,12.0,5,181.0
ligue-1,2022-2023,FC Lorient,1158,,Defensive Midfield,22,2.0,0,0.0
ligue-1,2022-2023,FC Lorient,1158,,Defensive Midfield,26,32.0,25,1183.0
ligue-1,2022-2023,FC Lorient,1158,,Centre-Forward,16,3.0,1,7.0
ligue-1,2022-2023,FC Lorient,1158,,Right Winger,20,18.0,18,1553.0
ligue-1,2022-2023,FC Lorient,1158,,Left Winger,23,3.0,3,269.0
ligue-1,2022-2023,FC Lorient,1158,,Left Winger,19,1.0,0,0.0
ligue-1,2022-2023,FC Lorient,1158,,Centre-Forward,22,15.0,15,748.0
ligue-1,2022-2023,FC Lorient,1158,,Centre-Forward,23,18.0,18,1396.0
ligue-1,2022-2023,FC Lorient,1158,,Left Winger,19,29.0,23,1083.0
ligue-1,2022-2023,FC Lorient,1158,,Centre-Forward,25,12.0,2,23.0
ligue-1,2022-2023,FC Lorient,1158,,Left Winger,25,,0,0.0
ligue-1,2022-2023,FC Lorient,1158,,Right Winger,23,37.0,28,1068.0
ligue-1,2022-2023,FC Lorient,1158,,Centre-Forward,23,38.0,37,1567.0
ligue-1,2022-2023,FC Lorient,1158,,Centre-Forward,20,28.0,12,124.0
ligue-1,2022-2023,Stade Reims,1421,,Goalkeeper,22,35.0,31,2790.0
ligue-1,2022-2023,Stade Reims,1421,,Goalkeeper,25,19.0,7,630.0
ligue-1,2022-2023,Stade Reims,1421,,Goalkeeper,26,14.0,0,0.0
ligue-1,2022-2023,Stade Reims,1421,,Goalkeeper,18,1.0,0,0.0
ligue-1,2022-2023,Stade Reims,1421,,Goalkeeper,41,7.0,0,0.0
ligue-1,2022-2023,Stade Reims,1421,,Goalkeeper,22,3.0,0,0.0
ligue-1,2022-2023,Stade Reims,1421,,Centre-Back,25,29.0,29,2389.0
ligue-1,2022-2023,Stade Reims,1421,,Centre-Back,24,3.0,3,270.0
ligue-1,2022-2023,Stade Reims,1421,,Centre-Back,22,2.0,0,0.0
ligue-1,2022-2023,Stade Reims,1421,,Left-Back,20,16.0,15,1059.0
ligue-1,2022-2023,Stade Reims,1421,,Right-Back,17,2.0,0,0.0
ligue-1,2022-2023,Stade Reims,1421,,Centre-Back,19,22.0,9,687.0
ligue-1,2022-2023,Stade Reims,1421,,Centre-Back,18,5.0,1,31.0
ligue-1,2022-2023,Stade Reims,1421,,Left-Back,24,26.0,22,1761.0
ligue-1,2022-2023,Stade Reims,1421,,Right-Back,22,30.0,21,1042.0
ligue-1,2022-2023,Stade Reims,1421,,Right-Back,18,13.0,3,132.0
ligue-1,2022-2023,Stade Reims,1421,,Centre-Back,24,17.0,13,1040.0
ligue-1,2022-2023,Stade Reims,1421,,Right-Back,27,24.0,24,1982.0
ligue-1,2022-2023,Stade Reims,1421,,Centre-Back,34,37.0,37,3330.0
ligue-1,2022-2023,Stade Reims,1421,,Central Midfield,16,12.0,7,171.0
ligue-1,2022-2023,Stade Reims,1421,,Central Midfield,26,34.0,34,2707.0
ligue-1,2022-2023,Stade Reims,1421,,Defensive Midfield,20,32.0,29,1378.0
ligue-1,2022-2023,Stade Reims,1421,,Defensive Midfield,24,30.0,30,2493.0
ligue-1,2022-2023,Stade Reims,1421,,Attacking Midfield,18,15.0,5,102.0
ligue-1,2022-2023,Stade Reims,1421,,Attacking Midfield,19,35.0,26,1153.0
ligue-1,2022-2023,Stade Reims,1421,,Defensive Midfield,22,31.0,31,1527.0
ligue-1,2022-2023,Stade Reims,1421,,Attacking Midfield,22,36.0,33,1996.0
ligue-1,2022-2023,Stade Reims,1421,,Defensive Midfield,17,15.0,1,2.0
ligue-1,2022-2023,Stade Reims,1421,,Centre-Forward,20,37.0,37,3012.0
ligue-1,2022-2023,Stade Reims,1421,,Left Winger,20,5.0,3,91.0
ligue-1,2022-2023,Stade Reims,1421,,Centre-Forward,18,4.0,3,20.0
ligue-1,2022-2023,Stade Reims,1421,,Left Winger,16,2.0,2,20.0
ligue-1,2022-2023,Stade Reims,1421,,Right Winger,23,8.0,1,2.0
ligue-1,2022-2023,Stade Reims,1421,,Right Winger,29,35.0,35,2931.0
ligue-1,2022-2023,Stade Reims,1421,,Left Winger,20,13.0,6,60.0
ligue-1,2022-2023,Stade Reims,1421,,Centre-Forward,24,21.0,14,207.0
ligue-1,2022-2023,Stade Reims,1421,,Centre-Forward,21,12.0,8,190.0
ligue-1,2022-2023,Stade Reims,1421,,Right Winger,22,30.0,28,887.0
ligue-1,2022-2023,Stade Reims,1421,,Left Winger,27,37.0,23,1000.0
ligue-1,2022-2023,Stade Reims,1421,,Left Winger,23,10.0,9,227.0
ligue-1,2022-2023,Montpellier HSC,969,,Goalkeeper,28,14.0,14,1168.0
ligue-1,2022-2023,Montpellier HSC,969,,Goalkeeper,31,19.0,19,1710.0
ligue-1,2022-2023,Montpellier HSC,969,,Goalkeeper,25,29.0,5,407.0
ligue-1,2022-2023,Montpellier HSC,969,,Goalkeeper,24,7.0,0,0.0
ligue-1,2022-2023,Montpellier HSC,969,,Goalkeeper,23,7.0,2,135.0
ligue-1,2022-2023,Montpellier HSC,969,,Centre-Back,20,27.0,23,1644.0
ligue-1,2022-2023,Montpellier HSC,969,,Centre-Back,19,2.0,0,0.0
ligue-1,2022-2023,Montpellier HSC,969,,Centre-Back,23,18.0,17,1278.0
ligue-1,2022-2023,Montpellier HSC,969,,Right-Back,19,32.0,21,1093.0
ligue-1,2022-2023,Montpellier HSC,969,,Centre-Back,25,16.0,15,1259.0
ligue-1,2022-2023,Montpellier HSC,969,,Left-Back,23,11.0,9,536.0
ligue-1,2022-2023,Montpellier HSC,969,,Right-Back,27,38.0,35,2579.0
ligue-1,2022-2023,Montpellier HSC,969,,Left-Back,28,16.0,15,1305.0
ligue-1,2022-2023,Montpellier HSC,969,,Left-Back,23,33.0,33,1933.0
ligue-1,2022-2023,Montpellier HSC,969,,Centre-Back,29,33.0,30,2696.0
ligue-1,2022-2023,Montpellier HSC,969,,Centre-Back,17,4.0,0,0.0
ligue-1,2022-2023,Montpellier HSC,969,,Centre-Back,26,,0,0.0
ligue-1,2022-2023,Montpellier HSC,969,,Centre-Back,17,1.0,0,0.0
ligue-1,2022-2023,Montpellier HSC,969,,Right-Back,30,17.0,12,353.0
ligue-1,2022-2023,Montpellier HSC,969,,Centre-Back,31,8.0,1,12.0
ligue-1,2022-2023,Montpellier HSC,969,,Left-Back,21,11.0,1,9.0
ligue-1,2022-2023,Montpellier HSC,969,,Centre-Back,32,32.0,15,761.0
ligue-1,2022-2023,Montpellier HSC,969,,Defensive Midfield,20,37.0,35,2466.0
ligue-1,2022-2023,Montpellier HSC,969,,Central Midfield,22,33.0,27,1187.0
ligue-1,2022-2023,Montpellier HSC,969,,Central Midfield,18,32.0,24,702.0
ligue-1,2022-2023,Montpellier HSC,969,,Attacking Midfield,30,30.0,30,2561.0
ligue-1,2022-2023,Montpellier HSC,969,,Central Midfield,30,34.0,34,2748.0
ligue-1,2022-2023,Montpellier HSC,969,,Attacking Midfield,20,10.0,3,17.0
ligue-1,2022-2023,Montpellier HSC,969,,Attacking Midfield,18,5.0,0,0.0
ligue-1,2022-2023,Montpellier HSC,969,,Central Midfield,18,5.0,0,0.0
ligue-1,2022-2023,Montpellier HSC,969,,Centre-Forward,19,33.0,33,2531.0
ligue-1,2022-2023,Montpellier HSC,969,,Left Winger,24,27.0,26,1290.0
ligue-1,2022-2023,Montpellier HSC,969,,Right Winger,24,37.0,36,2420.0
ligue-1,2022-2023,Montpellier HSC,969,,Centre-Forward,21,,0,0.0
ligue-1,2022-2023,Montpellier HSC,969,,Right Winger,17,14.0,5,21.0
ligue-1,2022-2023,Montpellier HSC,969,,Centre-Forward,18,3.0,2,35.0
ligue-1,2022-2023,Montpellier HSC,969,,Left Winger,19,14.0,8,190.0
ligue-1,2022-2023,Montpellier HSC,969,,Centre-Forward,32,36.0,31,667.0
ligue-1,2022-2023,Montpellier HSC,969,,Left Winger,31,29.0,27,1642.0
ligue-1,2022-2023,RC Strasbourg Alsace,667,,Goalkeeper,17,27.0,0,0.0
ligue-1,2022-2023,RC Strasbourg Alsace,667,,Goalkeeper,30,38.0,38,3420.0
ligue-1,2022-2023,RC Strasbourg Alsace,667,,Goalkeeper,21,,0,0.0
ligue-1,2022-2023,RC Strasbourg Alsace,667,,Goalkeeper,39,11.0,0,0.0
ligue-1,2022-2023,RC Strasbourg Alsace,667,,Centre-Back,18,37.0,28,2301.0
ligue-1,2022-2023,RC Strasbourg Alsace,667,,Centre-Back,25,21.0,20,1579.0
ligue-1,2022-2023,RC Strasbourg Alsace,667,,Centre-Back,27,33.0,31,2681.0
ligue-1,2022-2023,RC Strasbourg Alsace,667,,Right-Back,21,2.0,1,8.0
ligue-1,2022-2023,RC Strasbourg Alsace,667,,Centre-Back,23,32.0,26,1761.0
ligue-1,2022-2023,RC Strasbourg Alsace,667,,Right-Back,24,16.0,14,650.0
ligue-1,2022-2023,RC Strasbourg Alsace,667,,Right-Back,27,18.0,18,1465.0
ligue-1,2022-2023,RC Strasbourg Alsace,667,,Right-Back,23,27.0,21,958.0
ligue-1,2022-2023,RC Strasbourg Alsace,667,,Left-Back,27,16.0,15,874.0
ligue-1,2022-2023,RC Strasbourg Alsace,667,,Left-Back,30,21.0,17,1077.0
ligue-1,2022-2023,RC Strasbourg Alsace,667,,Left-Back,18,13.0,2,74.0
ligue-1,2022-2023,RC Strasbourg Alsace,667,,Right-Back,24,3.0,2,45.0
ligue-1,2022-2023,RC Strasbourg Alsace,667,,Left-Back,19,1.0,0,0.0
ligue-1,2022-2023,RC Strasbourg Alsace,667,,Right-Back,18,12.0,0,0.0
ligue-1,2022-2023,RC Strasbourg Alsace,667,,Centre-Back,32,27.0,26,2016.0
ligue-1,2022-2023,RC Strasbourg Alsace,667,,Central Midfield,18,35.0,29,1628.0
ligue-1,2022-2023,RC Strasbourg Alsace,667,,Central Midfield,24,30.0,30,2429.0
ligue-1,2022-2023,RC Strasbourg Alsace,667,,Central Midfield,28,15.0,15,937.0
ligue-1,2022-2023,RC Strasbourg Alsace,667,,Central Midfield,27,18.0,18,1431.0
ligue-1,2022-2023,RC Strasbourg Alsace,667,,Defensive Midfield,24,28.0,26,1303.0
ligue-1,2022-2023,RC Strasbourg Alsace,667,,Defensive Midfield,28,35.0,30,1301.0
ligue-1,2022-2023,RC Strasbourg Alsace,667,,Central Midfield,18,2.0,0,0.0
ligue-1,2022-2023,RC Strasbourg Alsace,667,,Central Midfield,34,31.0,28,1544.0
ligue-1,2022-2023,RC Strasbourg Alsace,667,,Central Midfield,28,36.0,29,1633.0
ligue-1,2022-2023,RC Strasbourg Alsace,667,,Second Striker,20,17.0,3,33.0
ligue-1,2022-2023,RC Strasbourg Alsace,667,,Centre-Forward,27,37.0,37,2880.0
ligue-1,2022-2023,RC Strasbourg Alsace,667,,Centre-Forward,28,14.0,13,771.0
ligue-1,2022-2023,RC Strasbourg Alsace,667,,Left Winger,19,14.0,2,11.0
ligue-1,2022-2023,RC Strasbourg Alsace,667,,Left Winger,20,11.0,7,94.0
ligue-1,2022-2023,RC Strasbourg Alsace,667,,Centre-Forward,26,33.0,19,424.0
ligue-1,2022-2023,RC Strasbourg Alsace,667,,Left Winger,17,2.0,0,0.0
ligue-1,2022-2023,RC Strasbourg Alsace,667,,Centre-Forward,35,35.0,34,2103.0
ligue-1,2022-2023,FC Nantes,995,,Goalkeeper,23,37.0,37,3330.0
ligue-1,2022-2023,FC Nantes,995,,Goalkeeper,26,33.0,1,90.0
ligue-1,2022-2023,FC Nantes,995,,Goalkeeper,34,15.0,0,0.0
ligue-1,2022-2023,FC Nantes,995,,Centre-Back,17,3.0,1,60.0
ligue-1,2022-2023,FC Nantes,995,,Left-Back,20,25.0,24,1803.0
ligue-1,2022-2023,FC Nantes,995,,Left-Back,19,17.0,13,805.0
ligue-1,2022-2023,FC Nantes,995,,Centre-Back,18,9.0,0,0.0
ligue-1,2022-2023,FC Nantes,995,,Centre-Back,23,17.0,13,838.0
ligue-1,2022-2023,FC Nantes,995,,Centre-Back,27,34.0,32,2569.0
ligue-1,2022-2023,FC Nantes,995,,Centre-Back,30,37.0,36,3155.0
ligue-1,2022-2023,FC Nantes,995,,Right-Back,26,26.0,23,1691.0
ligue-1,2022-2023,FC Nantes,995,,Right-Back,26,36.0,26,627.0
ligue-1,2022-2023,FC Nantes,995,,Right-Back,17,,0,0.0
ligue-1,2022-2023,FC Nantes,995,,Right-Back,30,15.0,15,795.0
ligue-1,2022-2023,FC Nantes,995,,Centre-Back,20,2.0,0,0.0
ligue-1,2022-2023,FC Nantes,995,,Centre-Back,34,29.0,26,2217.0
ligue-1,2022-2023,FC Nantes,995,,Left-Back,30,15.0,12,482.0
ligue-1,2022-2023,FC Nantes,995,,Right-Back,31,7.0,6,224.0
ligue-1,2022-2023,FC Nantes,995,,Right-Back,31,34.0,22,775.0
ligue-1,2022-2023,FC Nantes,995,,Right Midfield,24,38.0,37,2818.0
ligue-1,2022-2023,FC Nantes,995,,Defensive Midfield,25,28.0,26,2041.0
ligue-1,2022-2023,FC Nantes,995,,Attacking Midfield,21,1.0,0,0.0
ligue-1,2022-2023,FC Nantes,995,,Central Midfield,25,35.0,35,2400.0
ligue-1,2022-2023,FC Nantes,995,,Defensive Midfield,19,21.0,9,83.0
ligue-1,2022-2023,FC Nantes,995,,Attacking Midfield,20,5.0,0,0.0
ligue-1,2022-2023,FC Nantes,995,,Attacking Midfield,30,19.0,19,1089.0
ligue-1,2022-2023,FC Nantes,995,,Central Midfield,32,32.0,30,1924.0
ligue-1,2022-2023,FC Nantes,995,,Central Midfield,20,8.0,2,34.0
ligue-1,2022-2023,FC Nantes,995,,Attacking Midfield,19,,0,0.0
ligue-1,2022-2023,FC Nantes,995,,Right Winger,21,32.0,30,1257.0
ligue-1,2022-2023,FC Nantes,995,,Left Winger,26,34.0,34,2358.0
ligue-1,2022-2023,FC Nantes,995,,Centre-Forward,24,37.0,36,1934.0
ligue-1,2022-2023,FC Nantes,995,,Centre-Forward,23,29.0,28,1519.0
ligue-1,2022-2023,FC Nantes,995,,Left Winger,28,14.0,4,76.0
ligue-1,2022-2023,FC Nantes,995,,Right Winger,18,5.0,5,62.0
ligue-1,2022-2023,FC Nantes,995,,Centre-Forward,20,2.0,0,0.0
ligue-1,2022-2023,FC Nantes,995,,Centre-Forward,30,12.0,12,469.0
ligue-1,2022-2023,FC Toulouse,415,,Goalkeeper,17,,0,0.0
ligue-1,2022-2023,FC Toulouse,415,,Goalkeeper,29,38.0,38,3420.0
ligue-1,2022-2023,FC Toulouse,415,,Goalkeeper,24,38.0,0,0.0
ligue-1,2022-2023,FC Toulouse,415,,Goalkeeper,21,,0,0.0
ligue-1,2022-2023,FC Toulouse,415,,Centre-Back,17,7.0,2,97.0
ligue-1,2022-2023,FC Toulouse,415,,Centre-Back,21,36.0,6,414.0
ligue-1,2022-2023,FC Toulouse,415,,Centre-Back,21,38.0,37,3316.0
ligue-1,2022-2023,FC Toulouse,415,,Left-Back,24,18.0,18,1258.0
ligue-1,2022-2023,FC Toulouse,415,,Centre-Back,25,35.0,34,2996.0
ligue-1,2022-2023,FC Toulouse,415,,Centre-Back,18,19.0,11,358.0
ligue-1,2022-2023,FC Toulouse,415,,Centre-Back,21,36.0,23,1218.0
ligue-1,2022-2023,FC Toulouse,415,,Right-Back,27,29.0,27,2262.0
ligue-1,2022-2023,FC Toulouse,415,,Right-Back,21,21.0,11,662.0
ligue-1,2022-2023,FC Toulouse,415,,Left-Back,28,17.0,17,1376.0
ligue-1,2022-2023,FC Toulouse,415,,Left-Back,20,13.0,5,143.0
ligue-1,2022-2023,FC Toulouse,415,,Left-Back,17,2.0,0,0.0
ligue-1,2022-2023,FC Toulouse,415,,Attacking Midfield,19,36.0,36,2345.0
ligue-1,2022-2023,FC Toulouse,415,,Attacking Midfield,20,4.0,2,21.0
ligue-1,2022-2023,FC Toulouse,415,,Central Midfield,26,16.0,15,661.0
ligue-1,2022-2023,FC Toulouse,415,,Central Midfield,26,35.0,35,2892.0
ligue-1,2022-2023,FC Toulouse,415,,Central Midfield,26,37.0,36,3123.0
ligue-1,2022-2023,FC Toulouse,415,,Central Midfield,21,13.0,1,6.0
ligue-1,2022-2023,FC Toulouse,415,,Attacking Midfield,23,30.0,20,652.0
ligue-1,2022-2023,FC Toulouse,415,,Central Midfield,20,2.0,0,0.0
ligue-1,2022-2023,FC Toulouse,415,,Central Midfield,31,33.0,30,1830.0
ligue-1,2022-2023,FC Toulouse,415,,Attacking Midfield,17,1.0,0,0.0
ligue-1,2022-2023,FC Toulouse,415,,Centre-Forward,20,14.0,3,66.0
ligue-1,2022-2023,FC Toulouse,415,,Centre-Forward,21,37.0,36,2368.0
ligue-1,2022-2023,FC Toulouse,415,,Right Winger,22,37.0,37,2479.0
ligue-1,2022-2023,FC Toulouse,415,,Right Winger,22,1.0,1,90.0
ligue-1,2022-2023,FC Toulouse,415,,Left Winger,24,32.0,25,424.0
ligue-1,2022-2023,FC Toulouse,415,,Second Striker,26,31.0,30,1869.0
ligue-1,2022-2023,FC Toulouse,415,,Left Winger,26,1.0,0,0.0
ligue-1,2022-2023,FC Toulouse,415,,Centre-Forward,26,38.0,34,1067.0
ligue-1,2022-2023,FC Toulouse,415,,Centre-Forward,21,10.0,6,98.0
ligue-1,2022-2023,FC Toulouse,415,,Centre-Forward,27,4.0,4,60.0
ligue-1,2022-2023,FC Toulouse,415,,Centre-Forward,19,1.0,0,0.0
ligue-1,2022-2023,Stade Brestois 29,3911,,Goalkeeper,23,6.0,0,0.0
ligue-1,2022-2023,Stade Brestois 29,3911,,Goalkeeper,31,37.0,37,3330.0
ligue-1,2022-2023,Stade Brestois 29,3911,,Goalkeeper,21,34.0,1,90.0
ligue-1,2022-2023,Stade Brestois 29,3911,,Centre-Back,22,38.0,36,3093.0
ligue-1,2022-2023,Stade Brestois 29,3911,,Left-Back,20,17.0,7,268.0
ligue-1,2022-2023,Stade Brestois 29,3911,,Centre-Back,27,32.0,30,2489.0
ligue-1,2022-2023,Stade Brestois 29,3911,,Centre-Back,24,38.0,34,2513.0
ligue-1,2022-2023,Stade Brestois 29,3911,,Right-Back,22,23.0,21,1313.0
ligue-1,2022-2023,Stade Brestois 29,3911,,Right-Back,30,18.0,17,1419.0
ligue-1,2022-2023,Stade Brestois 29,3911,,Centre-Back,23,33.0,18,1315.0
ligue-1,2022-2023,Stade Brestois 29,3911,,Left-Back,27,12.0,6,298.0
ligue-1,2022-2023,Stade Brestois 29,3911,,Centre-Back,19,,0,0.0
ligue-1,2022-2023,Stade Brestois 29,3911,,Centre-Back,29,33.0,16,1059.0
ligue-1,2022-2023,Stade Brestois 29,3911,,Central Midfield,24,33.0,31,1826.0
ligue-1,2022-2023,Stade Brestois 29,3911,,Central Midfield,24,37.0,32,1688.0
ligue-1,2022-2023,Stade Brestois 29,3911,,Attacking Midfield,18,16.0,13,279.0
ligue-1,2022-2023,Stade Brestois 29,3911,,Defensive Midfield,29,32.0,32,2773.0
ligue-1,2022-2023,Stade Brestois 29,3911,,Attacking Midfield,19,31.0,15,163.0
ligue-1,2022-2023,Stade Brestois 29,3911,,Central Midfield,28,38.0,38,2658.0
ligue-1,2022-2023,Stade Brestois 29,3911,,Central Midfield,22,4.0,2,14.0
ligue-1,2022-2023,Stade Brestois 29,3911,,Right Winger,25,33.0,33,2544.0
ligue-1,2022-2023,Stade Brestois 29,3911,,Right Winger,26,27.0,27,1430.0
ligue-1,2022-2023,Stade Brestois 29,3911,,Centre-Forward,24,32.0,32,2078.0
ligue-1,2022-2023,Stade Brestois 29,3911,,Centre-Forward,18,21.0,4,126.0
ligue-1,2022-2023,Stade Brestois 29,3911,,Right Winger,24,14.0,10,225.0
ligue-1,2022-2023,Stade Brestois 29,3911,,Left Winger,25,27.0,24,1269.0
ligue-1,2022-2023,Stade Brestois 29,3911,,Centre-Forward,27,24.0,23,1662.0
ligue-1,2022-2023,Stade Brestois 29,3911,,Left Winger,30,7.0,6,359.0
ligue-1,2022-2023,Stade Brestois 29,3911,,Right Winger,18,16.0,7,60.0
ligue-1,2022-2023,Stade Brestois 29,3911,,Centre-Forward,34,16.0,16,990.0
ligue-1,2022-2023,Stade Brestois 29,3911,,Right Winger,26,16.0,10,253.0
ligue-1,2022-2023,Stade Brestois 29,3911,,Centre-Forward,35,,0,0.0
ligue-1,2022-2023,ESTAC Troyes,1095,,Goalkeeper,25,30.0,9,750.0
ligue-1,2022-2023,ESTAC Troyes,1095,,Goalkeeper,29,35.0,30,2668.0
ligue-1,2022-2023,ESTAC Troyes,1095,,Goalkeeper,22,1.0,0,0.0
ligue-1,2022-2023,ESTAC Troyes,1095,,Goalkeeper,36,10.0,0,0.0
ligue-1,2022-2023,ESTAC Troyes,1095,,Centre-Back,21,34.0,22,1616.0
ligue-1,2022-2023,ESTAC Troyes,1095,,Centre-Back,25,38.0,38,3193.0
ligue-1,2022-2023,ESTAC Troyes,1095,,Left-Back,21,36.0,30,1800.0
ligue-1,2022-2023,ESTAC Troyes,1095,,Centre-Back,19,26.0,8,509.0
ligue-1,2022-2023,ESTAC Troyes,1095,,Centre-Back,18,5.0,1,63.0
ligue-1,2022-2023,ESTAC Troyes,1095,,Left-Back,24,20.0,19,1317.0
ligue-1,2022-2023,ESTAC Troyes,1095,,Centre-Back,29,34.0,32,2650.0
ligue-1,2022-2023,ESTAC Troyes,1095,,Right-Back,23,31.0,27,1628.0
ligue-1,2022-2023,ESTAC Troyes,1095,,Right-Back,20,32.0,31,2159.0
ligue-1,2022-2023,ESTAC Troyes,1095,,Centre-Back,18,3.0,0,0.0
ligue-1,2022-2023,ESTAC Troyes,1095,,Left-Back,18,5.0,2,67.0
ligue-1,2022-2023,ESTAC Troyes,1095,,Centre-Back,36,26.0,20,1600.0
ligue-1,2022-2023,ESTAC Troyes,1095,,Defensive Midfield,20,21.0,15,1098.0
ligue-1,2022-2023,ESTAC Troyes,1095,,Central Midfield,17,8.0,1,15.0
ligue-1,2022-2023,ESTAC Troyes,1095,,Central Midfield,25,37.0,32,2669.0
ligue-1,2022-2023,ESTAC Troyes,1095,,Defensive Midfield,22,13.0,2,29.0
ligue-1,2022-2023,ESTAC Troyes,1095,,Attacking Midfield,24,10.0,6,232.0
ligue-1,2022-2023,ESTAC Troyes,1095,,Central Midfield,21,9.0,2,19.0
ligue-1,2022-2023,ESTAC Troyes,1095,,Central Midfield,30,16.0,15,1010.0
ligue-1,2022-2023,ESTAC Troyes,1095,,Attacking Midfield,18,3.0,0,0.0
ligue-1,2022-2023,ESTAC Troyes,1095,,Attacking Midfield,18,7.0,3,73.0
ligue-1,2022-2023,ESTAC Troyes,1095,,Central Midfield,31,37.0,34,2420.0
ligue-1,2022-2023,ESTAC Troyes,1095,,Central Midfield,31,16.0,8,91.0
ligue-1,2022-2023,ESTAC Troyes,1095,,Left Winger,17,35.0,32,1765.0
ligue-1,2022-2023,ESTAC Troyes,1095,,Centre-Forward,26,34.0,34,2671.0
ligue-1,2022-2023,ESTAC Troyes,1095,,Centre-Forward,21,,0,0.0
ligue-1,2022-2023,ESTAC Troyes,1095,,Centre-Forward,23,34.0,25,886.0
ligue-1,2022-2023,ESTAC Troyes,1095,,Right Winger,26,33.0,32,2359.0
ligue-1,2022-2023,ESTAC Troyes,1095,,Left Winger,17,8.0,6,211.0
ligue-1,2022-2023,ESTAC Troyes,1095,,Left Winger,18,3.0,1,19.0
ligue-1,2022-2023,ESTAC Troyes,1095,,Left Winger,25,7.0,2,11.0
ligue-1,2022-2023,ESTAC Troyes,1095,,Left Winger,22,22.0,14,563.0
ligue-1,2022-2023,ESTAC Troyes,1095,,Centre-Forward,29,28.0,26,1320.0
ligue-1,2022-2023,ESTAC Troyes,1095,,Right Winger,19,,0,0.0
ligue-1,2022-2023,ESTAC Troyes,1095,,Centre-Forward,35,2.0,0,0.0
ligue-1,2022-2023,ESTAC Troyes,1095,,Centre-Forward,19,1.0,0,0.0
ligue-1,2022-2023,ESTAC Troyes,1095,,Left Winger,23,,0,0.0
ligue-1,2022-2023,Angers SCO,1420,,Goalkeeper,21,27.0,11,990.0
ligue-1,2022-2023,Angers SCO,1420,,Goalkeeper,25,38.0,27,2430.0
ligue-1,2022-2023,Angers SCO,1420,,Goalkeeper,20,,0,0.0
ligue-1,2022-2023,Angers SCO,1420,,Goalkeeper,19,11.0,0,0.0
ligue-1,2022-2023,Angers SCO,1420,,Centre-Back,19,24.0,9,520.0
ligue-1,2022-2023,Angers SCO,1420,,Right-Back,22,11.0,7,166.0
ligue-1,2022-2023,Angers SCO,1420,,Right-Back,23,30.0,30,2504.0
ligue-1,2022-2023,Angers SCO,1420,,Centre-Back,28,36.0,36,3097.0
ligue-1,2022-2023,Angers SCO,1420,,Centre-Back,29,33.0,24,1979.0
ligue-1,2022-2023,Angers SCO,1420,,Left-Back,25,24.0,24,1792.0
ligue-1,2022-2023,Angers SCO,1420,,Centre-Back,17,6.0,0,0.0
ligue-1,2022-2023,Angers SCO,1420,,Left-Back,27,19.0,6,205.0
ligue-1,2022-2023,Angers SCO,1420,,Right-Back,22,23.0,15,637.0
ligue-1,2022-2023,Angers SCO,1420,,Centre-Back,16,1.0,0,0.0
ligue-1,2022-2023,Angers SCO,1420,,Centre-Back,21,,0,0.0
ligue-1,2022-2023,Angers SCO,1420,,Left-Back,31,7.0,7,483.0
ligue-1,2022-2023,Angers SCO,1420,,Centre-Back,32,35.0,21,1357.0
ligue-1,2022-2023,Angers SCO,1420,,Right-Back,24,,0,0.0
ligue-1,2022-2023,Angers SCO,1420,,Centre-Back,30,,0,0.0
ligue-1,2022-2023,Angers SCO,1420,,Central Midfield,22,15.0,15,1134.0
ligue-1,2022-2023,Angers SCO,1420,,Defensive Midfield,22,35.0,35,2871.0
ligue-1,2022-2023,Angers SCO,1420,,Central Midfield,20,2.0,0,0.0
ligue-1,2022-2023,Angers SCO,1420,,Attacking Midfield,22,36.0,30,2141.0
ligue-1,2022-2023,Angers SCO,1420,,Defensive Midfield,27,30.0,30,2493.0
ligue-1,2022-2023,Angers SCO,1420,,Attacking Midfield,28,13.0,13,838.0
ligue-1,2022-2023,Angers SCO,1420,,Central Midfield,20,27.0,11,179.0
ligue-1,2022-2023,Angers SCO,1420,,Defensive Midfield,29,11.0,7,421.0
ligue-1,2022-2023,Angers SCO,1420,,Central Midfield,26,6.0,3,15.0
ligue-1,2022-2023,Angers SCO,1420,,Defensive Midfield,22,9.0,4,47.0
ligue-1,2022-2023,Angers SCO,1420,,Defensive Midfield,22,1.0,0,0.0
ligue-1,2022-2023,Angers SCO,1420,,Left Midfield,22,6.0,2,23.0
ligue-1,2022-2023,Angers SCO,1420,,Central Midfield,35,29.0,26,1425.0
ligue-1,2022-2023,Angers SCO,1420,,Left Winger,17,20.0,10,263.0
ligue-1,2022-2023,Angers SCO,1420,,Left Winger,21,34.0,34,1833.0
ligue-1,2022-2023,Angers SCO,1420,,Centre-Forward,21,27.0,25,1244.0
ligue-1,2022-2023,Angers SCO,1420,,Left Winger,24,20.0,17,807.0
ligue-1,2022-2023,Angers SCO,1420,,Left Winger,25,2.0,1,27.0
ligue-1,2022-2023,Angers SCO,1420,,Right Winger,17,7.0,7,550.0
ligue-1,2022-2023,Angers SCO,1420,,Centre-Forward,29,11.0,11,503.0
ligue-1,2022-2023,Angers SCO,1420,,Centre-Forward,28,38.0,34,2255.0
ligue-1,2022-2023,Angers SCO,1420,,Centre-Forward,18,2.0,0,0.0
ligue-1,2022-2023,Angers SCO,1420,,Centre-Forward,23,16.0,16,1145.0
ligue-1,2022-2023,Angers SCO,1420,,Centre-Forward,21,,0,0.0
ligue-1,2022-2023,Angers SCO,1420,,Right Winger,27,37.0,27,1054.0
ligue-1,2022-2023,AJ Auxerre,290,,Goalkeeper,25,17.0,17,1530.0
ligue-1,2022-2023,AJ Auxerre,290,,Goalkeeper,29,36.0,2,180.0
ligue-1,2022-2023,AJ Auxerre,290,,Goalkeeper,21,3.0,0,0.0
ligue-1,2022-2023,AJ Auxerre,290,,Goalkeeper,34,19.0,19,1710.0
ligue-1,2022-2023,AJ Auxerre,290,,Goalkeeper,20,1.0,0,0.0
ligue-1,2022-2023,AJ Auxerre,290,,Left-Back,23,28.0,26,2264.0
ligue-1,2022-2023,AJ Auxerre,290,,Right-Back,22,16.0,10,868.0
ligue-1,2022-2023,AJ Auxerre,290,,Centre-Back,19,1.0,0,0.0
ligue-1,2022-2023,AJ Auxerre,290,,Centre-Back,28,38.0,37,3216.0
ligue-1,2022-2023,AJ Auxerre,290,,Centre-Back,19,19.0,19,1590.0
ligue-1,2022-2023,AJ Auxerre,290,,Centre-Back,19,9.0,2,180.0
ligue-1,2022-2023,AJ Auxerre,290,,Right-Back,27,21.0,20,1600.0
ligue-1,2022-2023,AJ Auxerre,290,,Left-Back,26,16.0,2,180.0
ligue-1,2022-2023,AJ Auxerre,290,,Centre-Back,28,6.0,2,99.0
ligue-1,2022-2023,AJ Auxerre,290,,Centre-Back,30,13.0,7,585.0
ligue-1,2022-2023,AJ Auxerre,290,,Centre-Back,32,17.0,7,630.0
ligue-1,2022-2023,AJ Auxerre,290,,Centre-Back,20,,0,0.0
ligue-1,2022-2023,AJ Auxerre,290,,Centre-Back,30,29.0,22,1762.0
ligue-1,2022-2023,AJ Auxerre,290,,Centre-Back,28,16.0,2,125.0
ligue-1,2022-2023,AJ Auxerre,290,,Central Midfield,18,13.0,1,1.0
ligue-1,2022-2023,AJ Auxerre,290,,Central Midfield,20,14.0,14,1120.0
ligue-1,2022-2023,AJ Auxerre,290,,Defensive Midfield,24,,0,0.0
ligue-1,2022-2023,AJ Auxerre,290,,Defensive Midfield,25,36.0,34,2428.0
ligue-1,2022-2023,AJ Auxerre,290,,Attacking Midfield,26,34.0,27,1660.0
ligue-1,2022-2023,AJ Auxerre,290,,Defensive Midfield,30,38.0,38,3404.0
ligue-1,2022-2023,AJ Auxerre,290,,Defensive Midfield,20,,0,0.0
ligue-1,2022-2023,AJ Auxerre,290,,Central Midfield,19,9.0,1,63.0
ligue-1,2022-2023,AJ Auxerre,290,,Central Midfield,31,34.0,26,1077.0
ligue-1,2022-2023,AJ Auxerre,290,,Defensive Midfield,23,2.0,0,0.0
ligue-1,2022-2023,AJ Auxerre,290,,Attacking Midfield,31,35.0,23,1301.0
ligue-1,2022-2023,AJ Auxerre,290,,Centre-Forward,19,20.0,19,800.0
ligue-1,2022-2023,AJ Auxerre,290,,Centre-Forward,22,37.0,33,1567.0
ligue-1,2022-2023,AJ Auxerre,290,,Right Winger,25,35.0,35,1883.0
ligue-1,2022-2023,AJ Auxerre,290,,Right Winger,26,37.0,37,1385.0
ligue-1,2022-2023,AJ Auxerre,290,,Centre-Forward,20,4.0,3,21.0
ligue-1,2022-2023,AJ Auxerre,290,,Centre-Forward,27,30.0,30,1487.0
ligue-1,2022-2023,AJ Auxerre,290,,Left Winger,25,15.0,12,368.0
ligue-1,2022-2023,AJ Auxerre,290,,Centre-Forward,31,33.0,33,2015.0
ligue-1,2022-2023,AJ Auxerre,290,,Centre-Forward,20,,0,0.0
ligue-1,2022-2023,AJ Auxerre,290,,Centre-Forward,33,6.0,6,252.0
ligue-1,2022-2023,AJ Auxerre,290,,Right Winger,19,,0,0.0
ligue-1,2022-2023,AJ Auxerre,290,,Left Winger,36,22.0,11,103.0
ligue-1,2022-2023,Clermont Foot 63,3524,,Goalkeeper,29,37.0,37,3330.0
ligue-1,2022-2023,Clermont Foot 63,3524,,Goalkeeper,24,31.0,1,90.0
ligue-1,2022-2023,Clermont Foot 63,3524,,Goalkeeper,21,8.0,0,0.0
ligue-1,2022-2023,Clermont Foot 63,3524,,Centre-Back,22,28.0,28,2463.0
ligue-1,2022-2023,Clermont Foot 63,3524,,Left-Back,25,33.0,33,2838.0
ligue-1,2022-2023,Clermont Foot 63,3524,,Right-Back,18,16.0,9,572.0
ligue-1,2022-2023,Clermont Foot 63,3524,,Right-Back,19,11.0,0,0.0
ligue-1,2022-2023,Clermont Foot 63,3524,,Centre-Back,25,35.0,35,3120.0
ligue-1,2022-2023,Clermont Foot 63,3524,,Left-Back,21,19.0,6,83.0
ligue-1,2022-2023,Clermont Foot 63,3524,,Centre-Back,25,26.0,26,2224.0
ligue-1,2022-2023,Clermont Foot 63,3524,,Left-Back,27,14.0,5,219.0
ligue-1,2022-2023,Clermont Foot 63,3524,,Right-Back,30,20.0,18,654.0
ligue-1,2022-2023,Clermont Foot 63,3524,,Centre-Back,19,20.0,2,34.0
ligue-1,2022-2023,Clermont Foot 63,3524,,Centre-Back,28,4.0,1,22.0
ligue-1,2022-2023,Clermont Foot 63,3524,,Centre-Back,33,37.0,26,1696.0
ligue-1,2022-2023,Clermont Foot 63,3524,,Attacking Midfield,19,19.0,6,54.0
ligue-1,2022-2023,Clermont Foot 63,3524,,Attacking Midfield,21,38.0,38,1974.0
ligue-1,2022-2023,Clermont Foot 63,3524,,Defensive Midfield,21,15.0,7,45.0
ligue-1,2022-2023,Clermont Foot 63,3524,,Defensive Midfield,25,38.0,38,2391.0
ligue-1,2022-2023,Clermont Foot 63,3524,,Attacking Midfield,27,35.0,34,2034.0
ligue-1,2022-2023,Clermont Foot 63,3524,,Attacking Midfield,17,19.0,10,503.0
ligue-1,2022-2023,Clermont Foot 63,3524,,Attacking Midfield,32,4.0,2,21.0
ligue-1,2022-2023,Clermont Foot 63,3524,,Defensive Midfield,18,4.0,0,0.0
ligue-1,2022-2023,Clermont Foot 63,3524,,Defensive Midfield,33,25.0,25,1460.0
ligue-1,2022-2023,Clermont Foot 63,3524,,Defensive Midfield,34,31.0,31,2607.0
ligue-1,2022-2023,Clermont Foot 63,3524,,Right Winger,18,1.0,0,0.0
ligue-1,2022-2023,Clermont Foot 63,3524,,Right Winger,27,36.0,36,2247.0
ligue-1,2022-2023,Clermont Foot 63,3524,,Centre-Forward,27,34.0,34,1442.0
ligue-1,2022-2023,Clermont Foot 63,3524,,Left Winger,29,32.0,32,2175.0
ligue-1,2022-2023,Clermont Foot 63,3524,,Centre-Forward,26,37.0,37,2242.0
ligue-1,2022-2023,Clermont Foot 63,3524,,Left Winger,29,28.0,19,736.0
ligue-1,2022-2023,Clermont Foot 63,3524,,Right Winger,30,17.0,9,253.0
ligue-1,2022-2023,Clermont Foot 63,3524,,Left Winger,22,1.0,0,0.0
ligue-1,2022-2023,AC Ajaccio,1147,,Goalkeeper,28,35.0,6,540.0
ligue-1,2022-2023,AC Ajaccio,1147,,Goalkeeper,33,35.0,32,2799.0
ligue-1,2022-2023,AC Ajaccio,1147,,Goalkeeper,19,6.0,1,81.0
ligue-1,2022-2023,AC Ajaccio,1147,,Right-Back,17,4.0,3,136.0
ligue-1,2022-2023,AC Ajaccio,1147,,Centre-Back,22,34.0,26,1900.0
ligue-1,2022-2023,AC Ajaccio,1147,,Centre-Back,24,32.0,30,2580.0
ligue-1,2022-2023,AC Ajaccio,1147,,Centre-Back,26,20.0,11,705.0
ligue-1,2022-2023,AC Ajaccio,1147,,Left-Back,25,29.0,28,2182.0
ligue-1,2022-2023,AC Ajaccio,1147,,Left-Back,26,17.0,13,922.0
ligue-1,2022-2023,AC Ajaccio,1147,,Right-Back,34,34.0,30,2459.0
ligue-1,2022-2023,AC Ajaccio,1147,,Left-Back,17,1.0,0,0.0
ligue-1,2022-2023,AC Ajaccio,1147,,Centre-Back,16,10.0,2,9.0
ligue-1,2022-2023,AC Ajaccio,1147,,Right-Back,32,32.0,26,1354.0
ligue-1,2022-2023,AC Ajaccio,1147,,Centre-Back,35,35.0,24,1792.0
ligue-1,2022-2023,AC Ajaccio,1147,,Left-Back,30,,0,0.0
ligue-1,2022-2023,AC Ajaccio,1147,,Central Midfield,26,12.0,9,207.0
ligue-1,2022-2023,AC Ajaccio,1147,,Left Midfield,20,12.0,8,275.0
ligue-1,2022-2023,AC Ajaccio,1147,,Central Midfield,24,31.0,31,2462.0
ligue-1,2022-2023,AC Ajaccio,1147,,Central Midfield,18,5.0,4,43.0
ligue-1,2022-2023,AC Ajaccio,1147,,Attacking Midfield,31,22.0,20,1329.0
ligue-1,2022-2023,AC Ajaccio,1147,,Defensive Midfield,19,8.0,1,55.0
ligue-1,2022-2023,AC Ajaccio,1147,,Central Midfield,36,30.0,27,1951.0
ligue-1,2022-2023,AC Ajaccio,1147,,Right Midfield,31,,0,0.0
ligue-1,2022-2023,AC Ajaccio,1147,,Central Midfield,35,29.0,26,1329.0
ligue-1,2022-2023,AC Ajaccio,1147,,Central Midfield,24,22.0,7,325.0
ligue-1,2022-2023,AC Ajaccio,1147,,Left Winger,30,17.0,17,1160.0
ligue-1,2022-2023,AC Ajaccio,1147,,Centre-Forward,16,19.0,14,490.0
ligue-1,2022-2023,AC Ajaccio,1147,,Centre-Forward,18,5.0,4,210.0
ligue-1,2022-2023,AC Ajaccio,1147,,Centre-Forward,23,33.0,32,2510.0
ligue-1,2022-2023,AC Ajaccio,1147,,Left Winger,25,29.0,22,1064.0
ligue-1,2022-2023,AC Ajaccio,1147,,Centre-Forward,22,7.0,6,133.0
ligue-1,2022-2023,AC Ajaccio,1147,,Right Winger,26,34.0,33,2017.0
ligue-1,2022-2023,AC Ajaccio,1147,,Centre-Forward,19,14.0,8,225.0
ligue-1,2022-2023,AC Ajaccio,1147,,Right Winger,18,7.0,6,189.0
ligue-1,2022-2023,AC Ajaccio,1147,,Centre-Forward,33,1.0,0,0.0
ligue-1,2022-2023,AC Ajaccio,1147,,Centre-Forward,27,18.0,17,696.0
ligue-1,2022-2023,AC Ajaccio,1147,,Right Winger,37,36.0,33,1692.0
ligue-1,2022-2023,AC Ajaccio,1147,,Centre-Forward,35,11.0,11,447.0
ligue-1,2022-2023,AC Ajaccio,1147,,Right Winger,35,20.0,19,1087.0
ligue-1,2022-2023,AC Ajaccio,1147,,Right Winger,23,9.0,3,22.0
ligue-1,2022-2023,AC Ajaccio,1147,,Centre-Forward,15,,0,0.0
ligue-1,2023-2024,Paris Saint-Germain,583,,Goalkeeper,24,29.0,25,2170.0
ligue-1,2023-2024,Paris Saint-Germain,583,,Goalkeeper,22,19.0,6,528.0
ligue-1,2023-2024,Paris Saint-Germain,583,,Goalkeeper,36,22.0,4,360.0
ligue-1,2023-2024,Paris Saint-Germain,583,,Goalkeeper,29,,0,0.0
ligue-1,2023-2024,Paris Saint-Germain,583,,Goalkeeper,18,2.0,0,0.0
ligue-1,2023-2024,Paris Saint-Germain,583,,Goalkeeper,32,6.0,0,0.0
ligue-1,2023-2024,Paris Saint-Germain,583,,Right-Back,24,28.0,25,1930.0
ligue-1,2023-2024,Paris Saint-Germain,583,,Left-Back,21,6.0,6,266.0
ligue-1,2023-2024,Paris Saint-Germain,583,,Centre-Back,29,24.0,21,1540.0
ligue-1,2023-2024,Paris Saint-Germain,583,,Centre-Back,19,16.0,13,1010.0
ligue-1,2023-2024,Paris Saint-Germain,583,,Centre-Back,16,1.0,0,0.0
ligue-1,2023-2024,Paris Saint-Germain,583,,Left-Back,27,28.0,27,1915.0
ligue-1,2023-2024,Paris Saint-Germain,583,,Right-Back,25,29.0,16,793.0
ligue-1,2023-2024,Paris Saint-Germain,583,,Centre-Back,28,25.0,24,1624.0
ligue-1,2023-2024,Paris Saint-Germain,583,,Centre-Back,31,31.0,26,1993.0
ligue-1,2023-2024,Paris Saint-Germain,583,,Centre-Back,27,,0,0.0
ligue-1,2023-2024,Paris Saint-Germain,583,,Right-Back,17,6.0,5,372.0
ligue-1,2023-2024,Paris Saint-Germain,583,,Left-Back,30,13.0,1,8.0
ligue-1,2023-2024,Paris Saint-Germain,583,,Left-Back,17,,0,0.0
ligue-1,2023-2024,Paris Saint-Germain,583,,Defensive Midfield,23,31.0,28,2129.0
ligue-1,2023-2024,Paris Saint-Germain,583,,Central Midfield,17,28.0,26,1962.0
ligue-1,2023-2024,Paris Saint-Germain,583,,Central Midfield,17,14.0,8,323.0
ligue-1,2023-2024,Paris Saint-Germain,583,,Central Midfield,27,28.0,21,1196.0
ligue-1,2023-2024,Paris Saint-Germain,583,,Attacking Midfield,22,24.0,23,1472.0
ligue-1,2023-2024,Paris Saint-Germain,583,,Defensive Midfield,22,33.0,25,1933.0
ligue-1,2023-2024,Paris Saint-Germain,583,,Central Midfield,18,17.0,3,25.0
ligue-1,2023-2024,Paris Saint-Germain,583,,Attacking Midfield,27,24.0,19,1113.0
ligue-1,2023-2024,Paris Saint-Germain,583,,Central Midfield,26,33.0,24,1089.0
ligue-1,2023-2024,Paris Saint-Germain,583,,Centre-Forward,24,31.0,29,2159.0
ligue-1,2023-2024,Paris Saint-Germain,583,,Centre-Forward,26,28.0,26,1509.0
ligue-1,2023-2024,Paris Saint-Germain,583,,Centre-Forward,21,3.0,1,8.0
ligue-1,2023-2024,Paris Saint-Germain,583,,Left Winger,20,27.0,25,1377.0
ligue-1,2023-2024,Paris Saint-Germain,583,,Centre-Forward,22,32.0,29,1420.0
ligue-1,2023-2024,Paris Saint-Germain,583,,Centre-Forward,24,28.0,26,1264.0
ligue-1,2023-2024,Paris Saint-Germain,583,,Right Winger,16,12.0,3,46.0
ligue-1,2023-2024,Paris Saint-Germain,583,,Left Winger,19,2.0,0,0.0
ligue-1,2023-2024,AS Monaco,162,,Goalkeeper,25,34.0,22,1980.0
ligue-1,2023-2024,AS Monaco,162,,Goalkeeper,23,34.0,12,1080.0
ligue-1,2023-2024,AS Monaco,162,,Goalkeeper,20,2.0,0,0.0
ligue-1,2023-2024,AS Monaco,162,,Right-Back,22,25.0,25,2187.0
ligue-1,2023-2024,AS Monaco,162,,Centre-Back,21,19.0,6,297.0
ligue-1,2023-2024,AS Monaco,162,,Right-Back,22,25.0,20,1649.0
ligue-1,2023-2024,AS Monaco,162,,Centre-Back,26,15.0,15,1324.0
ligue-1,2023-2024,AS Monaco,162,,Left-Back,25,11.0,9,625.0
ligue-1,2023-2024,AS Monaco,162,,Left-Back,18,24.0,14,634.0
ligue-1,2023-2024,AS Monaco,162,,Centre-Back,24,17.0,12,1035.0
ligue-1,2023-2024,AS Monaco,162,,Left-Back,23,24.0,22,1468.0
ligue-1,2023-2024,AS Monaco,162,,Right-Back,30,2.0,0,0.0
ligue-1,2023-2024,AS Monaco,162,,Centre-Back,29,26.0,23,1768.0
ligue-1,2023-2024,AS Monaco,162,,Centre-Back,18,5.0,0,0.0
ligue-1,2023-2024,AS Monaco,162,,Right-Back,20,1.0,0,0.0
ligue-1,2023-2024,AS Monaco,162,,Defensive Midfield,26,25.0,25,2142.0
ligue-1,2023-2024,AS Monaco,162,,Defensive Midfield,24,32.0,32,2703.0
ligue-1,2023-2024,AS Monaco,162,,Attacking Midfield,27,25.0,25,2156.0
ligue-1,2023-2024,AS Monaco,162,,Defensive Midfield,19,31.0,21,1343.0
ligue-1,2023-2024,AS Monaco,162,,Central Midfield,19,16.0,5,115.0
ligue-1,2023-2024,AS Monaco,162,,Attacking Midfield,17,3.0,1,45.0
ligue-1,2023-2024,AS Monaco,162,,Defensive Midfield,23,24.0,20,1041.0
ligue-1,2023-2024,AS Monaco,162,,Attacking Midfield,19,1.0,0,0.0
ligue-1,2023-2024,AS Monaco,162,,Right Midfield,24,27.0,26,1194.0
ligue-1,2023-2024,AS Monaco,162,,Central Midfield,18,27.0,10,155.0
ligue-1,2023-2024,AS Monaco,162,,Central Midfield,21,12.0,6,98.0
ligue-1,2023-2024,AS Monaco,162,,Right Midfield,20,5.0,0,0.0
ligue-1,2023-2024,AS Monaco,162,,Defensive Midfield,19,6.0,1,7.0
ligue-1,2023-2024,AS Monaco,162,,Central Midfield,18,2.0,0,0.0
ligue-1,2023-2024,AS Monaco,162,,Attacking Midfield,30,1.0,0,0.0
ligue-1,2023-2024,AS Monaco,162,,Right Winger,21,31.0,28,1619.0
ligue-1,2023-2024,AS Monaco,162,,Centre-Forward,21,29.0,29,1695.0
ligue-1,2023-2024,AS Monaco,162,,Left Winger,18,16.0,13,424.0
ligue-1,2023-2024,AS Monaco,162,,Centre-Forward,26,7.0,5,182.0
ligue-1,2023-2024,AS Monaco,162,,Left Winger,28,30.0,30,2127.0
ligue-1,2023-2024,AS Monaco,162,,Centre-Forward,22,14.0,9,80.0
ligue-1,2023-2024,AS Monaco,162,,Left Winger,18,9.0,1,6.0
ligue-1,2023-2024,AS Monaco,162,,Right Winger,28,,0,0.0
ligue-1,2023-2024,AS Monaco,162,,Right Winger,18,10.0,0,0.0
ligue-1,2023-2024,AS Monaco,162,,Centre-Forward,32,33.0,32,2322.0
ligue-1,2023-2024,Stade Rennais FC,273,,Goalkeeper,30,34.0,0,0.0
ligue-1,2023-2024,Stade Rennais FC,273,,Goalkeeper,34,1.0,0,0.0
ligue-1,2023-2024,Stade Rennais FC,273,,Goalkeeper,38,34.0,34,3060.0
ligue-1,2023-2024,Stade Rennais FC,273,,Goalkeeper,19,,0,0.0
ligue-1,2023-2024,Stade Rennais FC,273,,Centre-Back,17,5.0,1,4.0
ligue-1,2023-2024,Stade Rennais FC,273,,Left-Back,21,30.0,30,2145.0
ligue-1,2023-2024,Stade Rennais FC,273,,Right-Back,20,31.0,24,1228.0
ligue-1,2023-2024,Stade Rennais FC,273,,Centre-Back,23,31.0,28,2299.0
ligue-1,2023-2024,Stade Rennais FC,273,,Centre-Back,18,32.0,23,1451.0
ligue-1,2023-2024,Stade Rennais FC,273,,Right-Back,23,16.0,14,1013.0
ligue-1,2023-2024,Stade Rennais FC,273,,Left-Back,18,10.0,3,104.0
ligue-1,2023-2024,Stade Rennais FC,273,,Centre-Back,23,14.0,11,595.0
ligue-1,2023-2024,Stade Rennais FC,273,,Centre-Back,21,30.0,18,1388.0
ligue-1,2023-2024,Stade Rennais FC,273,,Centre-Back,23,30.0,25,2071.0
ligue-1,2023-2024,Stade Rennais FC,273,,Right-Back,19,2.0,0,0.0
ligue-1,2023-2024,Stade Rennais FC,273,,Left-Back,28,1.0,1,15.0
ligue-1,2023-2024,Stade Rennais FC,273,,Centre-Back,21,4.0,0,0.0
ligue-1,2023-2024,Stade Rennais FC,273,,Central Midfield,23,26.0,25,1534.0
ligue-1,2023-2024,Stade Rennais FC,273,,Defensive Midfield,25,14.0,12,795.0
ligue-1,2023-2024,Stade Rennais FC,273,,Attacking Midfield,21,23.0,15,355.0
ligue-1,2023-2024,Stade Rennais FC,273,,Central Midfield,19,5.0,2,3.0
ligue-1,2023-2024,Stade Rennais FC,273,,Right Midfield,25,32.0,29,1564.0
ligue-1,2023-2024,Stade Rennais FC,273,,Attacking Midfield,25,1.0,1,15.0
ligue-1,2023-2024,Stade Rennais FC,273,,Central Midfield,29,32.0,32,2437.0
ligue-1,2023-2024,Stade Rennais FC,273,,Defensive Midfield,28,34.0,30,1931.0
ligue-1,2023-2024,Stade Rennais FC,273,,Defensive Midfield,34,13.0,13,1028.0
ligue-1,2023-2024,Stade Rennais FC,273,,Central Midfield,30,3.0,0,0.0
ligue-1,2023-2024,Stade Rennais FC,273,,Right Winger,18,32.0,31,1624.0
ligue-1,2023-2024,Stade Rennais FC,273,,Left Winger,21,2.0,2,111.0
ligue-1,2023-2024,Stade Rennais FC,273,,Centre-Forward,23,33.0,31,2077.0
ligue-1,2023-2024,Stade Rennais FC,273,,Centre-Forward,21,30.0,30,2155.0
ligue-1,2023-2024,Stade Rennais FC,273,,Centre-Forward,20,1.0,0,0.0
ligue-1,2023-2024,Stade Rennais FC,273,,Left Winger,26,24.0,24,1534.0
ligue-1,2023-2024,Stade Rennais FC,273,,Centre-Forward,20,29.0,21,453.0
ligue-1,2023-2024,Stade Rennais FC,273,,Left Winger,21,29.0,23,509.0
ligue-1,2023-2024,Stade Rennais FC,273,,Centre-Forward,17,12.0,1,9.0
ligue-1,2023-2024,LOSC Lille,1082,,Goalkeeper,21,33.0,33,2970.0
ligue-1,2023-2024,LOSC Lille,1082,,Goalkeeper,17,1.0,0,0.0
ligue-1,2023-2024,LOSC Lille,1082,,Goalkeeper,26,12.0,0,0.0
ligue-1,2023-2024,LOSC Lille,1082,,Goalkeeper,20,1.0,0,0.0
ligue-1,2023-2024,LOSC Lille,1082,,Goalkeeper,35,28.0,2,91.0
ligue-1,2023-2024,LOSC Lille,1082,,Goalkeeper,17,,0,0.0
ligue-1,2023-2024,LOSC Lille,1082,,Centre-Back,17,34.0,32,2672.0
ligue-1,2023-2024,LOSC Lille,1082,,Centre-Back,22,25.0,21,1696.0
ligue-1,2023-2024,LOSC Lille,1082,,Left-Back,24,34.0,25,1263.0
ligue-1,2023-2024,LOSC Lille,1082,,Centre-Back,23,32.0,29,2218.0
ligue-1,2023-2024,LOSC Lille,1082,,Right-Back,20,33.0,29,2363.0
ligue-1,2023-2024,LOSC Lille,1082,,Centre-Back,23,,0,0.0
ligue-1,2023-2024,LOSC Lille,1082,,Right-Back,28,10.0,0,0.0
ligue-1,2023-2024,LOSC Lille,1082,,Centre-Back,18,4.0,0,0.0
ligue-1,2023-2024,LOSC Lille,1082,,Centre-Back,21,5.0,0,0.0
ligue-1,2023-2024,LOSC Lille,1082,,Centre-Back,29,16.0,6,182.0
ligue-1,2023-2024,LOSC Lille,1082,,Left-Back,33,32.0,30,2467.0
ligue-1,2023-2024,LOSC Lille,1082,,Defensive Midfield,19,3.0,2,62.0
ligue-1,2023-2024,LOSC Lille,1082,,Central Midfield,15,24.0,9,126.0
ligue-1,2023-2024,LOSC Lille,1082,,Attacking Midfield,20,33.0,26,1289.0
ligue-1,2023-2024,LOSC Lille,1082,,Attacking Midfield,22,31.0,31,2585.0
ligue-1,2023-2024,LOSC Lille,1082,,Defensive Midfield,28,26.0,26,1967.0
ligue-1,2023-2024,LOSC Lille,1082,,Attacking Midfield,26,30.0,27,1316.0
ligue-1,2023-2024,LOSC Lille,1082,,Defensive Midfield,32,30.0,30,2575.0
ligue-1,2023-2024,LOSC Lille,1082,,Left Midfield,20,7.0,2,71.0
ligue-1,2023-2024,LOSC Lille,1082,,Defensive Midfield,20,19.0,2,40.0
ligue-1,2023-2024,LOSC Lille,1082,,Attacking Midfield,33,31.0,30,1470.0
ligue-1,2023-2024,LOSC Lille,1082,,Left Midfield,17,2.0,0,0.0
ligue-1,2023-2024,LOSC Lille,1082,,Defensive Midfield,17,,0,0.0
ligue-1,2023-2024,LOSC Lille,1082,,Centre-Forward,23,34.0,34,2642.0
ligue-1,2023-2024,LOSC Lille,1082,,Right Winger,24,34.0,33,2301.0
ligue-1,2023-2024,LOSC Lille,1082,,Centre-Forward,23,3.0,2,8.0
ligue-1,2023-2024,LOSC Lille,1082,,Right Winger,17,1.0,1,2.0
ligue-1,2023-2024,LOSC Lille,1082,,Left Winger,19,10.0,3,43.0
ligue-1,2023-2024,LOSC Lille,1082,,Right Winger,26,18.0,17,408.0
ligue-1,2023-2024,LOSC Lille,1082,,Right Winger,17,9.0,1,1.0
ligue-1,2023-2024,LOSC Lille,1082,,Centre-Forward,18,8.0,4,21.0
ligue-1,2023-2024,LOSC Lille,1082,,Left Winger,29,23.0,17,773.0
ligue-1,2023-2024,LOSC Lille,1082,,Centre-Forward,18,2.0,0,0.0
ligue-1,2023-2024,LOSC Lille,1082,,Left Winger,19,1.0,0,0.0
ligue-1,2023-2024,LOSC Lille,1082,,Right Winger,18,,0,0.0
ligue-1,2023-2024,Olympique Marseille,244,,Goalkeeper,20,4.0,0,0.0
ligue-1,2023-2024,Olympique Marseille,244,,Goalkeeper,28,33.0,33,2940.0
ligue-1,2023-2024,Olympique Marseille,244,,Goalkeeper,27,32.0,2,120.0
ligue-1,2023-2024,Olympique Marseille,244,,Goalkeeper,19,1.0,0,0.0
ligue-1,2023-2024,Olympique Marseille,244,,Centre-Back,24,30.0,27,2275.0
ligue-1,2023-2024,Olympique Marseille,244,,Left-Back,21,12.0,10,705.0
ligue-1,2023-2024,Olympique Marseille,244,,Left-Back,25,15.0,14,1237.0
ligue-1,2023-2024,Olympique Marseille,244,,Centre-Back,21,25.0,16,629.0
ligue-1,2023-2024,Olympique Marseille,244,,Right-Back,27,19.0,16,995.0
ligue-1,2023-2024,Olympique Marseille,244,,Centre-Back,19,3.0,0,0.0
ligue-1,2023-2024,Olympique Marseille,244,,Right-Back,30,28.0,27,2071.0
ligue-1,2023-2024,Olympique Marseille,244,,Left-Back,27,16.0,13,905.0
ligue-1,2023-2024,Olympique Marseille,244,,Centre-Back,28,26.0,25,2209.0
ligue-1,2023-2024,Olympique Marseille,244,,Centre-Back,20,3.0,0,0.0
ligue-1,2023-2024,Olympique Marseille,244,,Centre-Back,29,23.0,21,1730.0
ligue-1,2023-2024,Olympique Marseille,244,,Left-Back,17,22.0,3,111.0
ligue-1,2023-2024,Olympique Marseille,244,,Right-Back,21,3.0,0,0.0
ligue-1,2023-2024,Olympique Marseille,244,,Centre-Back,19,1.0,0,0.0
ligue-1,2023-2024,Olympique Marseille,244,,Centre-Back,28,7.0,0,0.0
ligue-1,2023-2024,Olympique Marseille,244,,Right-Back,18,,0,0.0
ligue-1,2023-2024,Olympique Marseille,244,,Right-Back,21,4.0,0,0.0
ligue-1,2023-2024,Olympique Marseille,244,,Central Midfield,24,16.0,15,766.0
ligue-1,2023-2024,Olympique Marseille,244,,Central Midfield,24,3.0,2,17.0
ligue-1,2023-2024,Olympique Marseille,244,,Right Midfield,21,17.0,15,781.0
ligue-1,2023-2024,Olympique Marseille,244,,Central Midfield,23,27.0,21,1214.0
ligue-1,2023-2024,Olympique Marseille,244,,Attacking Midfield,15,1.0,0,0.0
ligue-1,2023-2024,Olympique Marseille,244,,Central Midfield,28,10.0,10,853.0
ligue-1,2023-2024,Olympique Marseille,244,,Central Midfield,19,17.0,5,110.0
ligue-1,2023-2024,Olympique Marseille,244,,Defensive Midfield,30,26.0,26,1469.0
ligue-1,2023-2024,Olympique Marseille,244,,Central Midfield,30,29.0,29,2184.0
ligue-1,2023-2024,Olympique Marseille,244,,Defensive Midfield,23,14.0,13,562.0
ligue-1,2023-2024,Olympique Marseille,244,,Central Midfield,17,,0,0.0
ligue-1,2023-2024,Olympique Marseille,244,,Defensive Midfield,19,12.0,1,1.0
ligue-1,2023-2024,Olympique Marseille,244,,Defensive Midfield,18,3.0,1,24.0
ligue-1,2023-2024,Olympique Marseille,244,,Central Midfield,19,,0,0.0
ligue-1,2023-2024,Olympique Marseille,244,,Attacking Midfield,17,1.0,0,0.0
ligue-1,2023-2024,Olympique Marseille,244,,Right Winger,23,30.0,30,1625.0
ligue-1,2023-2024,Olympique Marseille,244,,Right Winger,25,25.0,23,1447.0
ligue-1,2023-2024,Olympique Marseille,244,,Centre-Forward,23,19.0,18,920.0
ligue-1,2023-2024,Olympique Marseille,244,,Left Winger,26,28.0,28,1829.0
ligue-1,2023-2024,Olympique Marseille,244,,Right Winger,25,,0,0.0
ligue-1,2023-2024,Olympique Marseille,244,,Centre-Forward,23,14.0,13,543.0
ligue-1,2023-2024,Olympique Marseille,244,,Centre-Forward,34,34.0,34,2628.0
ligue-1,2023-2024,Olympique Marseille,244,,Second Striker,28,23.0,12,431.0
ligue-1,2023-2024,Olympique Marseille,244,,Right Winger,19,13.0,5,176.0
ligue-1,2023-2024,Olympique Marseille,244,,Right Winger,17,,0,0.0
ligue-1,2023-2024,Olympique Marseille,244,,Centre-Forward,19,2.0,0,0.0
ligue-1,2023-2024,Olympique Marseille,244,,Right Winger,17,2.0,1,3.0
ligue-1,2023-2024,Olympique Marseille,244,,Centre-Forward,27,7.0,2,16.0
ligue-1,2023-2024,Olympique Lyon,1041,,Goalkeeper,25,16.0,0,0.0
ligue-1,2023-2024,Olympique Lyon,1041,,Goalkeeper,32,31.0,31,2790.0
ligue-1,2023-2024,Olympique Lyon,1041,,Goalkeeper,19,3.0,0,0.0
ligue-1,2023-2024,Olympique Lyon,1041,,Goalkeeper,17,5.0,0,0.0
ligue-1,2023-2024,Olympique Lyon,1041,,Goalkeeper,35,13.0,3,270.0
ligue-1,2023-2024,Olympique Lyon,1041,,Centre-Back,17,9.0,1,7.0
ligue-1,2023-2024,Olympique Lyon,1041,,Right-Back,22,31.0,27,2370.0
ligue-1,2023-2024,Olympique Lyon,1041,,Right-Back,18,27.0,17,916.0
ligue-1,2023-2024,Olympique Lyon,1041,,Right-Back,25,29.0,23,1432.0
ligue-1,2023-2024,Olympique Lyon,1041,,Centre-Back,22,16.0,10,890.0
ligue-1,2023-2024,Olympique Lyon,1041,,Left-Back,30,25.0,25,2127.0
ligue-1,2023-2024,Olympique Lyon,1041,,Centre-Back,25,14.0,2,5.0
ligue-1,2023-2024,Olympique Lyon,1041,,Centre-Back,26,27.0,24,1992.0
ligue-1,2023-2024,Olympique Lyon,1041,,Centre-Back,30,31.0,28,2222.0
ligue-1,2023-2024,Olympique Lyon,1041,,Left-Back,29,27.0,11,606.0
ligue-1,2023-2024,Olympique Lyon,1041,,Centre-Back,33,21.0,10,721.0
ligue-1,2023-2024,Olympique Lyon,1041,,Attacking Midfield,19,34.0,33,1718.0
ligue-1,2023-2024,Olympique Lyon,1041,,Left Midfield,18,11.0,7,271.0
ligue-1,2023-2024,Olympique Lyon,1041,,Central Midfield,23,34.0,34,3026.0
ligue-1,2023-2024,Olympique Lyon,1041,,Central Midfield,28,27.0,25,1752.0
ligue-1,2023-2024,Olympique Lyon,1041,,Defensive Midfield,25,11.0,8,397.0
ligue-1,2023-2024,Olympique Lyon,1041,,Defensive Midfield,20,12.0,6,250.0
ligue-1,2023-2024,Olympique Lyon,1041,,Defensive Midfield,21,9.0,8,426.0
ligue-1,2023-2024,Olympique Lyon,1041,,Defensive Midfield,34,15.0,15,1260.0
ligue-1,2023-2024,Olympique Lyon,1041,,Central Midfield,18,15.0,11,355.0
ligue-1,2023-2024,Olympique Lyon,1041,,Attacking Midfield,25,2.0,0,0.0
ligue-1,2023-2024,Olympique Lyon,1041,,Central Midfield,19,5.0,1,1.0
ligue-1,2023-2024,Olympique Lyon,1041,,Defensive Midfield,25,15.0,8,308.0
ligue-1,2023-2024,Olympique Lyon,1041,,Central Midfield,19,1.0,1,11.0
ligue-1,2023-2024,Olympique Lyon,1041,,Left Winger,20,3.0,3,270.0
ligue-1,2023-2024,Olympique Lyon,1041,,Left Winger,18,17.0,17,547.0
ligue-1,2023-2024,Olympique Lyon,1041,,Right Winger,19,29.0,29,1853.0
ligue-1,2023-2024,Olympique Lyon,1041,,Left Winger,27,13.0,12,778.0
ligue-1,2023-2024,Olympique Lyon,1041,,Centre-Forward,20,16.0,13,473.0
ligue-1,2023-2024,Olympique Lyon,1041,,Centre-Forward,32,29.0,29,2305.0
ligue-1,2023-2024,Olympique Lyon,1041,,Centre-Forward,27,23.0,20,542.0
ligue-1,2023-2024,Olympique Lyon,1041,,Left Winger,23,15.0,10,304.0
ligue-1,2023-2024,Olympique Lyon,1041,,Centre-Forward,22,3.0,3,97.0
ligue-1,2023-2024,Olympique Lyon,1041,,Centre-Forward,27,15.0,11,288.0
ligue-1,2023-2024,OGC Nice,417,,Goalkeeper,23,34.0,34,3060.0
ligue-1,2023-2024,OGC Nice,417,,Goalkeeper,30,15.0,0,0.0
ligue-1,2023-2024,OGC Nice,417,,Goalkeeper,22,10.0,0,0.0
ligue-1,2023-2024,OGC Nice,417,,Goalkeeper,36,10.0,0,0.0
ligue-1,2023-2024,OGC Nice,417,,Centre-Back,23,30.0,30,2654.0
ligue-1,2023-2024,OGC Nice,417,,Left-Back,22,32.0,32,2661.0
ligue-1,2023-2024,OGC Nice,417,,Centre-Back,19,22.0,10,415.0
ligue-1,2023-2024,OGC Nice,417,,Left-Back,25,29.0,19,358.0
ligue-1,2023-2024,OGC Nice,417,,Centre-Back,24,26.0,23,1713.0
ligue-1,2023-2024,OGC Nice,417,,Right-Back,24,31.0,28,1810.0
ligue-1,2023-2024,OGC Nice,417,,Right-Back,26,5.0,3,50.0
ligue-1,2023-2024,OGC Nice,417,,Centre-Back,25,1.0,0,0.0
ligue-1,2023-2024,OGC Nice,417,,Right-Back,27,8.0,6,362.0
ligue-1,2023-2024,OGC Nice,417,,Left-Back,19,7.0,0,0.0
ligue-1,2023-2024,OGC Nice,417,,Centre-Back,19,,0,0.0
ligue-1,2023-2024,OGC Nice,417,,Centre-Back,15,2.0,0,0.0
ligue-1,2023-2024,OGC Nice,417,,Centre-Back,39,32.0,32,2844.0
ligue-1,2023-2024,OGC Nice,417,,Central Midfield,22,27.0,27,2114.0
ligue-1,2023-2024,OGC Nice,417,,Attacking Midfield,25,26.0,18,495.0
ligue-1,2023-2024,OGC Nice,417,,Central Midfield,23,29.0,29,1609.0
ligue-1,2023-2024,OGC Nice,417,,Defensive Midfield,26,32.0,30,2005.0
ligue-1,2023-2024,OGC Nice,417,,Right Midfield,20,22.0,13,399.0
ligue-1,2023-2024,OGC Nice,417,,Defensive Midfield,19,9.0,1,26.0
ligue-1,2023-2024,OGC Nice,417,,Central Midfield,28,30.0,29,1980.0
ligue-1,2023-2024,OGC Nice,417,,Central Midfield,16,6.0,1,15.0
ligue-1,2023-2024,OGC Nice,417,,Defensive Midfield,22,2.0,0,0.0
ligue-1,2023-2024,OGC Nice,417,,Central Midfield,18,,0,0.0
ligue-1,2023-2024,OGC Nice,417,,Central Midfield,17,,0,0.0
ligue-1,2023-2024,OGC Nice,417,,Right Winger,22,34.0,34,1540.0
ligue-1,2023-2024,OGC Nice,417,,Left Winger,23,10.0,10,500.0
ligue-1,2023-2024,OGC Nice,417,,Right Winger,19,17.0,17,865.0
ligue-1,2023-2024,OGC Nice,417,,Right Winger,18,16.0,7,156.0
ligue-1,2023-2024,OGC Nice,417,,Left Winger,26,28.0,28,2011.0
ligue-1,2023-2024,OGC Nice,417,,Centre-Forward,24,30.0,30,1961.0
ligue-1,2023-2024,OGC Nice,417,,Right Winger,17,,0,0.0
ligue-1,2023-2024,OGC Nice,417,,Centre-Forward,29,34.0,34,1913.0
ligue-1,2023-2024,OGC Nice,417,,Left Winger,20,30.0,7,65.0
ligue-1,2023-2024,OGC Nice,417,,Right Winger,23,2.0,2,9.0
ligue-1,2023-2024,RC Lens,826,,Goalkeeper,29,33.0,33,2970.0
ligue-1,2023-2024,RC Lens,826,,Goalkeeper,25,,0,0.0
ligue-1,2023-2024,RC Lens,826,,Goalkeeper,22,1.0,0,0.0
ligue-1,2023-2024,RC Lens,826,,Goalkeeper,37,34.0,1,90.0
ligue-1,2023-2024,RC Lens,826,,Centre-Back,19,27.0,11,811.0
ligue-1,2023-2024,RC Lens,826,,Centre-Back,24,30.0,30,2655.0
ligue-1,2023-2024,RC Lens,826,,Centre-Back,24,31.0,31,2714.0
ligue-1,2023-2024,RC Lens,826,,Right-Back,28,32.0,30,2193.0
ligue-1,2023-2024,RC Lens,826,,Right-Back,30,28.0,25,1925.0
ligue-1,2023-2024,RC Lens,826,,Centre-Back,30,27.0,26,2116.0
ligue-1,2023-2024,RC Lens,826,,Left-Back,21,9.0,8,486.0
ligue-1,2023-2024,RC Lens,826,,Centre-Back,25,3.0,2,57.0
ligue-1,2023-2024,RC Lens,826,,Left-Back,29,20.0,19,1127.0
ligue-1,2023-2024,RC Lens,826,,Right-Back,20,4.0,0,0.0
ligue-1,2023-2024,RC Lens,826,,Left-Back,24,9.0,3,77.0
ligue-1,2023-2024,RC Lens,826,,Left-Back,30,26.0,18,735.0
ligue-1,2023-2024,RC Lens,826,,Centre-Back,19,5.0,0,0.0
ligue-1,2023-2024,RC Lens,826,,Central Midfield,21,26.0,25,1568.0
ligue-1,2023-2024,RC Lens,826,,Central Midfield,20,33.0,25,1320.0
ligue-1,2023-2024,RC Lens,826,,Attacking Midfield,22,27.0,25,1499.0
ligue-1,2023-2024,RC Lens,826,,Attacking Midfield,26,34.0,29,1378.0
ligue-1,2023-2024,RC Lens,826,,Defensive Midfield,23,31.0,27,1513.0
ligue-1,2023-2024,RC Lens,826,,Central Midfield,29,33.0,29,1191.0
ligue-1,2023-2024,RC Lens,826,,Central Midfield,27,4.0,4,117.0
ligue-1,2023-2024,RC Lens,826,,Defensive Midfield,17,3.0,0,0.0
ligue-1,2023-2024,RC Lens,826,,Attacking Midfield,18,16.0,7,56.0
ligue-1,2023-2024,RC Lens,826,,Defensive Midfield,31,24.0,16,1057.0
ligue-1,2023-2024,RC Lens,826,,Defensive Midfield,21,,0,0.0
ligue-1,2023-2024,RC Lens,826,,Attacking Midfield,26,1.0,0,0.0
ligue-1,2023-2024,RC Lens,826,,Right Midfield,29,1.0,0,0.0
ligue-1,2023-2024,RC Lens,826,,Attacking Midfield,19,,0,0.0
ligue-1,2023-2024,RC Lens,826,,Centre-Forward,20,28.0,27,1703.0
ligue-1,2023-2024,RC Lens,826,,Second Striker,28,28.0,27,1015.0
ligue-1,2023-2024,RC Lens,826,,Right Winger,25,29.0,23,549.0
ligue-1,2023-2024,RC Lens,826,,Left Winger,19,9.0,4,40.0
ligue-1,2023-2024,RC Lens,826,,Centre-Forward,20,,0,0.0
ligue-1,2023-2024,RC Lens,826,,Centre-Forward,32,32.0,32,2605.0
ligue-1,2023-2024,RC Lens,826,,Left Winger,18,1.0,0,0.0
ligue-1,2023-2024,RC Strasbourg Alsace,667,,Goalkeeper,31,19.0,19,1710.0
ligue-1,2023-2024,RC Strasbourg Alsace,667,,Goalkeeper,22,15.0,0,0.0
ligue-1,2023-2024,RC Strasbourg Alsace,667,,Goalkeeper,21,34.0,15,1350.0
ligue-1,2023-2024,RC Strasbourg Alsace,667,,Goalkeeper,34,6.0,0,0.0
ligue-1,2023-2024,RC Strasbourg Alsace,667,,Centre-Back,19,27.0,22,1660.0
ligue-1,2023-2024,RC Strasbourg Alsace,667,,Centre-Back,26,15.0,13,1093.0
ligue-1,2023-2024,RC Strasbourg Alsace,667,,Right-Back,22,33.0,32,2139.0
ligue-1,2023-2024,RC Strasbourg Alsace,667,,Centre-Back,20,22.0,10,717.0
ligue-1,2023-2024,RC Strasbourg Alsace,667,,Centre-Back,20,31.0,22,1792.0
ligue-1,2023-2024,RC Strasbourg Alsace,667,,Centre-Back,24,34.0,31,2723.0
ligue-1,2023-2024,RC Strasbourg Alsace,667,,Right-Back,28,33.0,32,2493.0
ligue-1,2023-2024,RC Strasbourg Alsace,667,,Left-Back,28,14.0,3,25.0
ligue-1,2023-2024,RC Strasbourg Alsace,667,,Centre-Back,18,12.0,2,5.0
ligue-1,2023-2024,RC Strasbourg Alsace,667,,Left-Back,22,,0,0.0
ligue-1,2023-2024,RC Strasbourg Alsace,667,,Left-Back,31,30.0,27,2054.0
ligue-1,2023-2024,RC Strasbourg Alsace,667,,Right-Back,25,2.0,0,0.0
ligue-1,2023-2024,RC Strasbourg Alsace,667,,Left-Back,16,2.0,0,0.0
ligue-1,2023-2024,RC Strasbourg Alsace,667,,Central Midfield,19,13.0,11,831.0
ligue-1,2023-2024,RC Strasbourg Alsace,667,,Central Midfield,19,31.0,31,2313.0
ligue-1,2023-2024,RC Strasbourg Alsace,667,,Central Midfield,17,4.0,0,0.0
ligue-1,2023-2024,RC Strasbourg Alsace,667,,Central Midfield,25,3.0,3,270.0
ligue-1,2023-2024,RC Strasbourg Alsace,667,,Defensive Midfield,20,29.0,22,1456.0
ligue-1,2023-2024,RC Strasbourg Alsace,667,,Defensive Midfield,17,10.0,6,131.0
ligue-1,2023-2024,RC Strasbourg Alsace,667,,Central Midfield,25,31.0,18,689.0
ligue-1,2023-2024,RC Strasbourg Alsace,667,,Defensive Midfield,25,30.0,27,1641.0
ligue-1,2023-2024,RC Strasbourg Alsace,667,,Defensive Midfield,29,6.0,0,0.0
ligue-1,2023-2024,RC Strasbourg Alsace,667,,Central Midfield,29,7.0,3,88.0
ligue-1,2023-2024,RC Strasbourg Alsace,667,,Attacking Midfield,17,1.0,0,0.0
ligue-1,2023-2024,RC Strasbourg Alsace,667,,Right Winger,20,33.0,31,2187.0
ligue-1,2023-2024,RC Strasbourg Alsace,667,,Centre-Forward,20,28.0,28,2089.0
ligue-1,2023-2024,RC Strasbourg Alsace,667,,Right Winger,18,22.0,21,1090.0
ligue-1,2023-2024,RC Strasbourg Alsace,667,,Centre-Forward,21,22.0,18,624.0
ligue-1,2023-2024,RC Strasbourg Alsace,667,,Centre-Forward,27,16.0,15,610.0
ligue-1,2023-2024,RC Strasbourg Alsace,667,,Centre-Forward,20,16.0,14,391.0
ligue-1,2023-2024,RC Strasbourg Alsace,667,,Centre-Forward,17,1.0,1,7.0
ligue-1,2023-2024,RC Strasbourg Alsace,667,,Centre-Forward,17,11.0,9,126.0
ligue-1,2023-2024,RC Strasbourg Alsace,667,,Centre-Forward,17,7.0,2,12.0
ligue-1,2023-2024,RC Strasbourg Alsace,667,,Left Winger,18,,0,0.0
ligue-1,2023-2024,RC Strasbourg Alsace,667,,Centre-Forward,36,29.0,27,1346.0
ligue-1,2023-2024,Montpellier HSC,969,,Goalkeeper,32,30.0,30,2700.0
ligue-1,2023-2024,Montpellier HSC,969,,Goalkeeper,25,29.0,4,360.0
ligue-1,2023-2024,Montpellier HSC,969,,Goalkeeper,21,10.0,0,0.0
ligue-1,2023-2024,Montpellier HSC,969,,Centre-Back,21,17.0,12,998.0
ligue-1,2023-2024,Montpellier HSC,969,,Centre-Back,21,30.0,28,2312.0
ligue-1,2023-2024,Montpellier HSC,969,,Right-Back,20,31.0,17,1123.0
ligue-1,2023-2024,Montpellier HSC,969,,Centre-Back,24,14.0,13,1057.0
ligue-1,2023-2024,Montpellier HSC,969,,Centre-Back,26,24.0,23,1930.0
ligue-1,2023-2024,Montpellier HSC,969,,Left-Back,24,13.0,6,345.0
ligue-1,2023-2024,Montpellier HSC,969,,Right-Back,28,25.0,19,1380.0
ligue-1,2023-2024,Montpellier HSC,969,,Left-Back,19,22.0,13,983.0
ligue-1,2023-2024,Montpellier HSC,969,,Right-Back,25,16.0,11,713.0
ligue-1,2023-2024,Montpellier HSC,969,,Left-Back,29,20.0,19,1457.0
ligue-1,2023-2024,Montpellier HSC,969,,Centre-Back,30,28.0,20,1229.0
ligue-1,2023-2024,Montpellier HSC,969,,Centre-Back,18,8.0,0,0.0
ligue-1,2023-2024,Montpellier HSC,969,,Centre-Back,33,6.0,1,6.0
ligue-1,2023-2024,Montpellier HSC,969,,Defensive Midfield,21,31.0,31,2593.0
ligue-1,2023-2024,Montpellier HSC,969,,Central Midfield,18,,0,0.0
ligue-1,2023-2024,Montpellier HSC,969,,Central Midfield,23,27.0,21,485.0
ligue-1,2023-2024,Montpellier HSC,969,,Central Midfield,19,30.0,23,1023.0
ligue-1,2023-2024,Montpellier HSC,969,,Attacking Midfield,31,32.0,32,2778.0
ligue-1,2023-2024,Montpellier HSC,969,,Central Midfield,31,31.0,30,2038.0
ligue-1,2023-2024,Montpellier HSC,969,,Attacking Midfield,21,27.0,9,123.0
ligue-1,2023-2024,Montpellier HSC,969,,Centre-Forward,20,1.0,1,13.0
ligue-1,2023-2024,Montpellier HSC,969,,Centre-Forward,23,33.0,32,2264.0
ligue-1,2023-2024,Montpellier HSC,969,,Right Winger,26,27.0,27,1940.0
ligue-1,2023-2024,Montpellier HSC,969,,Right Winger,17,4.0,2,88.0
ligue-1,2023-2024,Montpellier HSC,969,,Centre-Forward,23,16.0,13,264.0
ligue-1,2023-2024,Montpellier HSC,969,,Right Winger,25,20.0,20,1251.0
ligue-1,2023-2024,Montpellier HSC,969,,Right Winger,22,18.0,16,622.0
ligue-1,2023-2024,Montpellier HSC,969,,Left Winger,16,7.0,1,12.0
ligue-1,2023-2024,Montpellier HSC,969,,Left Winger,24,14.0,12,274.0
ligue-1,2023-2024,Montpellier HSC,969,,Centre-Forward,22,,0,0.0
ligue-1,2023-2024,Montpellier HSC,969,,Centre-Forward,18,1.0,0,0.0
ligue-1,2023-2024,Montpellier HSC,969,,Right Winger,18,5.0,3,130.0
ligue-1,2023-2024,Montpellier HSC,969,,Centre-Forward,19,6.0,0,0.0
ligue-1,2023-2024,Montpellier HSC,969,,Left Winger,32,25.0,25,1131.0
ligue-1,2023-2024,FC Toulouse,415,,Goalkeeper,18,34.0,34,3060.0
ligue-1,2023-2024,FC Toulouse,415,,Goalkeeper,24,34.0,0,0.0
ligue-1,2023-2024,FC Toulouse,415,,Goalkeeper,20,,0,0.0
ligue-1,2023-2024,FC Toulouse,415,,Goalkeeper,22,,0,0.0
ligue-1,2023-2024,FC Toulouse,415,,Centre-Back,22,31.0,31,2645.0
ligue-1,2023-2024,FC Toulouse,415,,Centre-Back,18,25.0,17,1116.0
ligue-1,2023-2024,FC Toulouse,415,,Centre-Back,22,3.0,0,0.0
ligue-1,2023-2024,FC Toulouse,415,,Left-Back,25,32.0,31,2362.0
ligue-1,2023-2024,FC Toulouse,415,,Centre-Back,26,33.0,33,2927.0
ligue-1,2023-2024,FC Toulouse,415,,Centre-Back,19,24.0,8,525.0
ligue-1,2023-2024,FC Toulouse,415,,Centre-Back,22,26.0,22,1400.0
ligue-1,2023-2024,FC Toulouse,415,,Right-Back,20,1.0,0,0.0
ligue-1,2023-2024,FC Toulouse,415,,Right-Back,28,26.0,24,1549.0
ligue-1,2023-2024,FC Toulouse,415,,Right-Back,22,32.0,24,1182.0
ligue-1,2023-2024,FC Toulouse,415,,Left-Back,21,1.0,0,0.0
ligue-1,2023-2024,FC Toulouse,415,,Left-Back,18,6.0,0,0.0
ligue-1,2023-2024,FC Toulouse,415,,Centre-Back,18,1.0,0,0.0
ligue-1,2023-2024,FC Toulouse,415,,Attacking Midfield,20,2.0,2,56.0
ligue-1,2023-2024,FC Toulouse,415,,Central Midfield,23,34.0,32,1950.0
ligue-1,2023-2024,FC Toulouse,415,,Right Midfield,25,28.0,27,1601.0
ligue-1,2023-2024,FC Toulouse,415,,Attacking Midfield,21,12.0,8,114.0
ligue-1,2023-2024,FC Toulouse,415,,Attacking Midfield,22,33.0,16,757.0
ligue-1,2023-2024,FC Toulouse,415,,Central Midfield,27,32.0,30,2270.0
ligue-1,2023-2024,FC Toulouse,415,,Central Midfield,27,25.0,22,1514.0
ligue-1,2023-2024,FC Toulouse,415,,Central Midfield,25,26.0,22,1267.0
ligue-1,2023-2024,FC Toulouse,415,,Attacking Midfield,24,16.0,9,464.0
ligue-1,2023-2024,FC Toulouse,415,,Central Midfield,24,,0,0.0
ligue-1,2023-2024,FC Toulouse,415,,Attacking Midfield,18,1.0,0,0.0
ligue-1,2023-2024,FC Toulouse,415,,Central Midfield,18,3.0,0,0.0
ligue-1,2023-2024,FC Toulouse,415,,Left Winger,22,16.0,16,1200.0
ligue-1,2023-2024,FC Toulouse,415,,Centre-Forward,21,16.0,14,298.0
ligue-1,2023-2024,FC Toulouse,415,,Centre-Forward,22,33.0,33,2514.0
ligue-1,2023-2024,FC Toulouse,415,,Right Winger,23,13.0,13,758.0
ligue-1,2023-2024,FC Toulouse,415,,Right Winger,17,3.0,0,0.0
ligue-1,2023-2024,FC Toulouse,415,,Centre-Forward,23,29.0,29,1428.0
ligue-1,2023-2024,FC Toulouse,415,,Right Winger,23,15.0,12,367.0
ligue-1,2023-2024,FC Toulouse,415,,Left Winger,20,20.0,11,239.0
ligue-1,2023-2024,FC Toulouse,415,,Right Winger,22,14.0,8,98.0
ligue-1,2023-2024,FC Toulouse,415,,Centre-Forward,20,,0,0.0
ligue-1,2023-2024,Stade Reims,1421,,Goalkeeper,23,34.0,34,3060.0
ligue-1,2023-2024,Stade Reims,1421,,Goalkeeper,27,34.0,0,0.0
ligue-1,2023-2024,Stade Reims,1421,,Goalkeeper,40,,0,0.0
ligue-1,2023-2024,Stade Reims,1421,,Centre-Back,26,33.0,32,2595.0
ligue-1,2023-2024,Stade Reims,1421,,Centre-Back,18,3.0,3,196.0
ligue-1,2023-2024,Stade Reims,1421,,Left-Back,17,3.0,0,0.0
ligue-1,2023-2024,Stade Reims,1421,,Right-Back,18,14.0,9,311.0
ligue-1,2023-2024,Stade Reims,1421,,Left-Back,25,15.0,13,819.0
ligue-1,2023-2024,Stade Reims,1421,,Centre-Back,20,1.0,0,0.0
ligue-1,2023-2024,Stade Reims,1421,,Centre-Back,26,23.0,21,1743.0
ligue-1,2023-2024,Stade Reims,1421,,Centre-Back,19,1.0,0,0.0
ligue-1,2023-2024,Stade Reims,1421,,Left-Back,20,11.0,11,460.0
ligue-1,2023-2024,Stade Reims,1421,,Left-Back,25,30.0,27,1835.0
ligue-1,2023-2024,Stade Reims,1421,,Right-Back,23,8.0,5,158.0
ligue-1,2023-2024,Stade Reims,1421,,Right-Back,19,10.0,5,107.0
ligue-1,2023-2024,Stade Reims,1421,,Right-Back,28,32.0,27,1841.0
ligue-1,2023-2024,Stade Reims,1421,,Centre-Back,35,31.0,31,2782.0
ligue-1,2023-2024,Stade Reims,1421,,Centre-Back,17,6.0,0,0.0
ligue-1,2023-2024,Stade Reims,1421,,Centre-Back,18,10.0,0,0.0
ligue-1,2023-2024,Stade Reims,1421,,Central Midfield,17,18.0,15,553.0
ligue-1,2023-2024,Stade Reims,1421,,Central Midfield,27,27.0,27,2178.0
ligue-1,2023-2024,Stade Reims,1421,,Defensive Midfield,25,16.0,16,1388.0
ligue-1,2023-2024,Stade Reims,1421,,Attacking Midfield,20,2.0,0,0.0
ligue-1,2023-2024,Stade Reims,1421,,Defensive Midfield,18,20.0,16,468.0
ligue-1,2023-2024,Stade Reims,1421,,Central Midfield,21,31.0,28,1350.0
ligue-1,2023-2024,Stade Reims,1421,,Central Midfield,29,28.0,28,2124.0
ligue-1,2023-2024,Stade Reims,1421,,Central Midfield,19,9.0,4,28.0
ligue-1,2023-2024,Stade Reims,1421,,Attacking Midfield,21,34.0,29,1364.0
ligue-1,2023-2024,Stade Reims,1421,,Defensive Midfield,32,10.0,7,286.0
ligue-1,2023-2024,Stade Reims,1421,,Defensive Midfield,18,1.0,0,0.0
ligue-1,2023-2024,Stade Reims,1421,,Left Winger,22,26.0,25,1388.0
ligue-1,2023-2024,Stade Reims,1421,,Left Winger,17,31.0,11,200.0
ligue-1,2023-2024,Stade Reims,1421,,Centre-Forward,19,30.0,28,1587.0
ligue-1,2023-2024,Stade Reims,1421,,Right Winger,30,31.0,31,2723.0
ligue-1,2023-2024,Stade Reims,1421,,Left Winger,21,25.0,25,1656.0
ligue-1,2023-2024,Stade Reims,1421,,Centre-Forward,19,21.0,9,75.0
ligue-1,2023-2024,Stade Reims,1421,,Centre-Forward,22,18.0,11,306.0
ligue-1,2023-2024,Stade Reims,1421,,Centre-Forward,19,1.0,1,1.0
ligue-1,2023-2024,Stade Reims,1421,,Left Winger,16,2.0,0,0.0
ligue-1,2023-2024,FC Lorient,1158,,Goalkeeper,29,34.0,34,3060.0
ligue-1,2023-2024,FC Lorient,1158,,Goalkeeper,29,25.0,0,0.0
ligue-1,2023-2024,FC Lorient,1158,,Goalkeeper,23,6.0,0,0.0
ligue-1,2023-2024,FC Lorient,1158,,Goalkeeper,35,3.0,0,0.0
ligue-1,2023-2024,FC Lorient,1158,,Centre-Back,25,26.0,25,2205.0
ligue-1,2023-2024,FC Lorient,1158,,Centre-Back,21,3.0,2,147.0
ligue-1,2023-2024,FC Lorient,1158,,Left-Back,22,31.0,22,1152.0
ligue-1,2023-2024,FC Lorient,1158,,Centre-Back,22,26.0,18,1254.0
ligue-1,2023-2024,FC Lorient,1158,,Right-Back,20,5.0,1,45.0
ligue-1,2023-2024,FC Lorient,1158,,Centre-Back,20,15.0,15,1243.0
ligue-1,2023-2024,FC Lorient,1158,,Right-Back,26,6.0,5,259.0
ligue-1,2023-2024,FC Lorient,1158,,Centre-Back,22,10.0,1,90.0
ligue-1,2023-2024,FC Lorient,1158,,Centre-Back,20,26.0,24,2052.0
ligue-1,2023-2024,FC Lorient,1158,,Right-Back,25,27.0,19,968.0
ligue-1,2023-2024,FC Lorient,1158,,Centre-Back,29,33.0,23,1816.0
ligue-1,2023-2024,FC Lorient,1158,,Left-Back,28,15.0,15,708.0
ligue-1,2023-2024,FC Lorient,1158,,Centre-Back,17,,0,0.0
ligue-1,2023-2024,FC Lorient,1158,,Centre-Back,19,1.0,0,0.0
ligue-1,2023-2024,FC Lorient,1158,,Left-Back,18,3.0,1,6.0
ligue-1,2023-2024,FC Lorient,1158,,Centre-Back,19,2.0,1,90.0
ligue-1,2023-2024,FC Lorient,1158,,Left-Back,33,16.0,9,546.0
ligue-1,2023-2024,FC Lorient,1158,,Central Midfield,18,1.0,0,0.0
ligue-1,2023-2024,FC Lorient,1158,,Central Midfield,24,15.0,14,866.0
ligue-1,2023-2024,FC Lorient,1158,,Attacking Midfield,25,24.0,11,478.0
ligue-1,2023-2024,FC Lorient,1158,,Right Midfield,20,34.0,26,1512.0
ligue-1,2023-2024,FC Lorient,1158,,Attacking Midfield,24,17.0,17,1453.0
ligue-1,2023-2024,FC Lorient,1158,,Right Midfield,21,15.0,15,1049.0
ligue-1,2023-2024,FC Lorient,1158,,Central Midfield,22,34.0,32,2253.0
ligue-1,2023-2024,FC Lorient,1158,,Defensive Midfield,30,33.0,33,2862.0
ligue-1,2023-2024,FC Lorient,1158,,Right Midfield,20,9.0,7,195.0
ligue-1,2023-2024,FC Lorient,1158,,Central Midfield,18,16.0,14,902.0
ligue-1,2023-2024,FC Lorient,1158,,Defensive Midfield,28,22.0,20,1317.0
ligue-1,2023-2024,FC Lorient,1158,,Attacking Midfield,26,,0,0.0
ligue-1,2023-2024,FC Lorient,1158,,Defensive Midfield,27,10.0,4,211.0
ligue-1,2023-2024,FC Lorient,1158,,Centre-Forward,17,34.0,30,1077.0
ligue-1,2023-2024,FC Lorient,1158,,Centre-Forward,23,18.0,16,543.0
ligue-1,2023-2024,FC Lorient,1158,,Left Winger,20,11.0,3,167.0
ligue-1,2023-2024,FC Lorient,1158,,Right Winger,18,13.0,11,439.0
ligue-1,2023-2024,FC Lorient,1158,,Centre-Forward,21,16.0,16,1149.0
ligue-1,2023-2024,FC Lorient,1158,,Centre-Forward,25,22.0,19,901.0
ligue-1,2023-2024,FC Lorient,1158,,Centre-Forward,26,2.0,1,30.0
ligue-1,2023-2024,FC Lorient,1158,,Left Winger,21,5.0,5,149.0
ligue-1,2023-2024,FC Lorient,1158,,Centre-Forward,24,1.0,1,31.0
ligue-1,2023-2024,FC Lorient,1158,,Centre-Forward,21,13.0,11,422.0
ligue-1,2023-2024,FC Lorient,1158,,Right Winger,21,2.0,1,15.0
ligue-1,2023-2024,FC Nantes,995,,Goalkeeper,24,29.0,28,2497.0
ligue-1,2023-2024,FC Nantes,995,,Goalkeeper,27,24.0,6,540.0
ligue-1,2023-2024,FC Nantes,995,,Goalkeeper,21,1.0,0,0.0
ligue-1,2023-2024,FC Nantes,995,,Goalkeeper,35,16.0,1,23.0
ligue-1,2023-2024,FC Nantes,995,,Centre-Back,18,23.0,13,1022.0
ligue-1,2023-2024,FC Nantes,995,,Left-Back,21,16.0,16,1290.0
ligue-1,2023-2024,FC Nantes,995,,Left-Back,20,13.0,8,105.0
ligue-1,2023-2024,FC Nantes,995,,Centre-Back,17,4.0,1,9.0
ligue-1,2023-2024,FC Nantes,995,,Centre-Back,19,1.0,0,0.0
ligue-1,2023-2024,FC Nantes,995,,Centre-Back,28,28.0,28,2466.0
ligue-1,2023-2024,FC Nantes,995,,Centre-Back,24,14.0,13,896.0
ligue-1,2023-2024,FC Nantes,995,,Centre-Back,25,28.0,25,1998.0
ligue-1,2023-2024,FC Nantes,995,,Centre-Back,25,27.0,19,1350.0
ligue-1,2023-2024,FC Nantes,995,,Right-Back,25,12.0,12,800.0
ligue-1,2023-2024,FC Nantes,995,,Right-Back,25,15.0,12,594.0
ligue-1,2023-2024,FC Nantes,995,,Right-Back,27,3.0,3,92.0
ligue-1,2023-2024,FC Nantes,995,,Right-Back,27,32.0,28,1489.0
ligue-1,2023-2024,FC Nantes,995,,Centre-Back,21,,0,0.0
ligue-1,2023-2024,FC Nantes,995,,Centre-Back,35,34.0,23,1587.0
ligue-1,2023-2024,FC Nantes,995,,Centre-Back,22,1.0,0,0.0
ligue-1,2023-2024,FC Nantes,995,,Left-Back,20,7.0,2,10.0
ligue-1,2023-2024,FC Nantes,995,,Centre-Back,18,3.0,1,9.0
ligue-1,2023-2024,FC Nantes,995,,Central Midfield,26,25.0,25,1782.0
ligue-1,2023-2024,FC Nantes,995,,Defensive Midfield,26,32.0,32,2601.0
ligue-1,2023-2024,FC Nantes,995,,Central Midfield,18,2.0,0,0.0
ligue-1,2023-2024,FC Nantes,995,,Central Midfield,26,30.0,26,1100.0
ligue-1,2023-2024,FC Nantes,995,,Defensive Midfield,22,9.0,1,1.0
ligue-1,2023-2024,FC Nantes,995,,Attacking Midfield,31,31.0,29,2091.0
ligue-1,2023-2024,FC Nantes,995,,Central Midfield,33,32.0,26,1824.0
ligue-1,2023-2024,FC Nantes,995,,Central Midfield,21,1.0,0,0.0
ligue-1,2023-2024,FC Nantes,995,,Defensive Midfield,20,1.0,0,0.0
ligue-1,2023-2024,FC Nantes,995,,Centre-Forward,20,27.0,22,1044.0
ligue-1,2023-2024,FC Nantes,995,,Left Winger,20,15.0,14,499.0
ligue-1,2023-2024,FC Nantes,995,,Left Winger,27,22.0,22,1793.0
ligue-1,2023-2024,FC Nantes,995,,Centre-Forward,25,29.0,29,2017.0
ligue-1,2023-2024,FC Nantes,995,,Right Winger,20,11.0,7,150.0
ligue-1,2023-2024,FC Nantes,995,,Right Winger,22,8.0,8,233.0
ligue-1,2023-2024,FC Nantes,995,,Centre-Forward,24,7.0,6,182.0
ligue-1,2023-2024,FC Nantes,995,,Centre-Forward,27,14.0,14,781.0
ligue-1,2023-2024,FC Nantes,995,,Left Winger,29,32.0,23,593.0
ligue-1,2023-2024,FC Nantes,995,,Right Winger,19,12.0,4,80.0
ligue-1,2023-2024,FC Nantes,995,,Left Winger,20,6.0,1,9.0
ligue-1,2023-2024,FC Nantes,995,,Centre-Forward,21,1.0,0,0.0
ligue-1,2023-2024,Stade Brestois 29,3911,,Goalkeeper,24,34.0,3,181.0
ligue-1,2023-2024,Stade Brestois 29,3911,,Goalkeeper,32,32.0,32,2877.0
ligue-1,2023-2024,Stade Brestois 29,3911,,Goalkeeper,28,2.0,0,0.0
ligue-1,2023-2024,Stade Brestois 29,3911,,Centre-Back,23,30.0,30,2679.0
ligue-1,2023-2024,Stade Brestois 29,3911,,Left-Back,21,33.0,33,2961.0
ligue-1,2023-2024,Stade Brestois 29,3911,,Centre-Back,28,34.0,33,2970.0
ligue-1,2023-2024,Stade Brestois 29,3911,,Centre-Back,25,25.0,12,468.0
ligue-1,2023-2024,Stade Brestois 29,3911,,Right-Back,31,33.0,33,2970.0
ligue-1,2023-2024,Stade Brestois 29,3911,,Centre-Back,24,15.0,4,119.0
ligue-1,2023-2024,Stade Brestois 29,3911,,Right-Back,18,14.0,1,10.0
ligue-1,2023-2024,Stade Brestois 29,3911,,Left-Back,29,14.0,2,91.0
ligue-1,2023-2024,Stade Brestois 29,3911,,Centre-Back,20,,0,0.0
ligue-1,2023-2024,Stade Brestois 29,3911,,Centre-Back,30,3.0,0,0.0
ligue-1,2023-2024,Stade Brestois 29,3911,,Centre-Back,17,1.0,0,0.0
ligue-1,2023-2024,Stade Brestois 29,3911,,Central Midfield,25,32.0,32,2038.0
ligue-1,2023-2024,Stade Brestois 29,3911,,Attacking Midfield,20,25.0,25,869.0
ligue-1,2023-2024,Stade Brestois 29,3911,,Central Midfield,25,33.0,33,2359.0
ligue-1,2023-2024,Stade Brestois 29,3911,,Defensive Midfield,30,29.0,29,2521.0
ligue-1,2023-2024,Stade Brestois 29,3911,,Attacking Midfield,20,3.0,1,15.0
ligue-1,2023-2024,Stade Brestois 29,3911,,Central Midfield,23,3.0,2,8.0
ligue-1,2023-2024,Stade Brestois 29,3911,,Attacking Midfield,23,27.0,7,48.0
ligue-1,2023-2024,Stade Brestois 29,3911,,Defensive Midfield,19,10.0,0,0.0
ligue-1,2023-2024,Stade Brestois 29,3911,,Defensive Midfield,33,31.0,31,1192.0
ligue-1,2023-2024,Stade Brestois 29,3911,,Centre-Forward,22,33.0,33,1869.0
ligue-1,2023-2024,Stade Brestois 29,3911,,Right Winger,27,33.0,33,2521.0
ligue-1,2023-2024,Stade Brestois 29,3911,,Centre-Forward,25,33.0,33,1622.0
ligue-1,2023-2024,Stade Brestois 29,3911,,Left Winger,26,31.0,30,1181.0
ligue-1,2023-2024,Stade Brestois 29,3911,,Centre-Forward,28,32.0,32,1772.0
ligue-1,2023-2024,Stade Brestois 29,3911,,Right Winger,23,26.0,18,208.0
ligue-1,2023-2024,Stade Brestois 29,3911,,Right Winger,19,22.0,7,84.0
ligue-1,2023-2024,Stade Brestois 29,3911,,Left Winger,20,1.0,0,0.0
ligue-1,2023-2024,Le Havre AC,738,,Goalkeeper,21,4.0,0,0.0
ligue-1,2023-2024,Le Havre AC,738,,Goalkeeper,29,33.0,33,2970.0
ligue-1,2023-2024,Le Havre AC,738,,Goalkeeper,17,1.0,0,0.0
ligue-1,2023-2024,Le Havre AC,738,,Goalkeeper,32,30.0,1,90.0
ligue-1,2023-2024,Le Havre AC,738,,Centre-Back,21,31.0,30,2690.0
ligue-1,2023-2024,Le Havre AC,738,,Left-Back,26,28.0,28,2447.0
ligue-1,2023-2024,Le Havre AC,738,,Centre-Back,27,33.0,31,2780.0
ligue-1,2023-2024,Le Havre AC,738,,Centre-Back,21,34.0,22,1943.0
ligue-1,2023-2024,Le Havre AC,738,,Centre-Back,19,2.0,0,0.0
ligue-1,2023-2024,Le Havre AC,738,,Centre-Back,30,32.0,20,1569.0
ligue-1,2023-2024,Le Havre AC,738,,Centre-Back,17,2.0,0,0.0
ligue-1,2023-2024,Le Havre AC,738,,Right-Back,32,31.0,28,1561.0
ligue-1,2023-2024,Le Havre AC,738,,Left-Back,18,,0,0.0
ligue-1,2023-2024,Le Havre AC,738,,Right-Back,32,30.0,13,390.0
ligue-1,2023-2024,Le Havre AC,738,,Defensive Midfield,21,15.0,14,1032.0
ligue-1,2023-2024,Le Havre AC,738,,Central Midfield,21,25.0,19,524.0
ligue-1,2023-2024,Le Havre AC,738,,Central Midfield,18,8.0,4,17.0
ligue-1,2023-2024,Le Havre AC,738,,Central Midfield,21,33.0,32,1860.0
ligue-1,2023-2024,Le Havre AC,738,,Central Midfield,30,30.0,30,2100.0
ligue-1,2023-2024,Le Havre AC,738,,Defensive Midfield,29,30.0,30,2288.0
ligue-1,2023-2024,Le Havre AC,738,,Attacking Midfield,24,19.0,18,1017.0
ligue-1,2023-2024,Le Havre AC,738,,Attacking Midfield,17,1.0,0,0.0
ligue-1,2023-2024,Le Havre AC,738,,Defensive Midfield,26,15.0,2,6.0
ligue-1,2023-2024,Le Havre AC,738,,Defensive Midfield,19,,0,0.0
ligue-1,2023-2024,Le Havre AC,738,,Defensive Midfield,28,13.0,6,17.0
ligue-1,2023-2024,Le Havre AC,738,,Left Winger,22,11.0,7,236.0
ligue-1,2023-2024,Le Havre AC,738,,Centre-Forward,18,15.0,12,213.0
ligue-1,2023-2024,Le Havre AC,738,,Centre-Forward,25,23.0,22,1395.0
ligue-1,2023-2024,Le Havre AC,738,,Right Winger,21,30.0,30,2028.0
ligue-1,2023-2024,Le Havre AC,738,,Right Winger,25,32.0,30,1593.0
ligue-1,2023-2024,Le Havre AC,738,,Left Winger,20,26.0,23,772.0
ligue-1,2023-2024,Le Havre AC,738,,Left Winger,23,1.0,0,0.0
ligue-1,2023-2024,Le Havre AC,738,,Right Winger,26,31.0,23,586.0
ligue-1,2023-2024,Le Havre AC,738,,Centre-Forward,33,19.0,19,1105.0
ligue-1,2023-2024,Le Havre AC,738,,Centre-Forward,19,12.0,10,242.0
ligue-1,2023-2024,FC Metz,347,,Goalkeeper,22,34.0,1,72.0
ligue-1,2023-2024,FC Metz,347,,Goalkeeper,34,34.0,34,2988.0
ligue-1,2023-2024,FC Metz,347,,Goalkeeper,29,,0,0.0
ligue-1,2023-2024,FC Metz,347,,Left-Back,27,30.0,30,2700.0
ligue-1,2023-2024,FC Metz,347,,Centre-Back,19,22.0,14,842.0
ligue-1,2023-2024,FC Metz,347,,Centre-Back,25,33.0,25,1846.0
ligue-1,2023-2024,FC Metz,347,,Right-Back,25,29.0,13,863.0
ligue-1,2023-2024,FC Metz,347,,Right-Back,27,30.0,29,1918.0
ligue-1,2023-2024,FC Metz,347,,Centre-Back,23,17.0,6,195.0
ligue-1,2023-2024,FC Metz,347,,Centre-Back,21,1.0,0,0.0
ligue-1,2023-2024,FC Metz,347,,Right-Back,31,26.0,22,1836.0
ligue-1,2023-2024,FC Metz,347,,Centre-Back,30,24.0,19,1620.0
ligue-1,2023-2024,FC Metz,347,,Right-Back,24,1.0,0,0.0
ligue-1,2023-2024,FC Metz,347,,Centre-Back,36,28.0,26,2221.0
ligue-1,2023-2024,FC Metz,347,,Centre-Back,19,,0,0.0
ligue-1,2023-2024,FC Metz,347,,Central Midfield,19,32.0,31,2266.0
ligue-1,2023-2024,FC Metz,347,,Central Midfield,20,28.0,21,917.0
ligue-1,2023-2024,FC Metz,347,,Defensive Midfield,23,33.0,33,2688.0
ligue-1,2023-2024,FC Metz,347,,Defensive Midfield,27,12.0,7,142.0
ligue-1,2023-2024,FC Metz,347,,Attacking Midfield,25,2.0,2,126.0
ligue-1,2023-2024,FC Metz,347,,Defensive Midfield,27,25.0,23,1604.0
ligue-1,2023-2024,FC Metz,347,,Central Midfield,24,,0,0.0
ligue-1,2023-2024,FC Metz,347,,Central Midfield,20,14.0,6,108.0
ligue-1,2023-2024,FC Metz,347,,Right Midfield,24,21.0,17,922.0
ligue-1,2023-2024,FC Metz,347,,Central Midfield,18,23.0,13,749.0
ligue-1,2023-2024,FC Metz,347,,Defensive Midfield,25,,0,0.0
ligue-1,2023-2024,FC Metz,347,,Centre-Forward,22,20.0,20,1755.0
ligue-1,2023-2024,FC Metz,347,,Left Winger,19,24.0,16,890.0
ligue-1,2023-2024,FC Metz,347,,Centre-Forward,26,6.0,6,262.0
ligue-1,2023-2024,FC Metz,347,,Left Winger,24,31.0,29,1385.0
ligue-1,2023-2024,FC Metz,347,,Centre-Forward,23,16.0,14,769.0
ligue-1,2023-2024,FC Metz,347,,Centre-Forward,25,16.0,12,268.0
ligue-1,2023-2024,FC Metz,347,,Centre-Forward,18,18.0,9,121.0
ligue-1,2023-2024,FC Metz,347,,Right Winger,24,24.0,20,849.0
ligue-1,2023-2024,FC Metz,347,,Left Winger,20,,0,0.0
ligue-1,2023-2024,FC Metz,347,,Right Winger,19,14.0,5,151.0
ligue-1,2023-2024,FC Metz,347,,Centre-Forward,26,12.0,9,552.0
ligue-1,2023-2024,Clermont Foot 63,3524,,Goalkeeper,30,30.0,30,2700.0
ligue-1,2023-2024,Clermont Foot 63,3524,,Goalkeeper,21,34.0,4,360.0
ligue-1,2023-2024,Clermont Foot 63,3524,,Goalkeeper,20,3.0,0,0.0
ligue-1,2023-2024,Clermont Foot 63,3524,,Goalkeeper,18,1.0,0,0.0
ligue-1,2023-2024,Clermont Foot 63,3524,,Centre-Back,17,13.0,6,249.0
ligue-1,2023-2024,Clermont Foot 63,3524,,Centre-Back,21,14.0,14,1179.0
ligue-1,2023-2024,Clermont Foot 63,3524,,Centre-Back,23,14.0,14,1131.0
ligue-1,2023-2024,Clermont Foot 63,3524,,Centre-Back,18,3.0,1,13.0
ligue-1,2023-2024,Clermont Foot 63,3524,,Left-Back,26,28.0,28,2517.0
ligue-1,2023-2024,Clermont Foot 63,3524,,Centre-Back,23,34.0,34,2988.0
ligue-1,2023-2024,Clermont Foot 63,3524,,Right-Back,19,21.0,19,1068.0
ligue-1,2023-2024,Clermont Foot 63,3524,,Centre-Back,26,2.0,2,175.0
ligue-1,2023-2024,Clermont Foot 63,3524,,Centre-Back,26,22.0,20,1665.0
ligue-1,2023-2024,Clermont Foot 63,3524,,Centre-Back,19,2.0,0,0.0
ligue-1,2023-2024,Clermont Foot 63,3524,,Right-Back,31,33.0,23,1235.0
ligue-1,2023-2024,Clermont Foot 63,3524,,Left-Back,25,24.0,5,231.0
ligue-1,2023-2024,Clermont Foot 63,3524,,Centre-Back,34,31.0,14,941.0
ligue-1,2023-2024,Clermont Foot 63,3524,,Attacking Midfield,22,33.0,33,2565.0
ligue-1,2023-2024,Clermont Foot 63,3524,,Left Midfield,20,14.0,14,944.0
ligue-1,2023-2024,Clermont Foot 63,3524,,Central Midfield,21,34.0,27,1274.0
ligue-1,2023-2024,Clermont Foot 63,3524,,Central Midfield,18,4.0,1,3.0
ligue-1,2023-2024,Clermont Foot 63,3524,,Defensive Midfield,26,33.0,31,1679.0
ligue-1,2023-2024,Clermont Foot 63,3524,,Attacking Midfield,18,10.0,5,53.0
ligue-1,2023-2024,Clermont Foot 63,3524,,Defensive Midfield,19,7.0,0,0.0
ligue-1,2023-2024,Clermont Foot 63,3524,,Defensive Midfield,34,22.0,21,1306.0
ligue-1,2023-2024,Clermont Foot 63,3524,,Defensive Midfield,35,28.0,28,2274.0
ligue-1,2023-2024,Clermont Foot 63,3524,,Defensive Midfield,20,,0,0.0
ligue-1,2023-2024,Clermont Foot 63,3524,,Centre-Forward,26,28.0,26,1487.0
ligue-1,2023-2024,Clermont Foot 63,3524,,Left Winger,17,3.0,3,93.0
ligue-1,2023-2024,Clermont Foot 63,3524,,Right Winger,24,33.0,27,919.0
ligue-1,2023-2024,Clermont Foot 63,3524,,Right Winger,28,30.0,29,1871.0
ligue-1,2023-2024,Clermont Foot 63,3524,,Centre-Forward,28,13.0,7,164.0
ligue-1,2023-2024,Clermont Foot 63,3524,,Left Winger,30,24.0,24,1176.0
ligue-1,2023-2024,Clermont Foot 63,3524,,Centre-Forward,27,31.0,26,1020.0
ligue-1,2023-2024,Clermont Foot 63,3524,,Second Striker,17,3.0,2,27.0
ligue-1,2023-2024,Clermont Foot 63,3524,,Left Winger,30,21.0,12,194.0
